Drug,Microbe,Label,Drug_ID,Microbe_ID
2-Methoxy-4-propylphenol,Streptococcus sobrinus,0,221,164
"2-(4,5-dibromo-1-methyl-1H-pyrrol-2yl)-5-(4-nitrophenyl)-1,3,4-oxadiazole",Enterobacter aerogenes,0,200,61
2-Hydroxychalcone,Haemophilus influenzae,1,220,78
2-Carbamoylphenylalanine,Eubacterium ramulus,0,215,72
1-methyl-4-({[(4-methylphenyl)methyl]disulfanyl}methyl)benzene,Firmicutes,0,138,73
Glycomonoterpenes (G-citral),Streptococcus sobrinus,0,785,164
Citral,Cronobacter sakazakii,1,593,51
Telithromycin,Enteric bacteria and other eubacteria,1,1254,59
2-amino-imidazole/ triazole conjugate,Enterococcus gallinarum,0,235,68
Syringic acid,Bacteroides,0,1238,22
Thiophenone TF101,Escherichia coli,1,1268,69
L-Phenylalanine-L-Lysine,Streptococcus epidermidis,0,871,152
trans-2-dodecenoic acid,Candida albicans,1,1391,34
Pefloxacin,Obesumbacterium proteus,0,1070,115
meta-toluidine,Pseudomonas aeruginosa,1,1372,125
Tigecycline,Burkholderia cepacia,0,1272,29
2-geranyloxy-1-(2-methylpropanoyl)phloroglucinol,Listeria monocytogenes,0,240,104
"Triethyl[3-({33-[2-(triethylazaniumyl)ethoxy]-10,15,20,25,27,29,31,34-octakis[3-(triethylazaniumyl)propoxy]hexacyclo[21.2.2.2.2.2.2]pentatriaconta-1(25),3,5,8,10,13,15,18,20,23,26,28,30,32,34-pentadecaen-4-yl}oxy)propyl]azanium decabromide",Serratia marcescens,0,1287,136
16P-AC,Proteus vulgaris,0,165,122
Baicalin,Pseudomonas aeruginosa,1,469,125
5-(dibromomethylene)-3-(1-bromobutyl)-2(5H)-furanone,Hepatitis B virus D,0,369,83
Toremifene,Candida glabrata,1,1282,36
"3,3-Diphenyl-D-alanine",Staphylococcus epidermis,1,246,147
Tigecycline,Human herpesvirus 1 ,0,1272,87
5-(dibromomethylene)-3-(1-bromobutyl)-2(5H)-furanone,Trichophyton mentagrophytes,0,369,170
Epigallocatechin Gallate,Serratia marcescens,1,710,136
Doxycycline,Enteric bacteria and other eubacteria,1,693,59
"(10R,11R)-Hydnocarpin",Thermus thermophilus ,0,1,169
Acetohydroxamic Acid,Enterobacter aerogenes,1,418,61
"(2E)-N -(2 -hydroxy-5 -bromo-benzilidene)-3,4,5-trimethoxybenzohydrazide",Staphylococcus aureus,1,37,141
4-fluoroindole,Bacillus subtilis,0,354,21
Titanium dioxide,Aquifex aeolicus,0,1278,13
Thonzonium bromide,Kocuria rhizophila,0,1269,101
D-Tryptophan,Streptococcus pyogenes,0,641,160
Chrysophsin-1,Halomonas pacifica,0,582,81
Sulfadiazine ,Sphingomonas sp. Ibu-2,0,1225,139
Oxytetracycline,Dihydropteroate synthase type-1,0,1056,55
Curcumin,Escherichia coli,1,619,69
IDR-1018,Pseudomonas aeruginosa,1,814,125
2C-4,Mycobacterium smegmatis,0,245,112
Caspofungin,Pantoea agglomerans,0,530,116
Sulfadoxine,Lysinibacillus sphaericus,0,1226,106
Diphenyl methane,Eggerthella lenta,0,685,57
Ampicillin,Salmonella Typhi,0,437,132
"octane-1,8-diamine",Hepatitis C Virus ,0,1378,85
4-dimethyl-amino-cinnamaldehyde,Sphingomonas sp. Ibu-2,0,353,139
2-(2-(2-Chloroacetamido)-5-methylphenyl)-2-oxo-N-( prop-2-yn- 1-yl)acetamide,Escherichia coli,1,187,69
S-OSIP108,Pseudomonas libaniensis,0,1168,129
"13-(2-chloro-6-methylquinolin-3-yl)-3,3-dimethyl-1H,2H,3H,4H,6H,11H,13H-indazolo[1,2-b]phthalazine-1,6,11-trione",Staphylococcus haemolyticus,0,152,149
"Dihydroxybenzoic Acid (3,4-DHBA)",Eikenella corrodens,1,681,58
6-Amino Penicillinic acid,Proteus mirabilis,1,388,121
Tetrazol-1-yl,Mycobacterium leprae,0,1265,111
(Z)-3-(bromomethylene) isobenzofuran-1(3H)-one,Francisella novicida,0,99,74
"N-(1,3-Thiazol-2-yl)butanamide",Enteric bacteria and other eubacteria,0,970,59
Norfloxacin,Human immunodeficiency virus 1,0,1028,92
Shikonin,Staphylococcus saprophyticus,0,1190,150
2-bromooctanoic acid,Streptococcus sobrinus,0,239,164
Indole-3-acetaldehyde,Campylobacter jejuni,0,828,33
Rifalazil,Escherichia coli,1,1153,69
Rilpivirine,Thermus thermophilus ,0,1156,169
N-(4-Morpholinyl)butanamide,Human herpesvirus 5,0,978,90
Rifapentine ,Human immunodeficiency virus,0,1155,91
"3,4-Dichlorophenylalanine",Serratia marcescens,0,254,136
"2-(4,5-dibromo-1-methyl-1H-pyrrol-2-yl)-5-styryl-1,3,4-oxadiazole",Staphylococcus aureus,1,199,141
Quinupristin,Shigella flexneri,1,1133,138
(E)-Chalcone,Staphylococcus epidermis,0,90,147
Rimantadine,Pseudomonas libaniensis,0,1157,129
3-Nitrophenylalanine,Staphylococcus epidermis,1,290,147
Peptide 1,Stenotrophomonas maltophilia,0,1086,151
Paromomycin ,Dengue Virus Type 2,0,1068,53
Cefixime,Enteric bacteria and other eubacteria,0,547,59
Polyethyleneimine,Acinetobacter baumannii,1,1108,2
2-amino-6-chlorobenzoic acid,Enterobacter cloacae,0,233,63
S-methyl- L-cysteine,Bacillus amyloliquefaciens,0,1171,17
Furanone-3,Firmicutes,0,756,73
Epigallocatechin Gallate,Citrobacter freundii,1,710,43
Phenoxymethylpenicillin,Human herpesvirus 5,0,1091,90
5-fluorooxiindole,Enterococcus gallinarum,0,385,68
"N-((2R,3R,4S,5S,6R)-2,4,5-Trihydroxy-6-(hydroxymethyl)tetrahydro-2H-pyran-3-yl)dodecanamide",Porphyromonas gingivalis,0,967,119
Penicillenol A1,Staphylococcus aureus,1,1074,141
Palmitic acid,Trueperella pyogenes,0,1065,171
n-Hexane,Baker's yeast,0,1374,27
CGP-37157,Streptomyces sp. ,0,510,167
Diclofenac sodium,Bacillus anthracis,0,675,18
Penicillenol C1,Klebsiella planticola,0,1078,98
Clioquinol,Streptococcus salivarius,0,601,161
Betulin,Pseudomonas libaniensis,1,484,129
TMB-8,Klebsiella planticola,0,1239,98
2-(2-(2-Chloroacetamido)phenyl )-2-oxo-N-( prop-2-yn-1-yl )acetamide,Clostridium leptum,0,189,45
Ritonavir,Human herpesvirus 4,0,1158,89
Cinnamaldehyde,Vibrio harveyi,1,585,176
Clary sage,Pichia anomala,1,596,117
G H12,Streptococcus sanguinis,1,763,162
Tangerine oil,Mycobacterium leprae,0,1244,111
Benzalacetone,Pseudomonas chlororaphis,0,471,126
"4,5-dihydroxy-2,3-pentanedione",Pseudoalteromonas sp.,0,311,124
3-(2-Naphthyl)alanine,Halomonas pacifica,0,265,81
L-pipecolic acid,Human herpesvirus 4,0,877,89
"14,15,29,30-Tetrahydro-5H,20H-dibenzo[h,s]bis([1,2,3]triazolo)[5,1-c:5_,1_-n][1,4,7,12,15,18]hexaazacyclodocosine-6,12,13,21,27,28(7H,22H)-hexaone",Pseudomonas aeruginosa,1,160,125
Pentamethoxyflavone,Burkholderia cepacia,0,1083,29
3-Hydroxytyrosine,Pseudomonas fluorescens,0,284,127
IG-13,Burkholderia multivorans,0,815,30
Sodium ascorbate,Human parainfluenza virus type 2,0,1208,93
Dalbavancin,Pseudomonas putida,0,653,130
2-bromohexanoic acid,Cronobacter sakazakii,0,238,51
Nodakenetin,Bacteroides eggerthii,0,1026,23
2-Hexylmaleic anhydride,Salmonella enterica,1,219,133
"2-(4-(Trifluoromethyl)phenyl)-N-((2R,3R,4S,5S,6R)-2,4,5-trihydroxy-6-(hydroxymethyl)tetrahydro-2H-pyran-3-yl)acetamide",Pseudomonas aeruginosa,1,201,125
LL-37,Acinetobacter baumannii,1,888,2
2-(2-(2-Azidoacetamido)-5-nitrophenyl)-2-oxo-N-(prop-2-yn-1-yl)acetamide,Escherichia coli,1,184,69
Terpinene-4-ol,Bacillus cereus,1,1258,19
Amphotericin B,Serratia marcescens,0,436,136
Quercetin-3-O-glucuronide,Staphylococcus aureus,1,1129,141
LL-19,Aggregatibacter actinomycetemcomitans,0,885,11
3-(pyridin-3-yl)-5-(3-ethoxy-4-hydroxybenzylidene)-2-thioxothiazolidin-4-one,Staphylococcus epidermidis,1,276,146
Carvacrol,Mycobacterium smegmatis,0,529,112
4-Benzyl-sulfonyl-5-hydroxy-3-chloro-2(5H)-furanone,Actinomyces oris,0,320,7
S-(2-thiazoyl)-L-cysteine,Helicobacter pylori ,0,1165,82
3-Hydroxyphenylalanine,Staphylococcus epidermis,1,283,147
"1,3-dimethyl-6-(4-methylphenyl)-5-[3-(4-methylphenyl)-1-phenyl-1H-pyrazol-4-yl]-1H,2H,3H,4H,5H,6H-pyrimido[4,5-d][1,3]diazine-2,4-dione",Staphylococcus aureus,1,117,141
Cloxacillin,Clostridium perfringens ,1,606,48
Silver sulphate,Listeria monocytogenes serotype 4a,0,1198,105
Glipizide,Bacillus subtilis,1,782,21
Cefoperazone,Escherichia coli,1,551,69
Diazepam,Streptomyces gordonii,0,670,165
"14-dehydroxy-11,12-didehydroandrographolide- 3,19-bis(succinic acid) potasium sodium salt",Pseudomonas aeruginosa,1,163,125
4-Methylphenylalanine,Candida parapsilosis,0,338,39
Fosfomycin,Staphylococcus equorum,0,748,148
Penicillenol B1,Pseudomonas aeruginosa,1,1076,125
S-methyl- L-cysteine,Marinobacter hydrocarbonoclasticus,0,1171,107
"(2-(4-chlorophenyl)- 4-{[(6-methyl-2-pyridinyl)amino]methylene}-1,3-oxazol- 5(4H)-one)",Mycobacterium avium,0,13,110
"14-dehydroxy-11,12-didehydroandrographolide- 3,19-bis(succinic acid) potasium sodium salt",Staphylococcus cohnii,0,163,145
(2R)-2-amino-3-phenylmethanesulfinylpropanoic acid,Actinomyces oris,1,47,7
Scrambled LL-37,Candida krusei,0,1185,38
Ephedrine,Clostridium leptum,0,705,45
Rufloxacin,Human immunodeficiency virus,0,1161,91
Telaprevir ,Hepatitis C Virus ,0,1252,85
Streptorubin B,Human immunodeficiency virus 1,0,1217,92
Ursolic acid,Pseudomonas aeruginosa,1,1303,125
Methylthiopropylamine,Aggregatibacter actinomycetemcomitans,0,935,11
1-(4-methoxyphenyl)-3-p-tolyurea,Vibrio campbellii,0,127,174
Sodium Chloride,Pseudomonas fluorescens,1,1207,127
Lemon,Bacillus cereus,1,895,19
Diphenyl diselenide,Bacteroides vulgatus,0,683,26
Cidofovir,Human herpesvirus 5,1,584,90
2-Chloro-DL-Phenylalanine,Bacteroides fragilis,0,216,24
"(1-(4-chlorophenoxy)-3-[(4, 6-dimethyl-2-pyrimidinyl) thio]-2- propanol)",Stenotrophomonas maltophilia,0,0,151
"2-(2-chloro-5-fluorophenyl)-5-(4,5-dibromo-1-methyl-1H-pyrrol-2-yl)-1,3,4-oxadiazole",Bacillus subtilis,0,191,21
D-Asparagine,Staphylococcus aureus,1,630,141
N -(3-nitro-4-hydroxy-benzylidene)benzohydrazide,Streptococcus mutans,1,959,155
2-Hydroxychalcone,Candida glabrata,0,220,36
Voriconazole,Lactobacillus fermenti,0,1319,102
Cloxacillin,Escherichia coli,1,606,69
D-2-Methylphenylalanine,Eggerthella lenta,0,627,57
Methyl benzethonium chloride,Candida albicans,1,931,34
"3,5-dimethylaniline",Bacillus licheniformis,0,260,20
dF17-6K,Pseudomonas japonica,0,1359,128
4-bromo-5-(dibromomethylene)-3-ethyl-2(5H)-furanone,Clostridium bacilli,0,348,44
Coumarin,Eggerthella lenta,0,616,57
Sulfamethazine,Streptococcus epidermidis,0,1229,152
alpha-pinene,Pichia anomala,1,1342,117
Clozapine,Candida albicans,1,607,34
Bacampicillin,Clostridium perfringens ,1,465,48
Methyl indole-7-carboxylate,Enterococcus faecium,0,934,67
hLF1-11,Influenza B virus,0,1367,96
(2S)-2-amino-3-(tert-butylsulfanyl)propanoic acid,Staphylococcus aureus,1,54,141
5-Chloroindole,Micrococcus luteus,0,378,108
Ceftizoxime,Bacillus cereus,0,562,19
N -(5-bromo-2-hydroxy-benzylidene)benzohydrazide,Staphylococcus epidermidis,1,961,146
D-LL-37,Staphylococcus aureus,1,636,141
alpha-Humulene,Candida albicans,1,1337,34
Octyl gallate,Pseudomonas aeruginosa,1,1043,125
(2R)-2-amino-3-(benzenesulfinyl)propanoic acid,Streptococcus sanguis,1,43,163
3-(2-Thienyl)alanine,Achromobacter xylosoxidans,0,268,1
"2,3-Dehydrosilybin",Streptococcus pneumoniae,0,170,158
3-(2-Thienyl)alanine,Halomonas pacifica,0,268,81
Hinokitiol,Pseudomonas aeruginosa,0,804,125
cat-AGE-RK1,Staphylococcus aureus,1,1350,141
(Z)-5-(chloromethylene) furan-2(5H)-one,Enterobacteria phage T4,0,109,65
Isosinensetin,Vibrio harveyi,1,846,176
D-Aspartate,Staphylococcus aureus,1,631,141
5-(dibromomethylene)-3-(1-bromobutyl)-2(5H)-furanone,Salmonella enterica,1,369,133
Phloretin,Staphylococcus aureus,1,1094,141
Ceftazidime,Candida albicans,0,560,34
3-(3-Pyridinyl)alanine,Proteus vulgaris,0,269,122
Copper sulfate,Burkholderia cepacia,1,614,29
Oxyresveratrol,Lactobacillus fermenti,0,1055,102
VSL2,Enterococcus faecalis,1,1306,66
5-(dibromomethylene)-3-(1-bromoethyl)-2(5H)-furanone,Burkholderia pseudomallei,0,370,31
Lanthanum chloride,Pseudomonas fluorescens,1,893,127
Amikacin,Candida guiliermondi,0,430,37
Catechin,Burkholderia cenocepacia,1,531,28
para-toluidine,Klebsiella variicola,0,1385,100
Pyrvinium pamoate,Candida albicans,1,1126,34
4-nitropyridine N -oxide,Streptomyces rubiginosus,0,359,166
Amikacin,Escherichia coli,1,430,69
Yohimbine hydrochloride,Streptomyces rubiginosus,0,1323,166
Butyl gallate,Streptococcus mutans,1,502,155
Pentanol,Klebsiella variicola,0,1084,100
Nelfinavir,Streptococcus pneumoniae serotype 4,0,1011,159
Seg6L,Pseudomonas aeruginosa,1,1187,125
Colistin sodium methanesulfonate,Escherichia coli,1,611,69
Penicillin G,Neisseria gonorrhoeae,0,1081,114
(Z)-5-(chloromethylene) furan-2(5H)-one,Staphylococcus epidermidis,1,109,146
Cerulenin ,Coagulase- negative staphylococci,0,569,49
beta-Defensin-3,Cryptococcus neoformans,1,1347,52
2-Fluoro-L-phenylalanine,Staphylococcus epidermis,1,218,147
Pelargonidin,Bacillus cereus,0,1072,19
Undecanoic acid,Burkholderia cenocepacia,0,1299,28
S-(2-thienyl)-L-cysteine,Streptomyces rubiginosus,0,1166,166
Myxinidin2,Enterococcus faecium,0,957,67
"1-[2-(3-bromo-4-hydroxy-5-methoxyphenyl)-5-(3,4,5-trimethoxyphenyl)-1,3,4-oxadiazol-3(2H)-yl]ethanone",Pseudomonas aeruginosa,1,134,125
CGP-37157,Pseudomonas fluorescens,0,510,127
Vanillin,Corynebacterium ammoniagenes,0,1309,50
Fusidic Acid,Thermus thermophilus,1,761,168
16P,Staphylococcus epidermidis,1,164,146
Resveratrol,Pseudomonas aeruginosa,1,1148,125
"3,5-Difluoro-dl-phenylalanine",Trueperella pyogenes,0,256,171
Cefixime,Klebsiella pneumoniae,1,547,99
Hexachlorophene,Bacteroides uniformis,0,801,25
Meta-bromo-thiolactone,Desulfovibrio africanus,0,928,54
Hypericin,Aeromonas hydrophila,0,812,9
"2-geranyloxy-4,6-dihydroxybenzophenone",Staphylococcus epidermidis,1,241,146
3-geranyl-1-(2-methylpropanoyl)phloroglucinol,Staphylococcus aureus,1,297,141
Floxacillin ,Human immunodeficiency virus 1,0,741,92
"(5S)-1,7-bis(4-hydroxyphenyl)-5-O-_-D- apiofuranosyl(1 _ 6)-_-D-glucopyranosyloxyheptan-3-one",Human respiratory syncytial virus B,0,77,94
MUC7 20-mer,Streptococcus mutans,1,917,155
"(2S,3R,4S,5S,6R)-6-(Acetoxymethyl)-3-octanamidotetrahydro-2H-pyran-2,4,5-triyl triacetate",Shewanella oneidensis,0,67,137
"4-Hydroxy-2,5-dimethyl-3(2H)-furanone",Arthrobacter sp. ,0,332,14
Epigallocatechin,Burkholderia multivorans,0,709,30
Vancomycin,Staphylococcus caprae,1,1307,143
BisEDT-RIP,Staphylococcus aureus,1,490,141
Pseudomonas Quinolone Signal,Streptococcus mutans,1,1120,155
14-alpha-lipoyl andrographolide,Pseudomonas aeruginosa,1,162,125
"Butane-1,4-diamine",Aeromonas hydrophila,0,496,9
Epigallocatechin Gallate,Streptococcus mutans,1,710,155
Ephedrine,Cronobacter sakazakii,0,705,51
"1-[2-(naphthalen-1-yl)-5-(3,4,5-trimethoxyphenyl)-1,3,4-oxadiazol-3(2H)-yl]ethanone",Staphylococcus epidermidis,1,135,146
4-Hydroxychalcone,Haemophilus influenzae,1,333,78
L-Canavanine,Shigella flexneri,0,867,138
"(2E)-1-(2 ,5 -dimethoxyphenyl)-3-[2,5-dimethyl-1-(3-trifluoromethyl-phenyl)-1H-pirrol-3-yl]-2-propen-1-one",Enterococcus faecalis,1,23,66
Benzoylperoxide,Human herpesvirus 1 ,0,479,87
Amprenavir,Streptococcus pneumoniae,0,438,158
2-(2-(2-Azidoacetamido)-5-fluorophenyl)-2-oxo-N-( prop-2-yn-1-yl)acetamide,Pseudomonas aeruginosa,1,182,125
Vanillic acid,Klebsiella variicola,0,1308,100
(Z)-4-bromo-5-(bromomethylene)-3-butyl-2(5H)-furanone,Lactobacillus fermenti,0,104,102
4-dimethyl-amino-cinnamaldehyde,Clostridium pasteurianum,0,353,46
L-carnosine,Pseudomonas fluorescens,0,873,127
Cefotetan,Desulfovibrio africanus,0,554,54
"1,3-dimethyl-6-(4-methylphenyl)-5-[3-(4-nitrophenyl)-1-phenyl-1H-pyrazol-4-yl]-1H,2H,3H,4H,5H,6H-pyrimido[4,5-d][1,3]diazine-2,4-dione",Lactobacillus fermenti,0,118,102
5-fluorooxiindole,Burkholderia multivorans,0,385,30
"N-((2R,3R,4S,5S,6R)-2,4,5-Trihydroxy-6-(hydroxymethyl)tetrahydro-2H-pyran-3-yl)hexanamide",Raoultella ornithinolytica,0,968,131
D-galactose cluster,Aggregatibacter actinomycetemcomitans,0,643,11
Scrambled LL-37,Staphylococcus aureus,0,1185,141
Mezlocillin,Francisella novicida,0,938,74
G2,Streptococcus mutans,1,765,155
Macromomycin B,Influenza B virus,0,918,96
Pa-MAP,Burkholderia pseudomallei,0,1063,31
"Dihydroxybenzoic Acid (2,4-DHBA)",Proteus vulgaris,0,680,122
"3,3-dimethyl-13-{9-methyl-[1,2,3,4]tetrazolo[1,5-a]quinolin-4-yl}-1H,2H,3H,4H,6H,11H,13H-indazolo[1,2-b]phthalazine-1,6,11-trione",Shigella flexneri,0,249,138
4-Methoxychalcone,Thermus thermophilus ,0,336,169
Sulfadoxine,Plasmodium falciparum,1,1226,118
Propyl gallate,Enterococcus faecalis,1,1117,66
2- geranyloxy-1-(2-methylbutanoyl)phloroglucinol,Staphylococcus aureus,1,178,141
"13-(2-chloro-7-methylquinolin-3-yl)-3,3-dimethyl-1H,2H,3H,4H,6H,11H,13H-indazolo[1,2-b]phthalazine-1,6,11-trione",Pseudomonas aeruginosa,1,154,125
"(2E)-1-(1,3-benzodioxol-5-yl)-3-(2-chloro-quinolin-3-yl)-2-propen-1-one",Dihydropteroate synthase type-1,0,17,55
Ephedrine,Yersinia enterocolitica,0,705,179
Nobiletin,Hepatitis B virus D,0,1025,83
"1,3-dimethyl-6-(4-methylphenyl)-5-[3-(4-methylphenyl)-1-phenyl-1H-pyrazol-4-yl]-1H,2H,3H,4H,5H,6H-pyrimido[4,5-d][1,3]diazine-2,4-dione",Varicella-zoster virus,0,117,172
Lemon,Escherichia coli,1,895,69
Norbgugaine 12,Pseudomonas aeruginosa,1,1027,125
Hamamelitannin,Pseudomonas aeruginosa,1,794,125
(2R)-2-amino-3-[(4-chlorophenyl)methanesulfinyl]propanoic acid,Streptococcus mutans,1,45,155
K4-S4,Raoultella ornithinolytica,0,851,131
Gossypetin hexamethyl ether,Pseudomonas putida,0,787,130
7-formylindole,Streptococcus epidermidis,0,405,152
Aniline,Desulfovibrio africanus,0,440,54
6-Chlorooxindole,Clostridium perfringens ,0,392,48
Naringenin,Escherichia coli,1,1009,69
"(2S,3R,4S,5S,6R)-6-(Acetoxymethyl)-3-decanamidotetrahydro-2H-pyran-2,4,5-triyl triacetate",Acinetobacter nosocomialis,0,65,3
3-(2-Thienyl)-D-alanine,Staphylococcus aureus,1,267,141
C12HSL,Eubacterium ramulus,0,503,72
S-(2-thiazoyl)-L-cysteine,Enterobacter ludwigi,0,1165,64
2-bromohexanoic acid,Pseudomonas aeruginosa,1,238,125
Zinc sulfate,Pseudomonas aeruginosa,1,1332,125
D-Cystine,Staphylococcus aureus,1,634,141
"3-{2-[(1S,2R,4aR,8aR)-1,2,4a,5-tetramethyl-1,2,3,4,4a,7,8,8a-octahydronaphthalen-1-yl]ethyl}-5-methylidene-N-phenyl-2,5-dihydrofuran-2-amine",Staphylococcus aureus,1,306,141
4-Methylphenylalanine,Staphylococcus epidermis,1,338,147
Glycinamide hydrochloride,Aggregatibacter actinomycetemcomitans,0,784,11
LL-37,Burkholderia thailandensis,1,888,32
Triclosan,Enterococcus faecalis,0,1284,66
Rifalazil,Baker's yeast,0,1153,27
Rosmarinic acid,Escherichia coli,0,1159,69
Chelerythrine,Staphylococcus aureus,1,572,141
"(5Z)-2-tert-butyl-5-{[3-(trifluoromethyl)phenyl]methylidene}-1,3-oxazolidin-4-one",Eubacterium ramulus,0,86,72
Lipoic acid,Streptococcus sobrinus,0,902,164
Gallocatechin,Eikenella corrodens,1,772,58
Benzathine benzylpenicillin,Kocuria rhizophila,0,473,101
Ceftobiprole,Providencia stuartii,0,563,123
(2Z)-N-hexyl-2-hydroxy-3-[4-(trifluoromethyl)phenyl]prop-2-enamide,Thermus thermophilus ,0,68,169
Silver nitrate,Staphylococcus aureus,1,1196,141
3-(pyridin-3-yl)-5-(3-ethoxy-4-hydroxybenzylidene)-2-thioxothiazolidin-4-one,Dengue Virus Type 2,0,276,53
Ciprofloxacin,Aeromonas sobria,0,590,10
Aceroside VIII,Pseudomonas aeruginosa,1,417,125
Flavone,Influenza B virus ,0,737,97
D-Leucine,Eubacterium ramulus,0,637,72
Linezolid,Clostridium pasteurianum,0,901,46
(E)-Chalcone,Human herpesvirus 3,0,90,88
IMB-2,Human immunodeficiency virus 1,0,818,92
CSP-C16,Clostridium leptum,0,513,45
Fraxin,Fusarium solani,0,750,75
"2-(4,5-dibromo-1-methyl-1H-pyrrol-2yl)-5-(4-nitrophenyl)-1,3,4-oxadiazole",Listeria monocytogenes serotype 4a,0,200,105
Asperdiol,Influenza A virus ,0,446,95
2-(5-Bromo-2-(2-chloroacetamido)phenyl )-2-oxo-N-( prop-2-yn-1-yl)acetamide,Pseudomonas aeruginosa,1,209,125
"(5Z)-2-(1,1-dichloro-2-phenylethyl)-5-{[4-(trifluoromethyl)phenyl]methylidene}-1,3-oxazolidin-4-one",Staphylococcus aureus,1,78,141
2(5H)-furanone,Propionibacterium acnes,0,167,120
D-2-aminoadipic acid,Pseudomonas japonica,0,628,128
trans-Stillbene,Morganella morganii,0,1393,109
Carolacton,Corynebacterium ammoniagenes,0,528,50
Gentamicin,Staphylococcus chromogenes,0,779,144
Tangerine oil,Staphylococcus aureus,1,1244,141
Quercetin-3-O-glucuronide,Burkholderia cenocepacia,0,1129,28
P15-CSP,Human herpesvirus 3,0,1058,88
Phenanthrene,Eubacterium ramulus,0,1088,72
Econazole nitrate,Enteric bacteria and other eubacteria,0,695,59
Sinefungin,Actinoplanes missouriensis,0,1202,8
(2E)-N-[3-(1H-imidazol-1-yl)propyl]-3-phenylprop-2-enamide,Proteus vulgaris,0,39,122
Rosmarinic acid,Pseudomonas japonica,0,1159,128
D-Cystine,Staphylococcus epidermis,1,634,147
6-Amino Penicillinic acid,Streptococcus mutans,1,388,155
Fluspiriline,Bacteroides fragilis,0,745,24
Peptide 1037,Pseudomonas aeruginosa,1,1087,125
6-MO-LF11-227,Halomonas pacifica,0,395,81
1-{2-[(E)-2-(4-hydroxy-3-methoxyphenyl)ethenyl]-4-phenylquinolin-3-yl}ethan-1-one,Streptococcus parasanguinis,0,140,157
Carvacrol,Staphylococcus aureus,1,529,141
Sulfisoxazole,Escherichia coli,1,1236,69
Lys-a1,Enterobacter cloacae,0,910,63
Phosphorylserine,Staphylococcus aureus,1,1097,141
"2-(4-Chlorophenyl)-5-(4,5-dibromo-1-methyl-1H-pyrrol-2-yl)-1,3,4-oxadiazole",Aeromonas hydrophila,0,203,9
"2-(4,5-dibromo-1-methyl-1H-pyrrol-2-yl)-5-(phenylthio)-1,3,4-oxadiazole",Staphylococcus aureus,1,196,141
"(5E)-5-decylidene-1,3-thiazolidine-2,4-dione",Klebsiella planticola,0,72,98
Chrysophanol,Pseudomonas aeruginosa,1,581,125
Asperdiol,Candida spp.,0,446,40
Saquinavir,Varicella-zoster virus,0,1183,172
(R)-2-Amino-3-biphenyl-3-yl-propionic acid,Streptococcus mutans,0,92,155
Teichoplanin,Streptococcus epidermidis,0,1250,152
kappa-Pyrosulfite,Propionibacterium acnes,0,1368,120
"(1-(4-chlorophenoxy)-3-[(4, 6-dimethyl-2-pyrimidinyl) thio]-2- propanol)",Vibrio harveyi,1,0,176
Pelargonidin,Actinomyces oris,0,1072,7
C4-HSL,Aeromonas sobria,1,506,10
Aniline,Burkholderia pseudomallei,0,440,31
Ssp (A4K-A11K),Human herpesvirus 1 ,0,1212,87
Calanolide A,Human immunodeficiency virus 1,1,518,92
Pro-Gly,Bacillus anthracis,0,1114,18
"(Z)-5-octylidenethiazolidine-2,4-dione",Candida krusei,0,111,38
(2E)-N-[3-(1H-indol-3-yl)propyl]-3-phenylprop-2-enamide,Salmonella Typhi,0,40,132
Cefotaxime,Bacillus subtilis,1,553,21
Clove oil,Pseudomonas aeruginosa,1,605,125
L-Aspartate,Staphylococcus aureus,1,866,141
Penicillenol B2,Staphylococcus aureus,1,1077,141
Lymecycline,Burkholderia cenocepacia,0,909,28
"N1-[7-(trifluoromethyl)quinolin-4-yl]dodecane-1,12-diamine",Clostridium leptum,0,994,45
Vitamin E,Escherichia coli,1,1317,69
Myristic acid,Proteus vulgaris,1,952,122
Chromate,Burkholderia cepacia,0,579,29
2-(2-(2-Azidoacetamido)-5-fluorophenyl)-2-oxo-N-( prop-2-yn-1-yl)acetamide,Staphylococcus haemolyticus,0,182,149
Micafungin,Halomonas pacifica,0,939,81
Indole-3-acetaldehyde,Pseudomonas aeruginosa,1,828,125
Indole-3-acetaldehyde,Dihydropteroate synthase type-1,0,828,55
Cadmium Ion,Human herpesvirus 5,0,515,90
GW-9662,Schistosoma,0,768,134
Cycloserine ,Pseudomonas libaniensis,0,624,129
2-(2-(2-Azidoacetamido)-5-nitrophenyl)-2-oxo-N-(prop-2-yn-1-yl)acetamide,Acinetobacter sp.,0,184,5
Betulin,Yersinia enterocolitica,0,484,179
Sulfathiazole,Human herpesvirus 4,0,1235,89
Rufloxacin,Burkholderia cepacia,0,1161,29
Levofloxacin,Enterobacteria phage T4,0,897,65
"3,3-dimethyl-13-{8-methyl-[1,2,3,4]tetrazolo[1,5-a]quinolin-4-yl}-1H,2H,3H,4H,6H,11H,13H-indazolo[1,2-b]phthalazine-1,6,11-trione",Lysinibacillus sphaericus,0,248,106
Prolificin A,Staphylococcus epidermidis,1,1115,146
Pyrimidinedione,Staphylococcus aureus,1,1124,141
"N 3-(2-thienylcarbonyl)-4-bromo-1,5-dimethyl-1H-pyrazole-3-carbohydrazide",Bacillus licheniformis,0,964,20
"O-(2,6-Dichlorobenzyl)-D-tyrosine",Campylobacter jejuni,0,1034,33
Zinc Dichloride,Gardnerella vaginalis,0,1329,76
Butein,Haemophilus influenzae,1,498,78
Bis[(4-methylphenyl)methyl] disulfide,Escherichia coli,0,491,69
3-chloro-5-hydroxy-4-[(4-methylphenylsulfonyl)]-2(5H)-furanone,Raoultella ornithinolytica,0,294,131
lin-SB056-1,Enterobacter cloacae,0,1371,63
Sulfamethazine,Bacteroides uniformis,0,1229,25
Benzalacetone,Streptococcus sanguinis,0,471,162
S-(4-tolyl)-L-cysteine,Clostridium leptum,0,1167,45
4-Nitro-D-phenylalanine,Influenza A virus ,0,339,95
MUC7 12-mer-D,Halomonas pacifica,0,914,81
Rimantadine,Influenza A virus ,1,1157,95
Azlocillin,Vibrio cholerae,0,457,175
Linezolid,Dengue Virus Type 2,0,901,53
(2E)-1-(5-clorotiophen-2-yl)-3-(3-methoxy-4-benzyloxi-phenyl)-2-propen-1-one,Staphlococcus aureus,0,29,140
Penicillenol C1,Staphylococcus aureus,1,1078,141
"1-[2-(2,4-dichlorophenyl)-5-(3,4,5-trimethoxyphenyl)-1,3,4-oxadiazol-3(2H)-yl]ethanone",Enterococcus faecalis,1,131,66
Mucobromic acid,Hepatitis B virus D,0,947,83
Cefixime,Raoultella ornithinolytica,0,547,131
Myxinidin1,Sphingomonas sp. Ibu-2,0,956,139
Asperdiol,Pseudomonas aeruginosa,1,446,125
Nitrofurantoin ,Escherichia coli,1,1024,69
Bis[(4-methylphenyl)methyl] disulfide,Hepatitis B virus F,0,491,84
5-(dibromomethylene)-3-ethyl-2(5H)-furanone,Enterococcus faecalis,0,372,66
IDR-1018,Bacteroides vulgatus,0,814,26
3-(3-fluorophenyl)-5-(3-ethoxy-4-hydroxybenzylidene)-2-thioxothiazolidin-4-one,Pseudomonas libaniensis,0,270,129
Furanone C-30,Aspergillus niger,0,753,16
4-chloro-7-(trifluoromethyl)quinoline,Pseudomonas aeruginosa,1,350,125
"(2-(4-chlorophenyl)- 4-{[(6-methyl-2-pyridinyl)amino]methylene}-1,3-oxazol- 5(4H)-one)",Vibrio parahaemolyticus,0,13,177
Hamamelitannin,Staphylococcus epidermidis,1,794,146
GW 5074,Enterobacter cancerogenus,0,767,62
(Z)-4-bromo-5-(bromomethylene)-3-(1-bromoethyl)-2(5H)-furanone,Eggerthella lenta,0,102,57
Siamycin I,Enterobacter aerogenes,0,1191,61
5-bromomethylene-2 (5H)-furanone,Human herpesvirus 5,0,382,90
(RW)3-NH2,Pseudomonas libaniensis,0,96,129
Pentanol,Candida albicans,1,1084,34
Netilmicin,Listeria monocytogenes,0,1016,104
Besifloxacin,Schistosoma,0,483,134
Toremifene,Candida krusei,1,1282,38
"(2E)-1-(2 ,4 ,5 -trimethoxyphenyl)-3-(2-naphthyl)-2-propen-1-one",Staphylococcus epidermidis,1,21,146
Timolol,Campylobacter jejuni,0,1274,33
"4-Fluoro-(S)-4,5-Dihydroxypentane-2,3-dione",Vibrio vulnificus,0,328,178
Neomycin,Enteric bacteria and other eubacteria,1,1014,59
"(2E)-1-(3 ,5 -dimethoxyphenyl)-3-(2-naphthyl)-2-propen-1-one",Streptococcus mutans,1,26,155
Djenkolic acid,Baker's yeast,0,689,27
Aminosalicylic Acid,Mycobacterium tuberculosis,1,433,113
Shikonin,Pseudomonas aeruginosa,1,1190,125
RK-31,Clostridium bacilli,0,1140,44
3-tetradecanoylthiotetronic,Pseudomonas japonica,0,305,128
7-hydroxyindole,Neisseria gonorrhoeae,0,406,114
"N-((1E)-{4-ethoxy-3-[(8-oxo-1,5,6,8-tetrahydro-2H-1,5-methanopyrido[1,2-a][1,5]diazocin-3(4H)-yl)methyl]phenyl}methylene)-3,4,5-trihydroxybenzohydrazide",Staphylococcus equorum,0,965,148
Latamoxef,Vibrio cholerae,0,894,175
"1-[2-(2,4-dichlorophenyl)-5-(3,4,5-trimethoxyphenyl)-1,3,4-oxadiazol-3(2H)-yl]ethanone",Staphylococcus aureus,1,131,141
Zinc Nitrate,Pseudomonas aeruginosa,1,1330,125
Imazalil,Human herpesvirus 3,0,821,88
Avermectin B1a,Dengue Virus Type 2,0,453,53
4-bromo-5-(bromomethylene)-3-(1-acetoxybutyl)-2(5H)-furanone,Salmonella enterica,1,343,133
para-toluidine,Pseudomonas fluorescens,0,1385,127
Naringin,Vibrio harveyi,1,1010,176
knightine,Staphylococcus aureus,1,1369,141
Virstatin,Escherichia coli,0,1315,69
"13-(2-chloro-7-methoxyquinolin-3-yl)-3,3-dimethyl-1H,2H,3H,4H,6H,11H,13H-indazolo[1,2-b]phthalazine-1,6,11-trione",Neisseria gonorrhoeae,0,153,114
"1-[2-(naphthalen-1-yl)-5-(3,4,5-trimethoxyphenyl)-1,3,4-oxadiazol-3(2H)-yl]ethanone",Enterococcus faecalis,1,135,66
Gentamicin,Bacillus subtilis,1,779,21
den-SB056,Edwardsiella tarda,0,1361,56
Sulfamethizole,Candida parapsilosis,0,1230,39
beta-6-20-G3K6,Pseudomonas fluorescens,0,1344,127
Ritonavir,Aeromonas sobria,0,1158,10
Netilmicin,Enteric bacteria and other eubacteria,1,1016,59
Quinupristin,Coagulase- negative staphylococci,0,1133,49
Polyethyleneimine,Clostridium perfringens,0,1108,47
Menthol,Pseudomonas aeruginosa,1,925,125
(1Z)-(2-phenylethylidene)-lambda4-sulfanyliumolate,Actinomyces oris,1,10,7
NA8H,Achromobacter xylosoxidans,0,1002,1
"(5Z)-2-(1,1-dichloro-7-methyloctyl)-5-{[4-(trifluoromethyl)phenyl]methylidene}-1,3-oxazolidin-4-one",Staphylococcus aureus,1,82,141
"(2E)-1-(2 ,4 ,5 -trimethoxyphenyl)-3-(2-chloro-6-methoxy-quinolin-3-yl)-2-propen-1-one",Enterococcus faecalis,1,19,66
AFP1,Propionibacterium acnes,0,415,120
Cefixime,Proteus mirabilis,1,547,121
Efavirenz,Proteus mirabilis,0,696,121
Cobalt Ion,Cronobacter sakazakii,0,608,51
N -(3-nitro-4-hydroxy-benzylidene)benzohydrazide,Streptococcus pneumoniae,0,959,158
Cefoperazone,Pseudomonas aeruginosa,1,551,125
"(5Z)-2-(2,2-dimethylpropyl)-5-{[3-(trifluoromethyl)phenyl]methylidene}-1,3-oxazolidin-4-one",Staphylococcus aureus,1,85,141
Crocin,Achromobacter sp.,0,618,0
4-Cyanophenylalanine,Staphylococcus aureus,1,325,141
(2E)-1-[4 -(1H-imidazol-1-yl)phenyl]-3-(2-naphthyl)-2-propen-1-one,Salmonella Typhi,0,30,132
4-Hydroxy benzoate,Enterobacteria phage T4,0,331,65
3-Nitro-D-tyrosine,Pseudomonas libaniensis,0,289,129
Tyrosol,Acinetobacter nosocomialis,0,1295,3
Furanone-3,Candida krusei,0,756,38
Malabaricone C,Amycolatopsis orientalis,0,921,12
4-bromo-5-(dibromomethylene)-3-(1-acetoxyoethyl)-2(5H)-furanone,Salmonella enterica,1,346,133
Virginiamycin M1,Enterococcus faecium,1,1314,67
Sm6(L3)2C,Geobacillus kaustophilus,0,1206,77
"4-(5-(4,5-dibromo-1-methyl-1H-pyrrol-2-yl)-1,3,4-oxadiazole-2-yl)aniline",Pseudomonas fluorescens,0,314,127
5-Chloroindole,Hepatitis C Virus ,0,378,85
Clozapine,Helicobacter pylori ,0,607,82
Ethylenediametetraacetic acid,Listeria monocytogenes,1,724,104
Esomeprazole,Escherichia coli,0,718,69
Sorbitol,Actinoplanes missouriensis,1,1210,8
Nitazoxanide ,Desulfovibrio africanus,1,1021,54
Terpinene-4-ol,Salmonella enterica,0,1258,133
5-bromomethylene-2 (5H)-furanone,Serratia liquefaciens,1,382,135
Glipizide,Campylobacter jejuni,0,782,33
Sodium sulfate,Human parainfluenza virus type 2,0,1209,93
6-Gingerol,Coagulase- negative staphylococci,0,393,49
"1,1,6,6,7,7-hexahydroxy-5,5-diisopropyl-3,3-dimethyl-2,2-binaphthalene-8,8-dicarbaldehyde",Porphyromonas gingivalis,0,113,119
Tyrphostin AG1478,Hepatitis C Virus ,0,1297,85
3-(pyridin-3-yl)-5-(3-ethoxy-4-hydroxybenzylidene)-2-thioxothiazolidin-4-one,Enterococcus gallinarum,1,276,68
Cefoperazone,Thermus thermophilus ,0,551,169
2-(2-(2-Chloroacetamido)phenyl )-2-oxo-N-( prop-2-yn-1-yl )acetamide,Escherichia coli,1,189,69
Cefalotin,Streptococcus pneumoniae,1,540,158
BMAP-28,Arthrobacter sp. ,0,461,14
HE10,Eikenella corrodens,0,791,58
(2E)-N-[3-(1H-indol-3-yl)propyl]-3-phenylprop-2-enamide,Geobacillus kaustophilus,0,40,77
cat-AGE-RK2,Staphylococcus aureus,1,1351,141
Vidarabine,Human herpesvirus 1 ,1,1312,87
Cefotetan,Staphylococcus equorum,0,554,148
2-oxindole,Pseudomonas aeruginosa,1,243,125
Ciprofloxacin,Pseudomonas aeruginosa,1,590,125
Tioconazole,Porphyromonas gingivalis,0,1275,119
2-(2-(2-Azidoacetamido)-5-nitrophenyl)-2-oxo-N-(prop-2-yn-1-yl)acetamide,Candida krusei,0,184,38
Patulin,Marinobacter hydrocarbonoclasticus,1,1069,107
3-(2-Naphthyl)-D-alanine,Streptococcus pneumoniae,0,264,158
Tioconazole,Candida albicans,1,1275,34
(1Z)-(2-phenylethylidene)-lambda4-sulfanyliumolate,Streptococcus sanguinis,0,10,162
PTP-7,Enterobacter cancerogenus,0,1062,62
4-bromo-5-(bromomethylene)-3-(1-( 2-propynyloxy)butyl)-2(5H)-furanone,Neisseria gonorrhoeae,0,341,114
cat-AGE-RK1,Achromobacter sp.,0,1350,0
"1-[2-(3-bromo-4-hydroxy-5-methoxyphenyl)-5-(3,4,5-trimethoxyphenyl)-1,3,4-oxadiazol-3(2H)-yl]ethanone",Porphyromonas gingivalis,0,134,119
2-Nitro-cinnamaldehyde,Cronobacter sakazakii,0,224,51
Sodium Chloride,Acinetobacter nosocomialis,0,1207,3
Carboxymethyl chitosan,Escherichia coli,1,525,69
Anthranilate,Pseudomonas aeruginosa,1,442,125
KT2,Dengue Virus Type 2,0,856,53
Cyclacillin,Pseudomonas aeruginosa,0,621,125
beta-6-20-G3K6,Staphylococcus epidermidis,1,1344,146
Silver nanowires,Aeromonas hydrophila,0,1195,9
Sulfisoxazole ,Streptococcus pyogenes,0,1237,160
Ethyl gallate,Staphylococcus aureus,1,722,141
"5-Bromo-1-(2-chloroacetyl)indoline-2,3-dione",Staphylococcus chromogenes,0,375,144
"2-(4,5-dibromo-1-methyl-1H-pyrrol-2-yl)-5-(pyridin-4-yl)-1,3,4-oxadiazole",Burkholderia cepacia,0,197,29
S-(2-thiazoyl)-L-cysteine,Mycobacterium avium,0,1165,110
Nerolidol,Klebsiella pneumoniae,0,1015,99
NaCl,Kocuria rhizophila,0,1007,101
Na-Benzoate,Influenza A virus ,0,1004,95
Gallic Acid,Candida krusei,0,769,38
Kanamycin,Escherichia coli,1,858,69
"(2E)-1-(3 ,4 ,5 -trimethoxyphenyl)-3-(2-naphthyl)-2-propen-1-one",Streptococcus mutans,1,24,155
Sanguinarine,Staphylococcus epidermidis,1,1182,146
Oxantel,Bacillus licheniformis,0,1053,20
(2R)-2-amino-3-(2-phenylethanesulfinyl)propanoic acid,Actinomyces oris,1,42,7
N-(4-Bromobenzylidene)benzohydrazide,Staphylococcus epidermidis,1,976,146
Eugenol,Pseudomonas aeruginosa,1,726,125
1-(pyrazin-2-yl)ethan-1-one,Vibrio parahaemolyticus,0,129,177
Autoinducer-2,Streptomyces sp. ,0,452,167
5-(dibromomethylene)-3-(1-bromoethyl)-2(5H)-furanone,Providencia stuartii,0,370,123
(R)-2-Amino-3-biphenyl-3-yl-propionic acid,Staphylococcus epidermis,1,92,147
Zinc Nitrate,Bacteroides uniformis,0,1330,25
Dicyclohexylamine,Bacillus anthracis,0,677,18
"O-(2,6-Dichlorobenzyl)-D-tyrosine",Halomonas pacifica,0,1034,81
Macromomycin B,Staphylococcus cohnii,0,918,145
"3,4-Dichloro-cinnamaldehyde",Streptococcus gordonii,0,253,153
"3,3-dimethyl-13-{[1,2,3,4]tetrazolo[1,5-a]quinolin-4-yl}-2H,4H,13H-indazolo[1,2-b]phthalazine-1,6,11-trione",Aeromonas hydrophila,0,250,9
Penicillic acid,Achromobacter sp.,1,1080,0
4-Fluoro-2-methyl-D-phenylalanine,Candida dubliniensis,0,329,35
3-Carbamoylphenylalanine,Staphylococcus haemolyticus,0,279,149
"(2E)-1-(1,3-benzodioxol-5-yl)-3-[5-(2-nitro-phenyl)-furan-2-yl]-2-propen-1-one",Streptococcus mutans,1,18,155
Cerulenin ,Influenza A virus ,0,569,95
"N1-(7-chloroquinolin-4-yl)dodecane-1,12-diamine",Serratia marcescens,1,991,136
2-(2-(2-Chloroacetamido)-5-methylphenyl)-2-oxo-N-( prop-2-yn- 1-yl)acetamide,Achromobacter xylosoxidans,0,187,1
Methyl gallate,Staphylococcus aureus,1,933,141
4-nitro-cinnamaldehyde,Human herpesvirus 3,0,358,88
Fluperlapine,Candida albicans,1,744,34
Vancomycin,Staphylococcus cohnii,1,1307,145
Amikacin,Morganella morganii,1,430,109
"4,5-dihydroxy-2,3-pentanedione",Bacillus cereus,1,311,19
Diazepam,Vibrio anguillarum,0,670,173
Bacitracin,Marinobacter hydrocarbonoclasticus,0,466,107
Cefaclor,Clostridium perfringens,0,537,47
Rutin,Acinetobacter baumannii,0,1163,2
Penicillic acid,Lysinibacillus sphaericus,0,1080,106
"1,3-dimethyl-6-(4-methylphenyl)-5-[3-(4-nitrophenyl)-1-phenyl-1H-pyrazol-4-yl]-1H,2H,3H,4H,5H,6H-pyrimido[4,5-d][1,3]diazine-2,4-dione",Burkholderia multivorans,0,118,30
2-amino-3-(propane-1-sulfinyl)propanoic acid,Streptococcus mutans,1,230,155
Diterpene phytol,Enterobacter cancerogenus,0,688,62
N-decanoyl-L- homoserine benzyl ester,Streptococcus salivarius,0,990,161
IDR-1018,Burkholderia cenocepacia,1,814,28
S-methyl- L-cysteine,Streptococcus gordonii,0,1171,153
Pentamethoxyflavone,Pseudomonas fluorescens,0,1083,127
(E)-Chalcone,Listeria monocytogenes serotype 4a,0,90,105
beta-sitosterol glucoside,Stenotrophomonas maltophilia,0,1349,151
L-Phenylalanine-L-Lysine,Staphylococcus aureus,1,871,141
KSL,Streptococcus mutans,1,854,155
(2R)-2-amino-3-[(4-methylphenyl)methanesulfinyl]propanoic acid,Streptococcus mutans,1,46,155
P60.4Ac,Staphlococcus aureus,0,1059,140
Triclosan,Staphylococcus chromogenes,0,1284,144
den-SB056-1,Dengue Virus Type 2,0,1362,53
Streptomycin,Coagulase- negative staphylococci,0,1216,49
Catechin,Vibrio parahaemolyticus,0,531,177
nimesulide,Cronobacter sakazakii,0,1376,51
Esculetin,Burkholderia multivorans,1,715,30
Fosaphenytoin,Helicobacter pylori ,0,747,82
Bifonazole,Listeria monocytogenes serotype 4a,0,487,105
"(2R,3E)-2-Amino-4-phenyl-3-butenoic acid",Staphylococcus aureus,1,51,141
epsilon-viniferin,Pseudomonas aeruginosa,1,1365,125
2-methoxy-cinnamaldehyde,Vibrio vulnificus,1,242,178
"2-(4,5-dibromo-1-methyl-1H-pyrrol-2-yl)-5-phenyl-1,3,4-oxadiazole",Pseudomonas aeruginosa,1,198,125
Furanone-2,Staphylococcus caprae,0,755,143
alpha-tocopherol,Streptococcus sanguinis,0,1343,162
3-(3-fluorophenyl)-5-(3-ethoxy-4-hydroxybenzylidene)-2-thioxothiazolidin-4-one,Staphylococcus aureus,1,270,141
2-(2-(2-Azidoacetamido)phenyl)-2-oxo-N-(prop-2-yn-1-yl)acetamide,Enterobacter cancerogenus,0,185,62
N-(4-Pyridinyl)butanamide,Pseudomonas aeruginosa,1,979,125
"13-(2-chloroquinolin-3-yl)-3,3-dimethyl-1H,2H,3H,4H,6H,11H,13H-indazolo[1,2-b]phthalazine-1,6,11-trione",Coagulase- negative staphylococci,0,156,49
D-2-aminoadipic acid,Staphylococcus aureus,1,628,141
Ribavirin,Influenza A virus ,1,1151,95
S-(2-thiazoyl)-L-cysteine,Micrococcus luteus,0,1165,108
"1,3-dimethyl-6-(4-methylphenyl)-5-[3-(4-methylphenyl)-1-phenyl-1H-pyrazol-4-yl]-1H,2H,3H,4H,5H,6H-pyrimido[4,5-d][1,3]diazine-2,4-dione",Cronobacter sakazakii,0,117,51
Decanediol,Providencia stuartii,0,659,123
Betulin,Acinetobacter sp.,1,484,5
Oseltamivir,Arthrobacter sp. ,0,1051,14
"(Z)-5-decylidenethiazolidine-2,4-dione",Listeria monocytogenes serotype 4a,0,110,105
D-Phenylalanine,Staphylococcus epidermis,1,639,147
Eugenol,Trichophyton mentagrophytes,0,726,170
Esculin hydrate,Thermus thermophilus,0,717,168
Cefmetazole,Listeria monocytogenes,1,549,104
Aspirin,Candida glabrata,0,448,36
G H12,Halomonas pacifica,0,763,81
"2,4-Dinitro-D-phenylalanine",Staphylococcus epidermis,1,176,147
RK-25,Burkholderia pseudomallei,1,1139,31
MUC7 12-mer-L4,Listeria ivanovii,0,916,103
(2E)-1-(5-clorotiophen-2-yl)-3-(3-methoxy-4-benzyloxi-phenyl)-2-propen-1-one,Hepatitis B virus F,0,29,84
"(2E)-1-(2 ,4 ,5 -trimethoxyphenyl)-3-(2-chloro-quinolin-3-yl)-2-propen-1-one",Influenza B virus ,0,20,97
Micafungin,Pseudomonas aeruginosa,1,939,125
Ciprofloxacin ,Helicobacter pylori ,0,592,82
faropenem medoxomil,Bacillus amyloliquefaciens,0,1366,17
Amantadine,Staphylococcus saprophyticus,0,429,150
Sulfadiazine,Achromobacter xylosoxidans,0,1224,1
Betulin,Thermus thermophilus,0,484,168
(2-methyl-5-nitro-1H-imidazol-1-yl)methyl (2E)-3-phenylprop-2-enoate,Salmonella enterica,0,14,133
RK-19,Burkholderia pseudomallei,1,1138,31
Dichloromethane,Vibrio vulnificus,0,673,178
"5-decyl-1,3-thiazolidine-2,4-dione",Listeria monocytogenes serotype 4a,0,383,105
para-ethylaniline,Geobacillus kaustophilus,0,1384,77
Butenafine hydrochloride,Streptococcus oralis,0,499,156
Cerulenin,Thermus thermophilus ,0,568,169
"N-(1,3-benzothiazol-2-yl)butanamide",Pseudomonas aeruginosa,1,971,125
Pivampicillin,Baker's yeast,0,1104,27
RK-31,Burkholderia pseudomallei,1,1140,31
3-(4-fluorophenyl)-5-(3-ethoxy- 4-hydroxybenzylidene)-2-thioxothiazolidin-4-one,Arthrobacter sp. ,0,273,14
Hydnocarpin D,Bacteroides fragilis,0,810,24
SP1,Klebsiella variicola,0,1177,100
Ceftriaxone,Pseudomonas libaniensis,0,564,129
"1,3-bis[3-chloro-5-(1,3-dichloropropane-2-yloxy)-2(5H)-furanone-4-ylsulfonyl]propane",Streptococcus sanguis,0,115,163
4-bromo-5-(bromomethylene)-3-butyl-2(5H)- furanone,Burkholderia pseudomallei,0,345,31
"3-{2-[(1S,2R,4aR,8aR)-1,2,4a,5-tetramethyl-1,2,3,4,4a,7,8,8a-octahydronaphthalen-1-yl]ethyl}-N-(3-fluorophenyl)-5-methylidene-2,5-dihydrofuran-2-amine",Proteus mirabilis,1,308,121
"(5Z)-2-(1,1-dichloro-3,3-dimethylbutyl)-5-{[4-(trifluoromethyl)phenyl]methylidene}-1,3-oxazolidin-4-one",Bacillus licheniformis,0,81,20
S-(2-Aminoethyl)-L-cysteine hydrochloride,Streptococcus mutans,1,1164,155
N-[5-(6-amino-9H-purin-9-yl)-4-hydroxy-2-(hydroxymethyl)oxolan-3-yl]-3-(4-methoxyphenyl)propanamide,Staphylococcus epidermis,0,989,147
Uracil,Escherichia coli ,1,1301,70
Sinefungin,Gardnerella vaginalis,0,1202,76
Pseudomonas Quinolone Signal,Hafnia alvei,0,1120,79
PG-1,Human herpesvirus 1 ,0,1060,87
Myxinidin,Staphylococcus aureus,1,955,141
"(2E)-5-[(1S,2R,4aR,8aR)-1,2,4a,5-tetramethyl-1,2,3,4,4a,7,8,8a-octahydronaphthalen-1-yl]-3-formylpent-2-enoic acid",Staphylococcus cohnii,0,36,145
Clotrimazole,Lysinibacillus sphaericus,0,604,106
2-(5-Chloro-2-(2-chloroacetamido)phenyl )-2-oxo-N-( prop-2-yn-1-yl)acetamide,Aspergillus niger,0,210,16
Fluconazole,Acinetobacter oleiovorans,0,743,4
Kaempherol,Staphylococcus aureus,1,857,141
"D, L- K6L9",Pseudomonas aeruginosa,1,626,125
Sulfisoxazole ,Escherichia coli,1,1237,69
2-(2-(2-Azidoacetamido)-5-fluorophenyl)-2-oxo-N-( prop-2-yn-1-yl)acetamide,Actinoplanes missouriensis,0,182,8
"2-(4,5-dibromo-1-methyl-1H-pyrrol-2-yl)-5-phenyl-1,3,4-oxadiazole",Pseudomonas libaniensis,0,198,129
Fleroxacin,Clostridium perfringens ,0,740,48
"(E)-1-[6-[(3-acetyl-2,4,6-trihydroxy-5-methylphenyl)methyl]-5,7-dihydroxy-2,2-dimethyl-2H-1-benzopyran-8-yl]-3-phenyl-2-propen-1-one",Burkholderia cenocepacia,0,88,28
Aciclovir,Haemophilus influenzae,0,420,78
"2-bromo-4-methyl-6-(3,4,5-tribromo-1H-pyrrole-2-carbonyl)phenol",Influenza B virus,0,236,96
Azithromycin,Escherichia coli ,1,456,70
Gallic Acid,Streptococcus salivarius,0,769,161
Elliptophenone A,Staphylococcus aureus,1,699,141
"3,4-Dichloro-cinnamaldehyde",Bacteroides,0,253,22
4-(Aminomethyl)-D-phenylalanine,Enterococcus gallinarum,0,315,68
Nodakenetin,Staphylococcus capitis,0,1026,142
2-Chloro-DL-Phenylalanine,Baker's yeast,0,216,27
"3,4-Dichloro-5-[(4-methylphenylsulfonyl)]-2(5H)-furanone",Pseudomonas aeruginosa,0,252,125
Micafungin,Streptococcus sobrinus,0,939,164
"6-(4-chlorophenyl)-1,3-dimethyl-5-[3-(4-methylphenyl)-1-phenyl-1H-pyrazol-4-yl]-1H,2H,3H,4H,5H,6H-pyrimido[4,5-d][1,3]diazine-2,4-dione",Cryptococcus neoformans,0,387,52
Hinokitiol,Candida albicans,1,804,34
Cinoxacin,Mycobacterium tuberculosis,0,589,113
HA14-1,Haemophilus influenzae,0,790,78
"2,3-Dehydrosilybin",Yersinia enterocolitica,0,170,179
Indole-3-carboxyaldehyde,Human respiratory syncytial virus B,0,831,94
SP1,Pseudomonas aeruginosa,1,1177,125
n-Hexane,Achromobacter xylosoxidans,0,1374,1
Cefaclor,Pseudomonas fluorescens,0,537,127
Chelerythrine,Hepatitis C Virus ,0,572,85
Epigallocatechin Gallate,Aspergillus fumigatus,0,710,15
Propyl gallate,Staphylococcus epidermidis,1,1117,146
7-methoxyindole,Human herpesvirus 3,0,407,88
Epicatechin,Streptomyces sp. ,0,706,167
Quercetin,Clostridium perfringens,0,1127,47
Pyrazinamide,Plasmodium falciparum,0,1122,118
Norspermidine,Acinetobacter baumannii,1,1031,2
trans-Resveratrol,Porphyromonas gingivalis,0,1392,119
Asperdiol,Staphylococcus aureus,1,446,141
Raltegravir,Shewanella oneidensis,0,1144,137
LL7-37,Varicella-zoster virus,0,890,172
Heptadecanoic acid,Staphylococcus chromogenes,0,796,144
beta-Defensin-3,Clostridium pasteurianum,0,1347,46
Carbonyl cyanide m-chlorophenylhydrazone,Trueperella pyogenes,0,524,171
beta-6-20-G3K6,Candida tropicalis,0,1344,41
Ellagic Acid,Actinoplanes missouriensis,0,698,8
Gallocatechin,Candida dubliniensis,0,772,35
"2-(4,5-dibromo-1-methyl-1H-pyrrol-2-yl)-5-(ethylthio)-1,3,4-oxadiazole",Vibrio vulnificus,0,194,178
"5-Chloro-1-(2-chloroacetyl)indoline-2,3-dione",Cryptococcus neoformans,0,377,52
Fluconazole,Shigella flexneri,0,743,138
Clindamycin,Porphyromonas gingivalis,0,599,119
1-mesityl-3(4-nitrophenyl)urea,Schistosoma,0,136,134
Carbonyl cyanide m-chlorophenylhydrazone,Shewanella oneidensis,0,524,137
"2-(4,5-dibromo-1-methyl-1H-pyrrol-2-yl)-5-(ethylthio)-1,3,4-oxadiazole",Streptomyces rubiginosus,0,194,166
"(2E)-1-(1,3-benzodioxol-5-yl)-3-[5-(2-nitro-phenyl)-furan-2-yl]-2-propen-1-one",Achromobacter sp.,0,18,0
N -(pyridin-3-yl-methylene)benzohydrazide,Enterococcus faecalis,1,962,66
Ceftizoxime,Edwardsiella tarda,0,562,56
"1-{2-[(E)-2-[3,5-bis(trifluoromethyl)phenyl]ethenyl]-4-phenylquinolin-3-yl}ethan-1-one",Bacillus subtilis,1,142,21
1010cys,Clostridium pasteurianum,0,146,46
"13-(2-chloro-7-methylquinolin-3-yl)-3,3-dimethyl-1H,2H,3H,4H,6H,11H,13H-indazolo[1,2-b]phthalazine-1,6,11-trione",Clostridium bacilli,0,154,44
Tigecycline,Pseudomonas putida,0,1272,130
Fusidic acid,Staphylococcus aureus,1,762,141
Glycomonoterpenes (G-citral),Pseudomonas chlororaphis,0,785,126
methanesulfonylbenzene,Candida spp.,0,1373,40
2-(2-(2-Chloroacetamido)-5-nitrophenyl)-2-oxo-N-( prop-2-yn-1-yl)acetamide,Acinetobacter sp.,0,188,5
D-2-aminoadipic acid,Influenza B virus,0,628,96
Myricetin,Gardnerella vaginalis,0,950,76
3-Fluoro-DL-phenylalanine,Staphylococcus epidermis,1,282,147
sorivudine,Mycobacterium tuberculosis,0,1388,113
Auranofin,Pseudomonas libaniensis,0,451,129
Betulin,Obesumbacterium proteus,1,484,115
N -(5-bromo-2-hydroxy-benzylidene)benzohydrazide,Staphylococcus aureus,1,961,141
Dezocine,Haemophilus influenzae,1,666,78
"2-(4,5-dibromo-1-methyl-1H-pyrrol-2-yl)-5-(methylthio)-1,3,4-oxadiazole",Staphylococcus aureus,1,195,141
Dephnetin,Human herpesvirus 1 ,0,664,87
Nitazoxanide ,Candida dubliniensis,0,1021,35
Piperacillin-Tazobactam,Staphylococcus chromogenes,0,1103,144
Metronidazole,Serratia marcescens,0,937,136
N -(4-trifluoromethyl-benzylidene)benzohydrazide,Burkholderia cepacia,0,960,29
Indirubin,Staphylococcus haemolyticus,0,825,149
Quercetin,Streptococcus salivarius,0,1127,161
Pivampicillin,Clostridium perfringens ,1,1104,48
Zinc Dichloride,Streptococcus oralis,0,1329,156
Asperdiol,Human herpesvirus 3,0,446,88
Octadecyl gallate,Pseudomonas aeruginosa,1,1041,125
Shikonin,Stenotrophomonas maltophilia,1,1190,151
Copper sulfate,Candida krusei,0,614,38
Cadmium Ion,Klebsiella planticola,0,515,98
Arbekacin,Pseudoalteromonas sp.,0,445,124
Ethylenediametetraacetic acid,Halomonas pacifica,1,724,81
Benzalacetone,Vibrio parahaemolyticus,0,471,177
(2S)-2-amino-3-(4-tert-butylphenyl)propanoic acid,Staphylococcus epidermis,1,53,147
Indinavir,Enterobacter ludwigi,0,824,64
Epigallocatechin Gallate,Eikenella corrodens,1,710,58
12-methyltetradecanoic acid,Cronobacter sakazakii,0,150,51
D-Leucine,Streptococcus epidermidis,0,637,152
Thimerosal,Enterobacter cancerogenus,0,1267,62
(Z)-3-bromo-5-(bromomethylene) furan-2(5H)-one,Human herpesvirus 1 ,0,100,87
Butyl gallate,Staphylococcus aureus,1,502,141
"3-{2-[(1S,2R,4aR,8aR)-1,2,4a,5-tetramethyl-1,2,3,4,4a,7,8,8a-octahydronaphthalen-1-yl]ethyl}-5-methylidene-N-phenyl-2,5-dihydrofuran-2-amine",Streptococcus mutans,1,306,155
PLF,Acinetobacter oleiovorans,0,1061,4
3-(2-Pyridinyl)alanine,Candida spp.,0,266,40
Apramycin,Enteric bacteria and other eubacteria,1,444,59
Norpinguisone,Aspergillus fumigatus,0,1030,15
N -(pyridin-3-yl-methylene)benzohydrazide,Streptomyces gordonii,0,962,165
"(5Z)-2-(1,1-dichloro-3,3-dimethylbutyl)-5-[(3-methoxyphenyl)methylidene]-1,3-oxazolidin-4-one",Francisella novicida,0,80,74
Lomefloxacin,Burkholderia pseudomallei,0,904,31
Latamoxef,Influenza B virus,0,894,96
IG-13,Hepatitis C Virus ,0,815,85
4-(Aminomethyl)-D-phenylalanine,Staphylococcus aureus,1,315,141
Tet-26,Corynebacterium ammoniagenes,0,1262,50
"(2E)-1-(3 ,4 -dimethoxyphenyl)-3-(2-naphthyl)-2-propen-1-one",Bacillus amyloliquefaciens,0,25,17
Heptadecanoic acid,Bacteroides uniformis,0,796,25
Clotrimazole,Human immunodeficiency virus,0,604,91
alpha-Defensin-3,Pseudomonas putida,0,1336,130
"1,2,3,4-Tetrahydroisoquinoline-3-carboxylic acid",Listeria monocytogenes serotype 4a,0,114,105
"(2S,3R,4S,5S,6R)-6-(Acetoxymethyl)-3-(2-(4-chlorophenyl)acetamido)tetrahydro-2H-pyran-2,4,5-triyl triacetate",Klebsiella variicola,0,59,100
Arbekacin,Escherichia coli,1,445,69
5-Fluorouracil,Porphyromonas gingivalis,0,380,119
14-Glycinyl andrographolide hydrochloride,Streptomyces sp. ,0,161,167
Phloretin,Klebsiella planticola,0,1094,98
Tet-26,Cryptococcus neoformans,0,1262,52
(Z)-4-bromo-5-(bromomethylene)-3-butyl-2(5H)-furanone,Salmonella enterica,1,104,133
Ch_GG_Nt-Dhvar5,Staphylococcus aureus,1,571,141
Salicylic Acid,Candida albicans,1,1180,34
KT2,Geobacillus kaustophilus,0,856,77
M8-33,Hepatitis C virus,0,912,86
(Z)-4-bromo-5-(bromomethylene)-3-methylfuran-2(5H)-one,Vibrio harveyi,0,107,176
Tyrosol,Enterococcus faecalis,0,1295,66
Furanone-3,Aspergillus fumigatus,0,756,15
Yohimbine hydrochloride,Streptococcus sobrinus,0,1323,164
5-Fluorouracil,Enterococcus faecalis,0,380,66
"(2E)-1-(3 ,4 -dimethoxyphenyl)-3-(2-naphthyl)-2-propen-1-one",Staphylococcus aureus,1,25,141
Miconazole,Candida albicans,1,940,34
Gallium cation,Pseudomonas fluorescens,0,771,127
Rosoxacin,Human respiratory syncytial virus B,0,1160,94
Spermine,Human herpesvirus 3,0,1211,88
Copper sulfate,Human herpesvirus 4,0,614,89
Isoriccardin C,Baker's yeast,0,844,27
nimesulide,Cryptococcus neoformans,1,1376,52
Magainin-II,Candida glabrata,0,920,36
Thymol,Candida tropicalis,0,1270,41
DJK6,Escherichia coli,1,650,69
Chlorpromazine,Staphylococcus aureus,1,578,141
Darunavir,Human herpesvirus 3,0,658,88
Lomefloxacin,Aggregatibacter actinomycetemcomitans,0,904,11
LF11-324,Pseudomonas aeruginosa,1,882,125
Carabrone,Candida albicans,1,523,34
D-Proline,Bacteroides,0,640,22
Linalool,Escherichia coli,1,900,69
Ceftobiprole,Staphylococcus aureus,1,563,141
Wheat bran,Staphylococcus aureus,1,1321,141
PTP-7,Lactobacillus fermenti,0,1062,102
Epicatechin,Bacteroides uniformis,0,706,25
D-Cystine,Enterobacter ludwigi,0,634,64
3-Nitro-D-tyrosine,Human herpesvirus 3,0,289,88
Fluconazole,Bacillus licheniformis,0,743,20
M8G2,Actinoplanes missouriensis,0,913,8
2-amino-4-chlorobenzoic acid,Bacteroides fragilis,0,231,24
Fleroxacin,Candida glabrata,0,740,36
Cefonicid,Clostridium leptum,0,550,45
7-methoxyindole,Staphylococcus epidermis,0,407,147
GW 5074,Vibrio cholerae,0,767,175
3-(Aminomethyl)-D-phenylalanine,Clostridium perfringens ,0,274,48
"N1-(7-chloroquinolin-4-yl)dodecane-1,12-diamine",Achromobacter sp.,0,991,0
L-tryptophan,Vibrio vulnificus,1,878,178
Elliptophenone A,Human immunodeficiency virus 1,0,699,92
Cefotiam,Staphylococcus caprae,0,555,143
1-mesityl-3(4-nitrophenyl)urea,Bacteroides vulgatus,0,136,26
Raspberry KAS 434,Hafnia paralvei,1,1145,80
Aztreonam,Bacillus subtilis,1,458,21
BMAP-28,Stenotrophomonas maltophilia,1,461,151
Lopinavir,Hepatitis C virus,0,905,86
"2-((3,4-dichlorophenyl)sulfonyl)-4-(1H-tetrazol-1-yl)pyrimidine",Hepatitis C Virus ,0,179,85
Tetracycline,Stenotrophomonas maltophilia,0,1263,151
"N1-[7-(trifluoromethyl)quinolin-4-yl]dodecane-1,12-diamine",Achromobacter xylosoxidans,0,994,1
(RW)4-NH2,Escherichia coli,1,97,69
Ethylene glycol tetraacetic acid,Candida dubliniensis,0,723,35
3-Methoxychalcone,Mycobacterium leprae,0,287,111
(Z)-4-bromo-5-(bromomethylene)-3-butyl-2(5H)-furanone,Firmicutes,0,104,73
Linezolid,Escherichia coli O6:H1 (strain CFT073 / ATCC 700928 / UPEC),0,901,71
Cadmium Ion,Streptomyces rubiginosus,0,515,166
Sage oil,Streptococcus salivarius,0,1179,161
N-(4-hydroxy-2-methylphenyl)-3-oxododecanamide,Porphyromonas gingivalis,1,980,119
Fluspiriline,Vibrio anguillarum,0,745,173
para-toluidine,Pseudomonas aeruginosa,1,1385,125
Ssp (A4K-A11K),Clostridium perfringens ,0,1212,48
Floxacillin ,Bacteroides fragilis,0,741,24
Bac8C,Hafnia alvei,0,463,79
Orange extract,Human respiratory syncytial virus B,0,1049,94
Mezlocillin,Lactobacillus fermenti,0,938,102
Tazobactam,Citrobacter freundii,0,1247,43
NaCl,Mycobacterium tuberculosis,0,1007,113
Vidarabine,Human herpesvirus 4,1,1312,89
BS-34,Proteus mirabilis,0,462,121
Tobramycin,Stenotrophomonas maltophilia,1,1279,151
N-(4-Morpholinyl)butanamide,Thermus thermophilus,0,978,168
Amantadine,Influenza A virus ,1,429,95
Carolacton,Streptococcus mutans,1,528,155
D-LL-37,Burkholderia thailandensis,1,636,32
Cefotetan,Vibrio cholerae,0,554,175
Cyclacillin,Shewanella oneidensis,0,621,137
Virstatin,Acinetobacter nosocomialis,1,1315,3
Sm6(L1)2C,Streptococcus gordonii,0,1204,153
Epicatechin gallate,Eikenella corrodens,1,707,58
Pyrimidinedione,Escherichia coli O6:H1 (strain CFT073 / ATCC 700928 / UPEC),0,1124,71
2-amino-6-fluorobenzoic acid,Burkholderia multivorans,1,234,30
Norbgugaine 12,Firmicutes,0,1027,73
Hexachlorophene,Burkholderia thailandensis,0,801,32
Farnesol,Staphylococcus epidermidis,1,732,146
R-FV-I16,Baker's yeast,0,1135,27
(RW)4-NH2,Staphylococcus aureus,0,97,141
Butenafine hydrochloride,Chromobacterium violaceum,0,499,42
5-(dibromomethylene)-3-(1-acetoxyethyl)-2(5H)-furanone,Clostridium perfringens ,0,368,48
Miconazole,Staphylococcus aureus,0,940,141
Zinc Dichloride,Trueperella pyogenes,0,1329,171
Coprinuslactone,Staphylococcus chromogenes,0,615,144
Erythritol,Haemophilus influenzae,0,712,78
alpha-Pinene,Halomonas pacifica,0,1339,81
Caffeic Acid,Pseudomonas aeruginosa,1,516,125
MUC7 12-mer-L,Streptococcus mutans,1,915,155
Furanone-5,Porphyromonas gingivalis,0,757,119
Indolicidin,Providencia stuartii,0,833,123
"(2E)-1-(1 ,3 -benzodioxol-5-yl)-3-(2-naphthyl)-2-propen-1-one",Enterococcus faecalis,1,16,66
Sulfamethoxazole,Raoultella ornithinolytica,0,1231,131
"1-(3,5-dinitrophenyl)ethan-1-one",Pseudomonas aeruginosa,1,122,125
cat-AGE-RK1,Serratia liquefaciens,0,1350,135
"(5Z)-2-(1,1-dichloro-3,3-dimethylbutyl)-5-[(3-methoxyphenyl)methylidene]-1,3-oxazolidin-4-one",Hafnia paralvei,0,80,80
Hexyl gallate,Staphylococcus aureus,1,803,141
"(2S,3R,4S,5S,6R)-6-(Acetoxymethyl)-3-(2-(4-chlorophenyl)acetamido)tetrahydro-2H-pyran-2,4,5-triyl triacetate",Human herpesvirus 3,0,59,88
D-tert-Leucine,Candida parapsilosis,0,645,39
"2-(4,5-dibromo-1-methyl-1H-pyrrol-2-yl)-5-(4-methoxyphenyl)-1,3,4-oxadiazole",Staphylococcus aureus,1,193,141
"N1-(7-chloroquinolin-4-yl)octane-1,8-diamine",Pseudomonas aeruginosa,1,993,125
Ceforanide,Bacteroides fragilis,1,552,24
Epigallocatechin Gallate,Halomonas pacifica,0,710,81
"(2E)-1-(3 ,4 -dimethoxyphenyl)-3-(2-naphthyl)-2-propen-1-one",Propionibacterium acnes,0,25,120
Anthranilate,Bacteroides uniformis,0,442,25
LF11-215,Bacteroides uniformis,0,879,25
Myristic acid,Serratia marcescens,1,952,136
4-Methoxychalcone,Bacteroides uniformis,0,336,25
2-(Aminomethyl)-L-phenylalanine,Staphylococcus capitis,0,211,142
L-Aspartate,Enterococcus faecium,0,866,67
Titanium dioxide,Staphylococcus haemolyticus,0,1278,149
Rhein,Vibrio campbellii,0,1149,174
BMAP-27,Listeria ivanovii,0,460,103
Dibenzyl disulphide,Bacillus subtilis,0,671,21
Ketoconazole,Bacteroides,0,860,22
BisEDT-RIP,Human herpesvirus 1 ,0,490,87
"3-{2-[(1S,2R,4aR,8aR)-1,2,4a,5-tetramethyl-1,2,3,4,4a,7,8,8a-octahydronaphthalen-1-yl]ethyl}-N-(2-fluorophenyl)-5-methylidene-2,5-dihydrofuran-2-amine",Staphylococcus aureus,1,307,141
"2-(4,5-dibromo-1-methyl-1H-pyrrol-2-yl)-5-(2,4-dichlorophenyl)-1,3,4-oxadiazole",Vibrio parahaemolyticus,0,192,177
"(2S,3R,4S,5S,6R)-6-(Acetoxymethyl)-3-(3-oxooctanamido)tetrahydro-2H-pyran-2,4,5-triyl triacetate",Streptococcus salivarius,0,63,161
Imipenem,Obesumbacterium proteus,0,822,115
Aztreonam,Clostridium perfringens ,0,458,48
Imperatorin,Streptococcus pyogenes,0,823,160
Chlorhexidine acetate,Pseudomonas aeruginosa,0,576,125
D-Phenylalanine,Pseudoalteromonas sp.,1,639,124
"1-(2-Chloroacetyl)-5-methylindoline-2,3-dione",Candida spp.,0,120,40
Pyrazinamide,Enterobacteria phage T4,0,1122,65
1-{2-[(E)-2-(4-chlorophenyl)ethenyl]-4-phenylquinolin-3-yl}ethan-1-one,Bacillus subtilis,1,139,21
Clarithromycin,Shigella flexneri,1,595,138
Indole-3-carboxyaldehyde,Vibrio cholerae,1,831,175
3-Methyl-D-phenylalanine,Bacteroides vulgatus,0,288,26
DJK5,Actinoplanes missouriensis,0,649,8
Palmitoyl-DL-carnitine,Pseudomonas aeruginosa,1,1066,125
Furanone C-30,Streptococcus pneumoniae,0,753,158
4-bromo-5-(bromomethylene)-3-(1-bromobutyl)-2(5H)-furanone,Streptococcus salivarius,0,344,161
Lamivudine,Micrococcus luteus,0,892,108
6-hydroxyflavone,Obesumbacterium proteus,0,398,115
1-{2-[(E)-2-(4-methoxyphenyl)ethenyl]-4-phenylquinolin-3-yl}ethan-1-one,Bacillus subtilis,1,141,21
4-tertiary butyl benzyl decyl beta-maltoside,Influenza B virus,0,360,96
L-4-Carbamoylphenylalanine,Staphylococcus epidermis,1,864,147
"3-{2-[(1S,2R,4aR,8aR)-1,2,4a,5-tetramethyl-1,2,3,4,4a,7,8,8a-octahydronaphthalen-1-yl]ethyl}-N-(3-fluorophenyl)-5-methylidene-2,5-dihydrofuran-2-amine",Influenza A virus ,0,308,95
4-nitro-cinnamaldehyde,Vibrio vulnificus,1,358,178
LL-19,Burkholderia pseudomallei,1,885,31
beta-Defensin-3,Morganella morganii,0,1347,109
2-amino-4-chlorobenzoic acid,Enterobacteria phage T4,0,231,65
Isoliquiritigenin,Haemophilus influenzae,1,841,78
L-4-Carbamoylphenylalanine,Staphylococcus aureus,1,864,141
Esculin hydrate,Campylobacter jejuni,0,717,33
GW 5074,Eikenella corrodens,0,767,58
Peptide 1037,Clostridium pasteurianum,0,1087,46
Ciprofloxacin,Helicobacter pylori ,0,590,82
"(2E)-1-(2 ,5 -dimethoxyphenyl)-3-[2,5-dimethyl-1-(3-trifluoromethyl-phenyl)-1H-pirrol-3-yl]-2-propen-1-one",Staphylococcus epidermidis,1,23,146
Vanillylacetone,Pseudomonas aeruginosa,1,1310,125
Myxinidin1,Pseudoalteromonas sp.,0,956,124
Pivampicillin,Staphlococcus aureus,0,1104,140
R-FV-I16,Actinobacillus actinomycetemcomitans,0,1135,6
2-amino-3-(3-chlorophenyl)propanoic acid,Staphylococcus aureus,1,226,141
DD13,Staphylococcus aureus,1,648,141
Efavirenz,Hepatitis C Virus ,0,696,85
Silver sulphate,Staphylococcus aureus,1,1198,141
3-(2-Thienyl)alanine,Streptococcus sanguinis,0,268,162
D-galactose cluster,Hepatitis B virus D,0,643,83
Asperdiol acetate,Vibrio harveyi,1,447,176
3-Nitrophenylalanine,Staphylococcus aureus,1,290,141
"(2E)-1-(3 ,4 -dimethoxyphenyl)-3-(2-naphthyl)-2-propen-1-one",Actinomyces oris,0,25,7
4-Bromo-D-phenylalanine,Hafnia alvei,0,322,79
(R)-2-amino-3-cyclohexylpropanoic acid,Burkholderia cenocepacia,0,93,28
"(2S,3R,4S,5S,6R)-6-(Acetoxymethyl)-3-(2-(4-(trifluoromethyl)phenyl)acetamido)tetrahydro-2H-pyran-2,4,5-triyltriacetate",Staphylococcus saprophyticus,0,57,150
cyclophosphamide,Bacteroides uniformis,0,1358,25
N-(4-Bromobenzylidene)benzohydrazide,Streptococcus mutans,1,976,155
"Trimethyl[2-({10,15,20,24,26,29,31,33,34-nonakis[3-(trimethylphosphaniumyl)propoxy]hexacyclo[21.2.2.2,.2,.2,.2]pentatriaconta-1(25),3(35),4,6(34),8,10,13,15,18,20,23,26,28,30,32-pentadecaen-4-yl}oxy)ethyl]phosphanium decabromide",Staphylococcus aureus,1,1292,141
Diterpene phytol,Trueperella pyogenes,0,688,171
Indole,Acinetobacter oleiovorans,1,827,4
(2E)-1-[4-(3-nitropyridin-2-yl)piperazin-1-yl]-3-phenylprop-2-en-1-one,Micrococcus luteus,0,32,108
Cloxacillin,Varicella-zoster virus,0,606,172
3-Nitro-D-tyrosine,Clostridium pasteurianum,0,289,46
"(2S,3R,4S,5S,6R)-6-(Acetoxymethyl)-3-(2-(4-fluorophenyl)acetamido)tetrahydro-2H-pyran-2,4,5-triyl triacetate",Pseudomonas aeruginosa,1,60,125
17-Deacetyl norgestimate,Staphylococcus epidermidis,1,166,146
Tet-20,Influenza A virus ,0,1260,95
PG-1,Pseudomonas libaniensis,0,1060,129
Penicillenol B2,Pseudomonas aeruginosa,1,1077,125
Brecanavir,Human immunodeficiency virus 1,1,493,92
Dirithromycin,Enteric bacteria and other eubacteria,1,686,59
Chrysophanol,Stenotrophomonas maltophilia,1,581,151
Ertapenem,Serratia marcescens,0,711,136
Flavonoids 3,Francisella novicida,0,738,74
"(2-(4-chlorophenyl)- 4-{[(6-methyl-2-pyridinyl)amino]methylene}-1,3-oxazol- 5(4H)-one)",Staphylococcus equorum,0,13,148
"N-(1,3-benzothiazol-2-yl)butanamide",Salmonella Typhi,0,971,132
"Benzenesul-fonamide,4-amino-N-methyl-N-[3-(3,4,7,8-tetrahydro-2,4-dioxo-2H-thiopyrano[4,3-d]pyrimidin-1(5H)-yl)propyl",Acinetobacter baumannii,1,475,2
"1,3-dimethyl-6-(4-methylphenyl)-5-[3-(4-nitrophenyl)-1-phenyl-1H-pyrazol-4-yl]-1H,2H,3H,4H,5H,6H-pyrimido[4,5-d][1,3]diazine-2,4-dione",Eikenella corrodens,0,118,58
Tigecycline,Staphylococcus epidermis,0,1272,147
Didanosine,Dengue Virus Type 2,0,678,53
Piperacillin,Listeria monocytogenes,1,1102,104
trans-Stillbene,Streptococcus gordonii,0,1393,153
Indole,Staphylococcus capitis,0,827,142
Hinokitiol,Candida parapsilosis,1,804,39
Latamoxef,Human respiratory syncytial virus B,0,894,94
N -[(3-chloro-isoquinolin-4-yl)methylene] benzohydrazide,Streptococcus mutans,1,963,155
Siamycin I,Enterococcus faecalis,1,1191,66
Ssp (A4K-A11K),Bacillus licheniformis,0,1212,20
beta-6-20-G3K6,Bacteroides vulgatus,0,1344,26
Tet-213,Listeria monocytogenes serotype 4a,0,1261,105
"1-(2,4-dichlorophenyl)-2-(1H-imidazol-1-yl)ethyl (2E)-3-phenylprop-2-enoate",Dihydropteroate synthase type-1,0,119,55
4-Acetamido-D-phenylalanine,Burkholderia multivorans,0,317,30
D-Tyrosine,Staphylococcus epidermis,1,642,147
"1-[2-(2-nitrophenyl)-5-phenyl-1,3,4-oxadiazol-3(2H)-yl]ethanone",Enterococcus faecalis,1,132,66
6-MO-LF11-227,Staphylococcus capitis,0,395,142
(2E)-1-(5-clorotiophen-2-yl)-3-(3-methoxy-4-benzyloxi-phenyl)-2-propen-1-one,Staphylococcus epidermidis,1,29,146
nitrazepam,Human immunodeficiency virus 1,0,1377,92
N-Acetylcysteine,Hepatitis C virus,0,984,86
Dirithromycin,Human respiratory syncytial virus B,0,686,94
Enfuvirtide,Human immunodeficiency virus 1,1,703,92
Gemifloxacin,Cronobacter sakazakii,0,777,51
Lorazepam,Bacillus subtilis,0,906,21
Glucose,Campylobacter jejuni,1,783,33
Naringenin,Staphlococcus aureus,0,1009,140
Cobalt Ion,Pseudomonas aeruginosa,1,608,125
"2,5-bis(4,5-dibromo-1-methyl-1H-pyrrol-2-yl)-1,3,4-oxadiazole",Pseudomonas aeruginosa,1,177,125
Pseudomonas Quinolone Signal,Staphylococcus haemolyticus,0,1120,149
Na-Pyrosulfite,Vibrio harveyi,0,1006,176
OHC8HL,Burkholderia pseudomallei,1,1039,31
p-nitrophenyl glycerol,Pseudoalteromonas sp.,0,1380,124
"N1-[7-(trifluoromethyl)quinolin-4-yl]dodecane-1,12-diamine",Clostridium pasteurianum,0,994,46
Ciprofloxacin,Providencia stuartii,1,590,123
LL-13,Burkholderia pseudomallei,1,884,31
Enalapril,Bacillus subtilis,1,702,21
Glycomonoterpenes (G-citron),Pseudomonas aeruginosa,1,786,125
Doripenem,Escherichia coli,1,692,69
Aloe Vera Gel,Clostridium bacilli,1,427,44
"(2R)-2-amino-3-(2,3-dihydro-1H-inden-2-yl)propanoic acid",Influenza B virus,0,41,96
Zinc oxide,Staphylococcus aureus,1,1331,141
Demeclocycline,Trichophyton mentagrophytes,0,663,170
Aciclovir,Micrococcus luteus,0,420,108
"2-(hexylsulfonyl)-4-(1H-1,2,3-triazol-1-yl)pyrimidine",Influenza B virus ,0,213,97
Tetrameric peptide,Lysinibacillus sphaericus,0,1264,106
Fosfomycin,Pseudomonas chlororaphis,0,748,126
"(2S)-2-amino-3-(1,3-thiazol-4-yl)propanoic acid",Staphylococcus epidermis,1,52,147
GW 5074,Micrococcus luteus,0,767,108
Cefotaxime,Streptococcus parasanguinis,0,553,157
Ferric chloride,Klebsiella pneumoniae,1,734,99
Eucarobustol E,Candida albicans,1,725,34
6-Aminoflavone,Escherichia coli,1,389,69
"13-(2-chloro-6-methoxyquinolin-3-yl)-3,3-dimethyl-1H,2H,3H,4H,4aH,6H,11H,13H,13aH-indazolo[1,2-b]phthalazine-1,6,11-trione",Candida albicans,1,151,34
Lopinavir,Human immunodeficiency virus,1,905,91
Sulfaphenazole,Schistosoma,0,1234,134
Rutin,Candida albicans,0,1163,34
Linalool,Trichophyton mentagrophytes,0,900,170
Niclosamide,Clostridium bacilli,0,1019,44
4-Hydroxychalcone,Klebsiella planticola,0,333,98
D-Tryptophan,Trueperella pyogenes,0,641,171
Hamamelitannin,Escherichia coli ,0,794,70
Mustard oil,Burkholderia cenocepacia,0,949,28
"(10R,11R)-Hydnocarpin D",Candida dubliniensis,0,2,35
RT2,Porphyromonas gingivalis,0,1142,119
(2E)-1-[4-(3-nitropyridin-2-yl)piperazin-1-yl]-3-phenylprop-2-en-1-one,Vibrio campbellii,0,32,174
Dodecyl beta-maltoside,Micrococcus luteus,0,690,108
"(2R)-2-amino-3-(2,3-dihydro-1H-inden-2-yl)propanoic acid",Pseudomonas chlororaphis,0,41,126
digoxin,Staphylococcus saprophyticus,0,1363,150
"N-((2R,3R,4S,5S,6R)-2,4,5-Trihydroxy-6-(hydroxymethyl)tetrahydro-2H-pyran-3-yl)butyramide",Human immunodeficiency virus 1,0,966,92
Peptide 1037,Listeria monocytogenes,1,1087,104
Carboxymethyl chitosan,Pseudomonas aeruginosa,1,525,125
Furanone-3,Enterobacter cancerogenus,0,756,62
BMAP-27,Staphylococcus aureus,1,460,141
Sulfalene,Plasmodium falciparum,1,1227,118
Polyethyleneimine,Clostridium bacilli,0,1108,44
Limonene,Streptococcus pyogenes,1,899,160
"5-Chloro-1-(2-chloroacetyl)indoline-2,3-dione",Vibrio anguillarum,0,377,173
Pefloxacin ,Candida spp.,0,1071,40
Kaempherol,Vibrio campbellii,0,857,174
M8-33,Serratia marcescens,0,912,136
Tigecycline,Vibrio cholerae,0,1272,175
Silver nitrate,Kocuria rhizophila,1,1196,101
Isosilybin A,Listeria ivanovii,0,845,103
Phenoxymethylpenicillin,Lysinibacillus sphaericus,1,1091,106
NA-CATH-ATRA1-ATRA1,Bacillus amyloliquefaciens,0,998,17
Furanone,Enteric bacteria and other eubacteria ,0,751,60
"3-{2-[(1S,2R,4aR,8aR)-1,2,4a,5-tetramethyl-1,2,3,4,4a,7,8,8a-octahydronaphthalen-1-yl]ethyl}-N-(2-fluorophenyl)-5-methylidene-2,5-dihydrofuran-2-amine",Human parainfluenza virus type 2,0,307,93
Ceftazidime,Streptococcus pneumoniae,1,560,158
Anidulafungin,Streptococcus sanguis,0,439,163
n-Methyl-D-valine,Human respiratory syncytial virus B,0,1375,94
D-2-Methylphenylalanine,Staphylococcus saprophyticus,0,627,150
4-Methoxycarbonylphenylboronic acid,Vibrio campbellii,1,335,174
3-(2-Thienyl)-D-alanine,Thermus thermophilus,0,267,168
L-4-Carbamoylphenylalanine,Lysinibacillus sphaericus,0,864,106
Zidovudine,Influenza B virus ,0,1327,97
CGP-37157,Halomonas pacifica,0,510,81
Sorbitol,Influenza A virus ,0,1210,95
3-Iodotyrosine,Staphylococcus epidermis,1,285,147
D-Tryptophan,Staphylococcus aureus,1,641,141
n-Hexane,Vibrio parahaemolyticus,0,1374,177
2-Methoxy-4-propylphenol,Pseudomonas aeruginosa,0,221,125
IG-19,Propionibacterium acnes,0,816,120
trans-Resveratrol,Staphylococcus aureus,1,1392,141
Clofazimine,Staphylococcus aureus,0,602,141
"N-((2R,3R,4S,5S,6R)-2,4,5-Trihydroxy-6-(hydroxymethyl)tetrahydro-2H-pyran-3-yl)hexanamide",Hafnia alvei,0,968,79
Bifonazole,Candida albicans,1,487,34
Tetrameric peptide,Escherichia coli,1,1264,69
Scopoletin,Coagulase- negative staphylococci,0,1184,49
"1-[2-(3,5-dichlorophenyl)-5-(3,4,5-trimethoxyphenyl)-1,3,4-oxadiazol-3(2H)-yl]ethanone",Candida glabrata,0,133,36
2(5H)-furanone,Enteric bacteria and other eubacteria ,0,167,60
"2-(4,5-dibromo-1-methyl-1H-pyrrol-2-yl)-5-(2,4-dichlorophenyl)-1,3,4-oxadiazole",Candida spp.,0,192,40
Mezlocillin,Escherichia coli,1,938,69
Meta-bromo-thiolactone,Citrobacter freundii,0,928,43
"(5Z)-2-(1,1-dichlorobut-3-yn-1-yl)-5-{[4-(trifluoromethyl)phenyl]methylidene}-1,3-oxazolidin-4-one",Mycobacterium leprae,0,83,111
4-hydroxy coumarin,Helicobacter pylori ,0,355,82
3-(2-Thienyl)alanine,Staphylococcus aureus,1,268,141
Cefalotin,Escherichia coli,1,540,69
Cefixime,Pseudoalteromonas sp.,0,547,124
BMAP-18,Streptococcus pneumoniae serotype 4,0,459,159
Mustard oil,Staphylococcus aureus,1,949,141
"F2,5,12W",Serratia liquefaciens,0,728,135
Hamamelitannin,Staphylococcus aureus,1,794,141
Rilpivirine,Human immunodeficiency virus 1,1,1156,92
Oxyresveratrol,Human respiratory syncytial virus B,0,1055,94
"4-(2-(5-(4,5-dibromo-1-methyl-1H-pyrrol-2-yl)-1,3,4-oxadiazol-2-yl)vinyl)-2-methoxyphenol",Staphylococcus aureus,1,312,141
Furanone-2,Bacillus subtilis,0,755,21
Carboxymethyl chitosan,Influenza B virus ,0,525,97
"(2E)-1-(2 ,4 ,5 -trimethoxyphenyl)-3-(2-chloro-6-methoxy-quinolin-3-yl)-2-propen-1-one",Staphylococcus aureus,1,19,141
"13-{7-methoxy-[1,2,3,4]tetrazolo[1,5-a]quinolin-4-yl}-3,3-dimethyl-1H,2H,3H,4H,6H,11H,13H-indazolo[1,2-b]phthalazine-1,6,11-trione",Candida albicans,1,158,34
Lactoferricin B,Aspergillus fumigatus,1,891,15
Silver nitrate,Staphylococcus epidermidis,1,1196,146
(2E)-1-[4 -(1H-imidazol-1-yl)phenyl]-3-(2-naphthyl)-2-propen-1-one,Staphylococcus epidermidis,1,30,146
dF17-6K,Schistosoma,0,1359,134
Terpinene-4-ol,Salmonella Typhi,0,1258,132
Ethylene glycol tetraacetic acid,Clostridium leptum,0,723,45
4-Methylphenylalanine,Streptococcus oralis,0,338,156
Sulfacetamide,Gardnerella vaginalis,0,1222,76
(E)-3-Decen-2-one,Vibrio cholerae,1,89,175
"(10S,11S)-Hydnocarpin D",Lysinibacillus sphaericus,0,3,106
Fosfomycin,Klebsiella pneumoniae,0,748,99
"(2E)-1-(2 ,4 ,5 -trimethoxyphenyl)-3-(2-chloro-6-methoxy-quinolin-3-yl)-2-propen-1-one",Streptococcus mutans,1,19,155
Cefotaxime,Acinetobacter baumannii,1,553,2
Terpinene-4-ol,Pseudomonas putida,1,1258,130
Cefpodoxime,Escherichia coli,1,558,69
5-bromomethylene-2 (5H)-furanone,Klebsiella pneumoniae,0,382,99
Anthranilate,Salmonella enterica,1,442,133
(5-nitrofuran-2-yl)methyl (2E)-3-phenylprop-2-enoate,Candida albicans,1,71,34
RT2,Escherichia coli,1,1142,69
TMC-151s C,Varicella-zoster virus,0,1240,172
Colistin sodium methanesulfonate,Burkholderia thailandensis,0,611,32
6-Aminoflavone,Pseudomonas fluorescens,0,389,127
Bismuth oxide nanoparticle,Candida albicans,1,492,34
Isothiocyanate,Pseudomonas aeruginosa,1,847,125
Toremifene,Staphylococcus aureus,1,1282,141
Vitexin,Pseudomonas aeruginosa,1,1318,125
8-fluoroquinoline,Escherichia coli,0,411,69
"(2E)-1-(1 ,3 -benzodioxol-5-yl)-3-(2-naphthyl)-2-propen-1-one",Pseudomonas aeruginosa,1,16,125
Pleurocidin,Campylobacter jejuni,0,1107,33
Hexachlorophene,Staphlococcus aureus,0,801,140
N-[(3-chloro-isoquinolin-4-yl)methylene]benzohydrazide,Enterococcus faecalis,1,988,66
2-amino-3-(3-nitrophenyl)propanoic acid,Human parainfluenza virus type 2,0,227,93
Rilpivirine,Mycobacterium smegmatis,0,1156,112
3-Chloro-5-[(2-chloroethoxy)]-4-[(4-methylphenylsulfanyl)]-2(5H)-furanone,Burkholderia thailandensis,0,280,32
Fraxin,Pseudomonas aeruginosa,1,750,125
Atovaquone,Acinetobacter baumannii,0,450,2
3-indolylacetonitrile,Pseudomonas aeruginosa,1,301,125
"3,5-dimethylaniline",Candida dubliniensis,0,260,35
"N-((1E)-{4-ethoxy-3-[(8-oxo-1,5,6,8-tetrahydro-2H-1,5-methanopyrido[1,2-a][1,5]diazocin-3(4H)-yl)methyl]phenyl}methylene)-3,4,5-trihydroxybenzohydrazide",Acinetobacter baumannii,1,965,2
3-(pyridin-3-yl)-5-(3-ethoxy-4-hydroxybenzylidene)-2-thioxothiazolidin-4-one,Enterococcus faecalis,1,276,66
Isoriccardin C,Hepatitis B virus D,0,844,83
Dibenzyl sulphide,Bacillus subtilis,0,672,21
"(2E)-1-(3 ,4 ,5 -trimethoxyphenyl)-3-(2-naphthyl)-2-propen-1-one",Staphylococcus epidermidis,1,24,146
(Z)-4-bromo-5-(bromomethylene)-3-(1-bromoethyl)-2(5H)-furanone,Salmonella enterica,1,102,133
trans-2-Pentenal,Varicella-zoster virus,0,1390,172
3-Carbamoylphenylalanine,Staphylococcus aureus,1,279,141
Penicillenol B1,Burkholderia cepacia,0,1076,29
Menthol,Aeromonas hydrophila,1,925,9
Aztreonam,Citrobacter freundii,1,458,43
Ceftriaxone,Streptococcus pneumoniae,1,564,158
2-(2-(2-Chloroacetamido)phenyl )-2-oxo-N-( prop-2-yn-1-yl )acetamide,Pseudomonas aeruginosa,1,189,125
"(2E)-1-(3 ,4 ,5 -trimethoxyphenyl)-3-(2-naphthyl)-2-propen-1-one",Actinoplanes missouriensis,0,24,8
Quercetin,Pseudomonas aeruginosa,1,1127,125
Hesperidin,Human immunodeficiency virus,0,799,91
N -(3-nitro-4-hydroxy-benzylidene)benzohydrazide,Pseudomonas aeruginosa,1,959,125
5-fluorooxiindole,Pseudomonas fluorescens,0,385,127
(2R)-2-amino-4-phenylbutanoic acid,Staphylococcus epidermis,1,48,147
Bacitracin,Streptococcus epidermidis,0,466,152
TZD-C8,Candida tropicalis,0,1241,41
(2R)-2-amino-3-phenylmethanesulfinylpropanoic acid,Streptococcus sanguinis,0,47,162
"1,2,3,4-Tetrahydroisoquinoline-3-carboxylic acid",Hepatitis C Virus ,0,114,85
Gallium cation,Citrobacter freundii,0,771,43
PG-1,Proteus vulgaris,0,1060,122
Dicloxacillin,Streptococcus pneumoniae,1,676,158
Ethyl gallate,Staphylococcus epidermidis,1,722,146
Ethyl gallate,Pseudomonas aeruginosa,1,722,125
Resveratrol,Burkholderia cenocepacia,1,1148,28
Curcumin,Burkholderia cenocepacia,1,619,28
Oseltamivir,Vibrio parahaemolyticus,0,1051,177
NA8H,Vibrio parahaemolyticus,0,1002,177
Cefprozil,Bacteroides fragilis,0,559,24
"(1R,3S,7R,8S,11S,12R)-3-hydroxy-1,4,8-trimethyl-12-(propan-2-yl)tricyclo[9.3.0.0]tetradec-4-en-6-one",Pseudomonas aeruginosa,1,8,125
trans-Stillbene,Trichophyton mentagrophytes,0,1393,170
(2E)-1-[4-(4-nitrophenyl)piperazin-1-yl]-3-phenylprop-2-en-1-one,Candida albicans,1,33,34
Tobramycin,Enteric bacteria and other eubacteria,1,1279,59
"3,4-Dichloro-cinnamaldehyde",Bacteroides eggerthii,0,253,23
3-Methoxychalcone,Haemophilus influenzae,1,287,78
Sinapic acid,Escherichia coli,1,1201,69
(R)-2-amino-3-cyclopentylpropanoic acid,Staphylococcus epidermis,1,94,147
Sodium Chloride,Pseudomonas chlororaphis,0,1207,126
Rilpivirine,Micrococcus luteus,0,1156,108
TMC-151s C,Vibrio cholerae,0,1240,175
Furanone-5,Enterococcus faecium,0,757,67
"13-(2-chloro-6-methylquinolin-3-yl)-3,3-dimethyl-1H,2H,3H,4H,6H,11H,13H-indazolo[1,2-b]phthalazine-1,6,11-trione",Pseudomonas aeruginosa,1,152,125
Myxinidin3,Eubacterium ramulus,0,958,72
Ethyl acetate,Actinobacillus actinomycetemcomitans,0,721,6
D-galactose cluster,Vibrio anguillarum,0,643,173
Lamivudine,Hepatitis B virus F,1,892,84
Sulfalene,Enteric bacteria and other eubacteria ,0,1227,60
Fluspiriline,Francisella novicida,0,745,74
"1,3-dim-tolyurea",Actinoplanes missouriensis,0,116,8
Nitrofurantoin,Lactobacillus fermenti,0,1023,102
Isothiocyanate,Mycobacterium smegmatis,0,847,112
"3-(2-Furylmethyl)-2-{[(5-hydroxy-1H-pyrazol-3-yl)methyl]sulfanyl}-3,5,6,7-tetrahydro-4H-cyclopenta[4,5]thieno[2,3-d]pyrimidin-4-one",Salmonella Typhi,1,263,132
"2,4-Difluorophenylalanine",Acinetobacter oleiovorans,0,174,4
"Triethyl[2-({10,15,20,24,26,29,31,33,34-nonakis[3-(triethylphosphaniumyl)propoxy]hexacyclo[21.2.2.2,.2,.2,.2]pentatriaconta-1(25),3(35),4,6(34),8,10,13,15,18,20,23,26,28,30,32-pentadecaen-4-yl}oxy)ethyl]phosphanium decabromide",Enteric bacteria and other eubacteria,0,1286,59
Terconazole,Hepatitis C Virus ,0,1257,85
IG-25,Pseudomonas libaniensis,0,817,129
N -(pyridin-3-yl-methylene)benzohydrazide,Staphylococcus epidermidis,1,962,146
"(10R,11R)-Hydnocarpin D",Staphylococcus aureus,1,2,141
4-bromo-5-(bromomethylene)-3-(1-(2-(2-(2-azidoethoxy)ethoxy)ethoxy)butyl)-2(5H)-furanone,Staphylococcus equorum,0,342,148
D-tert-Leucine,Staphylococcus aureus,1,645,141
Benzalacetone,Hafnia paralvei,0,471,80
Cefapirin,Clostridium perfringens ,1,542,48
Penicillenol B1,Marinobacter hydrocarbonoclasticus,0,1076,107
4-bromo-5-(bromomethylene)-3-(1-( 2-propynyloxy)butyl)-2(5H)-furanone,Listeria monocytogenes serotype 4a,0,341,105
Norgestimate,Human herpesvirus 4,0,1029,89
Zinc Dichloride,Pseudomonas aeruginosa,1,1329,125
Penicillenol C2,Streptococcus pneumoniae serotype 4,0,1079,159
Holothuroidin 1,Bacteroides vulgatus,0,806,26
G10KHc,Bacillus anthracis,0,764,18
n-Hexane,Staphylococcus capitis,0,1374,142
Norfloxacin,Geobacillus kaustophilus,0,1028,77
Neohesperidin,Corynebacterium ammoniagenes,0,1013,50
Carvacrol,Staphylococcus cohnii,0,529,145
"2,2 -Dipyridyl",Pseudomonas japonica,0,168,128
1-mesityl-3(4-nitrophenyl)urea,Streptococcus mutans,1,136,155
Indole,Pseudomonas aeruginosa,1,827,125
1-(6-aminopyridin-3-yl)ethan-1-one,Mycobacterium avium,0,128,110
G H12,Plasmodium falciparum,0,763,118
Bactenecin,Human herpesvirus 3,0,467,88
DASamP1,Staphylococcus capitis,0,647,142
G2,Streptococcus gordonii,1,765,153
Streptorubin B,Staphylococcus aureus,1,1217,141
Cephaloglycin,Hafnia alvei,0,567,79
Benzbromarone,Mycobacterium leprae,0,474,111
5-Fluorouracil,Desulfovibrio africanus,0,380,54
3-geranyl-1-(2-methylpropanoyl)phloroglucinol,Bacteroides uniformis,0,297,25
(E)-Chalcone,Clostridium perfringens,0,90,47
"Butane-1,4-diamine",Pichia anomala,0,496,117
Ajoene,Listeria ivanovii,0,423,103
3-(2-Naphthyl)alanine,Staphylococcus aureus,1,265,141
Nevirapine,Enterobacteria phage T4,0,1017,65
"2,3,4,5,6-Pentafluoro-L-phenylalanine",Bacillus amyloliquefaciens,0,169,17
"(R)-2,3-Diaminopropanoic acid",Staphylococcus capitis,0,91,142
Rhodomyrtone,Staphylococcus aureus,0,1150,141
Imipenem,Hafnia paralvei,0,822,80
7-hydroxyindole,Klebsiella pneumoniae,0,406,99
Cefoxitin,Listeria monocytogenes,1,556,104
Calcium chloride,Pseudomonas fluorescens,1,519,127
"(2E)-1-(2 ,4 ,5 -trimethoxyphenyl)-3-(2-naphthyl)-2-propen-1-one",Streptococcus mutans,1,21,155
TMB-8,Candida albicans,1,1239,34
faropenem medoxomil,Pseudomonas japonica,0,1366,128
LL-25,Burkholderia pseudomallei,1,886,31
Dapsone,Achromobacter xylosoxidans,0,656,1
Desipramine,Firmicutes,0,665,73
CSP-C16,Streptococcus sanguis,0,513,163
Cefpiramide,Halomonas pacifica,0,557,81
Cynarin,Pseudomonas aeruginosa,1,625,125
Betulinic acid,Influenza A virus ,0,485,95
beta-sitosterol glucoside,Escherichia coli,1,1349,69
"1-{6-nitro-4-phenyl-2-[(E)-2-(3,4,5-trimethoxyphenyl)ethenyl]quinolin-3-yl}ethan-1-one",Staphylococcus aureus,1,144,141
Epigallocatechin Gallate,Enterobacter ludwigi,1,710,64
Amoxicillin,Clostridium perfringens ,1,435,48
Decyl beta-maltoside,Pantoea agglomerans,0,660,116
(2E)-1-[4 -(1H-imidazol-1-yl)phenyl]-3-(3-methoxy-4-benzyloxi-phenyl)-2-propen-1-one,Pseudomonas aeruginosa,1,31,125
1-{6-nitro-4-phenyl-2-[(E)-2-[4-(trifluoromethoxy)phenyl]ethenyl]quinolin-3-yl}ethan-1-one,Micrococcus luteus,1,145,108
faropenem medoxomil,Aeromonas sobria,0,1366,10
W-7 Hydrochloride,Pseudomonas libaniensis,0,1320,129
LL-31,Burkholderia pseudomallei,1,887,31
"4-Phenyl-N-((2R,3R,4S,5S,6R)-2,4,5-trihydroxy-6-(hydroxymethyl)tetrahydro-2H-pyran-3-yl)butanamide",Firmicutes,0,340,73
"(2E)-N -(2 -hydroxy-5 -bromo-benzilidene)-3,4,5-trimethoxybenzohydrazide",Staphylococcus epidermidis,1,37,146
4-Methyl benzyl dodecyl beta-maltoside,Lysinibacillus sphaericus,0,337,106
Ticarcillin,Staphylococcus aureus,1,1271,141
Oregano oil,Candida krusei,0,1050,38
LF11-322,Thermus thermophilus ,0,881,169
IDR-1018,Enterococcus faecalis,0,814,66
NA-CATH,Staphylococcus chromogenes,0,997,144
Cefotaxime,Raoultella ornithinolytica,0,553,131
Nystatin,Staphylococcus equorum,0,1033,148
CGP-37157,Streptococcus mitis,0,510,154
Clary sage oil,Clostridium perfringens,0,597,47
Levofloxacin,Haemophilus influenzae,1,897,78
Clomocycline,Escherichia coli,1,603,69
Furanone C-30,Bacteroides vulgatus,0,753,26
Phloretin,Raoultella ornithinolytica,0,1094,131
Silybin,Staphylococcus aureus,1,1199,141
Resveratrol,Staphylococcus aureus,1,1148,141
Levofloxacin,Candida parapsilosis,0,897,39
"2-(4-methoxyphenyl)-N-(3-{[2-(4-methoxyphenyl)ethyl]imino}-1,4-dihydro-2-quinox alinylidene)ethanamine",Streptococcus gordonii,1,207,153
alpha-tocopherol,Enterobacter cancerogenus,0,1343,62
Cefotetan,Streptococcus pneumoniae,1,554,158
Nitrofural,Bacteroides eggerthii,0,1022,23
"(E)-1-[6-[(3-acetyl-2,4,6-trihydroxy-5-methylphenyl)methyl]-5,7-dihydroxy-2,2-dimethyl-2H-1-benzopyran-8-yl]-3-phenyl-2-propen-1-one",Bacillus subtilis,0,88,21
"(5Z)-2-tert-butyl-5-{[3-(trifluoromethyl)phenyl]methylidene}-1,3-oxazolidin-4-one",Bacillus amyloliquefaciens,0,86,17
S-(2-Aminoethyl)-L-cysteine hydrochloride,Streptococcus gordonii,0,1164,153
Pefloxacin,Haemophilus influenzae,1,1070,78
(5-nitrofuran-2-yl)methyl (2E)-3-phenylprop-2-enoate,Candida tropicalis,0,71,41
NaCl,Streptococcus oralis,0,1007,156
CSP,Burkholderia cepacia,0,512,29
(Z)-4-bromo-5-(bromomethylene)-3-methylfuran-2(5H)-one,Pseudomonas aeruginosa,1,107,125
1-(4-amino-2-hydroxyphenyl)ethan-1-one,Listeria ivanovii,0,123,103
Trimethoxyflavone,Hepatitis C Virus ,0,1289,85
2-(Trifluoromethyl)-D-phenylalanine,Acinetobacter sp.,0,212,5
Dibenzyl disulphide,Pseudomonas aeruginosa,1,671,125
Carbonyl cyanide m-chlorophenylhydrazone,Escherichia coli,1,524,69
Elemental silver,Staphylococcus aureus,1,697,141
Thiazolidinedione-8,Acinetobacter nosocomialis,0,1266,3
Kojic acid,Actinomyces oris,0,861,7
3-Bromophenylalanine,Burkholderia cenocepacia,0,278,28
Pleurocidin,Streptomyces rubiginosus,0,1107,166
Carnitine hydrochloride,Streptococcus sanguis,1,527,163
"(2E)-1-(3 ,4 ,5 -trimethoxyphenyl)-3-(2-naphthyl)-2-propen-1-one",Staphylococcus aureus,1,24,141
Rosoxacin,Achromobacter sp.,0,1160,0
Clioquinol,Morganella morganii,0,601,109
"(2E)-1-(1,3-benzodioxol-5-yl)-3-(2-chloro-quinolin-3-yl)-2-propen-1-one",Staphylococcus aureus,1,17,141
Ibuprofen,Escherichia coli,0,819,69
epsilon-viniferin,Staphylococcus saprophyticus,0,1365,150
(Z)-5-(bromomethylene)-3-(hydroxymethyl]thiophen-2(5H)- one,Staphylococcus epidermidis,1,108,146
"(5E)-5-undecylidene-1,3-thiazolidine-2,4-dione",Obesumbacterium proteus,0,76,115
(Z)-4-bromo-5-(bromomethylene)-3-butyl-2(5H)-furanone,Gardnerella vaginalis,0,104,76
14-alpha-lipoyl andrographolide,Human herpesvirus 5,0,162,90
Lorazepam,Salmonella Typhi,0,906,132
Tert-butanol,Desulfovibrio africanus,0,1259,54
N-(4-Morpholinyl)butanamide,Aquifex aeolicus,0,978,13
GW 5074,Candida albicans,1,767,34
Di-MB-LF11-322,Pseudomonas aeruginosa,1,668,125
3-(4-fluorophenyl)-5-(3-(allyloxy)-4-hydroxybenzylidene)-2-thioxothiazolidin-4-one,Staphylococcus aureus,1,272,141
"2-(5-(4,5-dibromo-1-methyl-1H-pyrrol-2-yl)-1,3,4-oxadiazole-2-yl)phenol",Streptococcus epidermidis,1,208,152
S-phenyl-L-cysteine,Actinomyces oris,1,1172,7
methanesulfonylbenzene,Pseudomonas aeruginosa,1,1373,125
Penicillenol B2,Vibrio harveyi,0,1077,176
Ibuprofen,Sphingomonas sp. Ibu-2,1,819,139
Seg6L,Aspergillus niger,0,1187,16
CGP-37157,Listeria ivanovii,0,510,103
Zinc sulfate,Enterobacter aerogenes,0,1332,61
Diphenyl methane,Clostridium perfringens,0,685,47
para-anisidine,Campylobacter jejuni,0,1382,33
KT2,Listeria ivanovii,0,856,103
3-hexyl-4-bromo-5-methylene-2(5H)-furanone,Burkholderia multivorans,0,298,30
"2-(2-chloro-5-fluorophenyl)-5-(4,5-dibromo-1-methyl-1H-pyrrol-2-yl)-1,3,4-oxadiazole",Pseudomonas aeruginosa,1,191,125
Azlocillin,Listeria monocytogenes,1,457,104
ZnO nanoparticles,Geobacillus kaustophilus,0,1333,77
Ssp (A4K-A11K),Aeromonas hydrophila,0,1212,9
KSL,Enterobacter cancerogenus,0,854,62
Myricetin,Human herpesvirus 5,0,950,90
DiHydroxyBenzoFuran,Staphylococcus aureus,1,669,141
Scrambled LL-37,Marinobacter hydrocarbonoclasticus,0,1185,107
Pyrimidinedione,Streptococcus pneumoniae,1,1124,158
Cefpiramide,Staphylococcus aureus,1,557,141
6-hydroxyflavone,Human parainfluenza virus type 2,0,398,93
Lipoic acid,Listeria monocytogenes,0,902,104
7-hydroxyindole,Corynebacterium ammoniagenes,0,406,50
Umbelliferone,Human immunodeficiency virus,0,1298,91
Metronidazole,Porphyromonas gingivalis,1,937,119
Cadmium Ion,Pseudomonas libaniensis,0,515,129
"N-(4,5-Dihydro-1,3-thiazol-2-yl)butanamide",Aspergillus fumigatus,0,975,15
Penicillic acid,Bacillus subtilis,1,1080,21
CWR11,Actinoplanes missouriensis,0,514,8
"3-{2-[(1S,2R,4aR,8aR)-1,2,4a,5-tetramethyl-1,2,3,4,4a,7,8,8a-octahydronaphthalen-1-yl]ethyl}-N-(3-fluorophenyl)-5-methylidene-2,5-dihydrofuran-2-amine",Enteric bacteria and other eubacteria ,0,308,60
Adefovir Dipivoxil,Hepatitis B virus D,1,422,83
Meropenem,Clostridium pasteurianum,0,927,46
Myricetin,Staphylococcus aureus,1,950,141
Cyclobutanamine,Staphylococcus caprae,0,622,143
Methyl gallate,Gardnerella vaginalis,0,933,76
Na-Propionate,Burkholderia pseudomallei,0,1005,31
Emodin,Streptococcus mutans,1,700,155
"2-(4,5-dibromo-1-methyl-1H-pyrrol-2-yl)-5-(2,4-dichlorophenyl)-1,3,4-oxadiazole",Pseudomonas aeruginosa,1,192,125
2-amino-3-(prop-2-ene-1-sulfinyl)propanoic acid,Enteric bacteria and other eubacteria ,0,229,60
Sulfamethazine,Bacillus subtilis,0,1229,21
4-(Aminomethyl)-D-phenylalanine,Achromobacter sp.,0,315,0
Penicillenol C1,Pseudomonas aeruginosa,1,1078,125
Apigenin,Lysinibacillus sphaericus,0,443,106
Flavonoids 7,Vibrio harveyi,1,739,176
Ellagic Acid,Enteric bacteria and other eubacteria ,0,698,60
epsilon-Polylysine,Streptococcus epidermidis,0,1364,152
Erythromycin,Sphingomonas sp. Ibu-2,0,713,139
Furanone C-30,Streptococcus mutans,1,753,155
Clary sage,Mycobacterium avium,0,596,110
"(2S,3R,4S,5S,6R)-3-(2-(1H-Indol-3-yl)acetamido)-6-(acetoxymethyl)tetrahydro-2H-pyran-2,4,5-triyl triacetate",Escherichia coli O6:H1 (strain CFT073 / ATCC 700928 / UPEC),0,56,71
NA8,Pseudomonas libaniensis,0,1001,129
"Dihydroxybenzoic Acid (2,3-DHBA)",Eikenella corrodens,1,679,58
Glycomonoterpenes (G-citron),Vibrio cholerae,1,786,175
"Trimethyl[3-({33-[2-(trimethylazaniumyl)ethoxy]-10,15,20,25,27,29,31,34-octakis[3-(trimethylazaniumyl)propoxy]hexacyclo[21.2.2.2,.2,.2,.2]pentatriaconta-1(25),3,5,8,10,13,15,18,20,23,26,28,30,32,34-pentadecaen-4-yl}oxy)propyl]azanium decabromide",Cryptococcus neoformans,0,1293,52
Zinc oxide,Mycobacterium leprae,0,1331,111
Hetacillin,Enterococcus gallinarum,0,800,68
"2,3-Dehydrosilybin",Staphylococcus aureus,1,170,141
Cecropin (1-7)-melittin A (2-9) amide,Enterobacter aerogenes,0,534,61
"(1R,4R,8S,11S,12R)-4-hydroxy-1,4,8-trimethyl-12-(propan-2-yl)tricyclo[9.3.0.0]tetradec-3(7)-en-6-one",Mycobacterium avium,0,9,110
Dirithromycin,Streptococcus gordonii,0,686,153
"N-(5-Methyl-1,2-oxazol-3-yl)butanamide",Pseudomonas aeruginosa,1,981,125
Octyl gallate,Staphylococcus epidermidis,1,1043,146
Tet-213,Aggregatibacter actinomycetemcomitans,0,1261,11
Sorbitol,Escherichia coli,1,1210,69
Oxytetracycline,Propionibacterium acnes,1,1056,120
Syringic acid,Shewanella oneidensis,0,1238,137
N -[(3-chloro-isoquinolin-4-yl)methylene] benzohydrazide,Streptococcus gordonii,0,963,153
Diphenyl diselenide,Morganella morganii,0,683,109
"1,3-dimethyl-6-(4-methylphenyl)-5-[3-(4-nitrophenyl)-1-phenyl-1H-pyrazol-4-yl]-1H,2H,3H,4H,5H,6H-pyrimido[4,5-d][1,3]diazine-2,4-dione",Escherichia coli O6:H1 (strain CFT073 / ATCC 700928 / UPEC),0,118,71
4-Benzyl-sulfonyl-5-hydroxy-3-chloro-2(5H)-furanone,Listeria ivanovii,0,320,103
Pyrimethamine,Plasmodium falciparum,1,1123,118
Tetracycline,Escherichia coli,1,1263,69
Dalbavancin,Staphylococcus aureus,1,653,141
den-SB056,Listeria monocytogenes,0,1361,104
Crocin,Yersinia enterocolitica,0,618,179
Propyl gallate,Pseudomonas aeruginosa,1,1117,125
"(2S,3R,4S,5S,6R)-6-(Acetoxymethyl)-3-octanamidotetrahydro-2H-pyran-2,4,5-triyl triacetate",Halomonas pacifica,0,67,81
16P,Human herpesvirus 1 ,0,164,87
Gentamicin,Enterococcus faecium,0,779,67
Quercetin,Vibrio harveyi,1,1127,176
3-hexyl-5-bromomethylene-2(5H)-furanone,Serratia liquefaciens,0,299,135
Butyl gallate,Pseudomonas aeruginosa,1,502,125
VSL2,Bacteroides vulgatus,0,1306,26
cyclo(Trp-Ser),Pseudoalteromonas sp.,0,1357,124
Sulfadoxine,Propionibacterium acnes,0,1226,120
Lactoferricin B,Fusarium solani,1,891,75
CSP-C16,Streptococcus sanguinis,1,513,162
4-Nitro-D-phenylalanine,Bacillus subtilis,0,339,21
Norspermidine,Candida albicans,0,1031,34
Moxifloxacin ,Influenza B virus,0,946,96
1-{2-[(E)-2-(4-hydroxy-3-methoxyphenyl)ethenyl]-4-phenylquinolin-3-yl}ethan-1-one,Pseudomonas aeruginosa,1,140,125
RI-19,Burkholderia pseudomallei,1,1137,31
Stilbene,Thermus thermophilus ,0,1215,169
"3,5-Difluoro-dl-phenylalanine",Aggregatibacter actinomycetemcomitans,0,256,11
Glycinamide hydrochloride,Bacteroides eggerthii,0,784,23
Piperacillin-Tazobactam,Mycobacterium tuberculosis,0,1103,113
7-methylindole,Clostridium bacilli,0,408,44
Anthranilate,Burkholderia thailandensis,0,442,32
Ellagic Acid,Varicella-zoster virus,0,698,172
N-[(3-chloro-isoquinolin-4-yl)methylene]benzohydrazide,Staphylococcus epidermidis,1,988,146
Ferulic Acid,Human immunodeficiency virus 1,0,736,92
Kaempherol,Escherichia coli,1,857,69
Dezocine,Streptococcus sobrinus,0,666,164
Norspermidine,Staphylococcus epidermis,0,1031,147
Efavirenz,Human immunodeficiency virus 1,1,696,92
sorivudine,Escherichia coli ,0,1388,70
Cefalonium,Listeria monocytogenes,1,539,104
Desipramine,Streptococcus gordonii,0,665,153
Esculetin,Burkholderia cenocepacia,1,715,28
Protamine sulphate,Pichia anomala,0,1118,117
Isopropanol,Candida albicans,1,843,34
trans-2-Pentenal,Enterobacter cloacae,0,1390,63
Silver nanoparticles,Staphylococcus epidermidis,1,1194,146
Penicillenol C2,Pseudomonas fluorescens,0,1079,127
Cathelicidin,Aquifex aeolicus,0,533,13
Clioquinol,Candida albicans,1,601,34
Calanolide A,Human herpesvirus 1 ,0,518,87
LL-25,Candida guiliermondi,0,886,37
"(1R,2S,7R,3E,8E,11E)-2,18-diacetoxycembra-3,8,11,15(17)-tetraen-7-ol",Vibrio harveyi,1,6,176
VSL2,Candida guiliermondi,0,1306,37
"5,7,8,4-Tetramethoxyflavone",Edwardsiella tarda,0,364,56
5-fluoroindole,Pseudomonas aeruginosa,1,384,125
Niclosamide,Staphylococcus haemolyticus,0,1019,149
alpha-Defensin-3,Cryptococcus neoformans,1,1336,52
3-Hydroxytyrosine,Staphylococcus aureus,1,284,141
Palivizumab,Vibrio cholerae,0,1064,175
"2,4,5-Trifluorophenylalanine",Staphylococcus epidermis,1,172,147
Evodiamine,Human parainfluenza virus type 2,0,727,93
Limonene,Candida albicans,1,899,34
3-Iodotyrosine,Clostridium perfringens,0,285,47
Carbonyl cyanide m-chlorophenylhydrazone,Pseudomonas aeruginosa,1,524,125
DispersinB-KSL-W wound gel,Staphylococcus aureus,1,687,141
Ferric chloride,Bacteroides uniformis,0,734,25
Tyrphostin AG1478,Escherichia coli ,0,1297,70
Methyl gallate,Pseudomonas aeruginosa,1,933,125
N-(4-Bromobenzylidene)benzohydrazide,Enterococcus faecalis,1,976,66
Cefamandole,Bacteroides fragilis,1,541,24
M8-33,Klebsiella pneumoniae,0,912,99
Tipranavir,Human immunodeficiency virus 1,1,1276,92
Holothuroidin 2,Staphylococcus epidermidis,1,807,146
Carbonyl cyanide m-chlorophenylhydrazone,Burkholderia cenocepacia,0,524,28
Nitrofural,Escherichia coli,1,1022,69
Isosilybin A,Streptococcus sobrinus,0,845,164
CGP-37157,Candida albicans,1,510,34
"Trimethyl[3-({33-[2-(trimethylazaniumyl)ethoxy]-10,15,20,25,27,29,31,34-octakis[3-(trimethylazaniumyl)propoxy]hexacyclo[21.2.2.2,.2,.2,.2]pentatriaconta-1(25),3,5,8,10,13,15,18,20,23,26,28,30,32,34-pentadecaen-4-yl}oxy)propyl]azanium decabromide",Clostridium perfringens,0,1293,47
RI-19,Staphylococcus chromogenes,0,1137,144
"F2,5,12W",Staphylococcus epidermidis,1,728,146
Bevirimat,Streptococcus salivarius,0,486,161
KABT-AMP,Vibrio parahaemolyticus,0,852,177
4-Fluoro-2-methyl-D-phenylalanine,Staphylococcus aureus,1,329,141
Palmitic acid,Human herpesvirus 1 ,0,1065,87
Betulinic acid,Klebsiella planticola,0,485,98
NA12,Pseudoalteromonas sp.,0,1000,124
Trimethoprim-sulfamethoxazole,Streptococcus parasanguinis,0,1288,157
"3,5-dibromotyrosined",Escherichia coli,0,259,69
Cecropin B,Pseudomonas aeruginosa,1,535,125
Tazobactam,Human immunodeficiency virus 1,0,1247,92
(3R)-4-(4-acetylphenyl)-3-aminobutan-2-one,Staphylococcus aureus,1,69,141
Zinc Dichloride,Bacillus anthracis,0,1329,18
Chlorpromazine,Escherichia coli,1,578,69
N-(2-Pyridinyl)butanamide,Enterococcus gallinarum,0,972,68
"(5Z)-2-(1,1-dichloro-3,3-dimethylbutyl)-5-[(3-methoxyphenyl)methylidene]-1,3-oxazolidin-4-one",Staphylococcus aureus,1,80,141
Norgestimate,Pantoea agglomerans,0,1029,116
NA12,Bacillus cereus,0,1000,19
(1Z)-(2-phenylethylidene)-lambda4-sulfanyliumolate,Streptococcus sanguis,1,10,163
Glucose,Vibrio harveyi,0,783,176
Neoeriocitrin,Vibrio harveyi,1,1012,176
Thonzonium bromide,Vibrio parahaemolyticus,0,1269,177
Ellagic Acid,Escherichia coli,1,698,69
L-Aspartate,Providencia stuartii,0,866,123
Quinupristin/dalfopristin,Candida krusei,0,1134,38
1-{2-[(E)-2-(4-chlorophenyl)ethenyl]-4-phenylquinolin-3-yl}ethan-1-one,Micrococcus luteus,1,139,108
KSL-W,Human immunodeficiency virus,0,855,91
Daidzein,Vibrio campbellii,0,652,174
N-[(3-chloro-isoquinolin-4-yl)methylene]benzohydrazide,Staphylococcus equorum,0,988,148
5-(dibromomethylene)-3-(1-acetoxyethyl)-2(5H)-furanone,Burkholderia multivorans,0,368,30
Quercetin Dihydrate,Aeromonas sobria,0,1128,10
Norgestimate,Staphylococcus aureus,1,1029,141
Phenyl-arginine-b-naphthylamide,Gardnerella vaginalis,0,1092,76
Benzyl decyl beta-maltoside,Lactobacillus fermenti,0,480,102
2-phenylethane-1-SO-thioperoxol,Influenza B virus,0,244,96
4-bromo-5-(bromomethylene)-3-butyl-2(5H)- furanone,Raoultella ornithinolytica,0,345,131
Penicillenol B1,Coagulase- negative staphylococci,0,1076,49
Palmitic acid,Escherichia coli,1,1065,69
1-{2-[(E)-2-(4-chlorophenyl)ethenyl]-4-phenylquinolin-3-yl}ethan-1-one,Escherichia coli ,0,139,70
Betulinic acid,Acinetobacter baumannii,0,485,2
Quercetin Dihydrate,Staphylococcus aureus,1,1128,141
Tellurite,Achromobacter sp.,0,1255,0
Wheat bran,Corynebacterium ammoniagenes,0,1321,50
"(10R,11R)-Hydnocarpin D",Gardnerella vaginalis,0,2,76
3-Carbamoylphenylalanine,Burkholderia cepacia,0,279,29
3-fluoroaniline,Human herpesvirus 4,0,295,89
Carbonyl cyanide m-chlorophenylhydrazone,Staphylococcus aureus,1,524,141
Pleurocidin,Enterococcus faecium,1,1107,67
BMAP-28,Staphylococcus aureus,1,461,141
Doripenem,Staphylococcus aureus,1,692,141
Moxifloxacin,Candida albicans,1,945,34
alpha-mangostin,Staphylococcus epidermidis,1,1341,146
Irinotecan,Staphylococcus equorum,0,835,148
Calcium chloride,Aggregatibacter actinomycetemcomitans,0,519,11
1-{4-phenyl-2-[(E)-2-[4-(trifluoromethoxy)phenyl]ethenyl]quinolin-3-yl}ethan-1-one,Hepatitis B virus F,0,143,84
"(E)-1-[6-[(3-acetyl-2,4,6-trihydroxy-5-methylphenyl)methyl]-5,7-dihydroxy-2,2-dimethyl-2H-1-benzopyran-8-yl]-3-phenyl-2-propen-1-one",Pseudomonas aeruginosa,1,88,125
Terpinene-4-ol,Bacteroides uniformis,0,1258,25
N -(3-nitro-4-hydroxy-benzylidene)benzohydrazide,Chromobacterium violaceum,0,959,42
Pyrvinium pamoate,Streptococcus pyogenes,0,1126,160
Penicillic acid,Streptococcus sobrinus,0,1080,164
Norspermidine,Helicobacter pylori ,0,1031,82
3-(pyridin-3-yl)-5-(3-ethoxy-4-hydroxybenzylidene)-2-thioxothiazolidin-4-one,Human herpesvirus 3,0,276,88
Fosamprenavir,Vibrio harveyi,0,746,176
2-(2-(2-Azidoacetamido)-5-fluorophenyl)-2-oxo-N-( prop-2-yn-1-yl)acetamide,Candida krusei,0,182,38
Benzophenonyl decyl beta-maltoside,Propionibacterium acnes,0,478,120
(2Z)-N-hexyl-2-hydroxy-3-[4-(trifluoromethyl)phenyl]prop-2-enamide,Hepatitis C Virus ,0,68,85
Tigecycline,Streptomyces sp. ,0,1272,167
Kojic acid,Mycobacterium avium,0,861,110
epsilon-viniferin,Mycobacterium tuberculosis,0,1365,113
Amprenavir,Enterobacter cloacae,0,438,63
Hydnocarpin D,Aggregatibacter actinomycetemcomitans,0,810,11
VSL2,Enterococcus gallinarum,0,1306,68
Dimethyl Sulfoxide,Pseudomonas aeruginosa,1,682,125
Lemon,Clostridium perfringens ,0,895,48
Bacalin hydrate,Burkholderia cenocepacia,1,464,28
Dodecyl beta-maltoside,Trichophyton mentagrophytes,0,690,170
Cefmetazole,Vibrio anguillarum,0,549,173
3-Nitrophenylalanine,Varicella-zoster virus,0,290,172
Netilmicin,Candida guiliermondi,0,1016,37
Butyl gallate,Staphylococcus epidermidis,1,502,146
NA8,Candida albicans,1,1001,34
7-nitroindole,Pseudomonas aeruginosa,1,409,125
4-bromo-5-(bromomethylene)-3-butyl-2(5H)- furanone,Staphylococcus aureus,1,345,141
"N 3-(2-thienylcarbonyl)-4-bromo-1,5-dimethyl-1H-pyrazole-3-carbohydrazide",Burkholderia cenocepacia,1,964,28
Palivizumab,Hepatitis B virus F,0,1064,84
"N-((2R,3R,4S,5S,6R)-2,4,5-Trihydroxy-6-(hydroxymethyl)tetrahydro-2H-pyran-3-yl)hexanamide",Influenza A virus ,0,968,95
Isatin,Staphylococcus chromogenes,0,836,144
Levofloxacin,Streptococcus mutans,0,897,155
5-Chloroindole,Amycolatopsis orientalis,0,378,12
Tenofovir,Human immunodeficiency virus 1,1,1256,92
(E)-3-Decen-2-one,Vibrio harveyi,1,89,176
Ursolic acid,Vibrio harveyi,1,1303,176
2-bromohexanoic acid,Actinomyces oris,0,238,7
Darunavir,Thermus thermophilus,0,658,168
nitrazepam,Candida parapsilosis,0,1377,39
3-geranyl-1-(2-methylbutanoyl)phloroglucinol,Vibrio parahaemolyticus,0,296,177
Sodium sulfate,Human herpesvirus 4,0,1209,89
2-methoxy-cinnamaldehyde,Morganella morganii,0,242,109
3-Nitro-D-tyrosine,Clostridium perfringens,0,289,47
4-methoxy-cinnamaldehyde,Human herpesvirus 3,0,357,88
Nelfinavir,Streptococcus parasanguinis,0,1011,157
"3,5-dibromotyrosined",Arthrobacter sp. ,0,259,14
"1-[2-(naphthalen-1-yl)-5-(3,4,5-trimethoxyphenyl)-1,3,4-oxadiazol-3(2H)-yl]ethanone",Streptomyces gordonii,0,135,165
Nerolidol,Candida albicans,1,1015,34
Fosfomycin,Vibrio vulnificus,0,748,178
Dezocine,Burkholderia pseudomallei,0,666,31
methanesulfonylbenzene,Enterobacteria phage T4,0,1373,65
Thonzonium bromide,Human immunodeficiency virus 1,0,1269,92
Furvina,Acinetobacter sp.,0,760,5
Penicillenol B1,Vibrio cholerae,0,1076,175
LF11-322,Lactobacillus fermenti,0,881,102
"13-(2-chloro-7-methoxyquinolin-3-yl)-3,3-dimethyl-1H,2H,3H,4H,6H,11H,13H-indazolo[1,2-b]phthalazine-1,6,11-trione",Pseudomonas aeruginosa,1,153,125
Penicillenol C2,Burkholderia cepacia,0,1079,29
Ganciclovir,Klebsiella planticola,0,774,98
Indole-3-carboxyaldehyde,Corynebacterium ammoniagenes,0,831,50
4-bromo-5-(dibromomethylene)-3-(1-acetoxyoethyl)-2(5H)-furanone,Amycolatopsis orientalis,0,346,12
Bifonazole,Eikenella corrodens,0,487,58
Glipizide,Burkholderia cepacia,0,782,29
4-bromo-5-(bromomethylene)-3-(1-( 2-propynyloxy)butyl)-2(5H)-furanone,Salmonella enterica,0,341,133
trans-Resveratrol,Dihydropteroate synthase type-1,0,1392,55
S-(4-tolyl)-L-cysteine,Streptococcus mutans,1,1167,155
Netilmicin,Streptomyces rubiginosus,0,1016,166
"13-(2-chloro-6-methylquinolin-3-yl)-3,3-dimethyl-1H,2H,3H,4H,6H,11H,13H-indazolo[1,2-b]phthalazine-1,6,11-trione",Vibrio cholerae,0,152,175
"2-(4-methoxyphenyl)-N-(3-{[2-(4-methoxyphenyl)ethyl]imino}-1,4-dihydro-2-quinox alinylidene)ethanamine",Pseudoalteromonas sp.,0,207,124
RK-31,Salmonella enterica,0,1140,133
N -(3-nitro-4-hydroxy-benzylidene)benzohydrazide,Providencia stuartii,0,959,123
Curcumin,Mycobacterium leprae,0,619,111
Cephaloglycin,Influenza B virus ,0,567,97
para-anisidine,Pseudomonas aeruginosa,1,1382,125
Vitexin,Human immunodeficiency virus,0,1318,91
Silver dihydrogen citrate,Staphylococcus aureus,1,1193,141
TMB-8,Cronobacter sakazakii,0,1239,51
Linezolid,Streptococcus mitis,0,901,154
"2-(4,5-dibromo-1-methyl-1H-pyrrol-2yl)-5-(4-nitrophenyl)-1,3,4-oxadiazole",Pseudomonas aeruginosa,1,200,125
Benzylpenicillin,Candida guiliermondi,0,481,37
Neoeriocitrin,Escherichia coli,1,1012,69
Carboxymethyl chitosan,Pseudoalteromonas sp.,0,525,124
(3R)-4-(4-acetylphenyl)-3-aminobutan-2-one,Enterococcus faecalis,0,69,66
14-alpha-lipoyl andrographolide,Serratia liquefaciens,0,162,135
Imazalil,Shewanella oneidensis,0,821,137
2-Nitro-cinnamaldehyde,Vibrio vulnificus,1,224,178
(2S)-2-amino-4-bromopent-4-enoic acid,Human parainfluenza virus type 2,0,55,93
"4,5-dihydroxy-2,3-pentanedione",Staphylococcus epidermis,0,311,147
FK506,Listeria ivanovii,0,729,103
"14-dehydroxy-11,12-didehydroandrographolide- 3,19-bis(succinic acid) potasium sodium salt",Thermus thermophilus,0,163,168
Dimethyl Sulfoxide,Halomonas pacifica,0,682,81
Trovafloxacin,Streptococcus epidermidis,0,1294,152
S-ethyl-L-cysteine,Mycobacterium leprae,0,1170,111
Pentagalloylglucose,Serratia liquefaciens,0,1082,135
Silver dihydrogen citrate,Mycobacterium avium,0,1193,110
"3,4-Dichloro-5-[(1,3-dichloropropan-2-yloxy)]-2(5H)-furanone",Fusarium solani,0,251,75
"2,4-Dichlorophenylalanine",Klebsiella pneumoniae,0,173,99
Phenanthrene,Streptococcus pneumoniae serotype 4,0,1088,159
Esculin,Serratia liquefaciens,0,716,135
2-(2-(2-Azidoacetamido)-5-nitrophenyl)-2-oxo-N-(prop-2-yn-1-yl)acetamide,Listeria ivanovii,0,184,103
"5-Bromo-1-(2-chloroacetyl)indoline-2,3-dione",Acinetobacter oleiovorans,0,375,4
Ciprofloxacin lactate,Helicobacter pylori ,0,591,82
IG-19,Staphylococcus caprae,0,816,143
Cyanidin,Desulfovibrio africanus,0,620,54
Diphenyl methane,Staphylococcus aureus,1,685,141
Ethylene glycol tetraacetic acid,Enterobacteria phage T4,0,723,65
Clary sage oil,Streptococcus mutans,0,597,155
Raspberry KAS 434,Bacillus amyloliquefaciens,1,1145,17
Polyethyleneimine,Staphylococcus epidermis,1,1108,147
Hamamelitannin,Amycolatopsis orientalis,0,794,12
KABT-AMP,Candida tropicalis,1,852,41
Nystatin,Enterobacter cloacae,0,1033,63
Ionic silver,Neisseria gonorrhoeae,0,834,114
W-7 Hydrochloride,Salmonella Typhi,0,1320,132
Silver Ion,Staphylococcus aureus,0,1192,141
Tet-26,Bacteroides,0,1262,22
Phenyl-arginine-b-naphthylamide,Pseudomonas aeruginosa,1,1092,125
GL13K,Helicobacter pylori ,0,766,82
Dalbavancin,Staphylococcus epidermidis,1,653,146
2-amino-3-(3-chlorophenyl)propanoic acid,Aquifex aeolicus,0,226,13
den-SB056-1,Bacteroides,0,1362,22
Ferrous,Propionibacterium acnes,0,735,120
beta-Pinene,Staphylococcus chromogenes,0,1348,144
"2-(4,5-dibromo-1-methyl-1H-pyrrol-2-yl)-5-phenyl-1,3,4-oxadiazole",Enterobacter ludwigi,0,198,64
CWR11,Human herpesvirus 5,0,514,90
Povidone Iodine,Staphylococcus aureus,1,1112,141
L-tryptophan,Aeromonas hydrophila,0,878,9
1-methyl-4-({[(4-methylphenyl)methyl]disulfanyl}methyl)benzene,Fusarium solani,0,138,75
Limonene,Geobacillus kaustophilus,0,899,77
KSL-W,Candida albicans,1,855,34
Curcumin,Raoultella ornithinolytica,1,619,131
"3,3-dimethyl-13-{9-methyl-[1,2,3,4]tetrazolo[1,5-a]quinolin-4-yl}-1H,2H,3H,4H,6H,11H,13H-indazolo[1,2-b]phthalazine-1,6,11-trione",Streptococcus salivarius,0,249,161
Pefloxacin ,Corynebacterium ammoniagenes,0,1071,50
Clindamycin ,Burkholderia pseudomallei,0,600,31
7P-AC,Serratia marcescens,0,410,136
Didanosine,Influenza A virus ,0,678,95
"(2S,3R,4S,5S,6R)-6-(Acetoxymethyl)-3-(2-(4-(trifluoromethyl)phenyl)acetamido)tetrahydro-2H-pyran-2,4,5-triyltriacetate",Influenza B virus ,0,57,97
(2E)-1-[4-(3-nitropyridin-2-yl)piperazin-1-yl]-3-phenylprop-2-en-1-one,Candida albicans,1,32,34
Heptadecanoic acid,Pseudoalteromonas sp.,0,796,124
Trovafloxacin,Firmicutes,0,1294,73
N-Acetylcysteine,Escherichia coli O6:H1 (strain CFT073 / ATCC 700928 / UPEC),0,984,71
Furanone 56,Staphylococcus epidermidis,1,752,146
Hydrogen peroxide,Serratia marcescens,0,811,136
Fluconazole,Lysinibacillus sphaericus,0,743,106
Verapamil,Mycobacterium tuberculosis,1,1311,113
Human beta-defensin 3,Candida albicans,1,809,34
3-oxo-C8-HSL,Streptococcus pneumoniae,0,303,158
Magainin-I,Staphylococcus aureus,1,919,141
2-amino-3-(prop-2-ene-1-sulfinyl)propanoic acid,Chromobacterium violaceum,0,229,42
Nystatin,Mycobacterium tuberculosis,0,1033,113
Vanillic acid,Escherichia coli,1,1308,69
Myxinidin1,Listeria monocytogenes,1,956,104
Teichoplanin,Candida dubliniensis,0,1250,35
Eucarobustol E,Clostridium pasteurianum,0,725,46
Emtricitabine,Listeria ivanovii,0,701,103
Wheat bran,Staphylococcus equorum,0,1321,148
Flavonoids 7,Mycobacterium tuberculosis,0,739,113
"2-(4,5-dibromo-1-methyl-1H-pyrrol-2-yl)-5-(pyridin-4-yl)-1,3,4-oxadiazole",Coagulase- negative staphylococci,0,197,49
Telekin,Citrobacter freundii,0,1253,43
K4-S4,Streptococcus mutans,1,851,155
Lys-a1,Shewanella oneidensis,0,910,137
C6-HSL,Serratia liquefaciens,1,507,135
Isosilybin A,Thermus thermophilus ,0,845,169
Furanone 56,Burkholderia thailandensis,0,752,32
Siamycin I,Citrobacter freundii,0,1191,43
Dichloromethane,Pseudomonas putida,0,673,130
"3-(2-Furylmethyl)-2-{[(5-hydroxy-1H-pyrazol-3-yl)methyl]sulfanyl}-3,5,6,7-tetrahydro-4H-cyclopenta[4,5]thieno[2,3-d]pyrimidin-4-one",Acinetobacter nosocomialis,0,263,3
"L-744,832",Candida albicans,1,865,34
4-Methoxycarbonylphenylboronic acid,Vibrio anguillarum,1,335,173
"Dihydroxybenzoic Acid (3,4-DHBA)",Pseudomonas aeruginosa,0,681,125
Salicylic Acid,Stenotrophomonas maltophilia,0,1180,151
7-chloroquinolin-4-ol,Candida parapsilosis,0,402,39
TZD-C8,Pseudomonas aeruginosa,1,1241,125
C4-HSL,Serratia liquefaciens,1,506,135
Tyrosol,Candida glabrata,1,1295,36
Djenkolic acid,Vibrio cholerae,0,689,175
Gatifloxacin,Haemophilus influenzae,0,776,78
(2Z)-N-hexyl-2-hydroxy-3-[4-(trifluoromethyl)phenyl]prop-2-enamide,Staphylococcus aureus,1,68,141
"N-((2R,3R,4S,5S,6R)-2,4,5-Trihydroxy-6-(hydroxymethyl)tetrahydro-2H-pyran-3-yl)hexanamide",Klebsiella planticola,0,968,98
Tipranavir,Klebsiella planticola,0,1276,98
Ritonavir,Human immunodeficiency virus 1,1,1158,92
Chlorpromazine,Proteus vulgaris,0,578,122
Vitexin,Streptococcus gordonii,0,1318,153
Azithromycin,Enteric bacteria and other eubacteria ,1,456,60
D/L-Aspartate,Staphylococcus aureus,1,646,141
Menthol,Hepatitis B virus F,0,925,84
3-Methyl-D-phenylalanine,Candida albicans,0,288,34
Thimerosal,Morganella morganii,0,1267,109
Sorbitol,Arthrobacter sp. ,1,1210,14
4-bromo-5-(dibromomethylene)-3-(1-bromoethyl)-2(5H)-furanone,Salmonella enterica,1,347,133
prop-2-ene-1-SO-thioperoxol,Acinetobacter oleiovorans,0,1387,4
Coumarin,Listeria ivanovii,0,616,103
4-tertiary butyl benzyl dodecyl beta-maltoside,Streptococcus salivarius,0,361,161
"(1R,2S,7R,8R)-2,18-diacetoxyasperdiol",Mycobacterium leprae,0,7,111
SQ109,Mycobacterium tuberculosis,1,1178,113
Pro-Gly,Pseudomonas aeruginosa,1,1114,125
Phylloseptin-1,Listeria monocytogenes serotype 4a,0,1098,105
3-Hydroxytyrosine,Hafnia paralvei,0,284,80
"13-(2-chloro-8a-methyl-4a,8a-dihydroquinolin-3-yl)-3,3-dimethyl-1H,2H,3H,4H,6H,11H,13H-indazolo[1,2-b]phthalazine-1,6,11-trione",Hafnia alvei,0,155,79
2-(5-Chloro-2-(2-chloroacetamido)phenyl )-2-oxo-N-( prop-2-yn-1-yl)acetamide,Escherichia coli,1,210,69
"2-(4-Chlorophenyl)-5-(4,5-dibromo-1-methyl-1H-pyrrol-2-yl)-1,3,4-oxadiazole",Kocuria rhizophila,0,203,101
3-Fluoro-DL-phenylalanine,Micrococcus luteus,0,282,108
LL13-37,Serratia liquefaciens,0,889,135
Copper sulfate,Staphylococcus epidermidis,1,614,146
Cefditoren,Serratia marcescens,0,544,136
SP1,Raoultella ornithinolytica,0,1177,131
Ginger oil,Staphylococcus aureus,1,781,141
11(R)-hydroxy-12(20)-en-knightal,Aspergillus niger,0,147,16
1-(pyrazin-2-yl)ethan-1-one,Streptomyces gordonii,0,129,165
"13-(2-chloro-7-methoxyquinolin-3-yl)-3,3-dimethyl-1H,2H,3H,4H,6H,11H,13H-indazolo[1,2-b]phthalazine-1,6,11-trione",Aeromonas sobria,0,153,10
4-(2-methybutyryl)-4H-tomentosin,Human parainfluenza virus type 2,0,313,93
Cefixime,Streptococcus mutans,1,547,155
Penicillenol A1,Vibrio vulnificus,0,1074,178
Pefloxacin,Hepatitis C Virus ,0,1070,85
"(2E)-1-(3 ,4 -dimethoxyphenyl)-3-(2-naphthyl)-2-propen-1-one",Aspergillus fumigatus,0,25,15
Rifampicin,Hafnia alvei,0,1154,79
7-hydroxyindole,Staphylococcus cohnii,0,406,145
Myxinidin2,Actinoplanes missouriensis,0,957,8
Ampicillin,Thermus thermophilus,0,437,168
2-(2-(2-Chloroacetamido)-5-fluorophenyl)-2-oxo-N-( prop-2-yn-1-yl)acetamide,Pseudomonas putida,0,186,130
Rifabutin,Bacteroides uniformis,0,1152,25
D/L-Aspartate,Candida dubliniensis,0,646,35
Malabaricone C,Pseudomonas aeruginosa,1,921,125
Benzylpenicillin,Aeromonas hydrophila,0,481,9
Lanthanum chloride,Halomonas pacifica,0,893,81
"(2S,3R,4S,5S,6R)-6-(Acetoxymethyl)-3-(3-oxohexanamido)tetrahydro-2H-pyran-2,4,5-triyl triacetate",Streptococcus sanguinis,0,62,162
(2Z)-N-hexyl-2-hydroxy-3-[4-(trifluoromethyl)phenyl]prop-2-enamide,Mycobacterium smegmatis,0,68,112
6-Amino Penicillinic acid,Enteric bacteria and other eubacteria ,0,388,60
Lopinavir,Human immunodeficiency virus 1,1,905,92
Protocatechuic acid,Providencia stuartii,0,1119,123
"(2S)-2-amino-3-(1,3-thiazol-4-yl)propanoic acid",Morganella morganii,0,52,109
3beta-Hydroxyolean-12-en-28-al 3-p-coumarate,Pseudomonas aeruginosa,1,309,125
"13-(2-chloro-7-methoxyquinolin-3-yl)-3,3-dimethyl-1H,2H,3H,4H,6H,11H,13H-indazolo[1,2-b]phthalazine-1,6,11-trione",Candida albicans,1,153,34
2-Methoxy-4-propylphenol,Escherichia coli,1,221,69
1-(4-methoxyphenyl)-3-m-tolyurea,Streptococcus mitis,0,126,154
Terconazole,Enterobacter ludwigi,0,1257,64
Cecropin B,Staphylococcus cohnii,0,535,145
Zinc Dichloride,Streptococcus sanguis,0,1329,163
Thymol,Escherichia coli,1,1270,69
2-amino-3-(3-nitrophenyl)propanoic acid,Escherichia coli,0,227,69
1-{2-[(E)-2-(4-methoxyphenyl)ethenyl]-4-phenylquinolin-3-yl}ethan-1-one,Yersinia enterocolitica,0,141,179
"(2E)-1-(2 ,5 -dimethoxyphenyl)-3-[2,5-dimethyl-1-(3-trifluoromethyl-phenyl)-1H-pirrol-3-yl]-2-propen-1-one",Streptococcus mitis,0,23,154
(2E)-1-[4 -(1H-imidazol-1-yl)phenyl]-3-(2-naphthyl)-2-propen-1-one,Staphylococcus aureus,1,30,141
4-Methoxycarbonylphenylboronic acid,Staphylococcus epidermis,0,335,147
para-ethylaniline,Streptococcus mitis,0,1384,154
Eucarobustol E,Francisella novicida,0,725,74
MUC7 12-mer-L4,Kocuria rhizophila,0,916,101
Saquinavir,Human immunodeficiency virus,1,1183,91
"2-(4-(Trifluoromethyl)phenyl)-N-((2R,3R,4S,5S,6R)-2,4,5-trihydroxy-6-(hydroxymethyl)tetrahydro-2H-pyran-3-yl)acetamide",Staphlococcus aureus,0,201,140
Betulinic acid,Escherichia coli,1,485,69
4-nitropyridine N -oxide,Burkholderia multivorans,1,359,30
2-Chloro-DL-Phenylalanine,Staphylococcus epidermis,1,216,147
Nitrofurantoin ,Hepatitis C virus,0,1024,86
Flavonoids 3,Aquifex aeolicus,0,738,13
4-Chloro-2-fluoro-DL-phenylalanine,Vibrio campbellii,0,323,174
Dibenzyl sulphide,Actinomyces oris,1,672,7
Curcumin,Klebsiella variicola,1,619,100
(2Z)-N-hexyl-2-hydroxy-3-[4-(trifluoromethyl)phenyl]prop-2-enamide,Pichia anomala,0,68,117
"2-(4-Chlorophenyl)-5-(4,5-dibromo-1-methyl-1H-pyrrol-2-yl)-1,3,4-oxadiazole",Streptococcus epidermidis,1,203,152
N-(4-Pyridinyl)butanamide,Staphylococcus caprae,0,979,143
Carabrone,Human herpesvirus 5,0,523,90
1-{6-nitro-4-phenyl-2-[(E)-2-[4-(trifluoromethoxy)phenyl]ethenyl]quinolin-3-yl}ethan-1-one,Klebsiella planticola,1,145,98
Trimethoprim-sulfamethoxazole,Dihydropteroate synthase type-1,0,1288,55
Tipranavir,Actinomyces oris,0,1276,7
IG-19,Aeromonas hydrophila,0,816,9
Ceftazidime,Pseudomonas aeruginosa,1,560,125
Curcumin,Pseudomonas aeruginosa,1,619,125
1-(pyridin-4-yl)ethan-1-one,Pseudomonas aeruginosa,1,130,125
"(2E)-N -(2 -hydroxy-5 -bromo-benzilidene)-3,4,5-trimethoxybenzohydrazide",Pseudomonas aeruginosa,1,37,125
Tyrosol,Obesumbacterium proteus,0,1295,115
1-(pyridin-4-yl)ethan-1-one,Streptococcus sanguinis,0,130,162
Myristoyl-DL-carnitine,Candida parapsilosis,0,953,39
Acetycholine,Candida albicans,1,419,34
4-Br-PHL,Pseudomonas aeruginosa,1,321,125
L-2-Bromophenylalanine,Staphylococcus epidermis,1,863,147
Furanone 56,Pseudomonas aeruginosa,1,752,125
Indole-3-acetic acid,Vibrio campbellii,1,830,174
"Bis-O-acetyl-4,5-dihydroxy-2,3-pentanedione",Pantoea agglomerans,0,489,116
cyclophosphamide,Human herpesvirus 4,0,1358,89
Hsn5 12-mer,Streptococcus mutans,1,808,155
4-hydroxy coumarin,Escherichia coli,1,355,69
"N-(4,5-Dihydro-1,3-thiazol-2-yl)butanamide",Clostridium bacilli,0,975,44
N -(4-trifluoromethyl-benzylidene)benzohydrazide,Staphylococcus epidermidis,1,960,146
Timolol,Human respiratory syncytial virus B,0,1274,94
LL-37,Burkholderia pseudomallei,1,888,31
Ethylene glycol tetraacetic acid,Kocuria rhizophila,0,723,101
Pentamethoxyflavone,Streptococcus parasanguinis,0,1083,157
M8G2,Human parainfluenza virus type 2,0,913,93
Tioconazole,Human herpesvirus 5,0,1275,90
Nitazoxanide ,Streptomyces gordonii,0,1021,165
Sulconazole nitrate,Staphylococcus capitis,0,1221,142
"(2E)-1-(2 ,4 ,5 -trimethoxyphenyl)-3-(2-chloro-6-methoxy-quinolin-3-yl)-2-propen-1-one",Streptococcus salivarius,0,19,161
"2-(4-Chlorophenyl)-N-((2R,3R,4S,5S,6R)-2,4,5-trihydroxy-6-(hydroxymethyl)tetrahydro-2H-pyran-3-yl)acetamide",Clostridium leptum,0,204,45
S-phenyl-L-cysteine sulfoxide,Pseudomonas aeruginosa,1,1173,125
NA8H,Candida albicans,1,1002,34
Piperacillin,Streptococcus sobrinus,0,1102,164
epsilon-Polylysine,Dengue Virus Type 2,0,1364,53
methanesulfonylbenzene,Staphylococcus capitis,0,1373,142
Indole-3-carboxyaldehyde,Pseudomonas aeruginosa,1,831,125
L-pipecolic acid,Staphylococcus aureus,1,877,141
Sulfamoxole,Candida glabrata,0,1232,36
"Dihydroxybenzoic Acid (2,4-DHBA)",Eikenella corrodens,1,680,58
Vanillin,Aeromonas hydrophila,1,1309,9
1-(4-methoxyphenyl)-3-m-tolyurea,Streptococcus sanguis,0,126,163
Cefadroxil,Streptococcus pneumoniae,1,538,158
"13-{8-methoxy-[1,2,3,4]tetrazolo[1,5-a]quinolin-4-yl}-3,3-dimethyl-1H,2H,3H,4H,6H,11H,13H-indazolo[1,2-b]phthalazine-1,6,11-trione",Candida guiliermondi,0,159,37
Ritonavir,Human immunodeficiency virus,1,1158,91
3-Methoxy-D-Phenylalanine,Staphylococcus chromogenes,0,286,144
Curcumin,Burkholderia multivorans,1,619,30
Sulfadiazine ,Plasmodium falciparum,1,1225,118
Oleic Acid,Clostridium perfringens,0,1046,47
CWR11,Escherichia coli,0,514,69
N-(4-hydroxy-2-methylphenyl)-3-oxododecanamide,Proteus vulgaris,0,980,122
1-{4-phenyl-2-[(E)-2-[4-(trifluoromethoxy)phenyl]ethenyl]quinolin-3-yl}ethan-1-one,Staphylococcus aureus,1,143,141
Virginiamycin M1,Hepatitis B virus F,0,1314,84
"3,5-Difluoro-dl-phenylalanine",Yersinia enterocolitica,0,256,179
"N-((2R,3R,4S,5S,6R)-2,4,5-Trihydroxy-6-(hydroxymethyl)tetrahydro-2H-pyran-3-yl)octanamide",Lysinibacillus sphaericus,0,969,106
CAMA,Klebsiella variicola,0,509,100
"(1R,2S,7R,3E,11E)-2,18-diacetoxycembra-3,8(19),11,15(17)-tetraen-7-ol",Human immunodeficiency virus 1,0,5,92
L-Canavanine,Achromobacter sp.,0,867,0
"(5Z)-2-tert-butyl-5-{[3-(trifluoromethyl)phenyl]methylidene}-1,3-oxazolidin-4-one",Francisella novicida,0,86,74
trans-2-Pentenal,Streptococcus epidermidis,0,1390,152
Furanone,Staphylococcus cohnii,0,751,145
D-2-Methylphenylalanine,Staphylococcus epidermis,1,627,147
"Bis-O-acetyl-4,5-dihydroxy-2,3-pentanedione",Staphylococcus chromogenes,0,489,144
Cloxacillin,Dengue Virus Type 2,0,606,53
Curcumin,Dihydropteroate synthase type-1,0,619,55
Moxifloxacin,Eggerthella lenta,0,945,57
Polyethyleneimine,Staphylococcus aureus,1,1108,141
Tobramycin,Escherichia coli,1,1279,69
Cefaclor,Listeria monocytogenes,1,537,104
S-propyl-L-cysteine,Micrococcus luteus,0,1174,108
"2,4-Difluorophenylalanine",Staphylococcus epidermis,1,174,147
Anidulafungin,Aspergillus niger,1,439,16
p-Coumaric acid,Escherichia coli,1,1379,69
NA-CATH,Enterococcus faecalis,0,997,66
Sulconazole nitrate,Candida albicans,1,1221,34
Meticillin,Micrococcus luteus,0,936,108
Cefotaxime,Streptococcus pneumoniae,1,553,158
4-(Aminomethyl)-D-phenylalanine,Candida glabrata,0,315,36
Isoconazole,Bacillus cereus,0,838,19
Verapamil,Actinomyces oris,0,1311,7
4-Methyl benzyl dodecyl beta-maltoside,Shigella flexneri,0,337,138
Quinine,Staphylococcus chromogenes,0,1130,144
Econazole nitrate,Dihydropteroate synthase type-1,0,695,55
Caffeic Acid,Human herpesvirus 3,0,516,88
Sulfathiazole,Corynebacterium ammoniagenes,0,1235,50
Pleurocidin,Escherichia coli,1,1107,69
Didanosine,Human immunodeficiency virus 1,1,678,92
Indole-3-carboxyaldehyde,Acinetobacter nosocomialis,0,831,3
Aminosalicylic Acid,Fusarium solani,0,433,75
lin-SB056,Candida parapsilosis,0,1370,39
(1Z)-ethylidene-lambda4-sulfanyliumolate,Enterococcus faecium,0,12,67
cat-AGE-RK2,Aggregatibacter actinomycetemcomitans,0,1351,11
2-amino-imidazole/ triazole conjugate,Staphlococcus aureus,0,235,140
Clarithromycin,Mycobacterium avium,1,595,110
Virginiamycin M1,Vibrio parahaemolyticus,0,1314,177
Coladonin,Listeria monocytogenes,0,609,104
YC-1 compound,Cryptococcus neoformans,0,1322,52
"Benzenesul-fonamide,4-amino-N-methyl-N-[3-(3,4,7,8-tetrahydro-2,4-dioxo-2H-thiopyrano[4,3-d]pyrimidin-1(5H)-yl)propyl",Bacteroides,0,475,22
3-(3-Pyridinyl)alanine,Staphylococcus aureus,1,269,141
Autoinducer-2,Human herpesvirus 1 ,0,452,87
Quercetin,Enterobacter aerogenes,0,1127,61
"(10R,11R)-Hydnocarpin D",Human parainfluenza virus type 2,0,2,93
Imipenem,Eubacterium ramulus,0,822,72
L-cysteic acid,Streptomyces rubiginosus,0,874,166
KSL,Burkholderia multivorans,0,854,30
Efavirenz,Klebsiella planticola,0,696,98
11(R)-hydroxy-12(20)-en-knightal,Streptococcus mitis,0,147,154
NA12,Candida albicans,1,1000,34
"(5E)-5-undecylidene-1,3-thiazolidine-2,4-dione",Aeromonas sobria,0,76,10
1-{2-[(E)-2-(4-hydroxy-3-methoxyphenyl)ethenyl]-4-phenylquinolin-3-yl}ethan-1-one,Escherichia coli,1,140,69
3-(4-fluorophenyl)-5-(3-(allyloxy)-4-hydroxybenzylidene)-2-thioxothiazolidin-4-one,Enterococcus faecalis,1,272,66
p-Coumaric acid,Providencia stuartii,0,1379,123
Cecropin B,Vibrio harveyi,0,535,176
"(2E)-1-(3 ,4 -dimethoxyphenyl)-3-(2-naphthyl)-2-propen-1-one",Pseudomonas aeruginosa,1,25,125
Ticarcillin,Streptomyces gordonii,0,1271,165
"1-[2-(3,5-dichlorophenyl)-5-(3,4,5-trimethoxyphenyl)-1,3,4-oxadiazol-3(2H)-yl]ethanone",Staphylococcus aureus,1,133,141
para-Benzoquinone,Serratia liquefaciens,0,1381,135
Linalool,Candida albicans,1,900,34
Cefmetazole,Escherichia coli,1,549,69
Dapsone,Plasmodium falciparum,0,656,118
alpha-Humulene,Helicobacter pylori ,0,1337,82
"(1R,2S,7R,8R)-2,18-diacetoxyasperdiol",Vibrio harveyi,1,7,176
cat-AGE-RK2,Escherichia coli,1,1351,69
"13-(2-chloro-8a-methyl-4a,8a-dihydroquinolin-3-yl)-3,3-dimethyl-1H,2H,3H,4H,6H,11H,13H-indazolo[1,2-b]phthalazine-1,6,11-trione",Staphylococcus capitis,0,155,142
3-(2-Thienyl)alanine,Staphylococcus epidermis,1,268,147
5-fluoroindole,Neisseria gonorrhoeae,0,384,114
AAP2,Streptococcus mutans,1,414,155
"3,4-Dichloro-5-[(1,3-dichloropropan-2-yloxy)]-2(5H)-furanone",Pseudomonas putida,0,251,130
Lys-a1,Streptococcus salivarius,1,910,161
3-Methoxy-D-Phenylalanine,Aquifex aeolicus,0,286,13
Lomefloxacin,Haemophilus influenzae,1,904,78
N-[5-(6-amino-9H-purin-9-yl)-4-hydroxy-2-(hydroxymethyl)oxolan-3-yl]-3-(4-methoxyphenyl)propanamide,Vibrio campbellii,1,989,174
Lamivudine,Human immunodeficiency virus 1,1,892,92
Patulin,Achromobacter xylosoxidans,1,1069,1
Penicillenol C2,Candida albicans,1,1079,34
3-(Trifluoromethyl)phenylalanine,Staphylococcus epidermis,1,275,147
Myxinidin2,Pseudomonas libaniensis,0,957,129
D-Citrulline,Staphylococcus epidermis,1,633,147
5-Hydroxy-4-[(4-methylphenyl)sulfonyl]-3-chloro-2(5H)-furanone,Bacillus subtilis,1,381,21
Phenoxymethylpenicillin,Staphylococcus aureus,1,1091,141
Sorbitol,Human respiratory syncytial virus B,0,1210,94
LF11-215,Listeria ivanovii,0,879,103
Tellurite,Vibrio vulnificus,0,1255,178
Oregano oil,Staphylococcus aureus,1,1050,141
Clomocycline,Candida tropicalis,0,603,41
Josamycin,Haemophilus influenzae,1,850,78
(2E)-N-[3-(1H-imidazol-1-yl)propyl]-3-phenylprop-2-enamide,Enteric bacteria and other eubacteria ,0,39,60
Coprinuslactone,Vibrio parahaemolyticus,0,615,177
Trimethyl(3-{4-[3-(trimethylphosphaniumyl)propoxy]phenoxy}propyl)phosphanium dibromide,Enterococcus faecalis,1,1291,66
4-Chloro-2-fluoro-DL-phenylalanine,Mycobacterium smegmatis,0,323,112
Picolinic acid,Streptococcus mutans,0,1099,155
Norgestimate,Candida parapsilosis,0,1029,39
Hinokitiol,Candida guiliermondi,1,804,37
Midazolam,Candida albicans,1,941,34
"3,3-Diphenyl-D-alanine",Clostridium perfringens,0,246,47
Tricaine,Pseudomonas aeruginosa,1,1283,125
Crocin,Pseudomonas aeruginosa,1,618,125
2-(2-(2-Chloroacetamido)-5-nitrophenyl)-2-oxo-N-( prop-2-yn-1-yl)acetamide,Escherichia coli,1,188,69
5-(dibromomethylene)-3-hexyl-2(5H)-furanone,Salmonella enterica,1,373,133
Thiophenone TF101,Thermus thermophilus,0,1268,168
Benzathine Benzylpenicillin,Streptococcus epidermidis,0,472,152
4-chloroaniline,Hepatitis C Virus ,0,351,85
Ellagic Acid,Proteus vulgaris,0,698,122
"N-(1,3-benzothiazol-2-yl)butanamide",Klebsiella pneumoniae,0,971,99
Cefamandole,Lactobacillus fermenti,0,541,102
Linezolid,Enteric bacteria and other eubacteria,1,901,59
Sucrose,Lysinibacillus sphaericus,0,1219,106
Methanol,Staphylococcus aureus,1,930,141
"3,3-dimethyl-13-{9-methyl-[1,2,3,4]tetrazolo[1,5-a]quinolin-4-yl}-1H,2H,3H,4H,6H,11H,13H-indazolo[1,2-b]phthalazine-1,6,11-trione",Streptococcus parasanguinis,0,249,157
4-Fluoro-2-methyl-D-phenylalanine,Staphylococcus epidermis,1,329,147
Vanillic acid,Achromobacter xylosoxidans,0,1308,1
L-pipecolic acid,Acinetobacter nosocomialis,0,877,3
Niclosamide,Amycolatopsis orientalis,0,1019,12
SQ109,Human immunodeficiency virus 1,0,1178,92
Quercetin,Aeromonas hydrophila,0,1127,9
Nitrofurantoin,Amycolatopsis orientalis,0,1023,12
Clindamycin ,Shigella flexneri,1,600,138
Clavulanate ,Listeria monocytogenes serotype 4a,0,598,105
BS-34,Candida albicans,1,462,34
"(E)-1-[6-[(3-acetyl-2,4,6-trihydroxy-5-methylphenyl)methyl]-5,7-dihydroxy-2,2-dimethyl-2H-1-benzopyran-8-yl]-3-phenyl-2-propen-1-one",Aeromonas sobria,0,88,10
Meropenem,Bacteroides eggerthii,0,927,23
Silver nitrate,Escherichia coli,1,1196,69
Methylthiopropylamine,Hepatitis C Virus ,0,935,85
"(2S,3R,4S,5S,6R)-6-(Acetoxymethyl)-3-dodecanamidotetrahydro-2H-pyran-2,4,5-triyl triacetate",Achromobacter xylosoxidans,0,66,1
cat-AGE-RK2,Candida albicans,1,1351,34
HE12,Staphylococcus aureus,1,792,141
3-Methyl-D-phenylalanine,Staphylococcus epidermis,1,288,147
p-nitrophenyl glycerol,Helicobacter pylori ,0,1380,82
5- hydroxyethyl-3-tetradecanoyltetramic acid,Candida albicans,0,366,34
"2-(2,4-difluorophenyl)-1,3-bis(1H-1,2,4-triazol-1-yl)propan-2-yl (2E)-3-phenylprop-2-enoate",Candida albicans,1,180,34
Alexidine dihydrochloride,Candida albicans,1,425,34
Colistin,Mycobacterium tuberculosis,1,610,113
"N-((2R,3R,4S,5S,6R)-2,4,5-Trihydroxy-6-(hydroxymethyl)tetrahydro-2H-pyran-3-yl)dodecanamide",Streptococcus mitis,0,967,154
Glycomonoterpenes (G-citron),Enteric bacteria and other eubacteria ,0,786,60
6-Chlorooxindole,Schistosoma,0,392,134
3-tetradecanoylthiotetronic,Influenza B virus ,0,305,97
LF11-215,Cronobacter sakazakii,0,879,51
2-methoxy-cinnamaldehyde,Vibrio anguillarum,1,242,173
2-(2-(2-Azidoacetamido)-5-fluorophenyl)-2-oxo-N-( prop-2-yn-1-yl)acetamide,Human herpesvirus 1 ,0,182,87
Penicillenol C2,Staphylococcus saprophyticus,0,1079,150
2-Carbamoylphenylalanine,Staphylococcus aureus,1,215,141
Trovafloxacin,Acinetobacter oleiovorans,0,1294,4
Norfloxacin,Stenotrophomonas maltophilia,1,1028,151
L-Aspartate,Streptomyces sp. ,0,866,167
MUC7 12-mer-D,Aquifex aeolicus,0,914,13
Nafcillin,Streptococcus pneumoniae,1,1008,158
5-(dibromomethylene)-3-butyl-2(5H)-furanone,Salmonella enterica,1,371,133
Cephaloglycin,Bacillus licheniformis,1,567,20
"(1R,2S,7R,3E,11E)-2,18-diacetoxycembra-3,8(19),11,15(17)-tetraen-7-ol",Vibrio harveyi,1,5,176
"2-(4,5-dibromo-1-methyl-1H-pyrrol-2-yl)-5-(phenylthio)-1,3,4-oxadiazole",Mycobacterium smegmatis,0,196,112
Citropin 1.1,Staphylococcus aureus,1,594,141
Pseudomonas Quinolone Signal,Human respiratory syncytial virus B,0,1120,94
Biphenyl,Pantoea agglomerans,0,488,116
N-(2-Pyrimidinyl)butanamide,Clostridium leptum,0,973,45
2-amino-4-chlorobenzoic acid,Burkholderia multivorans,1,231,30
Pyrogallol,Proteus vulgaris,0,1125,122
4H-tomentosin,Candida albicans,1,362,34
Pseudomonas Quinolone Signal,Lactobacillus fermenti,0,1120,102
Rutaecarpine,Clostridium perfringens ,0,1162,48
Protamine sulphate,Staphylococcus aureus,1,1118,141
"2-Benzyl-5-(4,5-dibromo-1-methyl-1H-pyrrol-2-yl)-1,3,4-oxadiazole",Staphylococcus aureus,1,214,141
"3,5-Diiodotyrosine",Escherichia coli ,0,257,70
3-hexyl-5-bromomethylene-2(5H)-furanone,Enteric bacteria and other eubacteria,0,299,59
Apigenin,Marinobacter hydrocarbonoclasticus,0,443,107
Tipranavir,Burkholderia multivorans,0,1276,30
Benzbromarone,Candida albicans,1,474,34
Cinnamaldehyde,Burkholderia multivorans,1,585,30
Lactoferricin B,Candida albicans,1,891,34
L-fucose cluster,Pseudomonas aeruginosa,1,875,125
Rutaecarpine,Eikenella corrodens,0,1162,58
Penicillenol A2,Candida albicans,1,1075,34
trans-Resveratrol,Hepatitis B virus F,0,1392,84
Epicatechin-3-gallate,Burkholderia pseudomallei,0,708,31
Vidarabine,Streptococcus epidermidis,0,1312,152
"3-{2-[(1S,2R,4aR,8aR)-1,2,4a,5-tetramethyl-1,2,3,4,4a,7,8,8a-octahydronaphthalen-1-yl]ethyl}-5-methylidene-N-phenyl-2,5-dihydrofuran-2-amine",Micrococcus luteus,0,306,108
"3,3-dimethyl-13-{7-methyl-[1,2,3,4]tetrazolo[1,5-a]quinolin-4-yl}-1H,2H,3H,4H,6H,11H,13H-indazolo[1,2-b]phthalazine-1,6,11-trione",Pseudomonas aeruginosa,1,247,125
"N-(1,3-Thiazol-2-yl)butanamide",Pseudomonas aeruginosa,1,970,125
sorivudine,Listeria monocytogenes serotype 4a,0,1388,105
"N-(5-Methyl-1,2-oxazol-3-yl)butanamide",Human parainfluenza virus type 2,0,981,93
Yohimbine hydrochloride,Candida albicans,1,1323,34
3-(1-Naphthyl)-D-Alanine,Neisseria gonorrhoeae,0,261,114
BMAP-27,Stenotrophomonas maltophilia,1,460,151
3-(2-Furyl)-D-alanine,Staphylococcus aureus,1,262,141
L-Tyrosine,Varicella-zoster virus,0,872,172
Farnesol,Candida dubliniensis,1,732,35
Pyrazinamide,Pseudomonas putida,0,1122,130
Cefamandole,Lysinibacillus sphaericus,0,541,106
Praziquantel,Escherichia coli ,0,1113,70
Oxacillin,Streptococcus pneumoniae,1,1052,158
16P,Staphylococcus aureus,1,164,141
"(2S,3R,4S,5S,6R)-6-(Acetoxymethyl)-3-(2-(4-fluorophenyl)acetamido)tetrahydro-2H-pyran-2,4,5-triyl triacetate",Hafnia alvei,0,60,79
Merimepodib,Aeromonas hydrophila,0,926,9
Esculentin,Schistosoma,0,714,134
Epicatechin,Eikenella corrodens,1,706,58
5-Fluorouracil,Pseudomonas aeruginosa,1,380,125
Ciprofloxacin,Staphylococcus aureus,1,590,141
5-(dibromomethylene)-3-(1-bromobutyl)-2(5H)-furanone,Trueperella pyogenes,0,369,171
16P-AC,Vibrio campbellii,0,165,174
"(2E)-1-(2 ,4 ,5 -trimethoxyphenyl)-3-(2-chloro-quinolin-3-yl)-2-propen-1-one",Pseudomonas aeruginosa,1,20,125
Danthron,Streptococcus mutans,1,655,155
hLF1-11,Streptomyces gordonii,0,1367,165
Cloxacillin,Escherichia coli ,1,606,70
3-(2-Naphthyl)alanine,Trueperella pyogenes,0,265,171
2-(2-(2-Chloroacetamido)-5-nitrophenyl)-2-oxo-N-( prop-2-yn-1-yl)acetamide,Pseudomonas japonica,0,188,128
faropenem medoxomil,Escherichia coli ,1,1366,70
Ch Dhvar5 ads,Staphylococcus aureus,1,570,141
Penicillenol B2,Streptococcus mitis,0,1077,154
D-glutamine,Plasmodium falciparum,0,644,118
Olive oil,Staphylococcus aureus,1,1047,141
Olmesartran,Streptococcus pneumoniae serotype 4,0,1048,159
digoxin,Clostridium bacilli,0,1363,44
L-Aspartate,Staphylococcus chromogenes,1,866,144
(2E)-3-(4-Hydroxy-3-methoxyphenyl)-1-phenyl-2-propen-1-one,Haemophilus influenzae,1,35,78
Quinolin-8-ol,Serratia marcescens,1,1132,136
3-(3-fluorophenyl)-5-(3-ethoxy-4-hydroxybenzylidene)-2-thioxothiazolidin-4-one,Burkholderia thailandensis,0,270,32
"(2E)-1-(3 ,5 -dimethoxyphenyl)-3-(2-naphthyl)-2-propen-1-one",Pseudomonas aeruginosa,1,26,125
Minocycline,Staphylococcus aureus,1,942,141
(1Z)-(2-phenylethylidene)-lambda4-sulfanyliumolate,Halomonas pacifica,0,10,81
Sulfamethizole,Plasmodium falciparum,0,1230,118
IDR-1018,Acinetobacter baumannii,1,814,2
Glucose,Staphylococcus epidermis,0,783,147
D-Aspartate,Candida parapsilosis,0,631,39
N-Decanoyl cyclopentylamide,Hepatitis C Virus ,0,985,85
Dibenzyl sulphide,Aeromonas sobria,0,672,10
"3,5-dibromotyrosined",Staphylococcus epidermis,1,259,147
"2-(4-Fluorophenyl)-N-((2R,3R,4S,5S,6R)-2,4,5-trihydroxy-6-(hydroxymethyl)tetrahydro-2H-pyran-3-yl)acetamide",Streptococcus parasanguinis,0,205,157
Orange extract,Streptococcus sanguinis,0,1049,162
"1-(2-Chloroacetyl)indoline-2,3-dione",Escherichia coli,1,121,69
(RW)4D,Escherichia coli,1,98,69
Hexyl gallate,Enterococcus faecalis,1,803,66
4-bromoaniline,Pseudomonas aeruginosa,1,349,125
3-chloro-5-hydroxy-4-[(4-methylphenylsulfanyl)]-2(5H)-furanone,Bacillus subtilis,1,293,21
Cinnamic Acid,Candida albicans,1,586,34
Trimethyl(3-{4-[3-(trimethylazaniumyl)propoxy]phenoxy}propyl)azanium dibromide,Desulfovibrio africanus,0,1290,54
17-Deacetyl norgestimate,Klebsiella pneumoniae,0,166,99
Emodin,Stenotrophomonas maltophilia,1,700,151
D-Tyrosine,Acinetobacter baumannii,0,642,2
Hamamelitannin,Eggerthella lenta,0,794,57
(2E)-3-(3-hydroxy-4-methoxyphenyl)-1-phenylprop-2-en-1-one,Influenza A virus ,0,34,95
4-Fluoro-2-methyl-D-phenylalanine,Marinobacter hydrocarbonoclasticus,0,329,107
Cefotetan,Arthrobacter sp. ,0,554,14
NA8,Streptococcus sanguinis,0,1001,162
Isoliquiritigenin,Proteus vulgaris,0,841,122
4-Nitro-D-phenylalanine,Achromobacter sp.,0,339,0
2-(2-(2-Azidoacetamido)phenyl)-2-oxo-N-(prop-2-yn-1-yl)acetamide,Pseudomonas aeruginosa,1,185,125
Baicalein,Burkholderia multivorans,1,468,30
Peptide 1,Hepatitis C virus,0,1086,86
N-Acetylcysteine,Candida guiliermondi,0,984,37
Amikacin disulfate salt,Aquifex aeolicus,0,431,13
Clioquinol,Human herpesvirus 3,0,601,88
Ciclopirox ethanolamine,Streptomyces gordonii,0,583,165
Nerolidol,Clostridium leptum,0,1015,45
Phenanthrene,Proteus vulgaris,1,1088,122
Polysorbate 80,Stenotrophomonas maltophilia,1,1110,151
Bismuth oxide nanoparticle,Streptococcus mitis,0,492,154
Cloxacillin,Vibrio vulnificus,0,606,178
4-Chloro-2-fluoro-DL-phenylalanine,Staphylococcus epidermis,1,323,147
L-tryptophan,Staphylococcus aureus,1,878,141
Cobalt Ion,Proteus vulgaris,0,608,122
3-geranyl-1-(2-methylpropanoyl)phloroglucinol,Staphylococcus epidermidis,1,297,146
Human beta-defensin 3,Staphylococcus aureus,1,809,141
Resorcinol,Staphylococcus aureus,1,1147,141
Brecanavir,Neisseria gonorrhoeae,0,493,114
Enoxacin,Enterobacteria phage T4,0,704,65
LL13-37,Pseudomonas putida,0,889,130
Neoeriocitrin,Edwardsiella tarda,0,1012,56
(2S)-2-amino-4-bromopent-4-enoic acid,Vibrio vulnificus,0,55,178
6-Bicyclic brominated furanones,Pseudomonas aeruginosa,1,390,125
Cefotaxime,Listeria monocytogenes,1,553,104
"1-[2-(naphthalen-1-yl)-5-(3,4,5-trimethoxyphenyl)-1,3,4-oxadiazol-3(2H)-yl]ethanone",Staphylococcus aureus,1,135,141
4-Nitro-D-phenylalanine,Staphylococcus epidermis,1,339,147
Asperdiol acetate,Pseudomonas aeruginosa,1,447,125
"13-(2-chloroquinolin-3-yl)-3,3-dimethyl-1H,2H,3H,4H,6H,11H,13H-indazolo[1,2-b]phthalazine-1,6,11-trione",Actinomyces oris,0,156,7
Gallic Acid,Eikenella corrodens,1,769,58
RK-25,Streptococcus pneumoniae serotype 4,0,1139,159
Meropenem,Staphylococcus equorum,0,927,148
Tannic acid,Enterobacteria phage T4,0,1245,65
Clindamycin,Vibrio campbellii,0,599,174
NA10,Mycobacterium tuberculosis,0,999,113
(Z)-4-bromo-5-(bromomethylene)-3-(1-bromoethyl)-2(5H)-furanone,Yersinia enterocolitica,0,102,179
n-Hexane,Streptococcus pneumoniae serotype 4,0,1374,159
3-(2-Naphthyl)alanine,Staphylococcus epidermis,1,265,147
Tetrazol-1-yl,Pseudomonas aeruginosa,1,1265,125
Rifampicin,Staphylococcus aureus,1,1154,141
3-(3-fluorophenyl)-5-(3-ethoxy-4-hydroxybenzylidene)-2-thioxothiazolidin-4-one,Pseudomonas aeruginosa,1,270,125
Esomeprazole,Streptococcus sanguinis,0,718,162
cat-AGE-RK2,Bacteroides eggerthii,0,1351,23
Palivizumab,Shewanella oneidensis,0,1064,137
Evodiamine,Campylobacter jejuni,1,727,33
Thiazolidinedione-8,Enterobacter aerogenes,0,1266,61
3beta-Hydroxyolean-12-en-28-al 3-p-coumarate,Baker's yeast,0,309,27
Clove oil,Escherichia coli,1,605,69
Biphenyl,Halomonas pacifica,0,488,81
Cephalexin,Streptococcus pneumoniae,1,566,158
"N-((2R,3R,4S,5S,6R)-2,4,5-Trihydroxy-6-(hydroxymethyl)tetrahydro-2H-pyran-3-yl)butyramide",Influenza A virus ,0,966,95
Pelargonidin,Staphylococcus capitis,0,1072,142
Sulfamethizole,Yersinia enterocolitica,0,1230,179
Cecropin B,Staphylococcus epidermidis,0,535,146
"2-(4-methoxyphenyl)-N-(3-{[2-(4-methoxyphenyl)ethyl]imino}-1,4-dihydro-2-quinox alinylidene)ethanamine",Streptococcus epidermidis,0,207,152
1-{4-phenyl-2-[(E)-2-[4-(trifluoromethoxy)phenyl]ethenyl]quinolin-3-yl}ethan-1-one,Pseudomonas aeruginosa,1,143,125
Zidovudine,Burkholderia cepacia,0,1327,29
(E)-3-Decen-2-one,Bacteroides vulgatus,0,89,26
2-Nitro-cinnamaldehyde,Vibrio cholerae,1,224,175
Dicloxacillin,Gardnerella vaginalis,0,676,76
13-methyltetradecanoic acid,Sphingomonas sp. Ibu-2,0,157,139
Ciprofloxacin ,Human immunodeficiency virus,0,592,91
(2R)-2-amino-3-(benzenesulfinyl)propanoic acid,Actinomyces oris,1,43,7
2-amino-imidazole/ triazole conjugate,Streptococcus mutans,1,235,155
Vancomycin,Staphylococcus capitis,1,1307,142
Norgestimate,Influenza A virus ,0,1029,95
Catechin,Baker's yeast,0,531,27
"octane-1,8-diamine",Firmicutes,0,1378,73
Oxiconazole nitrate,Burkholderia cepacia,0,1054,29
Doripenem,Clostridium perfringens ,0,692,48
N-Acetylcysteine,Candida krusei,0,984,38
Apigenin,Escherichia coli,1,443,69
G2,Trichophyton mentagrophytes,0,765,170
Oxacillin,Human herpesvirus 3,0,1052,88
Carvacrol,Escherichia coli,1,529,69
Myrrh oil,Aggregatibacter actinomycetemcomitans,0,954,11
Aciclovir,Desulfovibrio africanus,0,420,54
(5-nitrofuran-2-yl)methyl (2E)-3-phenylprop-2-enoate,Stenotrophomonas maltophilia,0,71,151
RNAIII-inhibiting Peptide,Staphylococcus epidermidis,1,1141,146
Framycetin,Streptococcus sobrinus,0,749,164
"L-744,832",Thermus thermophilus,0,865,168
GL13K,Pseudomonas aeruginosa,1,766,125
alpha-tocopherol,Staphylococcus aureus,1,1343,141
Allicin,Pseudomonas aeruginosa,1,426,125
"6-(4-chlorophenyl)-1,3-dimethyl-5-[3-(4-methylphenyl)-1-phenyl-1H-pyrazol-4-yl]-1H,2H,3H,4H,5H,6H-pyrimido[4,5-d][1,3]diazine-2,4-dione",Enterobacter aerogenes,0,387,61
C16-33,Streptococcus sanguinis,1,504,162
Cerulenin ,Escherichia coli,1,569,69
Methyl benzethonium chloride,Campylobacter jejuni,0,931,33
Posaconazole,Human respiratory syncytial virus B,0,1111,94
Competence Stimulating Peptide,Candida albicans,1,613,34
BMAP-18,Klebsiella planticola,0,459,98
DD13,Staphylococcus cohnii,0,648,145
L-Tyrosine,Staphylococcus aureus,1,872,141
Phenyl-arginine-b-naphthylamide,Streptococcus parasanguinis,0,1092,157
Sinapic acid,Amycolatopsis orientalis,0,1201,12
4-Fluoro-D-phenylalanine,Pseudomonas fluorescens,0,330,127
Cinnamaldehyde,Pseudoalteromonas sp.,0,585,124
Benzylpenicillin,Acinetobacter baumannii,0,481,2
Methacycline,Streptococcus pneumoniae,0,929,158
Zeaxanthin,Enterobacteria phage T4,0,1326,65
(Z)-4-bromo-5-(bromomethylene)-3-methylfuran-2(5H)-one,Pseudomonas putida,0,107,130
Palmitic acid,Fusarium solani,0,1065,75
Octadecyl gallate,Enterococcus faecalis,1,1041,66
Raspberry KAS 434,Pseudomonas libaniensis,1,1145,129
Clotrimazole,Enterobacter cancerogenus,0,604,62
Vitamin E,Enterococcus gallinarum,0,1317,68
Nelfinavir,Enterococcus faecium,0,1011,67
"(5Z)-2-(1,1-dichlorobut-3-yn-1-yl)-5-{[4-(trifluoromethyl)phenyl]methylidene}-1,3-oxazolidin-4-one",Coagulase- negative staphylococci,0,83,49
Cefditoren,Chromobacterium violaceum,0,544,42
1-(4-chlorophenyl)-3-p-tolyurea,Varicella-zoster virus,0,125,172
Gallium cation,Lactobacillus fermenti,0,771,102
Besifloxacin,Staphylococcus saprophyticus,0,483,150
Bedaquiline,Streptococcus epidermidis,0,470,152
Verapamil,Vibrio vulnificus,0,1311,178
4-methanesulfonylaniline,Stenotrophomonas maltophilia,0,356,151
Epigallocatechin Gallate,Aeromonas hydrophila,1,710,9
3-Nitro-D-tyrosine,Staphylococcus epidermis,1,289,147
D-Methionine,Streptococcus gordonii,0,638,153
Dalfopristin,Achromobacter xylosoxidans,0,654,1
2-geranyloxy-1-(2-methylpropanoyl)phloroglucinol,Staphylococcus aureus,1,240,141
7-Bicyclic brominated furanones,Pseudomonas aeruginosa,1,399,125
Elemental silver,Geobacillus kaustophilus,0,697,77
Daclatasvir,Micrococcus luteus,0,651,108
3-Chlorotyrosine,Staphylococcus epidermis,1,281,147
Myricitrin,Human herpesvirus 4,0,951,89
Ch Dhvar5 ads,Burkholderia thailandensis,0,570,32
epsilon-viniferin,Escherichia coli,1,1365,69
(2E)-3-(4-Hydroxy-3-methoxyphenyl)-1-phenyl-2-propen-1-one,Streptomyces gordonii,0,35,165
(2R)-2-amino-3-(2-phenylethanesulfinyl)propanoic acid,Burkholderia cepacia,0,42,29
"O-(2,6-Dichlorobenzyl)-D-tyrosine",Enterococcus faecium,0,1034,67
epsilon-viniferin,Actinomyces oris,0,1365,7
Diazepam,Candida albicans,1,670,34
S-(2-Aminoethyl)-L-cysteine hydrochloride,Streptococcus sanguis,1,1164,163
(R)-2-Amino-3-biphenyl-3-yl-propionic acid,Pseudomonas putida,0,92,130
L-Phenylalanine-L-Lysine,Haemophilus influenzae,0,871,78
Tet-26,Bacillus anthracis,0,1262,18
Enoxacin,Bacillus subtilis,0,704,21
Nafcillin,Burkholderia cenocepacia,0,1008,28
2-(2-(2-Azidoacetamido)-5-nitrophenyl)-2-oxo-N-(prop-2-yn-1-yl)acetamide,Enterobacteria phage T4,0,184,65
7-hydroxyindole,Pseudomonas aeruginosa,1,406,125
(Z)-4-bromo-5-(bromomethylene)-3-ethyl-2(5H)-furanone,Human herpesvirus 1 ,0,105,87
4-Methyl benzyl dodecyl beta-maltoside,Pseudomonas aeruginosa,1,337,125
Cefepime,Acinetobacter sp.,0,545,5
4-Fluoro-D-phenylalanine,Candida spp.,0,330,40
L-cysteic acid,Streptococcus mutans,1,874,155
Isoeugenol,Escherichia coli,1,839,69
Quinupristin/dalfopristin,Burkholderia cepacia,0,1134,29
Hepcidin 20,Baker's yeast,0,795,27
Imperatorin,Enterobacter cloacae,0,823,63
Furanone,Serratia liquefaciens,0,751,135
Ferrous,Streptococcus mutans,0,735,155
1-{2-[(E)-2-(4-methoxyphenyl)ethenyl]-4-phenylquinolin-3-yl}ethan-1-one,Staphylococcus aureus,1,141,141
6-MO-LF11-215,Pseudomonas aeruginosa,1,394,125
D-Tyrosine,Human immunodeficiency virus,0,642,91
Ephedrine,Pseudoalteromonas sp.,0,705,124
4-Chloro-2-fluoro-DL-phenylalanine,Staphylococcus aureus,1,323,141
"Butane-1,4-diamine",Dihydropteroate synthase type-1,0,496,55
4-Fluoro-D-phenylalanine,Bacillus amyloliquefaciens,0,330,17
NA8,Bacteroides,0,1001,22
"N-((2R,3R,4S,5S,6R)-2,4,5-Trihydroxy-6-(hydroxymethyl)tetrahydro-2H-pyran-3-yl)octanamide",Staphylococcus saprophyticus,0,969,150
Propanol,Clostridium perfringens ,0,1116,48
Myxinidin,Eubacterium ramulus,0,955,72
"(2S,3R,4S,5S,6R)-6-(Acetoxymethyl)-3-(2-(4-(trifluoromethyl)phenyl)acetamido)tetrahydro-2H-pyran-2,4,5-triyltriacetate",Pseudomonas aeruginosa,1,57,125
N-(2-Pyridinyl)butanamide,Eggerthella lenta,0,972,57
Ch_GG_Nt-Dhvar5,Bacteroides,0,571,22
Na-Propionate,Shewanella oneidensis,0,1005,137
"(5S)-1,7-bis(4-hydroxyphenyl)-5-O-_-D- apiofuranosyl(1 _ 6)-_-D-glucopyranosyloxyheptan-3-one",Staphylococcus equorum,0,77,148
den-SB056-1,Thermus thermophilus,0,1362,168
(2E)-1-(3 -methoxyphenyl)-3-(2-naphthyl)-2-propen-1-one,Pseudomonas aeruginosa,1,27,125
CSP-C16,Candida spp.,0,513,40
Chlorpromazine,Hepatitis B virus D,0,578,83
Fenclonine,Staphylococcus capitis,0,733,142
beta-Pinene,Helicobacter pylori ,0,1348,82
Cefotaxime,Acinetobacter oleiovorans,0,553,4
Olive oil,Actinobacillus actinomycetemcomitans,0,1047,6
Cecropin (1-7)-melittin A (2-9) amide,Bacillus amyloliquefaciens,0,534,17
5-(dibromomethylene)-3-butyl-2(5H)-furanone,Hepatitis B virus F,0,371,84
"7-fluoroindoline-2,3-dione",Pseudomonas aeruginosa,1,404,125
DJK5,Pseudomonas aeruginosa,1,649,125
AFP1,Firmicutes,0,415,73
1-(4-chlorophenyl)-3-m-tolyurea,Burkholderia multivorans,0,124,30
3-(1-Naphthyl)-D-Alanine,Vibrio cholerae,0,261,175
Anthraflavic acid,Bacillus cereus,0,441,19
Thymol,Pseudomonas libaniensis,0,1270,129
Naringenin,Pseudomonas aeruginosa,1,1009,125
Daptomycin,Staphylococcus aureus,1,657,141
Sinensetin,Halomonas pacifica,0,1203,81
"Trimethyl[3-({33-[2-(trimethylazaniumyl)ethoxy]-10,15,20,25,27,29,31,34-octakis[3-(trimethylazaniumyl)propoxy]hexacyclo[21.2.2.2,.2,.2,.2]pentatriaconta-1(25),3,5,8,10,13,15,18,20,23,26,28,30,32,34-pentadecaen-4-yl}oxy)propyl]azanium decabromide",Staphylococcus capitis,0,1293,142
Hexameric peptide,Kocuria rhizophila,0,802,101
Latamoxef,Bacteroides vulgatus,0,894,26
3-Nitrophenylalanine,Klebsiella pneumoniae,0,290,99
1-(pyridin-4-yl)ethan-1-one,Hepatitis C virus,0,130,86
L- K6L9,Hafnia paralvei,0,862,80
Quinizarin,Candida tropicalis,0,1131,41
Farnesol,Streptococcus oralis,0,732,156
Tobramycin,Influenza A virus ,0,1279,95
Curcumin,Citrobacter freundii,1,619,43
Tannic acid,Staphylococcus capitis,0,1245,142
P10,Corynebacterium ammoniagenes,0,1057,50
"Phenol,2,4-bis(1,1-dimethylethyl)",Serratia marcescens,1,1090,136
2-(2-(2-Chloroacetamido)-5-nitrophenyl)-2-oxo-N-( prop-2-yn-1-yl)acetamide,Staphylococcus chromogenes,0,188,144
Flucloxacillin,Halomonas pacifica,0,742,81
cis-Stillbene,Staphylococcus aureus,1,1354,141
Furanone-2,Salmonella enterica,1,755,133
kappa-Pyrosulfite,Actinoplanes missouriensis,0,1368,8
"2-(hexylsulfonyl)-4-(1H-1,2,3-triazol-1-yl)pyrimidine",Pseudomonas aeruginosa,1,213,125
Asperdiol,Clostridium leptum,0,446,45
Trovafloxacin,Streptomyces rubiginosus,0,1294,166
Cerulenin ,Raoultella ornithinolytica,0,569,131
Levofloxacin,Shewanella oneidensis,0,897,137
3-geranyl-1-(2-methylbutanoyl)phloroglucinol,Staphylococcus aureus,1,296,141
"3,5-Diiodotyrosine",Candida krusei,0,257,38
Azithromycin,Staphylococcus aureus,1,456,141
Lactoferricin B,Chromobacterium violaceum,0,891,42
5 alpha-Epoxyalantolactone,Human immunodeficiency virus,0,363,91
2-(2-(2-Chloroacetamido)-5-nitrophenyl)-2-oxo-N-( prop-2-yn-1-yl)acetamide,Neisseria gonorrhoeae,0,188,114
Taurine,Streptococcus pneumoniae,0,1246,158
Myxinidin2,Listeria monocytogenes,1,957,104
C6-HSL,Staphylococcus aureus,0,507,141
Phosphate,Micrococcus luteus,0,1096,108
2-Cyano-D-phenylalanine,Staphylococcus epidermis,1,217,147
Curcumin,Streptococcus oralis,0,619,156
L-Canavanine,Burkholderia multivorans,1,867,30
(1Z)-(prop-2-en-1-ylidene)-lambda4-sulfanyliumolate,Kocuria rhizophila,0,11,101
Tioconazole,Influenza A virus ,0,1275,95
L-cysteic acid,Klebsiella planticola,0,874,98
Chloroxine,Candida albicans,1,577,34
Undecanoic acid,Klebsiella pneumoniae,1,1299,99
4-methanesulfonylaniline,Pseudomonas aeruginosa,1,356,125
16P,Thermus thermophilus ,0,164,169
L-Canavanine,Enteric bacteria and other eubacteria,0,867,59
Bergamottin,Thermus thermophilus ,0,482,169
Gallocatechin gallate,Cryptococcus neoformans,0,773,52
(2S)-2-amino-3-(4-tert-butylphenyl)propanoic acid,Aspergillus fumigatus,0,53,15
nitrazepam,Acinetobacter sp.,0,1377,5
"N1-[7-(trifluoromethyl)quinolin-4-yl]octane-1,8-diamine",Serratia marcescens,1,996,136
"5,8,11,14-Eicosatetraynoic acid",Cronobacter sakazakii,0,365,51
Hsn5 12-mer,Campylobacter jejuni,0,808,33
Trimethyl(3-{4-[3-(trimethylazaniumyl)propoxy]phenoxy}propyl)azanium dibromide,Staphylococcus aureus,1,1290,141
2-(2-(2-Chloroacetamido)-5-methylphenyl)-2-oxo-N-( prop-2-yn- 1-yl)acetamide,Mycobacterium leprae,0,187,111
Lemon,Raoultella ornithinolytica,0,895,131
Clary sage,Serratia marcescens,0,596,136
Quercetin,Escherichia coli,1,1127,69
"3,4-Dichloro-5-[(4-methylphenylsulfonyl)]-2(5H)-furanone",Bacillus subtilis,1,252,21
Niacinamide,Escherichia coli,0,1018,69
Pentamethoxyflavone,Streptococcus epidermidis,0,1083,152
Indirubin,Pseudomonas aeruginosa,1,825,125
Rifabutin,Eubacterium ramulus,0,1152,72
DiHydroxyBenzoFuran,Mycobacterium tuberculosis,0,669,113
3-tetra- decanoyltetronic,Corynebacterium ammoniagenes,0,304,50
2-geranyloxy-1-(2-methylpropanoyl)phloroglucinol,Escherichia coli O6:H1 (strain CFT073 / ATCC 700928 / UPEC),0,240,71
LF11-324,Staphylococcus epidermis,0,882,147
Cefapirin,Acinetobacter oleiovorans,0,542,4
Phenobarbitone,Candida albicans,1,1089,34
2-Carbamoylphenylalanine,Candida dubliniensis,0,215,35
Ivalin,Candida albicans,1,849,34
2-(2-Thienylsulfonyl)ethanethioamide,Vibrio vulnificus,1,190,178
NA-CATH,Burkholderia multivorans,0,997,30
Taurine,Streptococcus mutans,1,1246,155
Orange extract,Staphylococcus aureus,0,1049,141
TMC-151s C,Micrococcus luteus,0,1240,108
3-hexyl-5-bromomethylene-2(5H)-furanone,Varicella-zoster virus,0,299,172
Ibuprofen,Desulfovibrio africanus,0,819,54
Butoconazole nitrate,Serratia liquefaciens,0,501,135
Tazobactam,Aspergillus fumigatus,0,1247,15
Pine needle oil,Lysinibacillus sphaericus,0,1100,106
Orange extract,Yersinia enterocolitica,1,1049,179
Nitazoxanide ,Marinobacter hydrocarbonoclasticus,0,1021,107
Melittin,Pseudomonas aeruginosa,1,923,125
"1,3-dimethyl-6-(4-methylphenyl)-5-[3-(4-methylphenyl)-1-phenyl-1H-pyrazol-4-yl]-1H,2H,3H,4H,5H,6H-pyrimido[4,5-d][1,3]diazine-2,4-dione",Staphylococcus saprophyticus,0,117,150
2-Nitro-cinnamaldehyde,Vibrio harveyi,1,224,176
"1-{6-nitro-4-phenyl-2-[(E)-2-(3,4,5-trimethoxyphenyl)ethenyl]quinolin-3-yl}ethan-1-one",Escherichia coli,1,144,69
Stavudine,Staphylococcus epidermis,0,1213,147
Garlic extract,Pseudomonas aeruginosa,1,775,125
Epigallocatechin Gallate,Streptomyces gordonii,0,710,165
Cefotiam,Acinetobacter oleiovorans,0,555,4
Indolicidin,Human respiratory syncytial virus B,0,833,94
LL-37,Raoultella ornithinolytica,0,888,131
Hydnocarpin D,Listeria ivanovii,0,810,103
Indole-7-carboxylic acid,Pseudomonas aeruginosa,1,832,125
3-(1-Naphthyl)-D-Alanine,Staphylococcus epidermis,1,261,147
Silver sulfadiazine,Vibrio campbellii,0,1197,174
4-(Aminomethyl)-D-phenylalanine,Staphylococcus epidermis,1,315,147
Resveratrol,Clostridium pasteurianum,0,1148,46
Sulfamoxole,Staphylococcus caprae,0,1232,143
Myxinidin1,Micrococcus luteus,0,956,108
Hamamelitannin,Staphylococcus cohnii,1,794,145
"13-(2-chloro-8a-methyl-4a,8a-dihydroquinolin-3-yl)-3,3-dimethyl-1H,2H,3H,4H,6H,11H,13H-indazolo[1,2-b]phthalazine-1,6,11-trione",Pseudomonas aeruginosa,1,155,125
P10,Staphylococcus aureus,1,1057,141
knightine,Human parainfluenza virus type 2,0,1369,93
Bromophenyl AHL,Clostridium perfringens ,0,495,48
3beta-Hydroxyolean-12-en-28-al 3-p-coumarate,Candida guiliermondi,0,309,37
"3,4-Dichlorophenylalanine",Bacillus licheniformis,0,254,20
Polyethyleneimine,Human parainfluenza virus type 2,0,1108,93
"Trimethyl[2-({10,15,20,24,26,29,31,33,34-nonakis[3-(trimethylphosphaniumyl)propoxy]hexacyclo[21.2.2.2,.2,.2,.2]pentatriaconta-1(25),3(35),4,6(34),8,10,13,15,18,20,23,26,28,30,32-pentadecaen-4-yl}oxy)ethyl]phosphanium decabromide",Candida glabrata,0,1292,36
3-(2-Naphthyl)alanine,Pseudomonas japonica,0,265,128
Sinefungin,Streptococcus salivarius,0,1202,161
alpha-Pinene,Candida albicans,1,1339,34
Kojic acid,Streptococcus sanguis,0,861,163
"13-(2-chloroquinolin-3-yl)-3,3-dimethyl-1H,2H,3H,4H,6H,11H,13H-indazolo[1,2-b]phthalazine-1,6,11-trione",Actinoplanes missouriensis,0,156,8
nimesulide,Escherichia coli ,0,1376,70
2-(2-(2-Chloroacetamido)-5-nitrophenyl)-2-oxo-N-( prop-2-yn-1-yl)acetamide,Streptococcus pneumoniae serotype 4,0,188,159
Tet-26,Streptomyces rubiginosus,0,1262,166
KD-13,Fusarium solani,0,853,75
BMAP-28,Candida glabrata,1,461,36
Danthron,Enterobacter cloacae,0,655,63
"(Z)-5-decylidenethiazolidine-2,4-dione",Streptococcus mutans,0,110,155
"4-Hydroxy-2,5-dimethyl-3(2H)-furanone",Staphylococcus epidermidis,0,332,146
(2S)-2-amino-3-(tert-butylsulfanyl)propanoic acid,Shewanella oneidensis,0,54,137
Moxifloxacin,Haemophilus influenzae,1,945,78
(Z)-3-(bromomethylene) isobenzofuran-1(3H)-one,Burkholderia multivorans,0,99,30
Rifalazil,Providencia stuartii,0,1153,123
Carvacrol,Chromobacterium violaceum,1,529,42
Zinc sulfate,Escherichia coli,1,1332,69
Macromomycin B,Baker's yeast,0,918,27
LF11-227,Bacillus amyloliquefaciens,0,880,17
Carvacrol,Streptococcus mutans,1,529,155
(2E)-1-(5-clorotiophen-2-yl)-3-(3-methoxy-4-benzyloxi-phenyl)-2-propen-1-one,Staphylococcus equorum,0,29,148
N -(4-trifluoromethyl-benzylidene)benzohydrazide,Staphylococcus aureus,1,960,141
D-galactose cluster,Pseudomonas aeruginosa,1,643,125
Gallic Acid,Hafnia alvei,0,769,79
6-Amino Penicillinic acid,Staphylococcus aureus,1,388,141
Rutaecarpine,Campylobacter jejuni,1,1162,33
S6L3-33,Streptococcus sanguinis,1,1175,162
cov-GL13K,Clostridium perfringens ,0,1356,48
3-(2-Naphthyl)-D-alanine,Serratia marcescens,0,264,136
3-Carbamoylphenylalanine,Staphylococcus cohnii,0,279,145
"4-(2-(5-(4,5-dibromo-1-methyl-1H-pyrrol-2-yl)-1,3,4-oxadiazol-2-yl)vinyl)-2-methoxyphenol",Providencia stuartii,0,312,123
3-Hydroxyphenylalanine,Eggerthella lenta,0,283,57
"N1-(7-chloroquinolin-4-yl)dodecane-1,12-diamine",Pseudomonas aeruginosa,1,991,125
Bacalin hydrate,Enterobacter cloacae,0,464,63
Pivmecillinam,Clostridium perfringens ,1,1105,48
Telaprevir ,Staphlococcus aureus,0,1252,140
Ertapenem,Candida krusei,0,711,38
Clotrimazole,Schistosoma,0,604,134
Indolicidin,Vibrio cholerae,0,833,175
Cefditoren,Pseudomonas japonica,0,544,128
"octane-1,8-diamine",Achromobacter sp.,0,1378,0
DJK6,Klebsiella pneumoniae,1,650,99
Resorcinol,Chromobacterium violaceum,0,1147,42
PG-1,Shewanella oneidensis,0,1060,137
Nevirapine,Human immunodeficiency virus 1,1,1017,92
Curcumin,Edwardsiella tarda,0,619,56
"(2S,3R,4S,5S,6R)-6-(Acetoxymethyl)-3-(2-(4-chlorophenyl)acetamido)tetrahydro-2H-pyran-2,4,5-triyl triacetate",Streptococcus sanguinis,0,59,162
1-{2-[(E)-2-(4-hydroxy-3-methoxyphenyl)ethenyl]-4-phenylquinolin-3-yl}ethan-1-one,Fusarium solani,0,140,75
Diazepam,Bacillus subtilis,0,670,21
epsilon-Polylysine,Enterobacter aerogenes,0,1364,61
N -[(3-chloro-isoquinolin-4-yl)methylene] benzohydrazide,Burkholderia thailandensis,0,963,32
Econazole nitrate,Candida albicans,1,695,34
Eugenol,Escherichia coli,1,726,69
Phosphate,Pseudomonas putida,0,1096,130
"N-(4,5-Dihydro-1,3-thiazol-2-yl)butanamide",Bacillus amyloliquefaciens,0,975,17
para-toluidine,Staphylococcus aureus,0,1385,141
Meropenem,Coagulase- negative staphylococci,0,927,49
Lipoic acid,Enterococcus gallinarum,0,902,68
Benzoylperoxide,Coagulase- negative staphylococci,0,479,49
Sennidin A,Streptococcus mutans,1,1188,155
17-Deacetyl norgestimate,Amycolatopsis orientalis,0,166,12
Abacavir,Human immunodeficiency virus 1,1,416,92
4-bromo-5-(dibromomethylene)-3-(1-acetoxyoethyl)-2(5H)-furanone,Enterobacter ludwigi,0,346,64
Furanone F202,Escherichia coli,1,754,69
Phylloseptin-1,Staphylococcus aureus,1,1098,141
"2-(4,5-dibromo-1-methyl-1H-pyrrol-2-yl)-5-(methylthio)-1,3,4-oxadiazole",Streptococcus epidermidis,1,195,152
Doxycycline,Pseudomonas aeruginosa,1,693,125
Lorazepam,Staphlococcus aureus,0,906,140
"13-(2-chloro-6-methoxyquinolin-3-yl)-3,3-dimethyl-1H,2H,3H,4H,4aH,6H,11H,13H,13aH-indazolo[1,2-b]phthalazine-1,6,11-trione",Actinomyces oris,0,151,7
"2-bromo-4-methyl-6-(3,4,5-tribromo-1H-pyrrole-2-carbonyl)phenol",Bacillus amyloliquefaciens,0,236,17
Peppermint oil,Staphylococcus aureus,1,1085,141
Dapsone,Mycobacterium leprae,1,656,111
"N-((2R,3R,4S,5S,6R)-2,4,5-Trihydroxy-6-(hydroxymethyl)tetrahydro-2H-pyran-3-yl)dodecanamide",Vibrio anguillarum,0,967,173
2-Chloro-DL-Phenylalanine,Aeromonas hydrophila,0,216,9
DispersinB-KSL-W wound gel,Staphylococcus epidermidis,1,687,146
Prolificin A,Enterobacter cloacae,0,1115,63
"(2S,3R,4S,5S,6R)-6-(Acetoxymethyl)-3-octanamidotetrahydro-2H-pyran-2,4,5-triyl triacetate",Pseudomonas aeruginosa,1,67,125
4-Ethylcatechol,Escherichia coli,1,326,69
lin-SB056-1,Staphylococcus epidermidis,1,1371,146
Ssp (A4K-A11K),Eikenella corrodens,0,1212,58
Dicyclohexylamine,Pantoea agglomerans,0,677,116
"(2R)-2-amino-3-(2,3-dihydro-1H-inden-2-yl)propanoic acid",Staphylococcus aureus,1,41,141
Phloretin,Pseudomonas libaniensis,0,1094,129
2-amino-3-(4-methylbenzenesulfinyl)propanoic acid,Streptococcus mutans,1,228,155
1-{2-[(E)-2-(4-hydroxy-3-methoxyphenyl)ethenyl]-4-phenylquinolin-3-yl}ethan-1-one,Micrococcus luteus,1,140,108
Nobiletin,Vibrio harveyi,1,1025,176
"2-bromo-4-methyl-6-(3,4,5-tribromo-1H-pyrrole-2-carbonyl)phenol",Staphylococcus epidermidis,1,236,146
2(5H)-furanone,Mycobacterium avium,0,167,110
"1,1,6,6,7,7-hexahydroxy-5,5-diisopropyl-3,3-dimethyl-2,2-binaphthalene-8,8-dicarbaldehyde",Acinetobacter baumannii,1,113,2
Bromophenyl AHL,Pseudomonas aeruginosa,1,495,125
Amlodipine,Bacillus subtilis,1,434,21
"(2E)-1-(1 ,3 -benzodioxol-5-yl)-3-(2-naphthyl)-2-propen-1-one",Staphylococcus epidermidis,1,16,146
Aloe-emodin,Dengue Virus Type 2,0,428,53
Penicillin G,Influenza B virus ,0,1081,97
Vitamin C,Bacteroides fragilis,0,1316,24
Cefaclor,Streptococcus sanguinis,0,537,162
Fenclonine,Candida parapsilosis,0,733,39
Tomentosin,Trichophyton mentagrophytes,0,1281,170
"2,4,5-Trifluorophenylalanine",Burkholderia cenocepacia,0,172,28
Nobiletin,Escherichia coli,1,1025,69
S-(2-thiazoyl)-L-cysteine,Clostridium pasteurianum,0,1165,46
RNAIII-inhibiting Peptide,Enteric bacteria and other eubacteria ,0,1141,60
Imperatorin,Escherichia coli,1,823,69
"1-(2-Chloroacetyl)-5-methylindoline-2,3-dione",Sphingomonas sp. Ibu-2,0,120,139
Cefpodoxime,Bacillus subtilis,0,558,21
epsilon-Polylysine,Achromobacter sp.,0,1364,0
17-Deacetyl norgestimate,Staphylococcus aureus,1,166,141
Enoxacin,Haemophilus influenzae,1,704,78
"2-(4,5-dibromo-1-methyl-1H-pyrrol-2-yl)-5-(methylthio)-1,3,4-oxadiazole",Listeria monocytogenes,0,195,104
"(5E)-5-octylidene-1,3-thiazolidine-2,4-dione",Candida albicans,1,75,34
Atazanavir,Human immunodeficiency virus,1,449,91
Gallocatechin gallate,Vibrio cholerae,0,773,175
Catechin gallate,Eikenella corrodens,1,532,58
Oleanolic Acid,Mycobacterium smegmatis,1,1045,112
(2-{[(2-phenylethyl)sulfanyl]sulfinyl}ethyl)benzene,Klebsiella planticola,0,15,98
"7-fluoroindoline-2,3-dione",Enterobacter cancerogenus,0,404,62
Oleic Acid,Listeria monocytogenes serotype 4a,0,1046,105
Abacavir,Lactobacillus fermenti,0,416,102
Sulbactam,Pseudoalteromonas sp.,0,1220,124
Zinc oxide,Enterobacter ludwigi,0,1331,64
Dichloromethane,Staphylococcus chromogenes,0,673,144
D-Aspartic acid,Staphylococcus aureus,1,632,141
Ethyl acetate,Streptococcus pyogenes,0,721,160
NA-CATH,Bacteroides,0,997,22
R-Thanatin,Mycobacterium avium,0,1136,110
"(5E)-5-undecylidene-1,3-thiazolidine-2,4-dione",Aspergillus fumigatus,0,76,15
Bifonazole,Influenza B virus,0,487,96
G H12,Gardnerella vaginalis,0,763,76
"Dihydroxybenzoic Acid (2,4-DHBA)",Streptococcus pneumoniae serotype 4,0,680,159
Zotepine,Human respiratory syncytial virus B,0,1334,94
3-Fluoro-DL-phenylalanine,Vibrio campbellii,0,282,174
M8-33,Bacteroides,0,912,22
Ibuprofen,Hepatitis C Virus ,0,819,85
Diphenyl disulphide,Streptococcus mutans,1,684,155
Isothiocyanate,Acinetobacter sp.,0,847,5
7-nitroindole,Pantoea agglomerans,0,409,116
"(2E)-1-(1,3-benzodioxol-5-yl)-3-(2-chloro-quinolin-3-yl)-2-propen-1-one",Streptococcus pneumoniae serotype 4,0,17,159
2-Methoxyhydroquinone,Escherichia coli O6:H1 (strain CFT073 / ATCC 700928 / UPEC),0,223,71
"(2E)-1-(3 ,4 ,5 -trimethoxyphenyl)-3-(2-naphthyl)-2-propen-1-one",Mycobacterium avium,0,24,110
Shikonin,Staphylococcus epidermis,0,1190,147
Clofazimine,Staphylococcus equorum,0,602,148
dF21-10K,Candida albicans,1,1360,34
Sulfacetamide,Desulfovibrio africanus,0,1222,54
12-methyltetradecanoic acid,Pseudomonas aeruginosa,1,150,125
L- K6L9,Streptococcus pyogenes,0,862,160
IDR-1018,Escherichia coli,1,814,69
Zinc sulfate,Marinobacter hydrocarbonoclasticus,0,1332,107
Hesperetin,Burkholderia multivorans,0,798,30
BMAP-28,Candida krusei,1,461,38
11(R)-hydroxy-12(20)-en-knightol acetate,Vibrio harveyi,1,148,176
7-methylindole,Citrobacter freundii,0,408,43
BMAP-28,Candida parapsilosis,0,461,39
Sennidin A,Klebsiella variicola,0,1188,100
Mucochloric acid,Proteus mirabilis,0,948,121
L-Phenylalanine,Vibrio campbellii,0,869,174
Daclatasvir,Amycolatopsis orientalis,0,651,12
Silver nanowires,Pseudomonas aeruginosa,1,1195,125
Methyl gallate,Staphylococcus epidermidis,1,933,146
"(1R,2S,7R,3E,8E,11E)-2,18-diacetoxycembra-3,8,11,15(17)-tetraen-7-ol",Pseudomonas aeruginosa,1,6,125
L-4-Carbamoylphenylalanine,Enterococcus gallinarum,0,864,68
Dezocine,Proteus mirabilis,0,666,121
Rifampicin,Escherichia coli,1,1154,69
"(2S,3R,4S,5S,6R)-6-(Acetoxymethyl)-3-dodecanamidotetrahydro-2H-pyran-2,4,5-triyl triacetate",Obesumbacterium proteus,0,66,115
Silver nitrate,Sphingomonas sp. Ibu-2,0,1196,139
Olmesartran,Bacillus subtilis,1,1048,21
Zinc sulfate,Staphylococcus epidermidis,1,1332,146
Zinc sulfate,Desulfovibrio africanus,0,1332,54
Merimepodib,Streptococcus epidermidis,0,926,152
Sulfacetamide,Escherichia coli,1,1222,69
Phloridzin,Achromobacter sp.,0,1095,0
4-dimethyl-amino-cinnamaldehyde,Candida glabrata,0,353,36
Coprinuslactone,Pseudomonas aeruginosa,1,615,125
Biphenyl,Francisella novicida,0,488,74
N -(5-bromo-2-hydroxy-benzylidene)benzohydrazide,Streptomyces rubiginosus,0,961,166
Ganciclovir,Human herpesvirus 1 ,1,774,87
N-(2-oxothiolan-3-yl)butanamide,Eggerthella lenta,0,974,57
Voriconazole,Candida albicans,1,1319,34
(2R)-2-amino-3-[(4-chlorophenyl)methanesulfinyl]propanoic acid,Clostridium bacilli,0,45,44
Na-Propionate,Yersinia enterocolitica,0,1005,179
DispersinB-KSL-W wound gel,Klebsiella pneumoniae,1,687,99
lin-SB056-1,Plasmodium falciparum,0,1371,118
C12HSL,Haemophilus influenzae,0,503,78
Timolol,Pseudomonas japonica,0,1274,128
Cefalotin,Dengue Virus Type 2,0,540,53
Curcumin,Pseudomonas japonica,1,619,128
"5-decyl-1,3-thiazolidine-2,4-dione",Staphylococcus chromogenes,0,383,144
"2-geranyloxy-4,6-dihydroxybenzophenone",Vibrio cholerae,0,241,175
"(5Z)-2-(1,1-dichloro-3,3-dimethylbutyl)-5-{[4-(trifluoromethyl)phenyl]methylidene}-1,3-oxazolidin-4-one",Staphylococcus aureus,1,81,141
"3-{2-[(1S,2R,4aR,8aR)-1,2,4a,5-tetramethyl-1,2,3,4,4a,7,8,8a-octahydronaphthalen-1-yl]ethyl}-N-(3-fluorophenyl)-5-methylidene-2,5-dihydrofuran-2-amine",Firmicutes,0,308,73
3-(3-Pyridinyl)alanine,Bacillus cereus,0,269,19
Ibuprofen,Streptomyces gordonii,0,819,165
Picolinic acid,Morganella morganii,0,1099,109
Zanamivir,Baker's yeast,0,1325,27
(E)-Chalcone,Vibrio harveyi,0,90,176
5-fluoroindole,Human respiratory syncytial virus B,0,384,94
Enoxacin,Klebsiella variicola,0,704,100
Quercetin,Geobacillus kaustophilus,0,1127,77
dF21-10K,Candida tropicalis,1,1360,41
beta-Caryophyllene,Staphylococcus caprae,0,1345,143
3-(4-fluorophenyl)-5-(3-ethoxy- 4-hydroxybenzylidene)-2-thioxothiazolidin-4-one,Staphylococcus epidermidis,1,273,146
Octameric peptide,Escherichia coli,1,1042,69
Erythromycin,Enteric bacteria and other eubacteria ,1,713,60
Fraxin,Pichia anomala,0,750,117
Polyethyleneimine,Candida albicans,1,1108,34
Pefloxacin ,Amycolatopsis orientalis,0,1071,12
L-Phenylalanine-D-Lysine,Streptomyces gordonii,0,870,165
Aloe Vera Gel,Streptococcus parasanguinis,0,427,157
Bac8C,Streptococcus mutans,1,463,155
6-MO-LF11-227,Aspergillus fumigatus,0,395,15
N-(4-Morpholinyl)butanamide,Bacteroides vulgatus,0,978,26
Chrysophsin-1,Mycobacterium leprae,0,582,111
"2-geranyloxy-4,6-dihydroxybenzophenone",Staphylococcus caprae,0,241,143
Cefaclor,Clostridium perfringens ,1,537,48
"2-(4,5-dibromo-1-methyl-1H-pyrrol-2-yl)-5-(ethylthio)-1,3,4-oxadiazole",Enterococcus faecium,0,194,67
Olmesartran,Streptococcus pneumoniae,0,1048,158
1-(4-methoxyphenyl)-3-p-tolyurea,Bacillus licheniformis,0,127,20
BisEDT-RIP,Clostridium perfringens ,0,490,48
"3-Amino-4-(2,4-difluorophenyl)-2-butanone",Pantoea agglomerans,0,277,116
6-hydroxyflavone,Escherichia coli,1,398,69
Terpinene-4-ol,Pichia anomala,1,1258,117
"D, L- K6L9",Achromobacter xylosoxidans,0,626,1
kappa-Pyrosulfite,Escherichia coli,1,1368,69
1-{6-nitro-4-phenyl-2-[(E)-2-[4-(trifluoromethoxy)phenyl]ethenyl]quinolin-3-yl}ethan-1-one,Staphylococcus aureus,1,145,141
2-amino-5-methoxy-5-oxopentanoic acid,Human herpesvirus 3,0,232,88
3-indolylacetonitrile,Influenza B virus ,0,301,97
Nobiletin,Mycobacterium tuberculosis,0,1025,113
"1-[2-(2,4-dichlorophenyl)-5-(3,4,5-trimethoxyphenyl)-1,3,4-oxadiazol-3(2H)-yl]ethanone",Streptococcus mutans,1,131,155
faropenem medoxomil,Dihydropteroate synthase type-1,0,1366,55
(furan-2-yl)methyl (2E)-3-phenylprop-2-enoate,Enterococcus faecium,0,112,67
Sulfathiazole,Plasmodium falciparum,1,1235,118
Hepcidin 20,Staphylococcus epidermidis,1,795,146
Wheat bran,Aquifex aeolicus,0,1321,13
2-Chloro-DL-Phenylalanine,Citrobacter freundii,0,216,43
"(5E)-5-dodecylidene-1,3-thiazolidine-2,4-dione",Acinetobacter nosocomialis,0,73,3
Clindamycin,Haemophilus influenzae,0,599,78
Pleurocidin,Propionibacterium acnes,1,1107,120
"N-(5-Methyl-1,2-oxazol-3-yl)butanamide",Burkholderia thailandensis,0,981,32
Ephedrine,Candida glabrata,0,705,36
N-decanoyl-L- homoserine benzyl ester,Salmonella Typhi,0,990,132
Gentamicin,Citrobacter freundii,0,779,43
Clindamycin,Propionibacterium acnes,1,599,120
7-methylindole,Pseudomonas aeruginosa,1,408,125
Phenyl-arginine-b-naphthylamide,Escherichia coli,1,1092,69
N -(pyridin-3-yl-methylene)benzohydrazide,Pseudomonas chlororaphis,0,962,126
Tetracycline,Enteric bacteria and other eubacteria,1,1263,59
Ceftizoxime,Staphylococcus caprae,0,562,143
Isobutanol,Burkholderia cenocepacia,0,837,28
para-Benzoquinone,Burkholderia cenocepacia,1,1381,28
Na-Benzoate,Staphylococcus capitis,0,1004,142
Rifalazil,Obesumbacterium proteus,0,1153,115
Lysozyme,Staphylococcus aureus,1,911,141
Butenafine hydrochloride,Influenza A virus ,0,499,95
Zotepine,Hepatitis C Virus ,0,1334,85
Tyrphostin AG1478,Staphylococcus saprophyticus,0,1297,150
L-Tyrosine,Enterobacter cancerogenus,0,872,62
den-SB056-1,Pseudomonas aeruginosa,1,1362,125
n-Hexane,Corynebacterium ammoniagenes,0,1374,50
(furan-2-yl)methyl (2E)-3-phenylprop-2-enoate,Streptococcus pneumoniae,0,112,158
"13-(2-chloro-8a-methyl-4a,8a-dihydroquinolin-3-yl)-3,3-dimethyl-1H,2H,3H,4H,6H,11H,13H-indazolo[1,2-b]phthalazine-1,6,11-trione",Candida albicans,1,155,34
Ceftobiprole,Streptococcus pneumoniae serotype 4,1,563,159
2-amino-4-chlorobenzoic acid,Eubacterium ramulus,0,231,72
Carolacton,Mycobacterium tuberculosis,0,528,113
3-(4-fluorophenyl)-5-(3-(allyloxy)-4-hydroxybenzylidene)-2-thioxothiazolidin-4-one,Bacteroides uniformis,0,272,25
S-carboxylmethyl-L-cysteine,Actinomyces oris,1,1169,7
Chloroxine,Pseudomonas putida,0,577,130
"F2,5,12W",Vibrio anguillarum,0,728,173
N-(4-Pyridinyl)butanamide,Human parainfluenza virus type 2,0,979,93
cat-AGE-RK2,Enterococcus gallinarum,0,1351,68
Darunavir,Human immunodeficiency virus,1,658,91
Indol AHL,Pseudomonas aeruginosa,1,826,125
Rhodomyrtone,Propionibacterium acnes,1,1150,120
Epigallocatechin,Candida albicans,1,709,34
OSIP108,Candida glabrata,1,1040,36
Penicillenol A1,Pseudomonas aeruginosa,1,1074,125
Fosamprenavir,Micrococcus luteus,0,746,108
N -(3-nitro-4-hydroxy-benzylidene)benzohydrazide,Enterococcus faecalis,1,959,66
D-Asparagine,Salmonella enterica,0,630,133
Coprinuslactone,Streptococcus sanguis,0,615,163
Olmesartran,Aeromonas sobria,0,1048,10
1-methyl-4-({[(4-methylphenyl)methyl]disulfanyl}methyl)benzene,Streptococcus sanguinis,0,138,162
Methyl indole-7-carboxylate,Mycobacterium smegmatis,0,934,112
Ionic silver,Streptococcus parasanguinis,0,834,157
Azlocillin,Hafnia paralvei,0,457,80
Sulfacetamide,Candida spp.,0,1222,40
Asperdiol,Vibrio harveyi,1,446,176
Cadmium Ion,Pseudomonas aeruginosa,1,515,125
Raltegravir,Human herpesvirus 4,0,1144,89
Epigallocatechin Gallate,Burkholderia cenocepacia,1,710,28
CSP-C16,Acinetobacter oleiovorans,0,513,4
Sm6(L3)2C,Enterococcus gallinarum,0,1206,68
C12HSL,Streptococcus oralis,0,503,156
3beta-Hydroxyolean-12-en-28-al 3-p-coumarate,Citrobacter freundii,0,309,43
"(2E)-1-(2 ,5 -dimethoxyphenyl)-3-(2-naphthyl)-2-propen-1-one",Vibrio harveyi,0,22,176
(E)-Chalcone,Haemophilus influenzae,1,90,78
Diphenyl disulphide,Vibrio vulnificus,0,684,178
trans-2-Nonenal,Hafnia paralvei,0,1389,80
Benzophenonyl decyl beta-maltoside,Salmonella Typhi,0,478,132
"2-(4-Bromophenyl)-N-((2R,3R,4S,5S,6R)-2,4,5-trihydroxy-6-(hydroxymethyl)tetrahydro-2H-pyran-3-yl)acetamide",Pseudomonas aeruginosa,1,202,125
Bedaquiline,Yersinia enterocolitica,0,470,179
Sulfalene,Candida glabrata,0,1227,36
TMC-151s C,Candida albicans,1,1240,34
(2R)-2-amino-3-[(4-chlorophenyl)methanesulfinyl]propanoic acid,Streptococcus sanguis,1,45,163
Chrysin,Staphylococcus epidermis,0,580,147
"(2E)-1-(1 ,3 -benzodioxol-5-yl)-3-(2-naphthyl)-2-propen-1-one",Staphylococcus aureus,1,16,141
Polyethyleneimine,Human herpesvirus 3,0,1108,88
"(2E)-1-(2 ,5 -dimethoxyphenyl)-3-[2,5-dimethyl-1-(3-trifluoromethyl-phenyl)-1H-pirrol-3-yl]-2-propen-1-one",Staphylococcus aureus,1,23,141
"Dihydroxybenzoic Acid (2,3-DHBA)",Yersinia enterocolitica,0,679,179
Cefonicid,Streptococcus mutans,0,550,155
Indole,Pantoea agglomerans,1,827,116
17-Deacetyl norgestimate,Edwardsiella tarda,0,166,56
D-Aspartate,Halomonas pacifica,0,631,81
Tet-20,Gardnerella vaginalis,0,1260,76
1-mesityl-3(4-nitrophenyl)urea,Serratia marcescens,0,136,136
"2-(4,5-dibromo-1-methyl-1H-pyrrol-2-yl)-5-(phenylthio)-1,3,4-oxadiazole",Pseudomonas aeruginosa,1,196,125
M8-33,Streptococcus mutans,1,912,155
(2E)-N-[3-(1H-indol-3-yl)propyl]-3-phenylprop-2-enamide,Candida albicans,1,40,34
Chrysophanol,Pseudomonas libaniensis,0,581,129
Chitosan,Amycolatopsis orientalis,0,573,12
14-Glycinyl andrographolide hydrochloride,Aquifex aeolicus,0,161,13
"2-(2-chloro-5-fluorophenyl)-5-(4,5-dibromo-1-methyl-1H-pyrrol-2-yl)-1,3,4-oxadiazole",Streptococcus epidermidis,1,191,152
(RW)3-NH2,Streptococcus oralis,0,96,156
Cefprozil,Streptococcus pneumoniae serotype 4,1,559,159
"(2-(4-chlorophenyl)- 4-{[(6-methyl-2-pyridinyl)amino]methylene}-1,3-oxazol- 5(4H)-one)",Staphylococcus aureus,0,13,141
Trimethyl(3-{4-[3-(trimethylazaniumyl)propoxy]phenoxy}propyl)azanium dibromide,Bacillus anthracis,0,1290,18
(2E)-N-[3-(1H-imidazol-1-yl)propyl]-3-phenylprop-2-enamide,Eubacterium ramulus,0,39,72
"(2R)-2-amino-3-(2,3-dihydro-1H-inden-2-yl)propanoic acid",Streptomyces gordonii,0,41,165
(1E)-1-{[(1E)-prop-1-ene-1-sulfinyl]sulfanyl}prop-1-ene,Mycobacterium leprae,0,4,111
Caffeic Acid,Staphylococcus aureus,1,516,141
Cinoxacin,Haemophilus influenzae,1,589,78
Dicloxacillin,Clostridium perfringens,0,676,47
Clindamycin,Shigella flexneri,1,599,138
N-Decanoyl cyclopentylamide,Pseudomonas aeruginosa,1,985,125
3-(4-Pyridinyl)alanine,Firmicutes,0,271,73
"(2E)-1-(3 ,5 -dimethoxyphenyl)-3-(2-naphthyl)-2-propen-1-one",Enterococcus faecalis,1,26,66
"3,3-dimethyl-13-{8-methyl-[1,2,3,4]tetrazolo[1,5-a]quinolin-4-yl}-1H,2H,3H,4H,6H,11H,13H-indazolo[1,2-b]phthalazine-1,6,11-trione",Candida albicans,1,248,34
Menthol,Burkholderia pseudomallei,0,925,31
"4,5-dihydroxy-2,3-pentanedione",Candida albicans,1,311,34
Holothuroidin 2,Pseudomonas aeruginosa,1,807,125
Cerulenin,Halomonas pacifica,0,568,81
Tigecycline,Enteric bacteria and other eubacteria,1,1272,59
Cefpiramide,Pseudomonas aeruginosa,1,557,125
"2-(4,5-dibromo-1-methyl-1H-pyrrol-2-yl)-5-(phenylthio)-1,3,4-oxadiazole",Clostridium pasteurianum,0,196,46
Auranofin,Candida albicans,1,451,34
2-amino-4-chlorobenzoic acid,Mycobacterium smegmatis,0,231,112
4-bromoaniline,Enterobacteria phage T4,0,349,65
2-oxindole,Amycolatopsis orientalis,0,243,12
4-Fluoro-D-phenylalanine,Staphylococcus aureus,1,330,141
Ferrous,Bacillus cereus,0,735,19
"(2E)-1-(1,3-benzodioxol-5-yl)-3-[5-(2-nitro-phenyl)-furan-2-yl]-2-propen-1-one",Staphylococcus aureus,1,18,141
2-amino-3-(propane-1-sulfinyl)propanoic acid,Aquifex aeolicus,0,230,13
Thonzonium bromide,Streptococcus sanguinis,0,1269,162
Umbelliferone,Pseudomonas putida,0,1298,130
4-Ethylguaiacol,Vibrio parahaemolyticus,0,327,177
"4-(2-(5-(4,5-dibromo-1-methyl-1H-pyrrol-2-yl)-1,3,4-oxadiazol-2-yl)vinyl)-2-methoxyphenol",Pichia anomala,0,312,117
VSL2,Staphylococcus chromogenes,0,1306,144
3-Chloro-5-[(2-chloroethoxy)]-4-[(4-methylphenylsulfanyl)]-2(5H)-furanone,Klebsiella variicola,0,280,100
Kojic acid,Marinobacter hydrocarbonoclasticus,0,861,107
beta-Defensin-3,Clostridium perfringens,0,1347,47
3-[(prop-2-ene-1-sulfinyl)sulfanyl]prop-1-ene,Vibrio vulnificus,0,291,178
Diterpene phytol,Pseudomonas aeruginosa,1,688,125
2-amino-5-methoxy-5-oxopentanoic acid,Staphylococcus aureus,1,232,141
Thymol,Bacillus anthracis,0,1270,18
"1-[2-(3-bromo-4-hydroxy-5-methoxyphenyl)-5-(3,4,5-trimethoxyphenyl)-1,3,4-oxadiazol-3(2H)-yl]ethanone",Candida spp.,0,134,40
3-hydroxychalcone,Streptococcus mitis,0,300,154
SMAP-29,Stenotrophomonas maltophilia,1,1176,151
2-Methoxy-D-Phenylalanine,Providencia stuartii,0,222,123
Cefmenoxime,Escherichia coli,1,548,69
Dibenzyl disulphide,Streptococcus sanguis,1,671,163
3-tetra- decanoyltetronic,Human herpesvirus 4,0,304,89
Benzocaine,Schistosoma,0,477,134
Hexyl gallate,Pseudomonas aeruginosa,1,803,125
Subtilosin,Gardnerella vaginalis,1,1218,76
Norfloxacin,Achromobacter sp.,0,1028,0
Cefadroxil,Enterococcus gallinarum,0,538,68
Piperacillin,Shewanella oneidensis,0,1102,137
S-OSIP108,Human respiratory syncytial virus B,0,1168,94
4-bromo-5-(bromomethylene)-3-(1-(2-(2-(2-azidoethoxy)ethoxy)ethoxy)butyl)-2(5H)-furanone,Actinomyces oris,0,342,7
Lorazepam,Trueperella pyogenes,0,906,171
AAP2,Vibrio harveyi,0,414,176
2-Carbamoylphenylalanine,Enterococcus faecalis,0,215,66
"(1R,4R,8S,11S,12R)-4-hydroxy-1,4,8-trimethyl-12-(propan-2-yl)tricyclo[9.3.0.0]tetradec-3(7)-en-6-one",Pseudomonas aeruginosa,1,9,125
FS8,Hepatitis B virus F,0,730,84
Ursolic Acid,Pseudomonas aeruginosa,1,1302,125
"N-((2R,3R,4S,5S,6R)-2,4,5-Trihydroxy-6-(hydroxymethyl)tetrahydro-2H-pyran-3-yl)butyramide",Actinobacillus actinomycetemcomitans,0,966,6
4-Ethylcatechol,Acinetobacter nosocomialis,0,326,3
Quinupristin,Enteric bacteria and other eubacteria,1,1133,59
Atazanavir,Vibrio campbellii,0,449,174
Di-MB-LF11-215,Proteus vulgaris,0,667,122
Subtilosin,Escherichia coli,1,1218,69
Meticillin,Staphylococcus aureus,1,936,141
N -[(3-chloro-isoquinolin-4-yl)methylene] benzohydrazide,Bacillus amyloliquefaciens,0,963,17
6-Amino Penicillinic acid,Staphylococcus chromogenes,0,388,144
4-Methoxychalcone,Candida parapsilosis,0,336,39
5-(dibromomethylene)-3-(1-acetoxyethyl)-2(5H)-furanone,Staphylococcus capitis,0,368,142
Elliptophenone A,Staphylococcus epidermidis,1,699,146
2-(2-(2-Azidoacetamido)phenyl)-2-oxo-N-(prop-2-yn-1-yl)acetamide,Fusarium solani,0,185,75
Butein,Klebsiella pneumoniae,0,498,99
"13-(2-chloro-6-methoxyquinolin-3-yl)-3,3-dimethyl-1H,2H,3H,4H,4aH,6H,11H,13H,13aH-indazolo[1,2-b]phthalazine-1,6,11-trione",Pseudomonas chlororaphis,0,151,126
Ferulic Acid,Human herpesvirus 1 ,0,736,87
"(5Z)-2-(1,1-dichloro-3,3-dimethylbutyl)-5-{[4-(trifluoromethyl)phenyl]methylidene}-1,3-oxazolidin-4-one",Aquifex aeolicus,0,81,13
Furanone C-30,Acinetobacter nosocomialis,0,753,3
(2E)-1-[4 -(1H-imidazol-1-yl)phenyl]-3-(2-naphthyl)-2-propen-1-one,Enterococcus faecalis,1,30,66
Phenanthrene,Escherichia coli,1,1088,69
Oxytetracycline,Enteric bacteria and other eubacteria,1,1056,59
Hinokitiol,Enteric bacteria and other eubacteria ,0,804,60
Pefloxacin,Providencia stuartii,0,1070,123
G H12,Chromobacterium violaceum,0,763,42
Sage oil,Streptococcus pneumoniae,0,1179,158
3-(2-Pyridinyl)alanine,Staphylococcus aureus,1,266,141
Rosoxacin,Escherichia coli,1,1160,69
Indol AHL,Varicella-zoster virus,0,826,172
"(5E)-5-dodecylidene-1,3-thiazolidine-2,4-dione",Candida albicans,1,73,34
Brecanavir,Eggerthella lenta,0,493,57
D-tert-Leucine,Helicobacter pylori ,0,645,82
4-bromo-5-(dibromomethylene)-3-(1-bromoethyl)-2(5H)-furanone,Influenza B virus,0,347,96
Chrysin,Salmonella Typhi,0,580,132
Copper sulfate,Enterobacter ludwigi,0,614,64
Gentamicin,Candida albicans,0,779,34
DispersinB-KSL-W wound gel,Enterococcus faecalis,0,687,66
"Ethane-1,2-diamine",Candida albicans,0,720,34
"(2E)-1-(2 ,4 ,5 -trimethoxyphenyl)-3-(2-chloro-6-methoxy-quinolin-3-yl)-2-propen-1-one",Pseudomonas libaniensis,0,19,129
Oxyresveratrol,Streptococcus mutans,0,1055,155
Thymol,Streptococcus mutans,1,1270,155
Chitosan,Aspergillus fumigatus,1,573,15
"N-((2R,3R,4S,5S,6R)-2,4,5-Trihydroxy-6-(hydroxymethyl)tetrahydro-2H-pyran-3-yl)octanamide",Thermus thermophilus,0,969,168
Tannic acid,Enterococcus faecium,0,1245,67
"(2S,3R,4S,5S,6R)-6-(Acetoxymethyl)-3-(3-oxooctanamido)tetrahydro-2H-pyran-2,4,5-triyl triacetate",Mycobacterium smegmatis,0,63,112
Cefoperazone,Enteric bacteria and other eubacteria ,0,551,60
alpha-costic acid,Candida albicans,1,1340,34
Raspberry KAS 434,Actinoplanes missouriensis,0,1145,8
"13-{8-methoxy-[1,2,3,4]tetrazolo[1,5-a]quinolin-4-yl}-3,3-dimethyl-1H,2H,3H,4H,6H,11H,13H-indazolo[1,2-b]phthalazine-1,6,11-trione",Candida albicans,1,159,34
4-nitro-cinnamaldehyde,Bacteroides,0,358,22
Sulfathiazole,Dihydropteroate synthase type-1,0,1235,55
Cecropin (1-7)-melittin A (2-9) amide,Human herpesvirus 1 ,0,534,87
Bismuth oxide nanoparticle,Porphyromonas gingivalis,0,492,119
Losartran,Dengue Virus Type 2,0,907,53
3-Methoxy-D-Phenylalanine,Proteus mirabilis,0,286,121
YC-1 compound,Staphylococcus equorum,0,1322,148
Hesperidin,Escherichia coli,1,799,69
Monensin sodium salt,Fusarium solani,0,944,75
Zidovudine,Fusarium solani,0,1327,75
"Triethyl[2-({10,15,20,24,26,29,31,33,34-nonakis[3-(triethylphosphaniumyl)propoxy]hexacyclo[21.2.2.2,.2,.2,.2]pentatriaconta-1(25),3(35),4,6(34),8,10,13,15,18,20,23,26,28,30,32-pentadecaen-4-yl}oxy)ethyl]phosphanium decabromide",Staphylococcus aureus,1,1286,141
D-tert-Leucine,Staphylococcus epidermis,1,645,147
Rifabutin,Escherichia coli,1,1152,69
Fraxin,Escherichia coli O6:H1 (strain CFT073 / ATCC 700928 / UPEC),0,750,71
Dalbavancin,Burkholderia cenocepacia,0,653,28
"Dihydroxybenzoic Acid (2,3-DHBA)",Enterococcus faecium,0,679,67
Dimethyl Sulfoxide,Actinoplanes missouriensis,0,682,8
Norspermidine,Eikenella corrodens,0,1031,58
(R)-2-Amino-3-biphenyl-3-yl-propionic acid,Pseudomonas libaniensis,0,92,129
Djenkolic acid,Actinomyces oris,1,689,7
Fluconazole,Candida albicans,1,743,34
S-(4-tolyl)-L-cysteine,Streptococcus sanguis,1,1167,163
Cobalt Ion,Hepatitis B virus D,0,608,83
Silver Ion,Bacteroides,0,1192,22
Sulfathiazole,Sphingomonas sp. Ibu-2,0,1235,139
Usnic acid,Influenza B virus,0,1304,96
Holothuroidin 1,Coagulase- negative staphylococci,0,806,49
Sennidin A,Enterococcus gallinarum,0,1188,68
Protamine sulphate,Hepatitis C virus,0,1118,86
DJK5,Salmonella enterica,1,649,133
Cyclacillin,Bacteroides eggerthii,0,621,23
Benzalacetone,Vibrio harveyi,1,471,176
O-LF11-215,Streptococcus salivarius,0,1035,161
Cefacetrile,Escherichia coli,1,536,69
Mucochloric acid,Bacillus subtilis,1,948,21
Irinotecan,Burkholderia cenocepacia,0,835,28
Besifloxacin,Aggregatibacter actinomycetemcomitans,0,483,11
Enoxacin,Aspergillus niger,0,704,16
Piperacillin,Streptococcus pneumoniae,1,1102,158
lin-SB056-1,Pseudomonas aeruginosa,1,1371,125
Ceftazidime,Providencia stuartii,1,560,123
N-(2-Pyrimidinyl)butanamide,Human respiratory syncytial virus B,0,973,94
Sodium ascorbate,Pseudomonas aeruginosa,1,1208,125
Asperdiol acetate,Enterococcus faecalis,0,447,66
Hamamelitannin,Burkholderia cenocepacia,1,794,28
3-oxo-C6-HSL,Aeromonas sobria,1,302,10
C8-HSL,Staphylococcus equorum,0,508,148
Telekin,Pseudomonas fluorescens,0,1253,127
(2S)-2-amino-4-bromopent-4-enoic acid,Bacillus amyloliquefaciens,0,55,17
Zotepine,Candida albicans,1,1334,34
VS2,Streptococcus sobrinus,0,1305,164
2-(2-(2-Azidoacetamido)-5-nitrophenyl)-2-oxo-N-(prop-2-yn-1-yl)acetamide,Hepatitis C virus,0,184,86
"2-(4,5-dibromo-1-methyl-1H-pyrrol-2-yl)-5-(4-methoxyphenyl)-1,3,4-oxadiazole",Obesumbacterium proteus,0,193,115
"(2S,3R,4S,5S,6R)-6-(Acetoxymethyl)-3-(2-(4-bromophenyl)acetamido)tetrahydro-2H-pyran-2,4,5-triyl triacetate",Pseudomonas aeruginosa,1,58,125
Salicylic acid,Vibrio cholerae,0,1181,175
(Z)-3-bromo-5-(bromomethylene) furan-2(5H)-one,Staphylococcus epidermidis,1,100,146
Daclatasvir,Dihydropteroate synthase type-1,0,651,55
Clavulanate ,Staphylococcus aureus,1,598,141
D-Alanine,Sphingomonas sp. Ibu-2,0,629,139
Butoconazole,Cryptococcus neoformans,0,500,52
Human beta-defensin 3,Hafnia alvei,0,809,79
1-(6-aminopyridin-3-yl)ethan-1-one,Micrococcus luteus,0,128,108
Asperdiol acetate,Francisella novicida,0,447,74
2-(2-(2-Azidoacetamido)-5-nitrophenyl)-2-oxo-N-(prop-2-yn-1-yl)acetamide,Pseudomonas aeruginosa,1,184,125
Tenofovir,Cronobacter sakazakii,0,1256,51
Pa-MAP,Escherichia coli,1,1063,69
Tellurite,Candida tropicalis,0,1255,41
Azithromycin,Streptococcus oralis,0,456,156
Prolificin A,Staphylococcus aureus,1,1115,141
Titanium dioxide,Escherichia coli O6:H1 (strain CFT073 / ATCC 700928 / UPEC),0,1278,71
Penciclovir,Corynebacterium ammoniagenes,0,1073,50
Norbgugaine 12,Enterococcus faecium,0,1027,67
"2-(4,5-dibromo-1-methyl-1H-pyrrol-2-yl)-5-(phenylthio)-1,3,4-oxadiazole",Streptococcus epidermidis,1,196,152
Oxiconazole nitrate,Burkholderia multivorans,0,1054,30
Fenclonine,Campylobacter jejuni,0,733,33
3-(2-Naphthyl)-D-alanine,Bacillus cereus,0,264,19
7P-AC,Streptococcus sobrinus,0,410,164
Phenanthrene,Proteus mirabilis,1,1088,121
Cefepime ,Chromobacterium violaceum,0,546,42
Isosinensetin,Burkholderia pseudomallei,0,846,31
"2,4-Dimethylphenylalanine",Raoultella ornithinolytica,0,175,131
Ethylenediametetraacetic acid,Streptococcus salivarius,0,724,161
Ticarcillin,Marinobacter hydrocarbonoclasticus,0,1271,107
Fosaphenytoin,Mycobacterium smegmatis,0,747,112
14-alpha-lipoyl andrographolide,Clostridium pasteurianum,0,162,46
"1-[2-(3,5-dichlorophenyl)-5-(3,4,5-trimethoxyphenyl)-1,3,4-oxadiazol-3(2H)-yl]ethanone",Staphylococcus epidermidis,1,133,146
Dibenzyl sulphide,Burkholderia thailandensis,0,672,32
2-amino-6-fluorobenzoic acid,Burkholderia cenocepacia,1,234,28
(2R)-2-amino-3-[(4-methylphenyl)methanesulfinyl]propanoic acid,Streptococcus sanguis,1,46,163
cyclo(Trp-Ser),Escherichia coli ,0,1357,70
"2-(4,5-dibromo-1-methyl-1H-pyrrol-2-yl)-5-styryl-1,3,4-oxadiazole",Enterobacter ludwigi,0,199,64
6-Chloroindole,Staphlococcus aureus,0,391,140
Cloxacillin,Helicobacter pylori ,0,606,82
Hypericin,Bacteroides,0,812,22
Zinc,Bacteroides,0,1328,22
lin-SB056,Coagulase- negative staphylococci,0,1370,49
Tipranavir ,Pseudomonas fluorescens,0,1277,127
"N-((2R,3R,4S,5S,6R)-2,4,5-Trihydroxy-6-(hydroxymethyl)tetrahydro-2H-pyran-3-yl)hexanamide",Streptococcus sanguinis,0,968,162
Streptorubin B,Escherichia coli ,0,1217,70
"N 3-(2-thienylcarbonyl)-4-bromo-1,5-dimethyl-1H-pyrazole-3-carbohydrazide",Staphlococcus aureus,0,964,140
"(1R,3S,7R,8S,11S,12R)-3-hydroxy-1,4,8-trimethyl-12-(propan-2-yl)tricyclo[9.3.0.0]tetradec-4-en-6-one",Human parainfluenza virus type 2,0,8,93
Yohimbine hydrochloride,Staphylococcus capitis,0,1323,142
(RW)2-NH2,Escherichia coli,1,95,69
"(2S,3R,4S,5S,6R)-6-(Acetoxymethyl)-3-octanamidotetrahydro-2H-pyran-2,4,5-triyl triacetate",Aggregatibacter actinomycetemcomitans,0,67,11
Resveratrol,Cryptococcus neoformans,0,1148,52
6-Bicyclic brominated furanones,Vibrio vulnificus,0,390,178
"2,4-Dichlorophenylalanine",Hepatitis C virus,0,173,86
"13-{8-methoxy-[1,2,3,4]tetrazolo[1,5-a]quinolin-4-yl}-3,3-dimethyl-1H,2H,3H,4H,6H,11H,13H-indazolo[1,2-b]phthalazine-1,6,11-trione",Escherichia coli,0,159,69
7-nitroindole,Campylobacter jejuni,0,409,33
4-Bromo-D-phenylalanine,Staphylococcus aureus,1,322,141
KABT-AMP,Candida krusei,0,852,38
3-(3-fluorophenyl)-5-(3-ethoxy-4-hydroxybenzylidene)-2-thioxothiazolidin-4-one,Enterococcus faecalis,1,270,66
Cephaloglycin,Pseudomonas libaniensis,0,567,129
"2-(4,5-dibromo-1-methyl-1H-pyrrol-2-yl)-5-(pyridin-4-yl)-1,3,4-oxadiazole",Streptococcus epidermidis,1,197,152
Zanamivir,Influenza B virus,1,1325,96
4-Benzyl-sulfonyl-5-hydroxy-3-chloro-2(5H)-furanone,Vibrio cholerae,0,320,175
Grepafloxacin,Helicobacter pylori ,0,788,82
LF11-322,Hepatitis B virus F,0,881,84
RK-19,Proteus mirabilis,0,1138,121
Hepcidin 20,Burkholderia thailandensis,0,795,32
"2-(4-(Trifluoromethyl)phenyl)-N-((2R,3R,4S,5S,6R)-2,4,5-trihydroxy-6-(hydroxymethyl)tetrahydro-2H-pyran-3-yl)acetamide",Salmonella Typhi,0,201,132
Macromomycin B,Helicobacter pylori ,0,918,82
Cerulenin,Vibrio vulnificus,0,568,178
Framycetin,Hepatitis B virus D,0,749,83
Caffeine,Clostridium bacilli,0,517,44
Coumarin,Human herpesvirus 4,0,616,89
(R)-2-Amino-3-biphenyl-3-yl-propionic acid,Baker's yeast,0,92,27
Amlodipine,Clostridium leptum,0,434,45
5-(dibromomethylene)-3-(1-acetoxyethyl)-2(5H)-furanone,Streptococcus gordonii,0,368,153
Tiliroside,Staphylococcus aureus,1,1273,141
IDR-1018,Aspergillus fumigatus,0,814,15
Praziquantel,Propionibacterium acnes,0,1113,120
Pentamethoxyflavone,Streptococcus pyogenes,0,1083,160
3-Nitro-D-tyrosine,Streptococcus pyogenes,0,289,160
Chlorhexidine acetate,Raoultella ornithinolytica,0,576,131
4-Acetamido-D-phenylalanine,Staphylococcus aureus,1,317,141
Quercetin,Staphylococcus epidermis,0,1127,147
Tobramycin,Staphylococcus aureus,1,1279,141
Tangeretin,Geobacillus kaustophilus,0,1243,77
Chlorhexidine,Streptococcus mutans,1,575,155
CSP,Streptococcus sanguinis,1,512,162
Silver sulfadiazine,Bacteroides vulgatus,0,1197,26
Tellurite,Human respiratory syncytial virus B,0,1255,94
Streptorubin B,Klebsiella pneumoniae,0,1217,99
4-bromo-5-(bromomethylene)-3-(1-bromobutyl)-2(5H)-furanone,Campylobacter jejuni,0,344,33
NA-CATH-ATRA1-ATRA1,Acinetobacter nosocomialis,0,998,3
FS8,Listeria monocytogenes serotype 4a,0,730,105
Flavonoids 3,Vibrio harveyi,1,738,176
CSP,Aggregatibacter actinomycetemcomitans,0,512,11
epsilon-Polylysine,Mycobacterium smegmatis,0,1364,112
Cloxacillin,Streptococcus pneumoniae serotype 4,1,606,159
Pro-Gly,Stenotrophomonas maltophilia,0,1114,151
C16G2,Streptococcus sanguinis,1,505,162
Autoinducer-2,Staphylococcus epidermidis,1,452,146
Bedaquiline,Candida dubliniensis,0,470,35
Streptomycin,Staphylococcus aureus,1,1216,141
TZD-C8,Serratia liquefaciens,0,1241,135
Brecanavir,Burkholderia cenocepacia,0,493,28
Lys-a1,Pichia anomala,0,910,117
Isobutanol,Enterococcus faecium,0,837,67
Emtricitabine,Burkholderia cepacia,0,701,29
N -(pyridin-3-yl-methylene)benzohydrazide,Streptococcus mutans,1,962,155
Epigallocatechin Gallate,Staphylococcus epidermidis,1,710,146
Heptadecanoic acid,Klebsiella planticola,0,796,98
Lys-a1,Streptococcus sanguinis,1,910,162
CWR11,Pseudomonas aeruginosa,1,514,125
Cinnamaldehyde,Vibrio cholerae,1,585,175
Gallium Nitrate,Escherichia coli,1,770,69
Silybin,Acinetobacter sp.,0,1199,5
"4-Phenyl-N-((2R,3R,4S,5S,6R)-2,4,5-trihydroxy-6-(hydroxymethyl)tetrahydro-2H-pyran-3-yl)butanamide",Streptococcus oralis,0,340,156
"3-(2-Furylmethyl)-2-{[(5-hydroxy-1H-pyrazol-3-yl)methyl]sulfanyl}-3,5,6,7-tetrahydro-4H-cyclopenta[4,5]thieno[2,3-d]pyrimidin-4-one",Salmonella enterica,1,263,133
Bedaquiline,Acinetobacter oleiovorans,0,470,4
"2,2 -Dipyridyl",Amycolatopsis orientalis,0,168,12
Furanone-2,Lysinibacillus sphaericus,0,755,106
(E)-3-Decen-2-one,Obesumbacterium proteus,0,89,115
Telekin,Halomonas pacifica,0,1253,81
1-(4-methoxyphenyl)-3-m-tolyurea,Streptococcus mutans,1,126,155
Chrysin,Hafnia paralvei,0,580,80
Diazepam,Serratia marcescens,0,670,136
4-dimethyl-amino-cinnamaldehyde,Vibrio anguillarum,1,353,173
Indinavir,Human immunodeficiency virus 1,1,824,92
Tyrphostin 9,Pichia anomala,0,1296,117
[(ethanesulfinyl)sulfanyl]ethane,Streptococcus mutans,1,1335,155
4-Iodo-d-phenylalanine,Staphylococcus epidermis,1,334,147
Glycomonoterpenes (G-citron),Streptococcus salivarius,0,786,161
Toremifene,Candida albicans,1,1282,34
Cefepime,Candida spp.,1,545,40
1-(4-chlorophenyl)-3-p-tolyurea,Streptococcus mutans,1,125,155
Cerulenin,Enteric bacteria and other eubacteria,0,568,59
(Z)-3-(bromomethylene) isobenzofuran-1(3H)-one,Staphylococcus epidermidis,1,99,146
Hexameric peptide,Salmonella Typhi,0,802,132
5-fluorooxiindole,Pantoea agglomerans,0,385,116
4-Methoxycarbonylphenylboronic acid,Vibrio cholerae,1,335,175
Phosphate,Escherichia coli,1,1096,69
"2-(4,5-dibromo-1-methyl-1H-pyrrol-2-yl)-5-(2,4-dichlorophenyl)-1,3,4-oxadiazole",Staphylococcus aureus,1,192,141
Pyrvinium pamoate,Plasmodium falciparum,0,1126,118
Myristic acid,Klebsiella pneumoniae,1,952,99
Ciprofloxacin lactate,Streptococcus sanguis,0,591,163
Sodium Chloride,Vibrio cholerae,0,1207,175
sorivudine,Bacteroides,1,1388,22
4-methoxy-cinnamaldehyde,Vibrio anguillarum,1,357,173
Oregano oil,Trueperella pyogenes,0,1050,171
S-carboxylmethyl-L-cysteine,Salmonella enterica,0,1169,133
"5,8,11,14-Eicosatetraynoic acid",Amycolatopsis orientalis,0,365,12
"3,4-Dimethoxychalcone",Bacteroides vulgatus,0,255,26
4-bromo-5-(bromomethylene)-3-(1-acetoxybutyl)-2(5H)-furanone,Candida tropicalis,0,343,41
Carnitine hydrochloride,Streptococcus mutans,1,527,155
Wheat bran,Proteus vulgaris,0,1321,122
LL-19,Enterobacteria phage T4,0,885,65
L-carnosine,Streptococcus sanguis,1,873,163
para-ethylaniline,Streptococcus salivarius,0,1384,161
Ciprofloxacin,Escherichia coli,1,590,69
Baicalein,Burkholderia cenocepacia,1,468,28
(2R)-2-amino-3-(2-phenylethanesulfinyl)propanoic acid,Streptococcus mutans,1,42,155
KD-13,Burkholderia pseudomallei,1,853,31
5-(dibromomethylene)-3-ethyl-2(5H)-furanone,Cryptococcus neoformans,0,372,52
Limonene,Streptococcus mutans,1,899,155
Capreomycin,Clostridium bacilli,0,521,44
Pivmecillinam,Arthrobacter sp. ,0,1105,14
"1-[2-(3,5-dichlorophenyl)-5-(3,4,5-trimethoxyphenyl)-1,3,4-oxadiazol-3(2H)-yl]ethanone",Streptococcus mutans,1,133,155
3-chloro-5-hydroxy-4-[(4-methylphenylsulfonyl)]-2(5H)-furanone,Acinetobacter sp.,0,294,5
CRAMP,Burkholderia cepacia,0,511,29
"1-{6-nitro-4-phenyl-2-[(E)-2-(3,4,5-trimethoxyphenyl)ethenyl]quinolin-3-yl}ethan-1-one",Pseudomonas aeruginosa,1,144,125
3-hexyl-5-bromomethylene-2(5H)-furanone,Aspergillus fumigatus,0,299,15
3-Methyl-D-phenylalanine,Vibrio cholerae,0,288,175
Arbekacin,Aquifex aeolicus,0,445,13
D-tert-Leucine,Influenza B virus ,0,645,97
RTA3,Burkholderia pseudomallei,1,1143,31
2-geranyloxy-1-(2-methylpropanoyl)phloroglucinol,Burkholderia multivorans,0,240,30
Stavudine,Arthrobacter sp. ,0,1213,14
N-Acetylcysteine,Streptococcus pyogenes,1,984,160
Irinotecan,Proteus vulgaris,0,835,122
Pyrazinamide,Clostridium perfringens ,0,1122,48
(2R)-2-amino-3-[(4-methylphenyl)methanesulfinyl]propanoic acid,Obesumbacterium proteus,0,46,115
"3,4-Dichloro-cinnamaldehyde",Vibrio cholerae,1,253,175
epsilon-Polylysine,Staphylococcus epidermidis,0,1364,146
"(E)-1-[6-[(3-acetyl-2,4,6-trihydroxy-5-methylphenyl)methyl]-5,7-dihydroxy-2,2-dimethyl-2H-1-benzopyran-8-yl]-3-phenyl-2-propen-1-one",Candida parapsilosis,0,88,39
HA14-1,Desulfovibrio africanus,0,790,54
"3,4-Dichlorophenylalanine",Enterobacter cloacae,0,254,63
Hetacillin,Enteric bacteria and other eubacteria,0,800,59
NA12,Streptococcus salivarius,0,1000,161
Indole,Coagulase- negative staphylococci,0,827,49
"3,5-Diiodotyrosine",Staphylococcus aureus,1,257,141
4-dimethyl-amino-cinnamaldehyde,Enterococcus faecalis,0,353,66
1-(4-amino-2-hydroxyphenyl)ethan-1-one,Hepatitis C virus,0,123,86
"O-(2,6-Dichlorobenzyl)-D-tyrosine",Clostridium pasteurianum,0,1034,46
"(R)-2,3-Diaminopropanoic acid",Haemophilus influenzae,0,91,78
4-bromo-5-(bromomethylene)-3-butyl-2(5H)- furanone,Bacillus subtilis,1,345,21
Mucobromic acid,Human immunodeficiency virus 1,0,947,92
TZD-C8,Enterobacter cancerogenus,0,1241,62
Ganciclovir,Desulfovibrio africanus,0,774,54
"1-(2-Chloroacetyl)-5-methylindoline-2,3-dione",Pseudomonas aeruginosa,1,120,125
Palmitic acid,Listeria monocytogenes,0,1065,104
11(R)-hydroxy-12(20)-en-knightal,Listeria monocytogenes,0,147,104
3-fluoroaniline,Corynebacterium ammoniagenes,0,295,50
Dirithromycin,Candida krusei,0,686,38
knightine,Vibrio harveyi,1,1369,176
4-Bromo-D-phenylalanine,Staphylococcus epidermis,1,322,147
S-(2-thiazoyl)-L-cysteine,Corynebacterium ammoniagenes,0,1165,50
"3-(2-Furylmethyl)-2-{[(5-hydroxy-1H-pyrazol-3-yl)methyl]sulfanyl}-3,5,6,7-tetrahydro-4H-cyclopenta[4,5]thieno[2,3-d]pyrimidin-4-one",Pseudomonas aeruginosa,1,263,125
Platyphylloside,Salmonella Typhi,0,1106,132
Neohesperidin,Influenza A virus ,0,1013,95
4-Br-PHL,Actinobacillus actinomycetemcomitans,0,321,6
Epigallocatechin Gallate,Pseudomonas japonica,1,710,128
Erythromycin,Pseudomonas putida,0,713,130
M8-33,Bacillus anthracis,0,912,18
(E)-Chalcone,Pseudomonas aeruginosa,0,90,125
Zinc Nitrate,Staphylococcus equorum,0,1330,148
N-Acetylcysteine,Mycobacterium smegmatis,1,984,112
beta-Caryophyllene,Pantoea agglomerans,0,1345,116
Tipranavir ,Staphylococcus equorum,0,1277,148
N-Nonanoyl-cyclopentylamide,Gardnerella vaginalis,0,987,76
alpha-pinene,Escherichia coli,0,1342,69
(2S)-2-amino-3-(4-tert-butylphenyl)propanoic acid,Achromobacter sp.,0,53,0
3-(Trifluoromethyl)phenylalanine,Gardnerella vaginalis,0,275,76
Terconazole,Proteus vulgaris,0,1257,122
GW-9662,Candida albicans,1,768,34
Rutin,Burkholderia thailandensis,0,1163,32
"1-[2-(3,5-dichlorophenyl)-5-(3,4,5-trimethoxyphenyl)-1,3,4-oxadiazol-3(2H)-yl]ethanone",Pseudomonas aeruginosa,1,133,125
Monensin sodium salt,Candida albicans,1,944,34
Cefoperazone,Dengue Virus Type 2,0,551,53
Amikacin,Trueperella pyogenes,0,430,171
Clofazimine,Geobacillus kaustophilus,1,602,77
Clarithromycin,Streptomyces gordonii,0,595,165
S-ethyl-L-cysteine,Streptococcus sanguis,1,1170,163
"4-(2-(5-(4,5-dibromo-1-methyl-1H-pyrrol-2-yl)-1,3,4-oxadiazol-2-yl)vinyl)-2-methoxyphenol",Streptococcus pneumoniae serotype 4,0,312,159
Povidone Iodine,Sphingomonas sp. Ibu-2,0,1112,139
"N-((2R,3R,4S,5S,6R)-2,4,5-Trihydroxy-6-(hydroxymethyl)tetrahydro-2H-pyran-3-yl)hexanamide",Pseudomonas aeruginosa,1,968,125
"2-(2,4-difluorophenyl)-1,3-bis(1H-1,2,4-triazol-1-yl)propan-2-yl (2E)-3-phenylprop-2-enoate",Enteric bacteria and other eubacteria,0,180,59
O-Methyl-D-tyrosine,Staphylococcus epidermis,1,1037,147
Chloramphenicol,Escherichia coli,1,574,69
"N1-[7-(trifluoromethyl)quinolin-4-yl]dodecane-1,12-diamine",Pseudomonas fluorescens,0,994,127
Zotepine,Bacillus licheniformis,0,1334,20
"1,3-dimethyl-6-(4-methylphenyl)-5-[3-(4-nitrophenyl)-1-phenyl-1H-pyrazol-4-yl]-1H,2H,3H,4H,5H,6H-pyrimido[4,5-d][1,3]diazine-2,4-dione",Bacillus subtilis,1,118,21
Isatin,Pseudomonas aeruginosa,1,836,125
(2Z)-N-hexyl-2-hydroxy-3-[4-(trifluoromethyl)phenyl]prop-2-enamide,Obesumbacterium proteus,0,68,115
Cyanidin,Klebsiella pneumoniae,1,620,99
(2R)-2-amino-3-(thiophene-2-sulfinyl)propanoic acid,Enterococcus faecium,0,44,67
Glycomonoterpenes (G-citral),Pseudomonas aeruginosa,1,785,125
(RW)3-NH2,Bacteroides vulgatus,0,96,26
Mustard oil,Shewanella oneidensis,0,949,137
C6-HSL,Burkholderia cenocepacia,0,507,28
Sulbactam,Staphylococcus aureus,1,1220,141
Butein,Burkholderia thailandensis,0,498,32
RTA3,Human respiratory syncytial virus B,0,1143,94
Hesperidin,Yersinia enterocolitica,1,799,179
Cefpodoxime,Enterobacter cloacae,0,558,63
4-bromo-5-(bromomethylene)-3-(1-(2-(2-(2-azidoethoxy)ethoxy)ethoxy)butyl)-2(5H)-furanone,Klebsiella planticola,0,342,98
Furvina,Pseudomonas aeruginosa,1,760,125
Penicillenol C2,Haemophilus influenzae,0,1079,78
Ferulic Acid,Aspergillus niger,0,736,16
"(5E)-5-undecylidene-1,3-thiazolidine-2,4-dione",Eikenella corrodens,0,76,58
Apigenin,Vibrio harveyi,1,443,176
Clindamycin,Pseudomonas fluorescens,0,599,127
Losartran,Bacillus subtilis,1,907,21
"Trimethyl[3-({33-[2-(trimethylazaniumyl)ethoxy]-10,15,20,25,27,29,31,34-octakis[3-(trimethylazaniumyl)propoxy]hexacyclo[21.2.2.2,.2,.2,.2]pentatriaconta-1(25),3,5,8,10,13,15,18,20,23,26,28,30,32,34-pentadecaen-4-yl}oxy)propyl]azanium decabromide",Streptococcus oralis,0,1293,156
Terpinene-4-ol,Escherichia coli,1,1258,69
Fosamprenavir,Human immunodeficiency virus 1,1,746,92
Cephaloglycin,Pseudomonas fluorescens,0,567,127
sorivudine,Bacteroides vulgatus,1,1388,26
4-methoxy-cinnamaldehyde,Sphingomonas sp. Ibu-2,0,357,139
Minocycline,Propionibacterium acnes,1,942,120
D-Asparagine,Staphylococcus epidermis,1,630,147
7-hydroxyindole,Bacteroides eggerthii,0,406,23
Isopropanol,Enterobacter cloacae,0,843,63
Nystatin,Pseudomonas japonica,0,1033,128
Nitrofurantoin,Escherichia coli,1,1023,69
L-pipecolic acid,Bacteroides fragilis,0,877,24
Heptamethoxyflavone,Escherichia coli,1,797,69
Aminocyclopropane,Enteric bacteria and other eubacteria ,0,432,60
Sinefungin,Streptococcus pneumoniae,1,1202,158
Carabrol,Porphyromonas gingivalis,0,522,119
3-Carbamoylphenylalanine,Escherichia coli,0,279,69
Betulin,Citrobacter freundii,0,484,43
Methyl gallate,Enterococcus faecalis,1,933,66
Ferulic Acid,Staphlococcus aureus,0,736,140
Myricetin,Plasmodium falciparum,0,950,118
Lipoic acid,Pseudomonas aeruginosa,1,902,125
Hydrogen peroxide,Mycobacterium avium,0,811,110
NaCl,Marinobacter hydrocarbonoclasticus,0,1007,107
Ceforanide,Propionibacterium acnes,0,552,120
Indolicidin,Staphylococcus aureus,1,833,141
Pentagalloylglucose,Mycobacterium leprae,0,1082,111
Baicalin,Propionibacterium acnes,0,469,120
Latamoxef,Eikenella corrodens,0,894,58
CRAMP,Streptococcus pneumoniae serotype 4,0,511,159
(2R)-2-amino-3-[(4-chlorophenyl)methanesulfinyl]propanoic acid,Actinomyces oris,1,45,7
"(2E)-1-(3 ,4 ,5 -trimethoxyphenyl)-3-(2-naphthyl)-2-propen-1-one",Pseudomonas aeruginosa,1,24,125
Betulin,Serratia marcescens,1,484,136
Silver Ion,Bacillus amyloliquefaciens,0,1192,17
Nisin,Escherichia coli,0,1020,69
"F2,5,12W",Pseudomonas putida,0,728,130
Mucobromic acid,Human herpesvirus 4,0,947,89
3-chloro-5-hydroxy-4-[(4-methylphenylsulfanyl)]-2(5H)-furanone,Clostridium perfringens ,0,293,48
3-chloro-5-hydroxy-4-[(4-methylphenylsulfonyl)]-2(5H)-furanone,Bacillus subtilis,1,294,21
Tea tree oil,Dihydropteroate synthase type-1,0,1249,55
Triclosan,Streptococcus sanguinis,0,1284,162
Apigenin,Arthrobacter sp. ,0,443,14
Clofazimine,Bacteroides eggerthii,0,602,23
D-Proline,Hepatitis C virus,0,640,86
Limonene,Streptococcus mitis,1,899,154
(2-methyl-5-nitro-1H-imidazol-1-yl)methyl (2E)-3-phenylprop-2-enoate,Streptococcus pneumoniae serotype 4,0,14,159
Midazolam,Bacillus cereus,0,941,19
2(5H)-furanone,Actinoplanes missouriensis,0,167,8
Di-MB-LF11-215,Pseudomonas aeruginosa,1,667,125
4-Bromo-D-phenylalanine,Candida parapsilosis,0,322,39
"1,3-bis[3-chloro-5-(1,3-dichloropropane-2-yloxy)-2(5H)-furanone-4-ylsulfonyl]propane",Citrobacter freundii,0,115,43
Esomeprazole,Burkholderia cepacia,0,718,29
Ursolic Acid,Mycobacterium leprae,0,1302,111
Elliptophenone A,Candida krusei,0,699,38
cov-GL13K,Candida dubliniensis,0,1356,35
"N-((2R,3R,4S,5S,6R)-2,4,5-Trihydroxy-6-(hydroxymethyl)tetrahydro-2H-pyran-3-yl)octanamide",Pseudomonas aeruginosa,1,969,125
Caffeic Acid,Staphylococcus saprophyticus,0,516,150
Timolol,Enterobacteria phage T4,1,1274,65
Ceftobiprole,Escherichia coli,1,563,69
Benzophenonyl decyl beta-maltoside,Pseudomonas aeruginosa,1,478,125
Hetacillin,Streptococcus pneumoniae,1,800,158
Octadecyl gallate,Streptococcus pneumoniae serotype 4,0,1041,159
NaCl,Providencia stuartii,0,1007,123
Desipramine,Streptococcus epidermidis,0,665,152
Tannic acid,Escherichia coli,1,1245,69
Norgestimate,Aggregatibacter actinomycetemcomitans,0,1029,11
Carvacrol,Pseudomonas aeruginosa,1,529,125
Sucrose,Campylobacter jejuni,1,1219,33
"2-(4,5-dibromo-1-methyl-1H-pyrrol-2-yl)-5-(4-methoxyphenyl)-1,3,4-oxadiazole",Candida guiliermondi,0,193,37
Hepcidin 20,Micrococcus luteus,0,795,108
RTA3,Human herpesvirus 4,0,1143,89
Ciprofloxacin ,Influenza B virus ,0,592,97
4-tertiary butyl benzyl dodecyl beta-maltoside,Vibrio harveyi,0,361,176
(Z)-4-bromo-5-(bromomethylene)-3-(1-bromobutyl)-2(5H)-furanone,Salmonella enterica,1,101,133
6-Gingerol,Streptococcus sanguis,0,393,163
(1Z)-ethylidene-lambda4-sulfanyliumolate,Streptococcus mutans,1,12,155
3-hexyl-5-bromomethylene-2(5H)-furanone,Salmonella enterica,1,299,133
Delavirdine,Lysinibacillus sphaericus,0,661,106
den-SB056-1,Eikenella corrodens,0,1362,58
Terconazole,Influenza B virus ,0,1257,97
Cefepime ,Escherichia coli,1,546,69
Ribavirin,Burkholderia multivorans,0,1151,30
Phenytoin,Candida albicans,1,1093,34
Tet-26,Eubacterium ramulus,0,1262,72
Cathelicidin,Pseudomonas aeruginosa,1,533,125
4-bromo-5-(bromomethylene)-3-butyl-2(5H)- furanone,Staphylococcus epidermidis,1,345,146
Silver nitrate,Pseudomonas putida,0,1196,130
Furanone F202,Staphylococcus aureus,0,754,141
Seg6D,Vibrio campbellii,0,1186,174
Phloretin,Bacillus anthracis,0,1094,18
Trimethyl(3-{4-[3-(trimethylphosphaniumyl)propoxy]phenoxy}propyl)phosphanium dibromide,Acinetobacter oleiovorans,0,1291,4
"2-bromo-4-methyl-6-(3,4,5-tribromo-1H-pyrrole-2-carbonyl)phenol",Streptococcus pneumoniae serotype 4,0,236,159
Erythromycin,Vibrio cholerae,0,713,175
D-Proline,Staphylococcus epidermis,1,640,147
Diphenyl disulphide,Enterococcus gallinarum,0,684,68
3-chloro-5-hydroxy-4-[(4-methylphenylsulfonyl)]-2(5H)-furanone,Proteus mirabilis,0,294,121
Norspermidine,Staphylococcus caprae,0,1031,143
Amphotericin B,Candida albicans,1,436,34
Lorazepam,Clostridium perfringens,0,906,47
(Z)-3-(bromomethylene) isobenzofuran-1(3H)-one,Bacillus anthracis,0,99,18
5-(dibromomethylene)-3-(1-bromoethyl)-2(5H)-furanone,Francisella novicida,0,370,74
2-(2-(2-Azidoacetamido)-5-methylphenyl)-2-oxo-N-(prop-2-yn-1-yl)acetamide,Raoultella ornithinolytica,0,183,131
"2-bromo-4-methyl-6-(3,4,5-tribromo-1H-pyrrole-2-carbonyl)phenol",Thermus thermophilus,0,236,168
Tet-213,Staphylococcus aureus,1,1261,141
BMAP-18,Streptococcus parasanguinis,0,459,157
Penicillic acid,Kocuria rhizophila,0,1080,101
"(5Z)-2-(1,1-dichloro-2-phenylethyl)-5-{[4-(trifluoromethyl)phenyl]methylidene}-1,3-oxazolidin-4-one",Acinetobacter oleiovorans,0,78,4
2-(Aminomethyl)-L-phenylalanine,Candida albicans,0,211,34
"3,3-dimethyl-13-{9-methyl-[1,2,3,4]tetrazolo[1,5-a]quinolin-4-yl}-1H,2H,3H,4H,6H,11H,13H-indazolo[1,2-b]phthalazine-1,6,11-trione",Staphylococcus epidermidis,0,249,146
Triclosan ,Escherichia coli,1,1285,69
"2-(hexylsulfonyl)-4-(1H-1,2,3-triazol-1-yl)pyrimidine",Proteus vulgaris,0,213,122
4-bromoaniline,Coagulase- negative staphylococci,0,349,49
Vancomycin,Amycolatopsis orientalis,1,1307,12
A-3,Human immunodeficiency virus,0,413,91
Oregano oil,Clostridium perfringens,0,1050,47
Luteolin,Acinetobacter sp.,0,908,5
Ethyl gallate,Enterococcus faecalis,1,722,66
Ciprofloxacin lactate,Actinoplanes missouriensis,0,591,8
Silver nanowires,Influenza B virus ,0,1195,97
Lys-a1,Mycobacterium smegmatis,0,910,112
C8-HSL,Streptococcus gordonii,0,508,153
L-Aspartate,Staphylococcus saprophyticus,1,866,150
Ajoene,Desulfovibrio africanus,0,423,54
3-(4-fluorophenyl)-5-(3-(allyloxy)-4-hydroxybenzylidene)-2-thioxothiazolidin-4-one,Enterococcus faecium,1,272,67
Penicillin G,Listeria monocytogenes,1,1081,104
Ethambutol,Influenza B virus,0,719,96
Rosmarinic acid,Burkholderia cenocepacia,0,1159,28
Telaprevir ,Eggerthella lenta,0,1252,57
Ertapenem,Haemophilus influenzae,1,711,78
L-Phenylalanine-L-Lysine,Enteric bacteria and other eubacteria ,0,871,60
Teichoplanin,Dengue Virus Type 2,0,1250,53
K4-S4,Proteus vulgaris,0,851,122
Chrysophsin-1,Pseudomonas putida,0,582,130
N-Acetylcysteine,Staphylococcus aureus,1,984,141
Rifampicin,Staphylococcus epidermidis,1,1154,146
D-2-aminoadipic acid,Staphylococcus epidermis,1,628,147
Octadecyl gallate,Escherichia coli ,0,1041,70
L-K6,Burkholderia thailandensis,0,868,32
Limonene,Bacillus cereus,1,899,19
"1,3-bis[3-chloro-5-(1,3-dichloropropane-2-yloxy)-2(5H)-furanone-4-ylsulfonyl]propane",Bacillus subtilis,1,115,21
2-Cyano-D-phenylalanine,Clostridium perfringens,0,217,47
Ceftazidime,Escherichia coli,1,560,69
Triclosan,Streptococcus mutans,1,1284,155
Ticarcillin,Streptococcus gordonii,0,1271,153
"Phenol,2,4-bis(1,1-dimethylethyl)",Francisella novicida,0,1090,74
3-(1-Naphthyl)-D-Alanine,Acinetobacter oleiovorans,0,261,4
Coumarin,Edwardsiella tarda,1,616,56
Coprinuslactone,Coagulase- negative staphylococci,0,615,49
Oleic Acid,Acinetobacter baumannii,0,1046,2
Undecanoic acid,Proteus vulgaris,1,1299,122
Ferulic Acid,Pseudomonas aeruginosa,1,736,125
Sennidin A,Pseudomonas libaniensis,0,1188,129
Zanamivir,Influenza B virus ,1,1325,97
Stavudine,Human immunodeficiency virus 1,1,1213,92
Heptadecanoic acid,Pichia anomala,0,796,117
(2R)-2-amino-5-(1-nitrocarbamimidamido)pentanoic acid,Halomonas pacifica,0,49,81
"3,3-dimethyl-13-{[1,2,3,4]tetrazolo[1,5-a]quinolin-4-yl}-2H,4H,13H-indazolo[1,2-b]phthalazine-1,6,11-trione",Streptococcus sanguinis,0,250,162
5-(dibromomethylene)-3-ethyl-2(5H)-furanone,Salmonella enterica,1,372,133
Sulfamethizole,Stenotrophomonas maltophilia,0,1230,151
Copper sulfate,Pseudomonas aeruginosa,1,614,125
Norspermidine,Vibrio anguillarum,0,1031,173
Fusidic acid,Klebsiella variicola,0,762,100
"1-(2-Chloroacetyl)indoline-2,3-dione",Human respiratory syncytial virus B,0,121,94
Voriconazole,Desulfovibrio africanus,0,1319,54
"(2E)-1-(2 ,4 ,5 -trimethoxyphenyl)-3-(2-chloro-quinolin-3-yl)-2-propen-1-one",Streptococcus mutans,1,20,155
Taurine,Neisseria gonorrhoeae,0,1246,114
D-Leucine,Staphylococcus epidermis,1,637,147
BMAP-27,Pseudomonas aeruginosa,1,460,125
4-Benzoylphenylalanine,Staphylococcus aureus,1,319,141
"(2R,3E)-2-Amino-4-phenyl-3-butenoic acid",Schistosoma,0,51,134
"2-bromo-4-methyl-6-(3,4,5-tribromo-1H-pyrrole-2-carbonyl)phenol",Staphylococcus chromogenes,0,236,144
Hamamelitannin,Vibrio vulnificus,0,794,178
P15-CSP,Eubacterium ramulus,0,1058,72
"5-octyl-1,3-thiazolidine-2,4-dione",Streptococcus salivarius,0,386,161
Emodin,Pseudomonas aeruginosa,1,700,125
"N-((1E)-{4-ethoxy-3-[(8-oxo-1,5,6,8-tetrahydro-2H-1,5-methanopyrido[1,2-a][1,5]diazocin-3(4H)-yl)methyl]phenyl}methylene)-3,4,5-trihydroxybenzohydrazide",Candida parapsilosis,0,965,39
Furanone-2,Serratia marcescens,0,755,136
Bacalin hydrate,Eubacterium ramulus,0,464,72
"1,3-dim-tolyurea",Raoultella ornithinolytica,0,116,131
Chloroxine,Streptococcus parasanguinis,0,577,157
Trimethyl(3-{4-[3-(trimethylazaniumyl)propoxy]phenoxy}propyl)azanium dibromide,Enterococcus faecalis,1,1290,66
"13-(2-chloro-6-methylquinolin-3-yl)-3,3-dimethyl-1H,2H,3H,4H,6H,11H,13H-indazolo[1,2-b]phthalazine-1,6,11-trione",Candida albicans,1,152,34
3-(4-Pyridinyl)alanine,Morganella morganii,0,271,109
Ribavirin,Geobacillus kaustophilus,0,1151,77
Tyrosol,Acinetobacter oleiovorans,0,1295,4
Piperacillin-Tazobactam,Pseudomonas libaniensis,0,1103,129
LL13-37,Pseudomonas aeruginosa,1,889,125
1-methanesulfonyl-4-methylbenzene,Escherichia coli,0,137,69
"Triethyl[2-({10,15,20,24,26,29,31,33,34-nonakis[3-(triethylphosphaniumyl)propoxy]hexacyclo[21.2.2.2,.2,.2,.2]pentatriaconta-1(25),3(35),4,6(34),8,10,13,15,18,20,23,26,28,30,32-pentadecaen-4-yl}oxy)ethyl]phosphanium decabromide",Enterococcus faecalis,1,1286,66
3-(Trifluoromethyl)phenylalanine,Campylobacter jejuni,0,275,33
4-bromo-5-(dibromomethylene)-3-ethyl-2(5H)-furanone,Salmonella enterica,1,348,133
Glycomonoterpenes (G-citron),Streptococcus gordonii,0,786,153
Peptide 1037,Klebsiella variicola,0,1087,100
"3,5-dibromotyrosined",Bacteroides,0,259,22
3-Chlorotyrosine,Salmonella Typhi,0,281,132
Delavirdine,Human immunodeficiency virus 1,1,661,92
Ellagic Acid,Staphylococcus aureus,1,698,141
Vanillin,Raoultella ornithinolytica,0,1309,131
Epigallocatechin Gallate,Candida albicans,1,710,34
"Trimethyl[2-({10,15,20,24,26,29,31,33,34-nonakis[3-(trimethylphosphaniumyl)propoxy]hexacyclo[21.2.2.2,.2,.2,.2]pentatriaconta-1(25),3(35),4,6(34),8,10,13,15,18,20,23,26,28,30,32-pentadecaen-4-yl}oxy)ethyl]phosphanium decabromide",Enterococcus gallinarum,0,1292,68
3-(2-Furyl)-D-alanine,Enterococcus faecalis,0,262,66
Imipenem,Escherichia coli,1,822,69
N-(2-oxothiolan-3-yl)butanamide,Hepatitis B virus D,0,974,83
MUC7 12-mer-L4,Clostridium perfringens,0,916,47
Butanol,Candida albicans,1,497,34
Sm6(L3)2C,Streptococcus mutans,1,1206,155
N-[(3-chloro-isoquinolin-4-yl)methylene]benzohydrazide,Pseudomonas aeruginosa,1,988,125
Epicatechin-3-gallate,Streptococcus mitis,0,708,154
Cycloserine ,Escherichia coli,1,624,69
Bromophenyl AHL,Escherichia coli O6:H1 (strain CFT073 / ATCC 700928 / UPEC),0,495,71
"(2E)-1-(2 ,4 ,5 -trimethoxyphenyl)-3-(2-chloro-quinolin-3-yl)-2-propen-1-one",Staphylococcus aureus,1,20,141
(1E)-1-{[(1E)-prop-1-ene-1-sulfinyl]sulfanyl}prop-1-ene,Proteus mirabilis,0,4,121
Sulfamethizole,Escherichia coli,1,1230,69
4-bromo-5-(bromomethylene)-3-(1-(2-(2-(2-azidoethoxy)ethoxy)ethoxy)butyl)-2(5H)-furanone,Staphylococcus epidermidis,1,342,146
CSP,Streptococcus gordonii,1,512,153
LL13-37,Klebsiella planticola,0,889,98
Ionic silver,Candida guiliermondi,0,834,37
LF11-227,Bacillus licheniformis,0,880,20
Avermectin B1a,Candida albicans,1,453,34
Isoriccardin C,Candida albicans,1,844,34
Meropenem,Cryptococcus neoformans,0,927,52
Palivizumab,Human herpesvirus 4,0,1064,89
nimesulide,Trichophyton mentagrophytes,1,1376,170
Cefmetazole,Staphylococcus aureus,1,549,141
Timolol,Candida parapsilosis,0,1274,39
cov-GL13K,Bacteroides vulgatus,0,1356,26
Cefoxitin,Staphylococcus aureus,1,556,141
BisEDT-RIP,Staphylococcus epidermidis,1,490,146
"Trimethyl[2-({10,15,20,24,26,29,31,33,34-nonakis[3-(trimethylphosphaniumyl)propoxy]hexacyclo[21.2.2.2,.2,.2,.2]pentatriaconta-1(25),3(35),4,6(34),8,10,13,15,18,20,23,26,28,30,32-pentadecaen-4-yl}oxy)ethyl]phosphanium decabromide",Klebsiella pneumoniae,0,1292,99
Lopinavir,Staphylococcus epidermis,0,905,147
Paromomycin ,Thermus thermophilus ,1,1068,169
Butenafine hydrochloride,Candida albicans,1,499,34
Triclosan ,Staphylococcus aureus,1,1285,141
OSIP108,Candida krusei,1,1040,38
2-Methoxy-4-propylphenol,Hepatitis B virus F,0,221,84
Pyrogallol,Mycobacterium tuberculosis,0,1125,113
"N-(6-tert-butyl-2,3-dihydro- 2-methylpyridazin-4-yl)-5-chlorothiophene-2-carbohydrazide",Pseudomonas japonica,0,982,128
N -(5-bromo-2-hydroxy-benzylidene)benzohydrazide,Pseudomonas aeruginosa,1,961,125
Pivampicillin,Eubacterium ramulus,0,1104,72
4-tertiary butyl benzyl decyl beta-maltoside,Pseudomonas aeruginosa,1,360,125
RK-25,Candida tropicalis,0,1139,41
Pentanol,Streptococcus salivarius,0,1084,161
Irinotecan,Streptococcus oralis,0,835,156
"2-(4,5-dibromo-1-methyl-1H-pyrrol-2-yl)-5-(ethylthio)-1,3,4-oxadiazole",Achromobacter xylosoxidans,0,194,1
Gallic Acid,Aspergillus niger,0,769,16
Di-MB-LF11-322,Firmicutes,0,668,73
Cefalonium,Raoultella ornithinolytica,0,539,131
Elemental silver,Candida tropicalis,0,697,41
N -(pyridin-3-yl-methylene)benzohydrazide,Edwardsiella tarda,0,962,56
Isoniazid ,Mycobacterium tuberculosis,1,842,113
Clarithromycin,Pseudomonas japonica,0,595,128
Toremifene,Clostridium pasteurianum,0,1282,46
Meticillin,Staphylococcus chromogenes,0,936,144
Myristic acid,Candida dubliniensis,0,952,35
Atovaquone,Bacteroides,0,450,22
Peptide 1037,Staphylococcus saprophyticus,0,1087,150
2-(2-(2-Chloroacetamido)-5-methylphenyl)-2-oxo-N-( prop-2-yn- 1-yl)acetamide,Stenotrophomonas maltophilia,0,187,151
Glipizide,Human immunodeficiency virus,0,782,91
Adamantane dodecyl beta-maltoside,Staphylococcus haemolyticus,0,421,149
(2-{[(2-phenylethyl)sulfanyl]sulfinyl}ethyl)benzene,Shigella flexneri,0,15,138
7-chloroindole,Actinoplanes missouriensis,0,401,8
Indolicidin,Enteric bacteria and other eubacteria,0,833,59
Zinc Dichloride,Staphylococcus haemolyticus,0,1329,149
3-geranyl-1-(2-methylbutanoyl)phloroglucinol,Arthrobacter sp. ,0,296,14
FV7,Escherichia coli,1,731,69
Lymecycline,Escherichia coli,1,909,69
"1,1,6,6,7,7-hexahydroxy-5,5-diisopropyl-3,3-dimethyl-2,2-binaphthalene-8,8-dicarbaldehyde",Francisella novicida,0,113,74
4-(Aminomethyl)-D-phenylalanine,Geobacillus kaustophilus,0,315,77
Bismuth oxide nanoparticle,Candida krusei,0,492,38
Isoeugenol,Burkholderia pseudomallei,0,839,31
Ciprofloxacin,Stenotrophomonas maltophilia,1,590,151
4H-tomentosin,Propionibacterium acnes,0,362,120
LF11-215,Bacillus anthracis,0,879,18
5- hydroxyethyl-3-tetradecanoyltetramic acid,Bacteroides,0,366,22
Reserpine,Streptococcus mutans,1,1146,155
(2E)-1-(4 -methoxyphenyl)-3-(2-naphthyl)-2-propen-1-one,Staphylococcus aureus,1,28,141
Zotepine,Morganella morganii,0,1334,109
alpha-costic acid,Amycolatopsis orientalis,0,1340,12
(2E)-N-[3-(1H-imidazol-1-yl)propyl]-3-phenylprop-2-enamide,Baker's yeast,0,39,27
Minocycline,Enteric bacteria and other eubacteria,1,942,59
DASamP1,Acinetobacter nosocomialis,0,647,3
1-(4-chlorophenyl)-3-p-tolyurea,Vibrio cholerae,0,125,175
"(R)-2,3-Diaminopropanoic acid",Staphylococcus epidermis,1,91,147
4-tertiary butyl benzyl decyl beta-maltoside,Pseudomonas japonica,0,360,128
M8G2,Streptococcus sanguinis,1,913,162
Isosilybin A,Candida glabrata,0,845,36
Rosmarinic acid,Human herpesvirus 1 ,0,1159,87
Cefaclor,Streptococcus pneumoniae,1,537,158
Timolol,Obesumbacterium proteus,0,1274,115
para-ethoxyaniline,Pseudomonas aeruginosa,1,1383,125
Copper sulfate,Kocuria rhizophila,1,614,101
D/L-Aspartate,Amycolatopsis orientalis,0,646,12
cyclo(Trp-Ser),Actinomyces oris,0,1357,7
Acetohydroxamic Acid,Pseudomonas putida,0,418,130
S-carboxylmethyl-L-cysteine,Arthrobacter sp. ,0,1169,14
6-Amino Penicillinic acid,Klebsiella pneumoniae,1,388,99
3-oxo-C6-HSL,Serratia liquefaciens,1,302,135
"O-(2,6-Dichlorobenzyl)-D-tyrosine",Gardnerella vaginalis,0,1034,76
3-(4-Pyridinyl)alanine,Eggerthella lenta,0,271,57
Sodium Chloride,Campylobacter jejuni,1,1207,33
beta-Defensin-1,Candida tropicalis,0,1346,41
RK-19,Candida glabrata,0,1138,36
"4-(5-(4,5-dibromo-1-methyl-1H-pyrrol-2-yl)-1,3,4-oxadiazole-2-yl)aniline",Staphylococcus aureus,1,314,141
Chlorhexidine acetate,Acinetobacter nosocomialis,0,576,3
"(2S)-2-amino-3-(1,3-thiazol-4-yl)propanoic acid",Candida krusei,0,52,38
"1-{2-[(E)-2-[3,5-bis(trifluoromethyl)phenyl]ethenyl]-4-phenylquinolin-3-yl}ethan-1-one",Escherichia coli,1,142,69
Cefixime,Bacillus subtilis,1,547,21
N-[5-(6-amino-9H-purin-9-yl)-4-hydroxy-2-(hydroxymethyl)oxolan-3-yl]-3-(4-methoxyphenyl)propanamide,Morganella morganii,0,989,109
Zotepine,Proteus mirabilis,0,1334,121
Vanillic acid,Streptococcus mutans,0,1308,155
"2-(4,5-dibromo-1-methyl-1H-pyrrol-2-yl)-5-styryl-1,3,4-oxadiazole",Aspergillus niger,0,199,16
"N-((1E)-{4-ethoxy-3-[(8-oxo-1,5,6,8-tetrahydro-2H-1,5-methanopyrido[1,2-a][1,5]diazocin-3(4H)-yl)methyl]phenyl}methylene)-3,4,5-trihydroxybenzohydrazide",Staphylococcus epidermis,0,965,147
Rutin,Escherichia coli,1,1163,69
Palmitic acid,Pseudomonas aeruginosa,1,1065,125
Chlorhexidine acetate,Streptococcus mutans,1,576,155
Thonzonium bromide,Plasmodium falciparum,0,1269,118
"6-(4-chlorophenyl)-1,3-dimethyl-5-[3-(4-methylphenyl)-1-phenyl-1H-pyrazol-4-yl]-1H,2H,3H,4H,5H,6H-pyrimido[4,5-d][1,3]diazine-2,4-dione",Obesumbacterium proteus,0,387,115
Rhein,Fusarium solani,0,1149,75
Pyrogallol,Vibrio anguillarum,1,1125,173
Nelfinavir,Human immunodeficiency virus,1,1011,91
"4-Hydroxy-2,5-dimethyl-3(2H)-furanone",Clostridium leptum,0,332,45
2-amino-5-methoxy-5-oxopentanoic acid,Candida tropicalis,0,232,41
L-Phenylalanine-D-Lysine,Kocuria rhizophila,0,870,101
"1-[2-(3,5-dichlorophenyl)-5-(3,4,5-trimethoxyphenyl)-1,3,4-oxadiazol-3(2H)-yl]ethanone",Candida krusei,0,133,38
"Triethyl[3-({33-[2-(triethylazaniumyl)ethoxy]-10,15,20,25,27,29,31,34-octakis[3-(triethylazaniumyl)propoxy]hexacyclo[21.2.2.2.2.2.2]pentatriaconta-1(25),3,5,8,10,13,15,18,20,23,26,28,30,32,34-pentadecaen-4-yl}oxy)propyl]azanium decabromide",Pantoea agglomerans,0,1287,116
beta-6-20-G3K6,Clostridium pasteurianum,0,1344,46
Erythritol,Streptococcus mutans,1,712,155
6-Chlorooxindole,Streptococcus mitis,0,392,154
Dicinnamyl,Stenotrophomonas maltophilia,0,674,151
3-Fluoro-DL-phenylalanine,Staphylococcus aureus,1,282,141
"(5Z)-2-(1,1-dichlorobut-3-yn-1-yl)-5-{[4-(trifluoromethyl)phenyl]methylidene}-1,3-oxazolidin-4-one",Bacillus cereus,0,83,19
Hepcidin 20,Aeromonas sobria,0,795,10
14-Glycinyl andrographolide hydrochloride,Candida guiliermondi,0,161,37
Darunavir,Enterobacter cloacae,0,658,63
Methylthiopropylamine,Serratia marcescens,0,935,136
Sulfamethazine,Staphylococcus equorum,0,1229,148
Flucloxacillin,Clostridium perfringens ,1,742,48
2-(5-Bromo-2-(2-chloroacetamido)phenyl )-2-oxo-N-( prop-2-yn-1-yl)acetamide,Aspergillus niger,0,209,16
Phenoxymethylpenicillin,Clostridium perfringens ,1,1091,48
Nelfinavir,Streptococcus oralis,0,1011,156
(Z)-4-bromo-5-(bromomethylene)-3-ethyl-2(5H)-furanone,Vibrio parahaemolyticus,0,105,177
2-bromodecanoic acid,Obesumbacterium proteus,0,237,115
"1-{6-nitro-4-phenyl-2-[(E)-2-(3,4,5-trimethoxyphenyl)ethenyl]quinolin-3-yl}ethan-1-one",Vibrio vulnificus,0,144,178
"(1R,2S,7R,3E,8E,11E)-2,18-diacetoxycembra-3,8,11,15(17)-tetraen-7-ol",Enteric bacteria and other eubacteria,0,6,59
Oxytetracycline,Acinetobacter nosocomialis,0,1056,3
Quinolin-8-ol,Enterobacter ludwigi,0,1132,64
S-phenyl-L-cysteine sulfoxide,Plasmodium falciparum,0,1173,118
cyclo(Trp-Ser),Providencia stuartii,0,1357,123
Penicillenol C2,Bacillus licheniformis,0,1079,20
(2R)-2-amino-3-[(4-chlorophenyl)methanesulfinyl]propanoic acid,Pseudomonas chlororaphis,0,45,126
Micafungin,Clostridium pasteurianum,0,939,46
Cefepime ,Aspergillus fumigatus,0,546,15
BMAP-28,Hepatitis B virus F,0,461,84
4-Nitro-D-phenylalanine,Enterococcus gallinarum,0,339,68
Silver nanoparticles,Candida guiliermondi,0,1194,37
3-(2-Thienyl)alanine,Francisella novicida,0,268,74
N-(4-Bromobenzylidene)benzohydrazide,Aspergillus fumigatus,0,976,15
Nystatin,Listeria monocytogenes serotype 4a,0,1033,105
"Phenol,2,4-bis(1,1-dimethylethyl)",Baker's yeast,0,1090,27
D-Histidine,Staphylococcus aureus,1,635,141
Tomentosin,Clostridium leptum,0,1281,45
Teichoplanin,Campylobacter jejuni,0,1250,33
Zinc oxide,Escherichia coli,1,1331,69
2-(2-(2-Chloroacetamido)-5-methylphenyl)-2-oxo-N-( prop-2-yn- 1-yl)acetamide,Vibrio campbellii,0,187,174
Camphene,Candida albicans,1,520,34
D-Alanine,Staphylococcus epidermis,1,629,147
"4-Hydroxy-2,5-dimethyl-3(2H)-furanone",Pseudomonas aeruginosa,1,332,125
Pivmecillinam,Mycobacterium avium,0,1105,110
K4-S4,Influenza B virus ,0,851,97
Vidarabine,Streptomyces sp. ,0,1312,167
Carabrone,Enterococcus faecium,0,523,67
Benzoylperoxide,Staphylococcus caprae,0,479,143
Ethyl gallate,Enterobacter aerogenes,0,722,61
4-Iodo-d-phenylalanine,Schistosoma,0,334,134
RK-25,Influenza B virus,0,1139,96
n-Hexane,Staphylococcus aureus,1,1374,141
LL13-37,Acinetobacter nosocomialis,0,889,3
1-{6-nitro-4-phenyl-2-[(E)-2-[4-(trifluoromethoxy)phenyl]ethenyl]quinolin-3-yl}ethan-1-one,Dihydropteroate synthase type-1,0,145,55
Psoralen,Pseudomonas aeruginosa,1,1121,125
3-(2-Thienyl)-D-alanine,Human herpesvirus 5,0,267,90
cis-2-dodecenoic acid,Candida albicans,1,1352,34
Ursolic Acid,Staphylococcus aureus,1,1302,141
Aciclovir,Human herpesvirus 1 ,1,420,87
p-Coumaric acid,Pseudomonas aeruginosa,1,1379,125
(3R)-4-(4-acetylphenyl)-3-aminobutan-2-one,Staphylococcus epidermis,1,69,147
Epigallocatechin Gallate,Enterobacter cancerogenus,1,710,62
Cefadroxil,Pseudomonas japonica,0,538,128
alpha-pinene,Baker's yeast,0,1342,27
trans-Stillbene,Pseudomonas putida,0,1393,130
Diphenyl methane,Staphylococcus saprophyticus,0,685,150
Irinotecan,Escherichia coli,1,835,69
"N1-[7-(trifluoromethyl)quinolin-4-yl]ethane-1,2-diamine",Burkholderia multivorans,0,995,30
"2-(4-Methoxyphenyl)-N-((2R,3R,4S,5S,6R)-2,4,5-trihydroxy-6-(hydroxymethyl)tetrahydro-2H-pyran-3-yl)acetamide",Human herpesvirus 5,0,206,90
Fusidic Acid,Staphylococcus epidermidis,0,761,146
N-(2-oxothiolan-3-yl)butanamide,Pseudomonas aeruginosa,1,974,125
Heptadecanoic acid,Acinetobacter nosocomialis,0,796,3
(Z)-4-bromo-5-(bromomethylene)-3-butyl-2(5H)-furanone,Escherichia coli ,0,104,70
Myristoyl-DL-carnitine,Proteus mirabilis,0,953,121
4-tertiary butyl benzyl dodecyl beta-maltoside,Pseudomonas aeruginosa,1,361,125
Furanone F202,Staphlococcus aureus,0,754,140
Bromohexylmaleic anhydride,Salmonella enterica,1,494,133
3-Methyl-D-phenylalanine,Staphylococcus aureus,1,288,141
(2E)-1-(3 -methoxyphenyl)-3-(2-naphthyl)-2-propen-1-one,Enterobacteria phage T4,0,27,65
DJK6,Pseudomonas aeruginosa,1,650,125
S-(2-thienyl)-L-cysteine,Pseudomonas chlororaphis,0,1166,126
Kaempherol,Baker's yeast,0,857,27
2-(5-Bromo-2-(2-chloroacetamido)phenyl )-2-oxo-N-( prop-2-yn-1-yl)acetamide,Mycobacterium leprae,0,209,111
Myricetin,Dengue Virus Type 2,0,950,53
Zinc sulfate,Burkholderia cepacia,1,1332,29
Dezocine,Listeria ivanovii,0,666,103
NA8,Hepatitis B virus D,0,1001,83
Flavonoids 3,Arthrobacter sp. ,0,738,14
Carboxymethyl chitosan,Staphylococcus aureus,1,525,141
"(2R,3E)-2-Amino-4-phenyl-3-butenoic acid",Neisseria gonorrhoeae,0,51,114
Lys-a1,Burkholderia thailandensis,0,910,32
Rifampicin,Enteric bacteria and other eubacteria,0,1154,59
"L-744,832",Micrococcus luteus,0,865,108
Carabrone,Hepatitis B virus D,0,523,83
3-(pyridin-3-yl)-5-(3-ethoxy-4-hydroxybenzylidene)-2-thioxothiazolidin-4-one,Enterococcus faecium,1,276,67
Djenkolic acid,Streptococcus mutans,1,689,155
LL-31,Pseudomonas putida,0,887,130
2-methoxy-cinnamaldehyde,Proteus vulgaris,0,242,122
Piperacillin,Pseudomonas aeruginosa,1,1102,125
Cathelicidin,Staphylococcus equorum,0,533,148
Anthranilate,Vibrio vulnificus,1,442,178
Catechin,Pseudomonas aeruginosa,1,531,125
"(R)-2,3-Diaminopropanoic acid",Staphylococcus aureus,1,91,141
Sulfisoxazole ,Mycobacterium leprae,0,1237,111
Silver sulfadiazine,Staphylococcus aureus,1,1197,141
Furanone-6,Salmonella enterica,1,758,133
Clioquinol,Candida parapsilosis,0,601,39
"(5Z)-2-(1,1-dichloro-3,3-dimethylbutyl)-5-[(3-methoxyphenyl)methylidene]-1,3-oxazolidin-4-one",Escherichia coli O6:H1 (strain CFT073 / ATCC 700928 / UPEC),0,80,71
Zinc,Schistosoma,0,1328,134
Oleanolic Acid,Francisella novicida,0,1045,74
dF21-10K,Aspergillus niger,0,1360,16
Cefditoren,Acinetobacter sp.,0,544,5
Diterpene phytol,Pseudoalteromonas sp.,0,688,124
"14-dehydroxy-11,12-didehydroandrographolide- 3,19-bis(succinic acid) potasium sodium salt",Acinetobacter oleiovorans,0,163,4
Ciprofloxacin,Thermus thermophilus,0,590,168
Zinc,Streptococcus pyogenes,0,1328,160
Rosmarinic acid,Pseudomonas aeruginosa,1,1159,125
"3,4-Dichloro-cinnamaldehyde",Vibrio harveyi,1,253,176
Chlorhexidine acetate,Staphylococcus caprae,0,576,143
Silver Ion,Proteus vulgaris,0,1192,122
C16-33,Candida glabrata,0,504,36
Tazobactam ,Escherichia coli,1,1248,69
cis-2-dodecenoic acid,Citrobacter freundii,0,1352,43
Irinotecan,Providencia stuartii,0,835,123
D-Methionine,Streptococcus salivarius,0,638,161
Methacycline,Actinomyces oris,0,929,7
"N-((1E)-{4-ethoxy-3-[(8-oxo-1,5,6,8-tetrahydro-2H-1,5-methanopyrido[1,2-a][1,5]diazocin-3(4H)-yl)methyl]phenyl}methylene)-3,4,5-trihydroxybenzohydrazide",Listeria monocytogenes,0,965,104
S-phenyl-L-cysteine sulfoxide,Aspergillus fumigatus,0,1173,15
kappa-Pyrosulfite,Human herpesvirus 3,0,1368,88
epsilon-viniferin,Actinoplanes missouriensis,0,1365,8
(2R)-2-amino-3-phenylmethanesulfinylpropanoic acid,Aggregatibacter actinomycetemcomitans,0,47,11
Sennidin A,Bacteroides uniformis,0,1188,25
(2S)-2-amino-4-bromopent-4-enoic acid,Staphylococcus epidermis,1,55,147
Ciprofloxacin lactate,Escherichia coli,1,591,69
4-bromo-5-(bromomethylene)-3-(1-(2-(2-(2-azidoethoxy)ethoxy)ethoxy)butyl)-2(5H)-furanone,Enterobacter cloacae,0,342,63
7-formylindole,Pseudomonas aeruginosa,1,405,125
D-Aspartate,Helicobacter pylori ,0,631,82
Coprinuslactone,Mycobacterium avium,0,615,110
"2-(4,5-dibromo-1-methyl-1H-pyrrol-2yl)-5-(4-nitrophenyl)-1,3,4-oxadiazole",Staphylococcus aureus,1,200,141
"(2S,3R,4S,5S,6R)-3-(2-(1H-Indol-3-yl)acetamido)-6-(acetoxymethyl)tetrahydro-2H-pyran-2,4,5-triyl triacetate",Enterococcus faecium,0,56,67
Cyclacillin,Clostridium perfringens ,1,621,48
Doripenem,Lysinibacillus sphaericus,0,692,106
"L-744,832",Vibrio parahaemolyticus,0,865,177
Methyl eugenol,Proteus mirabilis,0,932,121
Protocatechuic acid,Hepatitis C virus,0,1119,86
Sodium sulfate,Eubacterium ramulus,0,1209,72
Limonene,Shewanella oneidensis,0,899,137
Clotrimazole,Candida albicans,1,604,34
Avibactam,Enterobacter cloacae,1,454,63
3-Chloro-5-[(2-chloroethoxy)]-4-[(4-methylphenylsulfanyl)]-2(5H)-furanone,Hepatitis C Virus ,0,280,85
3-Chloro-5-[(2-chloroethoxy)]-4-[(4-methylphenylsulfanyl)]-2(5H)-furanone,Streptococcus sobrinus,0,280,164
4-Chloro-2-fluoro-DL-phenylalanine,Burkholderia cenocepacia,0,323,28
2(5H)-furanone,Pichia anomala,0,167,117
"(2E)-1-(3 ,4 ,5 -trimethoxyphenyl)-3-(2-naphthyl)-2-propen-1-one",Amycolatopsis orientalis,0,24,12
2-amino-6-chlorobenzoic acid,Burkholderia cenocepacia,1,233,28
Lorazepam,Human immunodeficiency virus,0,906,91
Human beta-defensin 3,Staphylococcus epidermidis,1,809,146
Na-Benzoate,Aeromonas sobria,0,1004,10
Pyrogallol,Vibrio campbellii,1,1125,174
2- geranyloxy-1-(2-methylbutanoyl)phloroglucinol,Aeromonas hydrophila,0,178,9
Butyl gallate,Gardnerella vaginalis,0,502,76
VS2,Serratia marcescens,0,1305,136
Glycomonoterpenes (G-citral),Hafnia alvei,0,785,79
"2-(4,5-dibromo-1-methyl-1H-pyrrol-2-yl)-5-styryl-1,3,4-oxadiazole",Pseudomonas aeruginosa,1,199,125
2-(Aminomethyl)-L-phenylalanine,Staphylococcus aureus,1,211,141
Octadecyl gallate,Streptococcus sanguinis,0,1041,162
Cecropin B,Achromobacter xylosoxidans,0,535,1
Lactoferricin B,Bacteroides fragilis,0,891,24
3-(Trifluoromethyl)phenylalanine,Pseudomonas putida,0,275,130
"3,5-Dimethyl benzyl dodecyl beta-maltoside",Influenza B virus,0,258,96
Myricitrin,Bacillus licheniformis,0,951,20
Fleroxacin,Clostridium bacilli,0,740,44
"(Z)-5-decylidenethiazolidine-2,4-dione",Plasmodium falciparum,0,110,118
Cefazolin,Escherichia coli,1,543,69
Posaconazole,Serratia liquefaciens,0,1111,135
Vitamin E,Helicobacter pylori ,0,1317,82
Clozapine,Bacillus amyloliquefaciens,0,607,17
Gallium Nitrate,Streptococcus pyogenes,0,770,160
Triclosan ,Bacillus anthracis,1,1285,18
Tigecycline,Escherichia coli,1,1272,69
Epigallocatechin Gallate,Vibrio parahaemolyticus,0,710,177
Cloxacillin,Listeria monocytogenes,1,606,104
5-(dibromomethylene)-3-(1-bromobutyl)-2(5H)-furanone,Enterococcus faecalis,0,369,66
Amoxicillin,Salmonella enterica,0,435,133
"(2E)-1-(2 ,5 -dimethoxyphenyl)-3-(2-naphthyl)-2-propen-1-one",Pseudomonas aeruginosa,1,22,125
P10,Streptococcus salivarius,0,1057,161
M8-33,Streptococcus sanguinis,1,912,162
Chrysin,Escherichia coli,1,580,69
Cinnamaldehyde,Burkholderia cenocepacia,1,585,28
N-decanoyl-L- homoserine benzyl ester,Citrobacter freundii,0,990,43
BisEDT-RIP,Francisella novicida,0,490,74
Streptomycin,Escherichia coli,1,1216,69
Avibactam,Marinobacter hydrocarbonoclasticus,0,454,107
Coprinuslactone,Candida dubliniensis,0,615,35
Esculin hydrate,Burkholderia cenocepacia,1,717,28
VSL2,Acinetobacter nosocomialis,0,1306,3
Clofazimine,Bacillus anthracis,0,602,18
Stearic acid,Micrococcus luteus,0,1214,108
Hesperetin,Staphylococcus aureus,1,798,141
Benzyl decyl beta-maltoside,Stenotrophomonas maltophilia,0,480,151
"13-(2-chloroquinolin-3-yl)-3,3-dimethyl-1H,2H,3H,4H,6H,11H,13H-indazolo[1,2-b]phthalazine-1,6,11-trione",Candida albicans,1,156,34
Na-Pyrosulfite,Escherichia coli,1,1006,69
Methyl indole-7-carboxylate,Candida dubliniensis,0,934,35
(Z)-4-bromo-5-(bromomethylene)-3-ethyl-2(5H)-furanone,Salmonella enterica,1,105,133
"(5E)-5-decylidene-1,3-thiazolidine-2,4-dione",Baker's yeast,0,72,27
D/L-Aspartate,Streptococcus salivarius,0,646,161
4-hydroxy coumarin,Corynebacterium ammoniagenes,0,355,50
Coumarin,Escherichia coli,1,616,69
5- hydroxyethyl-3-tetradecanoyltetramic acid,Staphylococcus aureus,1,366,141
L-fucose cluster,Lysinibacillus sphaericus,0,875,106
"(2E)-1-(2 ,4 ,5 -trimethoxyphenyl)-3-(2-chloro-quinolin-3-yl)-2-propen-1-one",Chromobacterium violaceum,0,20,42
S6L3-33,Streptococcus pneumoniae,0,1175,158
Enalapril,Bacillus anthracis,0,702,18
Gemifloxacin,Human herpesvirus 3,0,777,88
"1-[2-(3-bromo-4-hydroxy-5-methoxyphenyl)-5-(3,4,5-trimethoxyphenyl)-1,3,4-oxadiazol-3(2H)-yl]ethanone",Streptococcus mutans,1,134,155
6-MO-LF11-227,Influenza B virus,0,395,96
Ceftazidime,Morganella morganii,1,560,109
Undecyl beta-maltoside,Bacteroides eggerthii,0,1300,23
Myxinidin3,Pseudomonas aeruginosa,1,958,125
S-phenyl-L-cysteine sulfoxide,Halomonas pacifica,0,1173,81
Benzoylperoxide,Propionibacterium acnes,1,479,120
"Dihydroxybenzoic Acid (2,3-DHBA)",Vibrio anguillarum,0,679,173
Furanone 56,Salmonella enterica,1,752,133
Zeaxanthin,Streptococcus pyogenes,0,1326,160
Tenofovir,Vibrio parahaemolyticus,0,1256,177
Darunavir,Marinobacter hydrocarbonoclasticus,0,658,107
5-(dibromomethylene)-3-butyl-2(5H)-furanone,Obesumbacterium proteus,0,371,115
S-(2-thienyl)-L-cysteine,Streptococcus mutans,1,1166,155
2-amino-3-(propane-1-sulfinyl)propanoic acid,Streptococcus salivarius,0,230,161
Zinc sulfate,Staphylococcus aureus,1,1332,141
NA-CATH,Burkholderia thailandensis,1,997,32
den-SB056,Pseudomonas aeruginosa,1,1361,125
"5,7,8,4-Tetramethoxyflavone",Vibrio harveyi,1,364,176
Myxinidin2,Staphylococcus aureus,1,957,141
NaCl,Klebsiella planticola,0,1007,98
(2E)-1-(4 -methoxyphenyl)-3-(2-naphthyl)-2-propen-1-one,Enterococcus faecalis,1,28,66
Sulfisoxazole ,Baker's yeast,0,1237,27
Tomentosin,Staphylococcus epidermis,0,1281,147
N-Acetylcysteine,Coagulase- negative staphylococci,1,984,49
5-Bromoindole,Clostridium bacilli,0,376,44
Ibuprofen,Varicella-zoster virus,0,819,172
Peppermint oil,Aeromonas hydrophila,1,1085,9
"1-[2-(naphthalen-1-yl)-5-(3,4,5-trimethoxyphenyl)-1,3,4-oxadiazol-3(2H)-yl]ethanone",Streptococcus mutans,1,135,155
Daptomycin,Aquifex aeolicus,0,657,13
Eugenol,Candida tropicalis,0,726,41
"(10R,11R)-Hydnocarpin",Kocuria rhizophila,0,1,101
Diphenyl disulphide,Listeria monocytogenes,0,684,104
"(2E)-1-(1 ,3 -benzodioxol-5-yl)-3-(2-naphthyl)-2-propen-1-one",Morganella morganii,0,16,109
Pa-MAP,Kocuria rhizophila,0,1063,101
4-nitro-cinnamaldehyde,Providencia stuartii,0,358,123
3-(4-Pyridinyl)alanine,Yersinia enterocolitica,0,271,179
2-(2-(2-Chloroacetamido)-5-fluorophenyl)-2-oxo-N-( prop-2-yn-1-yl)acetamide,Streptococcus mutans,0,186,155
"2-(4,5-dibromo-1-methyl-1H-pyrrol-2-yl)-5-(2,4-dichlorophenyl)-1,3,4-oxadiazole",Coagulase- negative staphylococci,0,192,49
"N-((2R,3R,4S,5S,6R)-2,4,5-Trihydroxy-6-(hydroxymethyl)tetrahydro-2H-pyran-3-yl)octanamide",Enterococcus faecium,0,969,67
Ciclopirox ethanolamine,Candida albicans,1,583,34
Benzathine benzylpenicillin,Neisseria gonorrhoeae,1,473,114
N -(pyridin-3-yl-methylene)benzohydrazide,Bacteroides vulgatus,0,962,26
AAP2,Mycobacterium leprae,0,414,111
Amoxicillin,Listeria monocytogenes,1,435,104
Hamamelitannin,Staphylococcus chromogenes,1,794,144
Phenyl-arginine-b-naphthylamide,Clostridium leptum,0,1092,45
Curcumin,Enterobacter ludwigi,1,619,64
Oseltamivir,Mycobacterium smegmatis,0,1051,112
Rosmarinic acid,Burkholderia multivorans,0,1159,30
Cyclacillin,Proteus mirabilis,0,621,121
4-hydroxy coumarin,Shigella flexneri,0,355,138
Sorbitol,Human herpesvirus 3,0,1210,88
Sulfadoxine,Shewanella oneidensis,0,1226,137
Cefoxitin,Streptococcus pneumoniae,1,556,158
Indole-3-acetaldehyde,Kocuria rhizophila,0,828,101
Butyl gallate,Cryptococcus neoformans,0,502,52
Bergamottin,Escherichia coli,1,482,69
Vanillin,Escherichia coli,1,1309,69
Netilmicin,Bacillus anthracis,0,1016,18
D-Proline,Mycobacterium leprae,0,640,111
(Z)-4-bromo-5-(bromomethylene)-3-hexyl-2(5H)-furanone,Staphylococcus haemolyticus,0,106,149
Oxacillin,Clostridium perfringens ,1,1052,48
"2-bromo-4-methyl-6-(3,4,5-tribromo-1H-pyrrole-2-carbonyl)phenol",Acinetobacter sp.,0,236,5
Cyclobutanamine,Pseudomonas aeruginosa,1,622,125
NA-CATH,Staphylococcus aureus,1,997,141
Indole,Escherichia coli,1,827,69
Chlorhexidine,Citrobacter freundii,0,575,43
Cycloserine ,Serratia liquefaciens,0,624,135
5 alpha-Epoxyalantolactone,Staphylococcus cohnii,0,363,145
D-Proline,Candida glabrata,0,640,36
2-(Trifluoromethyl)-D-phenylalanine,Staphylococcus aureus,1,212,141
"1-[2-(2-nitrophenyl)-5-phenyl-1,3,4-oxadiazol-3(2H)-yl]ethanone",Streptococcus salivarius,0,132,161
1-(4-amino-2-hydroxyphenyl)ethan-1-one,Enterobacter cloacae,0,123,63
Hesperetin,Thermus thermophilus ,0,798,169
14-Glycinyl andrographolide hydrochloride,Pseudomonas aeruginosa,1,161,125
"1-{6-nitro-4-phenyl-2-[(E)-2-(3,4,5-trimethoxyphenyl)ethenyl]quinolin-3-yl}ethan-1-one",Bacillus subtilis,1,144,21
3-(4-fluorophenyl)-5-(3-ethoxy- 4-hydroxybenzylidene)-2-thioxothiazolidin-4-one,Acinetobacter oleiovorans,0,273,4
"13-(2-chloro-6-methylquinolin-3-yl)-3,3-dimethyl-1H,2H,3H,4H,6H,11H,13H-indazolo[1,2-b]phthalazine-1,6,11-trione",Streptococcus mitis,0,152,154
"3,3-dimethyl-13-{7-methyl-[1,2,3,4]tetrazolo[1,5-a]quinolin-4-yl}-1H,2H,3H,4H,6H,11H,13H-indazolo[1,2-b]phthalazine-1,6,11-trione",Human respiratory syncytial virus B,0,247,94
Arbekacin,Streptococcus pneumoniae serotype 4,0,445,159
Dolutegravir,Human immunodeficiency virus 1,1,691,92
Shikonin,Acinetobacter nosocomialis,0,1190,3
Furanone-2,Candida guiliermondi,0,755,37
Catechin gallate,Cronobacter sakazakii,0,532,51
"Phenol,2,4-bis(1,1-dimethylethyl)",Influenza B virus,0,1090,96
Dibenzyl disulphide,Actinomyces oris,1,671,7
2-(2-(2-Azidoacetamido)phenyl)-2-oxo-N-(prop-2-yn-1-yl)acetamide,Cryptococcus neoformans,0,185,52
4-Ethylcatechol,Mycobacterium avium,0,326,110
Competence Stimulating Peptide,Aeromonas hydrophila,0,613,9
Protamine sulphate,Cronobacter sakazakii,0,1118,51
Silver nanoparticles,Staphylococcus aureus,1,1194,141
"Triethyl[3-({33-[2-(triethylazaniumyl)ethoxy]-10,15,20,25,27,29,31,34-octakis[3-(triethylazaniumyl)propoxy]hexacyclo[21.2.2.2.2.2.2]pentatriaconta-1(25),3,5,8,10,13,15,18,20,23,26,28,30,32,34-pentadecaen-4-yl}oxy)propyl]azanium decabromide",Staphylococcus aureus,1,1287,141
N-decanoyl-L- homoserine benzyl ester,Aspergillus fumigatus,0,990,15
Carvacrol,Enterobacter cloacae,0,529,63
Lymecycline,Streptococcus pneumoniae,0,909,158
(2E)-1-(5-clorotiophen-2-yl)-3-(3-methoxy-4-benzyloxi-phenyl)-2-propen-1-one,Streptococcus mutans,1,29,155
Carboxymethyl chitosan,Staphylococcus epidermidis,1,525,146
2-Hydroxychalcone,Staphylococcus epidermis,0,220,147
M8G2,Acinetobacter baumannii,0,913,2
Coumarin,Candida tropicalis,0,616,41
Clioquinol,Marinobacter hydrocarbonoclasticus,0,601,107
Bifonazole,Mycobacterium smegmatis,0,487,112
"1,3-dimethyl-6-(4-methylphenyl)-5-[3-(4-methylphenyl)-1-phenyl-1H-pyrazol-4-yl]-1H,2H,3H,4H,5H,6H-pyrimido[4,5-d][1,3]diazine-2,4-dione",Candida parapsilosis,0,117,39
Indole,Burkholderia cenocepacia,1,827,28
Lorazepam,Candida albicans,1,906,34
Gallocatechin,Citrobacter freundii,0,772,43
Tet-20,Staphylococcus haemolyticus,0,1260,149
Yohimbine hydrochloride,Morganella morganii,0,1323,109
"(2E)-1-(3 ,4 -dimethoxyphenyl)-3-(2-naphthyl)-2-propen-1-one",Enterococcus faecalis,1,25,66
DJK5,Acinetobacter baumannii,1,649,2
DJK5,Klebsiella pneumoniae,1,649,99
"Dihydroxybenzoic Acid (2,4-DHBA)",Clostridium bacilli,0,680,44
Farnesol,Streptococcus gordonii,0,732,153
Gallic Acid,Staphylococcus aureus,1,769,141
4-chloroaniline,Cryptococcus neoformans,0,351,52
(2R)-2-amino-3-(thiophene-2-sulfinyl)propanoic acid,Staphylococcus epidermis,0,44,147
Tipranavir ,Human herpesvirus 1 ,0,1277,87
Avibactam,Pseudomonas aeruginosa,1,454,125
Benzylpenicillin,Stenotrophomonas maltophilia,0,481,151
Ticarcillin,Coagulase- negative staphylococci,0,1271,49
5-(dibromomethylene)-3-hexyl-2(5H)-furanone,Achromobacter xylosoxidans,0,373,1
Carabrone,Streptococcus pyogenes,0,523,160
"L-744,832",Enterobacteria phage T4,0,865,65
3-Methyl-D-phenylalanine,Burkholderia thailandensis,0,288,32
Praziquantel,Schistosoma,1,1113,134
Trimethyl(3-{4-[3-(trimethylphosphaniumyl)propoxy]phenoxy}propyl)phosphanium dibromide,Burkholderia thailandensis,0,1291,32
Cyanidin,Pseudomonas aeruginosa,1,620,125
Pleurocidin,Porphyromonas gingivalis,0,1107,119
S-methyl- L-cysteine,Human parainfluenza virus type 2,0,1171,93
Idoxuridine,Serratia marcescens,0,820,136
Daclatasvir,Hepatitis C Virus ,1,651,85
Cephalexin,Enterococcus faecium,0,566,67
4-nitropyridine N -oxide,Enterobacter aerogenes,0,359,61
(2-methyl-5-nitro-1H-imidazol-1-yl)methyl (2E)-3-phenylprop-2-enoate,Corynebacterium ammoniagenes,0,14,50
N-[5-(6-amino-9H-purin-9-yl)-4-hydroxy-2-(hydroxymethyl)oxolan-3-yl]-3-(4-methoxyphenyl)propanamide,Vibrio anguillarum,1,989,173
"3-{2-[(1S,2R,4aR,8aR)-1,2,4a,5-tetramethyl-1,2,3,4,4a,7,8,8a-octahydronaphthalen-1-yl]ethyl}-N-(3-fluorophenyl)-5-methylidene-2,5-dihydrofuran-2-amine",Haemophilus influenzae,0,308,78
Silybin,Bacillus anthracis,0,1199,18
Myxinidin,Marinobacter hydrocarbonoclasticus,0,955,107
Cefuroxime,Clostridium perfringens ,1,565,48
Methacycline,Yersinia enterocolitica,0,929,179
NA10,Staphylococcus caprae,0,999,143
"(2E)-1-(3 ,4 ,5 -trimethoxyphenyl)-3-(2-naphthyl)-2-propen-1-one",Human herpesvirus 1 ,0,24,87
"1-(2-Chloroacetyl)-5-methylindoline-2,3-dione",Baker's yeast,0,120,27
3-tetra- decanoyltetronic,Staphylococcus aureus,1,304,141
Sulfacetamide,Acinetobacter baumannii,0,1222,2
4-nitro-cinnamaldehyde,Streptococcus parasanguinis,0,358,157
Fosamprenavir,Bacillus anthracis,0,746,18
Spermine,Streptococcus pneumoniae serotype 4,0,1211,159
alpha-Longipinene,Morganella morganii,0,1338,109
Lys-a1,Streptococcus mutans,1,910,155
(2R)-2-amino-6-acetamidohexanoic acid,Escherichia coli,0,50,69
Orange extract,Stenotrophomonas maltophilia,0,1049,151
"2-bromo-4-methyl-6-(3,4,5-tribromo-1H-pyrrole-2-carbonyl)phenol",Staphylococcus aureus,1,236,141
"1-[2-(2,4-dichlorophenyl)-5-(3,4,5-trimethoxyphenyl)-1,3,4-oxadiazol-3(2H)-yl]ethanone",Staphylococcus epidermidis,1,131,146
Sulfamoxole,Human herpesvirus 3,0,1232,88
4-(Trifluoromethyl)-D-phenylalanine,Staphylococcus epidermis,1,316,147
Garlic extract,Staphylococcus capitis,0,775,142
"3,3-dimethyl-13-{9-methyl-[1,2,3,4]tetrazolo[1,5-a]quinolin-4-yl}-1H,2H,3H,4H,6H,11H,13H-indazolo[1,2-b]phthalazine-1,6,11-trione",Human respiratory syncytial virus B,0,249,94
C8-HSL,Trueperella pyogenes,1,508,171
(furan-2-yl)methyl (2E)-3-phenylprop-2-enoate,Citrobacter freundii,0,112,43
L-4-Carbamoylphenylalanine,Raoultella ornithinolytica,0,864,131
"14-dehydroxy-11,12-didehydroandrographolide- 3,19-bis(succinic acid) potasium sodium salt",Geobacillus kaustophilus,0,163,77
Ciprofloxacin,Staphylococcus saprophyticus,0,590,150
L-cysteic acid,Streptococcus sanguis,1,874,163
Cefotaxime,Trichophyton mentagrophytes,0,553,170
Piperacillin,Candida albicans,0,1102,34
2-(2-Thienylsulfonyl)ethanethioamide,Vibrio anguillarum,1,190,173
Thiazolidinedione-8,Shigella flexneri,0,1266,138
Diazepam,Mycobacterium avium,0,670,110
Cefoxitin,Escherichia coli,1,556,69
Na-Benzoate,Staphylococcus aureus,1,1004,141
3-hexyl-4-bromo-5-methylene-2(5H)-furanone,Vibrio parahaemolyticus,0,298,177
Cefalotin,Aspergillus niger,0,540,16
Lomefloxacin,Achromobacter sp.,0,904,0
"(5E)-5-hexylidene-1,3-thiazolidine-2,4-dione",Streptococcus parasanguinis,0,74,157
cyclophosphamide,Firmicutes,1,1358,73
HE12,Aspergillus niger,0,792,16
Rufloxacin,Stenotrophomonas maltophilia,1,1161,151
Zeaxanthin,Aspergillus niger,0,1326,16
S-phenyl-L-cysteine,Pichia anomala,0,1172,117
Gallium cation,Raoultella ornithinolytica,0,771,131
TZD-C8,Pseudomonas fluorescens,0,1241,127
"(2S,3R,4S,5S,6R)-6-(Acetoxymethyl)-3-(3-oxohexanamido)tetrahydro-2H-pyran-2,4,5-triyl triacetate",Pseudomonas aeruginosa,1,62,125
Hesperidin,Vibrio harveyi,1,799,176
Moxifloxacin ,Trichophyton mentagrophytes,0,946,170
Ionic silver,Staphylococcus aureus,1,834,141
W-7 Hydrochloride,Candida albicans,1,1320,34
Penicillic acid,Hafnia alvei,0,1080,79
(2S)-2-amino-3-(tert-butylsulfanyl)propanoic acid,Gardnerella vaginalis,0,54,76
Oxiconazole nitrate,Kocuria rhizophila,0,1054,101
NA-CATH-ATRA1-ATRA1,Staphylococcus aureus,1,998,141
Phosphorylserine,Candida dubliniensis,0,1097,35
3-Chlorotyrosine,Staphylococcus aureus,1,281,141
3-(4-fluorophenyl)-5-(3-(allyloxy)-4-hydroxybenzylidene)-2-thioxothiazolidin-4-one,Pseudomonas aeruginosa,1,272,125
Lemon,Geobacillus kaustophilus,0,895,77
"(2S)-2-amino-3-(1,3-thiazol-4-yl)propanoic acid",Staphylococcus aureus,1,52,141
Ceftizoxime,Streptococcus pyogenes,0,562,160
N -(pyridin-3-yl-methylene)benzohydrazide,Staphylococcus aureus,1,962,141
"3-(2-Furylmethyl)-2-{[(5-hydroxy-1H-pyrazol-3-yl)methyl]sulfanyl}-3,5,6,7-tetrahydro-4H-cyclopenta[4,5]thieno[2,3-d]pyrimidin-4-one",Enterococcus gallinarum,0,263,68
Benzyl decyl beta-maltoside,Proteus vulgaris,0,480,122
Lfcin,Streptococcus gordonii,0,898,153
Toremifene,Candida dubliniensis,1,1282,35
Trimethyl(3-{4-[3-(trimethylphosphaniumyl)propoxy]phenoxy}propyl)phosphanium dibromide,Aquifex aeolicus,0,1291,13
"2,4,5-Trifluorophenylalanine",Staphylococcus aureus,1,172,141
Indole-7-carboxylic acid,Obesumbacterium proteus,0,832,115
Quinizarin,Klebsiella planticola,0,1131,98
Benzoylperoxide,Staphylococcus cohnii,0,479,145
"(2E)-1-(2 ,4 ,5 -trimethoxyphenyl)-3-(2-naphthyl)-2-propen-1-one",Pantoea agglomerans,0,21,116
"3,3-dimethyl-13-{7-methyl-[1,2,3,4]tetrazolo[1,5-a]quinolin-4-yl}-1H,2H,3H,4H,6H,11H,13H-indazolo[1,2-b]phthalazine-1,6,11-trione",Candida albicans,1,247,34
Tomentosin,Aeromonas sobria,0,1281,10
D-Cystine,Pseudomonas chlororaphis,0,634,126
Tipranavir ,Human immunodeficiency virus,1,1277,91
L-Tyrosine,Staphylococcus epidermis,1,872,147
Sulfanilamide,Escherichia coli,1,1233,69
Ethylenediametetraacetic acid,Salmonella enterica,0,724,133
"(2R,3E)-2-Amino-4-phenyl-3-butenoic acid",Shewanella oneidensis,0,51,137
Aspirin,Candida albicans,1,448,34
Chromate,Varicella-zoster virus,0,579,172
Vanillin,Burkholderia thailandensis,0,1309,32
Vancomycin,Staphylococcus aureus,1,1307,141
1-(4-methoxyphenyl)-3-p-tolyurea,Enterobacter aerogenes,0,127,61
HE10,Desulfovibrio africanus,0,791,54
1-{2-[(E)-2-(4-methoxyphenyl)ethenyl]-4-phenylquinolin-3-yl}ethan-1-one,Escherichia coli,1,141,69
Tobramycin,Burkholderia cenocepacia,1,1279,28
N -(4-trifluoromethyl-benzylidene)benzohydrazide,Enterococcus faecalis,1,960,66
Myxinidin,Listeria monocytogenes,1,955,104
LL-31,Marinobacter hydrocarbonoclasticus,0,887,107
GW 5074,Acinetobacter nosocomialis,0,767,3
Hesperetin,Clostridium bacilli,0,798,44
2-(Trifluoromethyl)-D-phenylalanine,Hepatitis C virus,0,212,86
3-(4-fluorophenyl)-5-(3-ethoxy- 4-hydroxybenzylidene)-2-thioxothiazolidin-4-one,Pseudomonas aeruginosa,1,273,125
Pivmecillinam,Vibrio campbellii,0,1105,174
Telithromycin,Varicella-zoster virus,0,1254,172
Esculin,Pseudomonas aeruginosa,1,716,125
Timolol,Fusarium solani,0,1274,75
4-Acetamido-D-phenylalanine,Stenotrophomonas maltophilia,0,317,151
4-Fluoro-2-methyl-D-phenylalanine,Human herpesvirus 3,0,329,88
"3,5-dimethylaniline",Pseudomonas aeruginosa,1,260,125
GW 5074,Pseudomonas putida,0,767,130
Ephedrine,Mycobacterium avium,0,705,110
"1-{2-[(E)-2-[3,5-bis(trifluoromethyl)phenyl]ethenyl]-4-phenylquinolin-3-yl}ethan-1-one",Klebsiella planticola,1,142,98
Sulfamethoxazole,Dihydropteroate synthase type-1,0,1231,55
(RW)2-NH2,Streptomyces sp. ,0,95,167
2-(2-(2-Chloroacetamido)-5-fluorophenyl)-2-oxo-N-( prop-2-yn-1-yl)acetamide,Enterococcus faecium,0,186,67
Cloxacillin,Streptococcus pneumoniae,1,606,158
5-(dibromomethylene)-3-(1-bromobutyl)-2(5H)-furanone,Staphylococcus chromogenes,0,369,144
Kojic acid,Pseudomonas aeruginosa,1,861,125
"1-[2-(2,4-dichlorophenyl)-5-(3,4,5-trimethoxyphenyl)-1,3,4-oxadiazol-3(2H)-yl]ethanone",Pseudomonas aeruginosa,1,131,125
7-methoxyindole,Aeromonas hydrophila,0,407,9
"1-(2,4-dichlorophenyl)-2-(1H-imidazol-1-yl)ethyl (2E)-3-phenylprop-2-enoate",Arthrobacter sp. ,0,119,14
Thimerosal,Listeria ivanovii,0,1267,103
Amlodipine,Burkholderia thailandensis,0,434,32
3-Nitro-D-tyrosine,Burkholderia cepacia,0,289,29
"2-(4-methoxyphenyl)-N-(3-{[2-(4-methoxyphenyl)ethyl]imino}-1,4-dihydro-2-quinox alinylidene)ethanamine",Acinetobacter oleiovorans,0,207,4
7-Bicyclic brominated furanones,Streptococcus sanguis,0,399,163
DispersinB-KSL-W wound gel,Chromobacterium violaceum,0,687,42
Nitrofurantoin ,Bacillus cereus,0,1024,19
Cefotetan,Aspergillus fumigatus,0,554,15
"Phenol,2,4-bis(1,1-dimethylethyl)",Gardnerella vaginalis,0,1090,76
Raspberry KAS 434,Citrobacter freundii,0,1145,43
NRC-16,Burkholderia cenocepacia,0,1003,28
3-(2-Pyridinyl)alanine,Campylobacter jejuni,0,266,33
Sulconazole nitrate,Escherichia coli ,0,1221,70
4-bromo-5-(bromomethylene)-3-(1-bromobutyl)-2(5H)-furanone,Staphylococcus epidermidis,1,344,146
Cefprozil,Streptococcus parasanguinis,0,559,157
"1-{6-nitro-4-phenyl-2-[(E)-2-(3,4,5-trimethoxyphenyl)ethenyl]quinolin-3-yl}ethan-1-one",Thermus thermophilus ,0,144,169
N-(4-Pyridinyl)butanamide,Staphylococcus chromogenes,0,979,144
4-nitropyridine N -oxide,Influenza B virus,0,359,96
"2,3,4,5,6-Pentafluoro-L-phenylalanine",Staphylococcus aureus,1,169,141
Mitomycin C,Enterococcus faecium,0,943,67
Tomentosin,Staphlococcus aureus,0,1281,140
Thonzonium bromide,Chromobacterium violaceum,0,1269,42
2-(2-(2-Chloroacetamido)-5-methylphenyl)-2-oxo-N-( prop-2-yn- 1-yl)acetamide,Pseudomonas aeruginosa,1,187,125
Betulin,Bacillus amyloliquefaciens,1,484,17
Paromomycin ,Yersinia enterocolitica,0,1068,179
Dezocine,Kocuria rhizophila,0,666,101
Cycloserine,Mycobacterium avium,1,623,110
"(10R,11R)-Hydnocarpin D",Acinetobacter baumannii,0,2,2
"N-(5-Methyl-1,2-oxazol-3-yl)butanamide",Sphingomonas sp. Ibu-2,0,981,139
4-fluoroindole,Acinetobacter baumannii,0,354,2
N-(4-Bromobenzylidene)benzohydrazide,Mycobacterium smegmatis,0,976,112
4-Methoxychalcone,Haemophilus influenzae,1,336,78
Cefoperazone,Propionibacterium acnes,0,551,120
Cefmenoxime,Clostridium perfringens ,1,548,48
epsilon-Polylysine,Candida guiliermondi,0,1364,37
Avibactam,Escherichia coli,1,454,69
O-LF11-227,Arthrobacter sp. ,0,1036,14
[(ethanesulfinyl)sulfanyl]ethane,Klebsiella planticola,0,1335,98
6-fluoroindole,Aeromonas sobria,0,397,10
3-chloro-5-hydroxy-4-[(4-methylphenylsulfonyl)]-2(5H)-furanone,Acinetobacter nosocomialis,0,294,3
(Z)-5-(chloromethylene) furan-2(5H)-one,Fusarium solani,0,109,75
Coumarin,Vibrio anguillarum,1,616,173
"N-((1E)-{4-ethoxy-3-[(8-oxo-1,5,6,8-tetrahydro-2H-1,5-methanopyrido[1,2-a][1,5]diazocin-3(4H)-yl)methyl]phenyl}methylene)-3,4,5-trihydroxybenzohydrazide",Haemophilus influenzae,0,965,78
Darunavir,Enterococcus faecium,0,658,67
Penciclovir,Streptococcus sanguinis,0,1073,162
Cinnamic acid,Hafnia paralvei,0,587,80
Tert-butanol,Candida albicans,1,1259,34
Quercetin-3-O-glucuronide,Human herpesvirus 3,0,1129,88
Clindamycin ,Lactobacillus fermenti,0,600,102
"2-(4-Chlorophenyl)-N-((2R,3R,4S,5S,6R)-2,4,5-trihydroxy-6-(hydroxymethyl)tetrahydro-2H-pyran-3-yl)acetamide",Pseudomonas aeruginosa,1,204,125
Sulfisoxazole ,Pantoea agglomerans,0,1237,116
2-(2-(2-Azidoacetamido)-5-methylphenyl)-2-oxo-N-(prop-2-yn-1-yl)acetamide,Bacteroides vulgatus,0,183,26
(2R)-2-amino-3-(thiophene-2-sulfinyl)propanoic acid,Actinomyces oris,1,44,7
sorivudine,Bacteroides eggerthii,1,1388,23
L-Canavanine,Burkholderia cenocepacia,1,867,28
S-(4-tolyl)-L-cysteine,Streptococcus oralis,0,1167,156
Caspofungin,Candida albicans,1,530,34
digoxin,Aspergillus niger,0,1363,16
11(R)-hydroxy-12(20)-en-knightal,Hepatitis B virus F,0,147,84
Chlorhexidine acetate,Proteus mirabilis,0,576,121
Scopoletin,Enteric bacteria and other eubacteria,0,1184,59
HE10,Staphylococcus aureus,1,791,141
"5-Chloro-1-(2-chloroacetyl)indoline-2,3-dione",Pseudomonas aeruginosa,1,377,125
"1-[2-(naphthalen-1-yl)-5-(3,4,5-trimethoxyphenyl)-1,3,4-oxadiazol-3(2H)-yl]ethanone",Pseudomonas aeruginosa,1,135,125
(2E)-1-(5-clorotiophen-2-yl)-3-(3-methoxy-4-benzyloxi-phenyl)-2-propen-1-one,Staphylococcus aureus,1,29,141
p-Coumaric acid,Firmicutes,0,1379,73
2-bromooctanoic acid,Pseudomonas aeruginosa,1,239,125
4-bromo-5-(bromomethylene)-3-(1-( 2-propynyloxy)butyl)-2(5H)-furanone,Influenza B virus ,0,341,97
4-Ethylcatechol,Klebsiella variicola,0,326,100
6-MO-LF11-322,Acinetobacter oleiovorans,0,396,4
N-(4-Bromobenzylidene)benzohydrazide,Pseudomonas aeruginosa,1,976,125
2-amino-3-(3-chlorophenyl)propanoic acid,Clostridium perfringens,0,226,47
digoxin,Shigella flexneri,0,1363,138
3-(4-fluorophenyl)-5-(3-ethoxy- 4-hydroxybenzylidene)-2-thioxothiazolidin-4-one,Micrococcus luteus,0,273,108
Cefonicid,Eggerthella lenta,0,550,57
Tomentosin,Pseudomonas libaniensis,0,1281,129
LL-37,Staphylococcus epidermidis,1,888,146
2C-4,Candida albicans,0,245,34
4-nitro-cinnamaldehyde,Streptococcus mitis,0,358,154
Tyrosol,Citrobacter freundii,0,1295,43
BMAP-27,Human parainfluenza virus type 2,0,460,93
Pefloxacin ,Enteric bacteria and other eubacteria,0,1071,59
Rhein,Staphylococcus capitis,0,1149,142
Phloridzin,Staphylococcus aureus,1,1095,141
"(2E)-1-(2 ,4 ,5 -trimethoxyphenyl)-3-(2-chloro-6-methoxy-quinolin-3-yl)-2-propen-1-one",Enteric bacteria and other eubacteria,0,19,59
"N1-(7-chloroquinolin-4-yl)octane-1,8-diamine",Burkholderia pseudomallei,0,993,31
D-glutamine,Streptococcus mutans,0,644,155
4-Br-PHL,Edwardsiella tarda,0,321,56
Benzbromarone,Staphylococcus caprae,0,474,143
Rufloxacin,Bacteroides uniformis,0,1161,25
(2R)-2-amino-3-(benzenesulfinyl)propanoic acid,Acinetobacter baumannii,0,43,2
Peptide 1,Human immunodeficiency virus 1,0,1086,92
Myxinidin1,Staphylococcus epidermidis,0,956,146
Oregano oil,Enterococcus faecalis,0,1050,66
2-amino-3-(3-nitrophenyl)propanoic acid,Staphylococcus aureus,1,227,141
Zidovudine,Varicella-zoster virus,0,1327,172
(RW)4D,Human herpesvirus 4,0,98,89
Holothuroidin 2,Staphylococcus aureus,1,807,141
"(2S,3R,4S,5S,6R)-6-(Acetoxymethyl)-3-butyramidotetrahydro-2H-pyran-2,4,5-triyl triacetate",Aquifex aeolicus,0,64,13
Kaempherol,Trueperella pyogenes,0,857,171
Clotrimazole,Streptococcus mutans,1,604,155
4-nitropyridine N -oxide,Burkholderia cenocepacia,1,359,28
"2-(4,5-dibromo-1-methyl-1H-pyrrol-2-yl)-5-(pyridin-4-yl)-1,3,4-oxadiazole",Actinoplanes missouriensis,0,197,8
Trimethyl(3-{4-[3-(trimethylphosphaniumyl)propoxy]phenoxy}propyl)phosphanium dibromide,Staphylococcus aureus,1,1291,141
D-Citrulline,Staphylococcus aureus,1,633,141
Framycetin,Escherichia coli,1,749,69
Resveratrol,Streptococcus oralis,0,1148,156
D-Asparagine,Eubacterium ramulus,0,630,72
5-Bicyclic brominated furanones,Influenza B virus ,0,374,97
den-SB056,Pseudomonas japonica,0,1361,128
FS8,Staphylococcus aureus,1,730,141
Norfloxacin,Firmicutes,0,1028,73
11(R)-hydroxy-12(20)-en-knightol acetate,Staphylococcus aureus,1,148,141
S-(2-thienyl)-L-cysteine,Human immunodeficiency virus 1,0,1166,92
Hyperoside,Vibrio cholerae,0,813,175
Cefalotin,Streptomyces sp. ,1,540,167
S-propyl-L-cysteine,Streptococcus mutans,1,1174,155
"(2E)-1-(1,3-benzodioxol-5-yl)-3-[5-(2-nitro-phenyl)-furan-2-yl]-2-propen-1-one",Enterococcus faecalis,1,18,66
Nisin,Staphylococcus aureus,1,1020,141
Bactenecin,Burkholderia pseudomallei,1,467,31
Terconazole,Halomonas pacifica,0,1257,81
(Z)-4-bromo-5-(bromomethylene)-3-ethyl-2(5H)-furanone,Dihydropteroate synthase type-1,0,105,55
Myristic acid,Proteus mirabilis,1,952,121
Cinoxacin,Pseudoalteromonas sp.,0,589,124
Siamycin I,Candida tropicalis,0,1191,41
"1-(2,4-dichlorophenyl)-2-(1H-imidazol-1-yl)ethyl (2E)-3-phenylprop-2-enoate",Acinetobacter oleiovorans,0,119,4
L-ornithine hydrochloride,Staphylococcus epidermis,1,876,147
2-amino-4-chlorobenzoic acid,Proteus mirabilis,0,231,121
D-LL-37,Enterococcus gallinarum,0,636,68
2-amino-3-(prop-2-ene-1-sulfinyl)propanoic acid,Streptococcus mutans,1,229,155
Ivalin,Burkholderia thailandensis,0,849,32
Nisin,Staphylococcus epidermidis,1,1020,146
4-bromo-5-(bromomethylene)-3-(1-( 2-propynyloxy)butyl)-2(5H)-furanone,Human herpesvirus 5,0,341,90
4-Benzoylphenylalanine,Staphylococcus equorum,0,319,148
"2,4-Dimethylphenylalanine",Citrobacter freundii,0,175,43
14-Glycinyl andrographolide hydrochloride,Pseudoalteromonas sp.,0,161,124
Dalbavancin,Influenza A virus ,0,653,95
"2,4-Dimethylphenylalanine",Corynebacterium ammoniagenes,0,175,50
R-FV-I16,Escherichia coli,1,1135,69
1-{4-phenyl-2-[(E)-2-[4-(trifluoromethoxy)phenyl]ethenyl]quinolin-3-yl}ethan-1-one,Bacillus subtilis,1,143,21
Stilbene,Escherichia coli,1,1215,69
BisEDT-RIP,Streptococcus salivarius,0,490,161
Rosmarinic acid,Eubacterium ramulus,0,1159,72
NA8,Actinoplanes missouriensis,0,1001,8
(2R)-2-amino-3-[(4-methylphenyl)methanesulfinyl]propanoic acid,Actinomyces oris,1,46,7
Oxiconazole nitrate,Proteus mirabilis,0,1054,121
L-tryptophan,Desulfovibrio africanus,0,878,54
Curcumin,Vibrio parahaemolyticus,1,619,177
Resveratrol,Burkholderia multivorans,1,1148,30
13-methyltetradecanoic acid,Streptococcus pneumoniae serotype 4,0,157,159
"1-[2-(3,5-dichlorophenyl)-5-(3,4,5-trimethoxyphenyl)-1,3,4-oxadiazol-3(2H)-yl]ethanone",Staphlococcus aureus,0,133,140
Linalool,Enterobacter cloacae,0,900,63
Sm6(L1)2C,Mycobacterium tuberculosis,0,1204,113
PLF,Staphylococcus epidermidis,0,1061,146
Taurine,Actinomyces oris,1,1246,7
Gallocatechin gallate,Eikenella corrodens,1,773,58
Cefixime,Staphylococcus aureus,1,547,141
"Trimethyl[3-({33-[2-(trimethylazaniumyl)ethoxy]-10,15,20,25,27,29,31,34-octakis[3-(trimethylazaniumyl)propoxy]hexacyclo[21.2.2.2,.2,.2,.2]pentatriaconta-1(25),3,5,8,10,13,15,18,20,23,26,28,30,32,34-pentadecaen-4-yl}oxy)propyl]azanium decabromide",Staphylococcus aureus,1,1293,141
(R)-2-Amino-3-biphenyl-3-yl-propionic acid,Influenza B virus ,0,92,97
"2,4-Dimethylphenylalanine",Staphylococcus aureus,1,175,141
Cefepime,Pseudomonas aeruginosa,1,545,125
1-{2-[(E)-2-(4-hydroxy-3-methoxyphenyl)ethenyl]-4-phenylquinolin-3-yl}ethan-1-one,Klebsiella planticola,1,140,98
Allicin,Bacteroides vulgatus,0,426,26
Chlorhexidine,Listeria monocytogenes,0,575,104
L-2-Bromophenylalanine,Hepatitis C virus,0,863,86
Silver nitrate,Burkholderia cepacia,1,1196,29
Hesperidin,Staphylococcus aureus,1,799,141
"N1-(7-chloroquinolin-4-yl)octane-1,8-diamine",Listeria monocytogenes serotype 4a,0,993,105
Glycinamide hydrochloride,Streptococcus mutans,1,784,155
N-(4-Bromobenzylidene)benzohydrazide,Staphylococcus aureus,1,976,141
Penicillenol B2,Candida albicans,1,1077,34
5-Bromoindole,Escherichia coli ,0,376,70
Vanillylacetone,Pseudomonas fluorescens,0,1310,127
Arbekacin,Candida guiliermondi,0,445,37
Chromate,Haemophilus influenzae,0,579,78
MUC7 12-mer-D,Streptococcus mutans,1,914,155
Quinine,Streptomyces sp. ,0,1130,167
Niacinamide,Pseudomonas aeruginosa,1,1018,125
Azithromycin,Aspergillus fumigatus,0,456,15
6-fluoroindole,Trueperella pyogenes,0,397,171
Floxacillin ,Trichophyton mentagrophytes,0,741,170
Danthron,Yersinia enterocolitica,0,655,179
Pyrimethamine,Neisseria gonorrhoeae,0,1123,114
4-Hydroxy benzoate,Gardnerella vaginalis,0,331,76
(2R)-2-amino-3-[(4-methylphenyl)methanesulfinyl]propanoic acid,Aggregatibacter actinomycetemcomitans,0,46,11
Norspermidine,Vibrio vulnificus,0,1031,178
Dapsone,Bacillus cereus,0,656,19
Fusidic Acid,Salmonella Typhi,1,761,132
Cynarin,Streptomyces rubiginosus,0,625,166
Vanillylacetone,Enterococcus gallinarum,0,1310,68
"4-Fluoro-(S)-4,5-Dihydroxypentane-2,3-dione",Hepatitis C virus,0,328,86
"4-(5-(4,5-dibromo-1-methyl-1H-pyrrol-2-yl)-1,3,4-oxadiazole-2-yl)aniline",Pseudomonas aeruginosa,1,314,125
Oseltamivir,Influenza A virus ,1,1051,95
Besifloxacin,Streptococcus pneumoniae serotype 4,1,483,159
Polymyxin B,Varicella-zoster virus,0,1109,172
"(5Z)-2-(1,1-dichloro-3,3-dimethylbutyl)-5-[(3-methoxyphenyl)methylidene]-1,3-oxazolidin-4-one",Bacteroides uniformis,0,80,25
2-amino-6-chlorobenzoic acid,Lysinibacillus sphaericus,0,233,106
Latamoxef,Escherichia coli,1,894,69
Chloramphenicol,Streptococcus mitis,0,574,154
4-chloroaniline,Pseudomonas aeruginosa,1,351,125
Quercetin-3-O-glucuronide,Thermus thermophilus ,0,1129,169
Octyl gallate,Pseudomonas chlororaphis,0,1043,126
Penicillenol A1,Bacteroides fragilis,0,1074,24
Taurine,Staphylococcus saprophyticus,0,1246,150
"2,2 -Dipyridyl",Enterobacter cloacae,0,168,63
Methyl indole-7-carboxylate,Candida albicans,0,934,34
3-Nitro-D-tyrosine,Staphylococcus aureus,1,289,141
LL-37,Candida albicans,1,888,34
Linezolid,Citrobacter freundii,0,901,43
Asperdiol acetate,Staphylococcus aureus,1,447,141
Ampicillin,Staphylococcus aureus,1,437,141
Dezocine,Candida spp.,0,666,40
Propyl gallate,Staphylococcus cohnii,0,1117,145
N -(5-bromo-2-hydroxy-benzylidene)benzohydrazide,Streptococcus mutans,1,961,155
Sulfalene,Providencia stuartii,0,1227,123
3-hydroxychalcone,Candida albicans,0,300,34
Myxinidin1,Staphylococcus cohnii,0,956,145
Tomentosin,Candida albicans,1,1281,34
R-FV-I16,Pseudomonas aeruginosa,1,1135,125
Cefuroxime,Hepatitis B virus D,0,565,83
Myxinidin,Cryptococcus neoformans,0,955,52
Amphotericin B,Influenza A virus ,0,436,95
Ethyl gallate,Bacillus anthracis,0,722,18
beta-sitosterol glucoside,Klebsiella variicola,0,1349,100
(2S)-2-amino-3-(tert-butylsulfanyl)propanoic acid,Staphylococcus epidermis,1,54,147
Dicyclohexylamine,Burkholderia multivorans,0,677,30
DispersinB-KSL-W wound gel,Acinetobacter baumannii,1,687,2
G H12,Streptococcus mitis,1,763,154
Chrysin,Human herpesvirus 3,0,580,88
Lysozyme,Pseudomonas aeruginosa,1,911,125
S-(2-thiazoyl)-L-cysteine,Streptococcus mutans,1,1165,155
Clary sage,Acinetobacter sp.,0,596,5
Ciprofloxacin ,Mycobacterium avium,0,592,110
nimesulide,Vibrio campbellii,0,1376,174
Peptide 1,Streptococcus parasanguinis,0,1086,157
Ampicillin,Mycobacterium leprae,0,437,111
W-7 Hydrochloride,Streptococcus pyogenes,0,1320,160
Indol AHL,Actinoplanes missouriensis,0,826,8
"1-{2-[(E)-2-[3,5-bis(trifluoromethyl)phenyl]ethenyl]-4-phenylquinolin-3-yl}ethan-1-one",Pseudomonas aeruginosa,1,142,125
Gentamicin ,Escherichia coli,1,780,69
"1,3-dim-tolyurea",Streptococcus mutans,1,116,155
(RW)2-NH2,Actinomyces oris,0,95,7
2-oxindole,Vibrio parahaemolyticus,0,243,177
2-amino-3-(4-methylbenzenesulfinyl)propanoic acid,Enterococcus faecalis,0,228,66
"Trimethyl[2-({10,15,20,24,26,29,31,33,34-nonakis[3-(trimethylphosphaniumyl)propoxy]hexacyclo[21.2.2.2,.2,.2,.2]pentatriaconta-1(25),3(35),4,6(34),8,10,13,15,18,20,23,26,28,30,32-pentadecaen-4-yl}oxy)ethyl]phosphanium decabromide",Enterococcus faecalis,1,1292,66
Cephaloglycin,Bacillus anthracis,0,567,18
Tet-26,Streptococcus pyogenes,0,1262,160
Thonzonium bromide,Vibrio vulnificus,0,1269,178
Moxifloxacin ,Proteus vulgaris,0,946,122
Virstatin,Arthrobacter sp. ,0,1315,14
phys-GL13K,Neisseria gonorrhoeae,0,1386,114
LF11-227,Providencia stuartii,0,880,123
Moxifloxacin,Mycobacterium avium,1,945,110
Micafungin,Bacillus anthracis,0,939,18
Silver nanoparticles,Candida albicans,1,1194,34
Raspberry KAS 434,Obesumbacterium proteus,1,1145,115
Sinensetin,Escherichia coli,1,1203,69
2-(2-(2-Azidoacetamido)-5-nitrophenyl)-2-oxo-N-(prop-2-yn-1-yl)acetamide,Staphylococcus equorum,0,184,148
Isoconazole,Candida albicans,1,838,34
O-LF11-215,Listeria ivanovii,0,1035,103
Hexachlorophene,Neisseria gonorrhoeae,0,801,114
Sulfisoxazole,Streptococcus mutans,0,1236,155
LF11-227,Pseudomonas aeruginosa,1,880,125
Kaurenoic acid,Mycobacterium smegmatis,0,859,112
Bedaquiline,Mycobacterium tuberculosis,1,470,113
beta-Caryophyllene,Salmonella enterica,0,1345,133
Cefoperazone,Hepatitis C Virus ,0,551,85
lin-SB056,Burkholderia cenocepacia,0,1370,28
Latamoxef,Bacillus subtilis,1,894,21
"3,3-Diphenyl-D-alanine",Aggregatibacter actinomycetemcomitans,0,246,11
6-Chlorooxindole,Pseudomonas aeruginosa,1,392,125
2-geranyloxy-1-(2-methylpropanoyl)phloroglucinol,Candida spp.,0,240,40
Hinokitiol,Chromobacterium violaceum,0,804,42
4-Hydroxy benzoate,Streptococcus sanguis,0,331,163
Quinine,Bacteroides eggerthii,0,1130,23
Rutin,Staphylococcus haemolyticus,0,1163,149
Thonzonium bromide,Bacillus licheniformis,0,1269,20
digoxin,Streptococcus parasanguinis,0,1363,157
Ciprofloxacin,Bacillus subtilis,1,590,21
4-Benzoylphenylalanine,Marinobacter hydrocarbonoclasticus,0,319,107
Ribavirin,Mycobacterium leprae,0,1151,111
"1,3-dimethyl-6-(4-methylphenyl)-5-[3-(4-methylphenyl)-1-phenyl-1H-pyrazol-4-yl]-1H,2H,3H,4H,5H,6H-pyrimido[4,5-d][1,3]diazine-2,4-dione",Micrococcus luteus,1,117,108
N-(2-Pyridinyl)butanamide,Pseudomonas aeruginosa,1,972,125
"2-(4,5-dibromo-1-methyl-1H-pyrrol-2-yl)-5-(methylthio)-1,3,4-oxadiazole",Baker's yeast,0,195,27
alpha-mangostin,Streptococcus mutans,0,1341,155
Capreomycin,Mycobacterium tuberculosis,1,521,113
Gatifloxacin,Streptococcus pneumoniae serotype 4,1,776,159
"Triethyl[3-({33-[2-(triethylazaniumyl)ethoxy]-10,15,20,25,27,29,31,34-octakis[3-(triethylazaniumyl)propoxy]hexacyclo[21.2.2.2.2.2.2]pentatriaconta-1(25),3,5,8,10,13,15,18,20,23,26,28,30,32,34-pentadecaen-4-yl}oxy)propyl]azanium decabromide",Enterococcus faecalis,1,1287,66
Oxytetracycline,Bacillus cereus,0,1056,19
"4-Fluoro-(S)-4,5-Dihydroxypentane-2,3-dione",Vibrio harveyi,1,328,176
"2-(4,5-dibromo-1-methyl-1H-pyrrol-2-yl)-5-phenyl-1,3,4-oxadiazole",Staphylococcus epidermis,0,198,147
"(2S,3R,4S,5S,6R)-6-(Acetoxymethyl)-3-(3-oxooctanamido)tetrahydro-2H-pyran-2,4,5-triyl triacetate",Pseudomonas aeruginosa,1,63,125
Sulfadiazine ,Varicella-zoster virus,0,1225,172
Lysozyme,Salmonella enterica,0,911,133
p-nitrophenyl glycerol,Proteus mirabilis,1,1380,121
Hexameric peptide,Bacillus anthracis,0,802,18
3-(2-Furyl)-D-alanine,Bacteroides fragilis,0,262,24
Penciclovir,Achromobacter xylosoxidans,0,1073,1
Octadecyl gallate,Proteus mirabilis,0,1041,121
IG-19,Burkholderia pseudomallei,1,816,31
13-methyltetradecanoic acid,Pseudomonas aeruginosa,1,157,125
Glucose,Streptococcus parasanguinis,0,783,157
Daclatasvir,Varicella-zoster virus,0,651,172
lin-SB056,Pseudomonas aeruginosa,1,1370,125
Ellagic Acid,Clostridium perfringens ,0,698,48
Cefotiam,Vibrio cholerae,0,555,175
Imipenem,Staphylococcus aureus,1,822,141
Methyl indole-7-carboxylate,Pseudomonas aeruginosa,1,934,125
4-Methylphenylalanine,Salmonella Typhi,0,338,132
3-(4-Pyridinyl)alanine,Staphylococcus epidermis,1,271,147
AFP1,Pantoea agglomerans,0,415,116
Salicylic acid,Escherichia coli ,0,1181,70
Virginiamycin M1,Enterobacter cloacae,0,1314,63
Peppermint oil,Bacteroides vulgatus,0,1085,26
Tipranavir ,Varicella-zoster virus,0,1277,172
"(5Z)-2-(2,2-dimethylpropyl)-5-{[3-(trifluoromethyl)phenyl]methylidene}-1,3-oxazolidin-4-one",Eggerthella lenta,0,85,57
11(R)-hydroxy-12(20)-en-knightal,Sphingomonas sp. Ibu-2,0,147,139
Myxinidin3,Streptococcus oralis,0,958,156
IDR-1018,Salmonella enterica,1,814,133
Tetrameric peptide,Citrobacter freundii,0,1264,43
Clove oil,Obesumbacterium proteus,0,605,115
Butanol,Halomonas pacifica,0,497,81
Meta-bromo-thiolactone,Halomonas pacifica,0,928,81
Latamoxef,Raoultella ornithinolytica,0,894,131
Furanone-8,Salmonella Typhi,0,759,132
Meropenem,Escherichia coli,1,927,69
Abacavir,Pseudomonas japonica,0,416,128
"3-{2-[(1S,2R,4aR,8aR)-1,2,4a,5-tetramethyl-1,2,3,4,4a,7,8,8a-octahydronaphthalen-1-yl]ethyl}-N-(3-fluorophenyl)-5-methylidene-2,5-dihydrofuran-2-amine",Staphylococcus aureus,1,308,141
Hydnocarpin D,Mycobacterium smegmatis,0,810,112
"(Z)-5-octylidenethiazolidine-2,4-dione",Marinobacter hydrocarbonoclasticus,0,111,107
Epigallocatechin Gallate,Klebsiella variicola,1,710,100
Tet-26,Pseudomonas aeruginosa,1,1262,125
Delavirdine,Actinomyces oris,0,661,7
"(2E)-1-(2 ,5 -dimethoxyphenyl)-3-(2-naphthyl)-2-propen-1-one",Enterococcus faecalis,1,22,66
1-{2-[(E)-2-(4-hydroxy-3-methoxyphenyl)ethenyl]-4-phenylquinolin-3-yl}ethan-1-one,Bacteroides fragilis,0,140,24
Gentamicin,Enteric bacteria and other eubacteria,1,779,59
4-chloro-7-(trifluoromethyl)quinoline,Vibrio cholerae,0,350,175
"6-(4-chlorophenyl)-1,3-dimethyl-5-[3-(4-methylphenyl)-1-phenyl-1H-pyrazol-4-yl]-1H,2H,3H,4H,5H,6H-pyrimido[4,5-d][1,3]diazine-2,4-dione",Aggregatibacter actinomycetemcomitans,0,387,11
Carnitine hydrochloride,Pseudomonas libaniensis,0,527,129
Phenanthrene,Serratia marcescens,1,1088,136
LL-37,Morganella morganii,0,888,109
Rifampicin,Mycobacterium avium,0,1154,110
Oxiconazole nitrate,Burkholderia thailandensis,0,1054,32
5-Bromoindole,Pseudomonas aeruginosa,1,376,125
7-fluoroindole,Pseudoalteromonas sp.,0,403,124
OSIP108,Candida albicans,1,1040,34
Ephedrine,Achromobacter sp.,0,705,0
"Triethyl[3-({33-[2-(triethylazaniumyl)ethoxy]-10,15,20,25,27,29,31,34-octakis[3-(triethylazaniumyl)propoxy]hexacyclo[21.2.2.2.2.2.2]pentatriaconta-1(25),3,5,8,10,13,15,18,20,23,26,28,30,32,34-pentadecaen-4-yl}oxy)propyl]azanium decabromide",Thermus thermophilus,0,1287,168
Esculin hydrate,Staphylococcus equorum,0,717,148
Clotrimazole,Mycobacterium tuberculosis,0,604,113
digoxin,Thermus thermophilus,0,1363,168
"3,3-dimethyl-13-{9-methyl-[1,2,3,4]tetrazolo[1,5-a]quinolin-4-yl}-1H,2H,3H,4H,6H,11H,13H-indazolo[1,2-b]phthalazine-1,6,11-trione",Vibrio anguillarum,0,249,173
"(10R,11R)-Hydnocarpin",Mycobacterium leprae,0,1,111
"2,4-Dimethylphenylalanine",Morganella morganii,0,175,109
Chrysin,Edwardsiella tarda,0,580,56
Sulfanilamide,Staphylococcus cohnii,0,1233,145
5-Bromoindole,Pseudomonas chlororaphis,0,376,126
Idoxuridine,Human herpesvirus 1 ,1,820,87
SQ109,Enterococcus gallinarum,0,1178,68
OHC10HL,Streptococcus gordonii,0,1038,153
Carbonyl cyanide m-chlorophenylhydrazone,Bacteroides vulgatus,0,524,26
6-MO-LF11-322,Escherichia coli O6:H1 (strain CFT073 / ATCC 700928 / UPEC),0,396,71
2-(2-(2-Azidoacetamido)-5-bromophenyl)-2-oxo-N-(prop-2-yn-1-yl)acetamide,Streptococcus parasanguinis,0,181,157
Fosfomycin,Escherichia coli,1,748,69
1-(4-chlorophenyl)-3-m-tolyurea,Streptococcus mutans,1,124,155
"(5E)-5-hexylidene-1,3-thiazolidine-2,4-dione",Candida albicans,1,74,34
"2,4-Difluorophenylalanine",Staphylococcus aureus,1,174,141
Latamoxef,Streptococcus pneumoniae serotype 4,0,894,159
Meropenem,Pseudomonas aeruginosa,1,927,125
Pefloxacin,Staphylococcus aureus,1,1070,141
Allicin,Chromobacterium violaceum,0,426,42
Ribavirin,Human parainfluenza virus type 2,1,1151,93
"(2E)-1-(3 ,4 -dimethoxyphenyl)-3-(2-naphthyl)-2-propen-1-one",Streptococcus mutans,1,25,155
Malabaricone C,Salmonella Typhi,0,921,132
CWR11,Listeria monocytogenes serotype 4a,0,514,105
Phylloseptin-1,Klebsiella variicola,0,1098,100
(Z)-4-bromo-5-(bromomethylene)-3-(1-bromoethyl)-2(5H)-furanone,Hepatitis B virus D,0,102,83
"2,4-Dimethylphenylalanine",Staphylococcus epidermis,1,175,147
Calanolide A,Streptomyces sp. ,0,518,167
Avibactam,Klebsiella pneumoniae,1,454,99
L-Phenylalanine,Bacteroides,0,869,22
3-chloro-5-hydroxy-4-[(4-methylphenylsulfonyl)]-2(5H)-furanone,Candida guiliermondi,0,294,37
5-Fluorocytosine,Candida albicans,1,379,34
(R)-2-Amino-3-biphenyl-3-yl-propionic acid,Human herpesvirus 1 ,0,92,87
"Butane-1,4-diamine",Human herpesvirus 1 ,0,496,87
3-(1-Naphthyl)-D-Alanine,Staphylococcus aureus,1,261,141
"3,4-Dichloro-5-[(1,3-dichloropropan-2-yloxy)]-2(5H)-furanone",Providencia stuartii,0,251,123
5-Chloroindole,Pseudomonas aeruginosa,1,378,125
cov-GK7-NH2,Porphyromonas gingivalis,1,1355,119
Isosinensetin,Clostridium pasteurianum,0,846,46
Cefpiramide,Human immunodeficiency virus 1,0,557,92
Pentamethoxyflavone,Obesumbacterium proteus,0,1083,115
"4-Hydroxy-2,5-dimethyl-3(2H)-furanone",Acinetobacter sp.,0,332,5
4-methoxy-cinnamaldehyde,Achromobacter xylosoxidans,0,357,1
Luteolin,Escherichia coli,1,908,69
Clioquinol,Vibrio vulnificus,0,601,178
Na-Pyrosulfite,Streptococcus mutans,1,1006,155
Furanone-3,Eubacterium ramulus,0,756,72
Chrysophanol,Citrobacter freundii,0,581,43
1-{2-[(E)-2-(4-hydroxy-3-methoxyphenyl)ethenyl]-4-phenylquinolin-3-yl}ethan-1-one,Candida glabrata,0,140,36
Farnesol,Burkholderia multivorans,1,732,30
Glycinamide hydrochloride,Mycobacterium tuberculosis,0,784,113
Subtilosin,Listeria monocytogenes,1,1218,104
Pentamethoxyflavone,Vibrio harveyi,1,1083,176
Penicillenol A2,Staphylococcus aureus,1,1075,141
Carboxymethyl chitosan,Staphylococcus saprophyticus,0,525,150
Clindamycin,Enteric bacteria and other eubacteria,1,599,59
Citral,Candida albicans,0,593,34
LF11-215,Pseudomonas aeruginosa,1,879,125
"N1-(7-chloroquinolin-4-yl)ethane-1,2-diamine",Serratia marcescens,1,992,136
Silver sulfadiazine,Streptococcus mitis,0,1197,154
Metronidazole,Helicobacter pylori ,1,937,82
"1-[2-(3,5-dichlorophenyl)-5-(3,4,5-trimethoxyphenyl)-1,3,4-oxadiazol-3(2H)-yl]ethanone",Eubacterium ramulus,0,133,72
(2E)-1-(5-clorotiophen-2-yl)-3-(3-methoxy-4-benzyloxi-phenyl)-2-propen-1-one,Pseudomonas aeruginosa,1,29,125
3-Methoxy-D-Phenylalanine,Streptococcus sanguinis,0,286,162
Benzathine Benzylpenicillin,Listeria monocytogenes,1,472,104
Curcumin,Vibrio harveyi,1,619,176
6-MO-LF11-215,Bacteroides fragilis,0,394,24
SMAP-29,Candida guiliermondi,0,1176,37
Silver dihydrogen citrate,Hepatitis C Virus ,0,1193,85
Doxycycline,Escherichia coli,1,693,69
"(2E)-1-(1,3-benzodioxol-5-yl)-3-[5-(2-nitro-phenyl)-furan-2-yl]-2-propen-1-one",Clostridium perfringens ,0,18,48
"4-Hydroxy-2,5-dimethyl-3(2H)-furanone",Chromobacterium violaceum,0,332,42
3-fluoroaniline,Cronobacter sakazakii,0,295,51
Citropin 1.1,Clostridium pasteurianum,0,594,46
HA14-1,Varicella-zoster virus,0,790,172
Tyrosol,Candida albicans,1,1295,34
G10KHc,Staphylococcus aureus,0,764,141
Sm6(L2)B33,Streptococcus mutans,1,1205,155
1-{2-[(E)-2-(4-chlorophenyl)ethenyl]-4-phenylquinolin-3-yl}ethan-1-one,Hafnia alvei,0,139,79
Voriconazole,Amycolatopsis orientalis,0,1319,12
KD-13,Neisseria gonorrhoeae,0,853,114
Chrysophsin-1,Streptococcus mutans,1,582,155
Phylloseptin-1,Bacillus licheniformis,0,1098,20
G10KHc,Bacteroides uniformis,0,764,25
Chloramphenicol,Proteus vulgaris,0,574,122
Ciprofloxacin,Haemophilus influenzae,1,590,78
Yohimbine hydrochloride,Vibrio parahaemolyticus,0,1323,177
trans-2-dodecenoic acid,Achromobacter xylosoxidans,0,1391,1
Phloretin,Escherichia coli,1,1094,69
Butanol,Geobacillus kaustophilus,0,497,77
beta-Defensin-3,Helicobacter pylori ,0,1347,82
4-chloroaniline,Candida krusei,0,351,38
(2E)-3-(3-hydroxy-4-methoxyphenyl)-1-phenylprop-2-en-1-one,Bacillus licheniformis,0,34,20
"5,7,8,4-Tetramethoxyflavone",Bacillus cereus,0,364,19
Chitosan,Staphylococcus aureus,1,573,141
S-phenyl-L-cysteine,Streptococcus mutans,1,1172,155
Emodin,Streptococcus salivarius,0,700,161
Usnic acid,Pseudomonas chlororaphis,0,1304,126
1-{2-[(E)-2-(4-chlorophenyl)ethenyl]-4-phenylquinolin-3-yl}ethan-1-one,Staphylococcus aureus,1,139,141
Piperacillin-Tazobactam,Candida spp.,1,1103,40
LF11-322,Pseudomonas aeruginosa,1,881,125
N-Nonanoyl-cyclopentylamide,Pseudoalteromonas sp.,0,987,124
Cefalonium,Propionibacterium acnes,0,539,120
"1-[2-(2,4-dichlorophenyl)-5-(3,4,5-trimethoxyphenyl)-1,3,4-oxadiazol-3(2H)-yl]ethanone",Pichia anomala,0,131,117
RNAIII-inhibiting Peptide,Edwardsiella tarda,0,1141,56
Sulfacetamide,Actinobacillus actinomycetemcomitans,0,1222,6
(2S)-2-amino-3-(tert-butylsulfanyl)propanoic acid,Listeria ivanovii,0,54,103
Clomocycline,Enteric bacteria and other eubacteria,1,603,59
"3-{2-[(1S,2R,4aR,8aR)-1,2,4a,5-tetramethyl-1,2,3,4,4a,7,8,8a-octahydronaphthalen-1-yl]ethyl}-N-(3-fluorophenyl)-5-methylidene-2,5-dihydrofuran-2-amine",Human immunodeficiency virus 1,0,308,92
L- K6L9,Streptococcus mutans,0,862,155
Genistein,Bacteroides uniformis,1,778,25
Peptide 1037,Desulfovibrio africanus,0,1087,54
Sage oil,Thermus thermophilus ,0,1179,169
beta-Defensin-3,Porphyromonas gingivalis,0,1347,119
"N1-(7-chloroquinolin-4-yl)dodecane-1,12-diamine",Salmonella Typhi,0,991,132
dF21-10K,Hepatitis B virus F,0,1360,84
"(2E)-5-[(1S,2R,4aR,8aR)-1,2,4a,5-tetramethyl-1,2,3,4,4a,7,8,8a-octahydronaphthalen-1-yl]-3-formylpent-2-enoic acid",Mycobacterium avium,0,36,110
M8G2,Bacteroides uniformis,0,913,25
Vancomycin,Enterococcus faecalis,1,1307,66
Bacitracin,Candida albicans,1,466,34
D-Methionine,Achromobacter xylosoxidans,0,638,1
Sulfathiazole,Providencia stuartii,0,1235,123
N-(4-Hydroxyphenyl)butanamide,Pseudomonas aeruginosa,1,977,125
Octadecyl gallate,Streptococcus mutans,1,1041,155
Ciprofloxacin ,Raoultella ornithinolytica,0,592,131
Magainin-II,Pseudomonas aeruginosa,1,920,125
RK-19,Streptococcus pyogenes,0,1138,160
4-Nitro-D-phenylalanine,Staphylococcus aureus,1,339,141
Di-MB-LF11-215,Edwardsiella tarda,0,667,56
Sorbitol,Streptomyces rubiginosus,1,1210,166
Esculentin,Aquifex aeolicus,0,714,13
Monensin sodium salt,Mycobacterium smegmatis,0,944,112
7P-AC,Staphylococcus epidermidis,1,410,146
"5-(4,5-dibromo-1-methyl-1H-pyrrol-2-yl)-1,3,4-oxadiazole-2-thiol",Haemophilus influenzae,0,367,78
7-chloroindole,Pseudomonas aeruginosa,1,401,125
Hsn5 12-mer,Thermus thermophilus,0,808,168
CRAMP,Bacillus subtilis,0,511,21
Tangerine oil,Lactobacillus fermenti,0,1244,102
Myxinidin1,Pseudomonas aeruginosa,1,956,125
S-ethyl-L-cysteine,Porphyromonas gingivalis,0,1170,119
Anidulafungin,Bacillus cereus,0,439,19
Carminic acid,Mycobacterium avium,0,526,110
Cefuroxime,Listeria monocytogenes,1,565,104
Tipranavir ,Serratia liquefaciens,0,1277,135
"2-(2,4-difluorophenyl)-1,3-bis(1H-1,2,4-triazol-1-yl)propan-2-yl (2E)-3-phenylprop-2-enoate",Amycolatopsis orientalis,0,180,12
3-oxo-C8-HSL,Morganella morganii,0,303,109
N-[5-(6-amino-9H-purin-9-yl)-4-hydroxy-2-(hydroxymethyl)oxolan-3-yl]-3-(4-methoxyphenyl)propanamide,Vibrio vulnificus,1,989,178
"5-Bromo-1-(2-chloroacetyl)indoline-2,3-dione",Pseudomonas aeruginosa,1,375,125
1-(pyrazin-2-yl)ethan-1-one,Aspergillus fumigatus,0,129,15
Lactoferricin B,Hafnia alvei,0,891,79
"14,15,29,30-Tetrahydro-5H,20H-dibenzo[h,s]bis([1,2,3]triazolo)[5,1-c:5_,1_-n][1,4,7,12,15,18]hexaazacyclodocosine-6,12,13,21,27,28(7H,22H)-hexaone",Staphylococcus haemolyticus,0,160,149
"(2S,3R,4S,5S,6R)-6-(Acetoxymethyl)-3-(2-(4-chlorophenyl)acetamido)tetrahydro-2H-pyran-2,4,5-triyl triacetate",Lysinibacillus sphaericus,0,59,106
"1-[2-(2-nitrophenyl)-5-phenyl-1,3,4-oxadiazol-3(2H)-yl]ethanone",Aeromonas sobria,0,132,10
3-(2-Naphthyl)-D-alanine,Staphylococcus epidermis,1,264,147
Linezolid,Human herpesvirus 5,0,901,90
beta-Defensin-3,Human herpesvirus 4,0,1347,89
Limonene,Escherichia coli,1,899,69
Bacampicillin,Providencia stuartii,0,465,123
3-Carbamoylphenylalanine,Enterococcus faecalis,0,279,66
RK-31,Escherichia coli O6:H1 (strain CFT073 / ATCC 700928 / UPEC),0,1140,71
4-(Aminomethyl)-D-phenylalanine,Staphylococcus chromogenes,0,315,144
Bevirimat,Streptococcus mutans,0,486,155
Penciclovir,Human herpesvirus 1 ,1,1073,87
Bis[(4-methylphenyl)methyl] disulfide,Enterobacter cloacae,0,491,63
Ephedrine,Pseudomonas aeruginosa,1,705,125
P60.4Ac,Eubacterium ramulus,0,1059,72
Octyl gallate,Enterococcus faecalis,1,1043,66
Epigallocatechin,Eikenella corrodens,1,709,58
"2-Benzyl-5-(4,5-dibromo-1-methyl-1H-pyrrol-2-yl)-1,3,4-oxadiazole",Streptococcus epidermidis,1,214,152
IDR-1018,Kocuria rhizophila,0,814,101
Penicillenol A2,Burkholderia thailandensis,0,1075,32
(5Z)-4-Bromo-5-(bromomethylene)-3-butyl-2(5H)-furanone,Escherichia coli,1,87,69
Silver nanowires,Streptomyces gordonii,0,1195,165
Gossypetin hexamethyl ether,Citrobacter freundii,0,787,43
Ferric chloride,Acinetobacter sp.,0,734,5
[(ethanesulfinyl)sulfanyl]ethane,Proteus mirabilis,0,1335,121
Chrysophsin-1,Bacillus cereus,0,582,19
5-(dibromomethylene)-3-(1-bromobutyl)-2(5H)-furanone,Amycolatopsis orientalis,0,369,12
3-bromo-5-methoxy-4-[(4-methylphenylsulfanyl)]-2(5H)-furanone,Lactobacillus fermenti,0,292,102
Coladonin,Escherichia coli,1,609,69
Esculin hydrate,Burkholderia multivorans,1,717,30
Trimethoprim-sulfamethoxazole,Streptococcus sanguinis,0,1288,162
(1E)-1-{[(1E)-prop-1-ene-1-sulfinyl]sulfanyl}prop-1-ene,Aggregatibacter actinomycetemcomitans,0,4,11
"N-(5-Methyl-1,2-oxazol-3-yl)butanamide",Bacillus anthracis,0,981,18
3-(3-fluorophenyl)-5-(3-ethoxy-4-hydroxybenzylidene)-2-thioxothiazolidin-4-one,Acinetobacter sp.,0,270,5
Penicillic acid,Enterobacter aerogenes,0,1080,61
Azithromycin,Burkholderia cenocepacia,1,456,28
4-Amino-D-phenylalanine,Burkholderia multivorans,0,318,30
Guaiacol,Escherichia coli,1,789,69
(5Z)-4-Bromo-5-(bromomethylene)-3-butyl-2(5H)-furanone,Candida dubliniensis,0,87,35
6-Gingerol,Enterococcus faecalis,0,393,66
Octyl gallate,Staphylococcus epidermis,0,1043,147
Zinc Nitrate,Trueperella pyogenes,0,1330,171
Grepafloxacin,Candida spp.,0,788,40
Oleanolic Acid,Staphylococcus aureus,1,1045,141
Azithromycin,Raoultella ornithinolytica,0,456,131
Norbgugaine 12,Cronobacter sakazakii,0,1027,51
L-ornithine hydrochloride,Listeria ivanovii,0,876,103
Ibuprofen,Staphylococcus caprae,0,819,143
"(2E)-N -(2 -hydroxy-5 -bromo-benzilidene)-3,4,5-trimethoxybenzohydrazide",Burkholderia cenocepacia,0,37,28
C4-HSL,Hafnia alvei,1,506,79
Zeaxanthin,Candida spp.,0,1326,40
Moxifloxacin,Stenotrophomonas maltophilia,1,945,151
"(5Z)-2-(1,1-dichloropropyl)-5-{[4-(trifluoromethyl)phenyl]methylidene}-1,3-oxazolidin-4-one",Staphylococcus epidermidis,0,84,146
"(2E)-1-(3 ,5 -dimethoxyphenyl)-3-(2-naphthyl)-2-propen-1-one",Hafnia paralvei,0,26,80
Miconazole,Thermus thermophilus,0,940,168
Nisin,Human immunodeficiency virus,0,1020,91
R-Thanatin,Lactobacillus fermenti,0,1136,102
"9-hydroxy-2-propyl-4H-pyrido[1,2-a]pyrimidin-4-one",Burkholderia multivorans,0,412,30
N -(3-nitro-4-hydroxy-benzylidene)benzohydrazide,Burkholderia thailandensis,0,959,32
Mezlocillin,Streptococcus pneumoniae,1,938,158
"(5Z)-2-(1,1-dichlorobut-3-yn-1-yl)-5-{[4-(trifluoromethyl)phenyl]methylidene}-1,3-oxazolidin-4-one",Staphylococcus aureus,1,83,141
Penicillenol B2,Serratia liquefaciens,0,1077,135
Emtricitabine,Human immunodeficiency virus 1,1,701,92
Esculentin,Pseudomonas aeruginosa,1,714,125
Novobiocin,Staphylococcus aureus,1,1032,141
(2R)-2-amino-5-(1-nitrocarbamimidamido)pentanoic acid,Clostridium leptum,0,49,45
"2-(4,5-dibromo-1-methyl-1H-pyrrol-2yl)-5-(4-nitrophenyl)-1,3,4-oxadiazole",Streptococcus epidermidis,1,200,152
trans-2-Nonenal,Varicella-zoster virus,0,1389,172
Gentamicin ,Baker's yeast,0,780,27
Silver Ion,Achromobacter xylosoxidans,0,1192,1
Polymyxin B,Clostridium bacilli,0,1109,44
Lys-a1,Streptococcus sobrinus,1,910,164
Sulfadoxine,Pseudomonas chlororaphis,0,1226,126
Ciprofloxacin ,Firmicutes,0,592,73
Cefepime,Influenza B virus ,0,545,97
Econazole,Streptococcus mutans,1,694,155
4-Amino-D-phenylalanine,Staphylococcus aureus,1,318,141
A-3,Candida albicans,1,413,34
VSL2,Vibrio cholerae,0,1306,175
D-Methionine,Candida krusei,0,638,38
Oxytetracycline,Staphylococcus aureus,0,1056,141
"13-(2-chloro-7-methoxyquinolin-3-yl)-3,3-dimethyl-1H,2H,3H,4H,6H,11H,13H-indazolo[1,2-b]phthalazine-1,6,11-trione",Pseudoalteromonas sp.,0,153,124
"(2E)-1-(1,3-benzodioxol-5-yl)-3-[5-(2-nitro-phenyl)-furan-2-yl]-2-propen-1-one",Proteus mirabilis,0,18,121
Myxinidin2,Pseudomonas aeruginosa,1,957,125
"3,3-Diphenyl-D-alanine",Bacillus cereus,0,246,19
N-Decanoyl cyclopentylamide,Acinetobacter sp.,0,985,5
3-bromo-5-methoxy-4-[(4-methylphenylsulfanyl)]-2(5H)-furanone,Bacillus subtilis,1,292,21
(RW)2-NH2,Klebsiella pneumoniae,0,95,99
BMAP-18,Burkholderia pseudomallei,1,459,31
4-Cyanophenylalanine,Staphylococcus epidermis,1,325,147
Ribavirin,Dengue Virus Type 2,1,1151,53
3-oxo-C8-HSL,Pseudomonas aeruginosa,0,303,125
4-Chloro-2-fluoro-DL-phenylalanine,Streptomyces gordonii,0,323,165
SQ109,Pseudoalteromonas sp.,0,1178,124
"3,4-Dichloro-cinnamaldehyde",Burkholderia multivorans,0,253,30
Nelfinavir,Baker's yeast,0,1011,27
"(2E)-1-(3 ,5 -dimethoxyphenyl)-3-(2-naphthyl)-2-propen-1-one",Proteus mirabilis,0,26,121
Silver nitrate,Proteus vulgaris,0,1196,122
Dicloxacillin,Shigella flexneri,0,676,138
TZD-C8,Vibrio parahaemolyticus,0,1241,177
Coumarin,Staphylococcus aureus,1,616,141
Phenobarbitone,Staphylococcus haemolyticus,0,1089,149
Tyrphostin AG1478,Candida albicans,1,1297,34
CSP,Staphylococcus chromogenes,0,512,144
GL13K,Staphylococcus cohnii,0,766,145
Indole-3-acetamide,Pseudomonas libaniensis,0,829,129
W-7 Hydrochloride,Burkholderia multivorans,0,1320,30
GL13K,Streptococcus gordonii,1,766,153
Butoconazole nitrate,Gardnerella vaginalis,0,501,76
Vitamin C,Escherichia coli,1,1316,69
"(5E)-5-hexylidene-1,3-thiazolidine-2,4-dione",Streptococcus mitis,0,74,154
Erythromycin,Pseudoalteromonas sp.,0,713,124
"5-(4,5-dibromo-1-methyl-1H-pyrrol-2-yl)-1,3,4-oxadiazole-2-thiol",Pseudomonas aeruginosa,1,367,125
13-methyltetradecanoic acid,Burkholderia multivorans,0,157,30
3-chloro-5-hydroxy-4-[(4-methylphenylsulfonyl)]-2(5H)-furanone,Bacteroides fragilis,0,294,24
Norspermidine,Pseudomonas aeruginosa,1,1031,125
Cerulenin,Escherichia coli,1,568,69
2-(Aminomethyl)-L-phenylalanine,Providencia stuartii,0,211,123
3-geranyl-1-(2-methylpropanoyl)phloroglucinol,Schistosoma,0,297,134
2-(5-Chloro-2-(2-chloroacetamido)phenyl )-2-oxo-N-( prop-2-yn-1-yl)acetamide,Klebsiella pneumoniae,0,210,99
(E)-3-Decen-2-one,Serratia liquefaciens,0,89,135
Ferric chloride,Pseudomonas aeruginosa,0,734,125
Furanone 56,Enterobacter ludwigi,0,752,64
Titanium dioxide,Bacteroides eggerthii,0,1278,23
Amikacin disulfate salt,Burkholderia cepacia,0,431,29
Ceftazidime hydrate,Burkholderia thailandensis,0,561,32
Bromohexylmaleic anhydride,Streptococcus oralis,0,494,156
(1Z)-(prop-2-en-1-ylidene)-lambda4-sulfanyliumolate,Streptococcus sanguis,1,11,163
"Dihydroxybenzoic Acid (2,4-DHBA)",Achromobacter xylosoxidans,0,680,1
6-Chloroindole,Pseudomonas aeruginosa,1,391,125
Niclosamide,Pseudomonas aeruginosa,1,1019,125
Tyrphostin AG1478,Hafnia alvei,0,1297,79
DJK6,Salmonella enterica,1,650,133
Simeprevir,Klebsiella pneumoniae,0,1200,99
Myristoyl-DL-carnitine,Bacillus cereus,0,953,19
Protocatechuic acid,Enterococcus faecalis,0,1119,66
Nystatin,Candida albicans,1,1033,34
4H-tomentosin,Serratia marcescens,0,362,136
Melittin B,Streptococcus mutans,1,924,155
Evodiamine,Escherichia coli,0,727,69
Rutin,Vibrio harveyi,1,1163,176
Azithromycin,Burkholderia multivorans,1,456,30
3-Iodotyrosine,Halomonas pacifica,0,285,81
S-ethyl-L-cysteine,Clostridium perfringens,0,1170,47
"3-{2-[(1S,2R,4aR,8aR)-1,2,4a,5-tetramethyl-1,2,3,4,4a,7,8,8a-octahydronaphthalen-1-yl]ethyl}-N-(3-fluorophenyl)-5-methylidene-2,5-dihydrofuran-2-amine",Hepatitis B virus F,0,308,84
O-LF11-227,Pseudomonas aeruginosa,1,1036,125
RK-19,Pseudomonas fluorescens,0,1138,127
Paromomycin ,Helicobacter pylori ,0,1068,82
Methylthiopropylamine,Burkholderia pseudomallei,1,935,31
Autoinducer-2,Porphyromonas gingivalis,0,452,119
2-amino-3-(3-chlorophenyl)propanoic acid,Streptococcus mutans,0,226,155
Sm6(L1)2C,Streptococcus mutans,1,1204,155
Kaempherol,Vibrio harveyi,1,857,176
Limonene,Thermus thermophilus ,0,899,169
Magainin-I,Bacillus amyloliquefaciens,0,919,17
(2R)-2-amino-5-(1-nitrocarbamimidamido)pentanoic acid,Staphylococcus aureus,1,49,141
"2-(4,5-dibromo-1-methyl-1H-pyrrol-2-yl)-5-(4-methoxyphenyl)-1,3,4-oxadiazole",Hepatitis C Virus ,0,193,85
"1-(2-Chloroacetyl)indoline-2,3-dione",Thermus thermophilus ,0,121,169
Telekin,Candida albicans,1,1253,34
p-nitrophenyl glycerol,Burkholderia cenocepacia,0,1380,28
Pentagalloylglucose,Pseudomonas japonica,0,1082,128
NRC-16,Escherichia coli ,0,1003,70
Raspberry KAS 434,Human immunodeficiency virus 1,0,1145,92
4-Chlorochalcone,Haemophilus influenzae,1,324,78
Mucobromic acid,Obesumbacterium proteus,0,947,115
Anthranilate,Vibrio parahaemolyticus,0,442,177
1-methanesulfonyl-4-methylbenzene,Enterobacter aerogenes,0,137,61
Decyl beta-maltoside,Pseudomonas aeruginosa,1,660,125
KSL-W,Streptococcus sanguinis,0,855,162
Trimethyl(3-{4-[3-(trimethylazaniumyl)propoxy]phenoxy}propyl)azanium dibromide,Francisella novicida,0,1290,74
Clary sage oil,Staphylococcus aureus,1,597,141
3-(4-fluorophenyl)-5-(3-ethoxy- 4-hydroxybenzylidene)-2-thioxothiazolidin-4-one,Escherichia coli,1,273,69
1-{4-phenyl-2-[(E)-2-[4-(trifluoromethoxy)phenyl]ethenyl]quinolin-3-yl}ethan-1-one,Klebsiella variicola,0,143,100
alpha-Defensin-3,Clostridium pasteurianum,0,1336,46
Sodium sulfate,Bacillus amyloliquefaciens,0,1209,17
Miconazole,Hepatitis C virus,0,940,86
"5-(4,5-dibromo-1-methyl-1H-pyrrol-2-yl)-1,3,4-oxadiazole-2-thiol",Streptococcus epidermidis,1,367,152
trans-Stillbene,Staphylococcus aureus,1,1393,141
Triclosan ,Helicobacter pylori ,1,1285,82
(1Z)-(prop-2-en-1-ylidene)-lambda4-sulfanyliumolate,Streptococcus mutans,1,11,155
N -(4-trifluoromethyl-benzylidene)benzohydrazide,Streptococcus mutans,1,960,155
Mezlocillin,Clostridium perfringens ,1,938,48
(2E)-1-(4 -methoxyphenyl)-3-(2-naphthyl)-2-propen-1-one,Pseudomonas aeruginosa,1,28,125
1-(pyrazin-2-yl)ethan-1-one,Trueperella pyogenes,0,129,171
AAP2,Morganella morganii,0,414,109
4-Fluoro-D-phenylalanine,Influenza B virus,0,330,96
G2,Pseudomonas chlororaphis,0,765,126
"(2E)-N -(2 -hydroxy-5 -bromo-benzilidene)-3,4,5-trimethoxybenzohydrazide",Bacillus anthracis,0,37,18
Bis[(4-methylphenyl)methyl] disulfide,Pseudomonas aeruginosa,1,491,125
4-(2-methybutyryl)-4H-tomentosin,Candida albicans,1,313,34
Prolificin A,Candida parapsilosis,0,1115,39
"(2S,3R,4S,5S,6R)-6-(Acetoxymethyl)-3-(2-(4-chlorophenyl)acetamido)tetrahydro-2H-pyran-2,4,5-triyl triacetate",Hepatitis C virus,0,59,86
Methyl indole-7-carboxylate,Pseudomonas putida,0,934,130
Di-MB-LF11-322,Streptococcus pyogenes,0,668,160
"Trimethyl[2-({10,15,20,24,26,29,31,33,34-nonakis[3-(trimethylphosphaniumyl)propoxy]hexacyclo[21.2.2.2,.2,.2,.2]pentatriaconta-1(25),3(35),4,6(34),8,10,13,15,18,20,23,26,28,30,32-pentadecaen-4-yl}oxy)ethyl]phosphanium decabromide",Serratia liquefaciens,0,1292,135
2-Nitro-cinnamaldehyde,Staphylococcus haemolyticus,0,224,149
"1,3-dimethyl-6-(4-methylphenyl)-5-[3-(4-nitrophenyl)-1-phenyl-1H-pyrazol-4-yl]-1H,2H,3H,4H,5H,6H-pyrimido[4,5-d][1,3]diazine-2,4-dione",Streptococcus salivarius,0,118,161
"(5Z)-2-(1,1-dichloro-2-phenylethyl)-5-{[4-(trifluoromethyl)phenyl]methylidene}-1,3-oxazolidin-4-one",Burkholderia multivorans,0,78,30
Pentagalloylglucose,Staphylococcus aureus,1,1082,141
Scrambled LL-37,Aggregatibacter actinomycetemcomitans,1,1185,11
Pyrazinamide,Aquifex aeolicus,0,1122,13
Aloe Vera Gel,Achromobacter sp.,0,427,0
"2-(4,5-dibromo-1-methyl-1H-pyrrol-2-yl)-5-(ethylthio)-1,3,4-oxadiazole",Pseudomonas aeruginosa,1,194,125
D-2-aminoadipic acid,Burkholderia pseudomallei,0,628,31
N -[(3-chloro-isoquinolin-4-yl)methylene] benzohydrazide,Raoultella ornithinolytica,0,963,131
Quinupristin,Escherichia coli ,1,1133,70
Ceftriaxone,Enteric bacteria and other eubacteria ,0,564,60
Carnitine hydrochloride,Actinomyces oris,1,527,7
N-(2-Pyrimidinyl)butanamide,Pseudomonas aeruginosa,1,973,125
Cefixime,Listeria monocytogenes,1,547,104
Fleroxacin,Thermus thermophilus ,0,740,169
Tannic acid,Proteus mirabilis,1,1245,121
methanesulfonylbenzene,Bacillus cereus,0,1373,19
Sodium ascorbate,Clostridium pasteurianum,0,1208,46
1-{4-phenyl-2-[(E)-2-[4-(trifluoromethoxy)phenyl]ethenyl]quinolin-3-yl}ethan-1-one,Klebsiella planticola,1,143,98
Ginger oil,Enteric bacteria and other eubacteria ,0,781,60
4-(Aminomethyl)-D-phenylalanine,Hepatitis C Virus ,0,315,85
3-oxo-C6-HSL,Human herpesvirus 1 ,0,302,87
Cobalt Ion,Chromobacterium violaceum,0,608,42
Adamantane dodecyl beta-maltoside,Amycolatopsis orientalis,0,421,12
Sucrose,Dengue Virus Type 2,0,1219,53
2-amino-3-(3-chlorophenyl)propanoic acid,Staphylococcus epidermis,1,226,147
cat-AGE-RK2,Shewanella oneidensis,0,1351,137
Pivampicillin,Hafnia alvei,0,1104,79
11(R)-hydroxy-12(20)-en-knightol acetate,Propionibacterium acnes,0,148,120
Hydrogen peroxide,Pseudomonas aeruginosa,1,811,125
L-Phenylalanine,Firmicutes,0,869,73
Penicillenol B1,Candida albicans,1,1076,34
Carboxymethyl chitosan,Kocuria rhizophila,1,525,101
Salicylic Acid,Enterococcus faecalis,1,1180,66
Sorbitol,Bacteroides vulgatus,0,1210,26
PG-1,Streptococcus sanguinis,0,1060,162
"2,4-Dinitro-D-phenylalanine",Varicella-zoster virus,0,176,172
cat-AGE-RK1,Escherichia coli,1,1350,69
Nisin,Listeria monocytogenes,1,1020,104
Betulin,Vibrio campbellii,0,484,174
Lomefloxacin,Bacillus cereus,0,904,19
Tet-20,Pseudomonas aeruginosa,1,1260,125
Thiazolidinedione-8,Candida albicans,1,1266,34
nimesulide,Clostridium pasteurianum,0,1376,46
"(1R,4R,8S,11S,12R)-4-hydroxy-1,4,8-trimethyl-12-(propan-2-yl)tricyclo[9.3.0.0]tetradec-3(7)-en-6-one",Trueperella pyogenes,0,9,171
Imipenem,Bacillus subtilis,1,822,21
(2-methyl-5-nitro-1H-imidazol-1-yl)methyl (2E)-3-phenylprop-2-enoate,Pseudomonas japonica,0,14,128
1-{2-[(E)-2-(4-chlorophenyl)ethenyl]-4-phenylquinolin-3-yl}ethan-1-one,Pseudomonas aeruginosa,1,139,125
Penicillic acid,Bacteroides vulgatus,0,1080,26
D-Histidine,Bacteroides fragilis,0,635,24
2-phenylethane-1-SO-thioperoxol,Actinomyces oris,1,244,7
Danthron,Staphlococcus aureus,0,655,140
Cyclacillin,Streptococcus pneumoniae,1,621,158
Meticillin,Streptococcus pneumoniae,1,936,158
Pa-MAP,Klebsiella pneumoniae,1,1063,99
Apigenin,Human immunodeficiency virus 1,0,443,92
L-tryptophan,Pseudoalteromonas sp.,0,878,124
C6-HSL,Pseudomonas chlororaphis,1,507,126
Thimerosal,Candida albicans,1,1267,34
Thonzonium bromide,Streptococcus sanguis,0,1269,163
Oxyresveratrol,Clostridium bacilli,0,1055,44
Melittin,Listeria monocytogenes serotype 4a,0,923,105
3-geranyl-1-(2-methylbutanoyl)phloroglucinol,Baker's yeast,0,296,27
Diphenyl disulphide,Staphylococcus equorum,0,684,148
Na-Benzoate,Streptococcus mitis,0,1004,154
"3-{2-[(1S,2R,4aR,8aR)-1,2,4a,5-tetramethyl-1,2,3,4,4a,7,8,8a-octahydronaphthalen-1-yl]ethyl}-N-(2-fluorophenyl)-5-methylidene-2,5-dihydrofuran-2-amine",Chromobacterium violaceum,0,307,42
Cefalonium,Aeromonas sobria,0,539,10
"(2E)-1-(1,3-benzodioxol-5-yl)-3-[5-(2-nitro-phenyl)-furan-2-yl]-2-propen-1-one",Human herpesvirus 4,0,18,89
2-Chloro-DL-Phenylalanine,Raoultella ornithinolytica,0,216,131
(2S)-2-amino-4-bromopent-4-enoic acid,Staphylococcus aureus,1,55,141
Cefonicid,Escherichia coli,1,550,69
Quinizarin,Corynebacterium ammoniagenes,0,1131,50
2-amino-3-(3-nitrophenyl)propanoic acid,Staphylococcus epidermis,1,227,147
"2-((3,4-dichlorophenyl)sulfonyl)-4-(1H-tetrazol-1-yl)pyrimidine",Pseudomonas aeruginosa,1,179,125
Sulfanilamide,Schistosoma,0,1233,134
S-methyl- L-cysteine,Streptococcus mutans,1,1171,155
Na-Benzoate,Halomonas pacifica,0,1004,81
1-(4-methoxyphenyl)-3-m-tolyurea,Streptococcus gordonii,0,126,153
Undecanoic acid,Escherichia coli,1,1299,69
Hypericin,Streptococcus mutans,1,812,155
Hinokitiol,Enterococcus faecium,0,804,67
Silver nitrate,Pseudomonas aeruginosa,1,1196,125
Undecanoic acid,Serratia marcescens,1,1299,136
1-(4-methoxyphenyl)-3-p-tolyurea,Streptococcus mutans,1,127,155
Danthron,Salmonella Typhi,0,655,132
"(5Z)-2-(1,1-dichloro-7-methyloctyl)-5-{[4-(trifluoromethyl)phenyl]methylidene}-1,3-oxazolidin-4-one",Mycobacterium tuberculosis,0,82,113
trans-2-Pentenal,Shigella flexneri,0,1390,138
Furanone,Pseudomonas aeruginosa,1,751,125
3-hexyl-4-bromo-5-methylene-2(5H)-furanone,Pseudomonas libaniensis,0,298,129
Gemifloxacin,Haemophilus influenzae,1,777,78
Erythromycin,Edwardsiella tarda,0,713,56
Itraconazole,Hafnia paralvei,0,848,80
Octyl gallate,Streptococcus mutans,1,1043,155
"(R)-2,3-Diaminopropanoic acid",Vibrio vulnificus,0,91,178
14-alpha-lipoyl andrographolide,Enteric bacteria and other eubacteria,0,162,59
Diphenyl disulphide,Staphylococcus saprophyticus,0,684,150
2-(2-(2-Chloroacetamido)-5-fluorophenyl)-2-oxo-N-( prop-2-yn-1-yl)acetamide,Salmonella Typhi,0,186,132
Cefepime,Coagulase- negative staphylococci,0,545,49
Dicloxacillin,Listeria monocytogenes serotype 4a,1,676,105
2-amino-6-chlorobenzoic acid,Burkholderia multivorans,1,233,30
Butanol,Enterococcus faecalis,0,497,66
Vancomycin,Human immunodeficiency virus 1,0,1307,92
(2R)-2-amino-6-acetamidohexanoic acid,Staphylococcus aureus,1,50,141
(2-{[(2-phenylethyl)sulfanyl]sulfinyl}ethyl)benzene,Pichia anomala,0,15,117
"(10R,11R)-Hydnocarpin",Staphylococcus aureus,1,1,141
N -(4-trifluoromethyl-benzylidene)benzohydrazide,Actinomyces oris,0,960,7
(Z)-4-bromo-5-(bromomethylene)-3-methylfuran-2(5H)-one,Micrococcus luteus,0,107,108
Ceftazidime,Escherichia coli O6:H1 (strain CFT073 / ATCC 700928 / UPEC),0,560,71
Ellagic Acid,Burkholderia cepacia,0,698,29
Cefotaxime,Staphlococcus aureus,0,553,140
"4-Fluoro-(S)-4,5-Dihydroxypentane-2,3-dione",Staphylococcus haemolyticus,0,328,149
Norspermidine,Escherichia coli,1,1031,69
(2E)-1-(3 -methoxyphenyl)-3-(2-naphthyl)-2-propen-1-one,Staphylococcus aureus,1,27,141
2-Methoxy-4-propylphenol,Arthrobacter sp. ,0,221,14
Bismuth oxide nanoparticle,Staphylococcus haemolyticus,0,492,149
"2,5-bis(4,5-dibromo-1-methyl-1H-pyrrol-2-yl)-1,3,4-oxadiazole",Human herpesvirus 1 ,0,177,87
Ethylene glycol tetraacetic acid,Staphylococcus aureus,1,723,141
4-hydroxy coumarin,Propionibacterium acnes,0,355,120
Metronidazole,Actinomyces oris,0,937,7
"2-(4,5-dibromo-1-methyl-1H-pyrrol-2-yl)-5-(ethylthio)-1,3,4-oxadiazole",Streptococcus epidermidis,1,194,152
Ch Dhvar5 ads,Enterobacter aerogenes,0,570,61
Umbelliferone,Escherichia coli,1,1298,69
Uracil,Human herpesvirus 1 ,1,1301,87
Clarithromycin,Staphylococcus capitis,0,595,142
"Benzenesul-fonamide,4-amino-N-methyl-N-[3-(3,4,7,8-tetrahydro-2,4-dioxo-2H-thiopyrano[4,3-d]pyrimidin-1(5H)-yl)propyl",Pseudomonas aeruginosa,1,475,125
2-amino-3-(2-nitrophenyl)propanoic acid,Staphylococcus epidermis,1,225,147
"(5Z)-2-tert-butyl-5-{[3-(trifluoromethyl)phenyl]methylidene}-1,3-oxazolidin-4-one",Mycobacterium smegmatis,0,86,112
cat-AGE-RK1,Staphylococcus haemolyticus,0,1350,149
"1,2,3,4-Tetrahydroisoquinoline-3-carboxylic acid",Staphylococcus epidermis,1,114,147
DiHydroxyBenzoFuran,Varicella-zoster virus,0,669,172
Menthol,Arthrobacter sp. ,0,925,14
Vitamin C,Staphylococcus capitis,0,1316,142
Butoconazole,Candida albicans,1,500,34
S-propyl-L-cysteine,Mycobacterium tuberculosis,0,1174,113
3-[(prop-2-ene-1-sulfinyl)sulfanyl]prop-1-ene,Streptococcus mutans,1,291,155
"(2S,3R,4S,5S,6R)-6-(Acetoxymethyl)-3-dodecanamidotetrahydro-2H-pyran-2,4,5-triyl triacetate",Pseudomonas aeruginosa,1,66,125
Na-Pyrosulfite,Enterobacter cancerogenus,0,1006,62
"(5Z)-2-(1,1-dichloro-3,3-dimethylbutyl)-5-{[4-(trifluoromethyl)phenyl]methylidene}-1,3-oxazolidin-4-one",Schistosoma,0,81,134
LL-37,Mycobacterium smegmatis,0,888,112
Capreomycin,Helicobacter pylori ,0,521,82
"2,4,5-Trifluorophenylalanine",Streptococcus sanguinis,0,172,162
2-oxindole,Vibrio anguillarum,0,243,173
"3,5-Dimethyl benzyl dodecyl beta-maltoside",Pseudomonas aeruginosa,1,258,125
2-Nitro-cinnamaldehyde,Shigella flexneri,0,224,138
Trimethoprim-sulfamethoxazole,Stenotrophomonas maltophilia,1,1288,151
Biphenyl,Staphylococcus aureus,1,488,141
"octane-1,8-diamine",Arthrobacter sp. ,0,1378,14
ZnO nanoparticles,Chromobacterium violaceum,0,1333,42
Benzophenonyl decyl beta-maltoside,Aspergillus fumigatus,0,478,15
17-Deacetyl norgestimate,Kocuria rhizophila,0,166,101
Djenkolic acid,Streptococcus sanguis,1,689,163
Shikonin,Pseudomonas libaniensis,0,1190,129
Diphenyl diselenide,Candida albicans,1,683,34
4-dimethyl-amino-cinnamaldehyde,Vibrio vulnificus,1,353,178
"3-(2-Furylmethyl)-2-{[(5-hydroxy-1H-pyrazol-3-yl)methyl]sulfanyl}-3,5,6,7-tetrahydro-4H-cyclopenta[4,5]thieno[2,3-d]pyrimidin-4-one",Amycolatopsis orientalis,0,263,12
Nerolidol,Burkholderia multivorans,0,1015,30
Penicillenol C2,Staphylococcus aureus,1,1079,141
SMAP-29,Pseudomonas aeruginosa,1,1176,125
2C-4,Pseudomonas chlororaphis,0,245,126
Kanamycin,Enteric bacteria and other eubacteria,1,858,59
"2,5-bis(4,5-dibromo-1-methyl-1H-pyrrol-2-yl)-1,3,4-oxadiazole",Candida guiliermondi,0,177,37
Darunavir,Pseudoalteromonas sp.,0,658,124
Ampicillin,Pseudomonas aeruginosa,1,437,125
Peptide 1,Hepatitis B virus F,0,1086,84
Nitrofurantoin,Aeromonas hydrophila,0,1023,9
"3-(2-Furylmethyl)-2-{[(5-hydroxy-1H-pyrazol-3-yl)methyl]sulfanyl}-3,5,6,7-tetrahydro-4H-cyclopenta[4,5]thieno[2,3-d]pyrimidin-4-one",Staphylococcus aureus,1,263,141
Wheat bran,Vibrio anguillarum,0,1321,173
Silver nanoparticles,Escherichia coli,1,1194,69
14-Glycinyl andrographolide hydrochloride,Vibrio vulnificus,0,161,178
Toremifene,Pseudomonas aeruginosa,1,1282,125
Voriconazole,Citrobacter freundii,0,1319,43
Propanol,Trichophyton mentagrophytes,0,1116,170
CSP-C16,Achromobacter xylosoxidans,0,513,1
Diphenyl diselenide,Campylobacter jejuni,0,683,33
2-Nitro-cinnamaldehyde,Staphylococcus cohnii,0,224,145
Lymecycline,Geobacillus kaustophilus,0,909,77
Azithromycin,Mycobacterium avium,1,456,110
"1-(3,5-dinitrophenyl)ethan-1-one",Acinetobacter baumannii,0,122,2
5-(dibromomethylene)-3-(1-bromoethyl)-2(5H)-furanone,Salmonella enterica,1,370,133
Floxacillin ,Clostridium perfringens ,1,741,48
Thiazolidinedione-8,Kocuria rhizophila,0,1266,101
L-cysteic acid,Actinomyces oris,1,874,7
D-tert-Leucine,Vibrio campbellii,0,645,174
7-methoxyindole,Streptomyces rubiginosus,0,407,166
(2E)-1-(3 -methoxyphenyl)-3-(2-naphthyl)-2-propen-1-one,Acinetobacter oleiovorans,0,27,4
Raspberry KAS 434,Pseudomonas aeruginosa,1,1145,125
"2-(4,5-dibromo-1-methyl-1H-pyrrol-2-yl)-5-(methylthio)-1,3,4-oxadiazole",Pseudomonas aeruginosa,1,195,125
Indolicidin,Influenza B virus,0,833,96
"(2S,3R,4S,5S,6R)-6-(Acetoxymethyl)-3-(3-oxooctanamido)tetrahydro-2H-pyran-2,4,5-triyl triacetate",Aquifex aeolicus,0,63,13
Myxinidin,Pseudomonas aeruginosa,1,955,125
(1Z)-ethylidene-lambda4-sulfanyliumolate,Candida spp.,0,12,40
"(2S,3R,4S,5S,6R)-6-(Acetoxymethyl)-3-butyramidotetrahydro-2H-pyran-2,4,5-triyl triacetate",Pseudomonas aeruginosa,1,64,125
Psoralen,Candida krusei,0,1121,38
Sertaconazole nitrate,Actinobacillus actinomycetemcomitans,0,1189,6
4-Ethylguaiacol,Human herpesvirus 4,0,327,89
Ciprofloxacin ,Haemophilus influenzae,1,592,78
Oleic Acid,Pseudomonas aeruginosa,1,1046,125
5-(dibromomethylene)-3-(1-acetoxyethyl)-2(5H)-furanone,Stenotrophomonas maltophilia,0,368,151
"2-(5-(4,5-dibromo-1-methyl-1H-pyrrol-2-yl)-1,3,4-oxadiazole-2-yl)phenol",Human parainfluenza virus type 2,0,208,93
Phenanthrene,Klebsiella pneumoniae,1,1088,99
Butanol,Enterobacter cloacae,0,497,63
cis-Stillbene,Desulfovibrio africanus,0,1354,54
Cefprozil,Pseudomonas aeruginosa,0,559,125
Toremifene,Staphylococcus epidermidis,1,1282,146
"2,5-bis(4,5-dibromo-1-methyl-1H-pyrrol-2-yl)-1,3,4-oxadiazole",Staphylococcus aureus,1,177,141
Isothiocyanate,Klebsiella pneumoniae,0,847,99
3-Methoxy-D-Phenylalanine,Staphylococcus aureus,1,286,141
Ceftazidime,Burkholderia pseudomallei,1,560,31
Ionic silver,Streptococcus epidermidis,0,834,152
"2-(4-Chlorophenyl)-5-(4,5-dibromo-1-methyl-1H-pyrrol-2-yl)-1,3,4-oxadiazole",Pseudomonas aeruginosa,1,203,125
Mustard oil,Staphylococcus cohnii,0,949,145
Itraconazole,Bacteroides eggerthii,0,848,23
6-fluoroindole,Influenza A virus ,0,397,95
Di-MB-LF11-322,Streptococcus epidermidis,0,668,152
M8G2,Clostridium perfringens,0,913,47
trans-2-Pentenal,Streptococcus sanguis,0,1390,163
p-nitrophenyl glycerol,Aeromonas hydrophila,0,1380,9
S-propyl-L-cysteine,Listeria monocytogenes,0,1174,104
Azithromycin,Pseudomonas aeruginosa,1,456,125
Tyrosol,Porphyromonas gingivalis,0,1295,119
"F2,5,12W",Trueperella pyogenes,0,728,171
4-nitropyridine N -oxide,Aspergillus niger,0,359,16
Hepcidin 20,Sphingomonas sp. Ibu-2,0,795,139
Subtilosin,Human immunodeficiency virus 1,0,1218,92
D-Citrulline,Streptococcus parasanguinis,0,633,157
Moxifloxacin,Candida dubliniensis,0,945,35
"4 alpha, 5 alpha-epoxy-10 alpha, 14H-1-epi-inuviscolide",Staphylococcus caprae,0,310,143
Gatifloxacin,Pseudomonas japonica,0,776,128
Cidofovir,Francisella novicida,0,584,74
3-(Trifluoromethyl)phenylalanine,Streptococcus oralis,0,275,156
NRC-16,Pseudomonas aeruginosa,1,1003,125
Apramycin,Bacteroides,0,444,22
Myristoyl-DL-carnitine,Vibrio vulnificus,0,953,178
Ethyl acetate,Shewanella oneidensis,0,721,137
D-galactose cluster,Thermus thermophilus,0,643,168
hLF1-11,Corynebacterium ammoniagenes,0,1367,50
"1-[2-(3-bromo-4-hydroxy-5-methoxyphenyl)-5-(3,4,5-trimethoxyphenyl)-1,3,4-oxadiazol-3(2H)-yl]ethanone",Staphylococcus epidermidis,1,134,146
13-methyltetradecanoic acid,Clostridium pasteurianum,0,157,46
4-Chlorochalcone,Enteric bacteria and other eubacteria ,0,324,60
meta-toluidine,Streptococcus salivarius,0,1372,161
Saquinavir,Human immunodeficiency virus 1,1,1183,92
Benzathine Benzylpenicillin,Bacteroides fragilis,0,472,24
trans-2-Nonenal,Vibrio cholerae,1,1389,175
Rutin,Pseudomonas aeruginosa,1,1163,125
Neohesperidin,Klebsiella variicola,0,1013,100
"(5S)-1,7-bis(4-hydroxyphenyl)-5-O-_-D- apiofuranosyl(1 _ 6)-_-D-glucopyranosyloxyheptan-3-one",Candida parapsilosis,0,77,39
Ferulic Acid,Raoultella ornithinolytica,0,736,131
"2-(4,5-dibromo-1-methyl-1H-pyrrol-2-yl)-5-phenyl-1,3,4-oxadiazole",Candida parapsilosis,0,198,39
4-bromo-5-(bromomethylene)-3-(1-bromobutyl)-2(5H)-furanone,Bacillus subtilis,0,344,21
4-bromo-5-(bromomethylene)-3-(1-( 2-propynyloxy)butyl)-2(5H)-furanone,Aspergillus fumigatus,0,341,15
(R)-2-amino-3-cyclohexylpropanoic acid,Staphylococcus epidermis,1,93,147
2-Cyano-D-phenylalanine,Eikenella corrodens,0,217,58
4-Bromo-D-phenylalanine,Pseudomonas fluorescens,0,322,127
Thiazolidinedione-8,Pseudomonas putida,0,1266,130
"2-(4,5-dibromo-1-methyl-1H-pyrrol-2-yl)-5-phenyl-1,3,4-oxadiazole",Staphylococcus aureus,1,198,141
5-bromomethylene-2 (5H)-furanone,Aeromonas sobria,1,382,10
Naringin,Yersinia enterocolitica,1,1010,179
N -(3-nitro-4-hydroxy-benzylidene)benzohydrazide,Staphylococcus epidermidis,1,959,146
"2-(4,5-dibromo-1-methyl-1H-pyrrol-2-yl)-5-(ethylthio)-1,3,4-oxadiazole",Staphylococcus aureus,1,194,141
Losartran,Pseudomonas aeruginosa,0,907,125
Tannic acid,Aquifex aeolicus,0,1245,13
S-OSIP108,Candida albicans,1,1168,34
Epicatechin-3-gallate,Haemophilus influenzae,0,708,78
Esculin hydrate,Desulfovibrio africanus,0,717,54
6-Chlorooxindole,Micrococcus luteus,0,392,108
1-{2-[(E)-2-(4-hydroxy-3-methoxyphenyl)ethenyl]-4-phenylquinolin-3-yl}ethan-1-one,Staphylococcus aureus,1,140,141
PTP-7,Clostridium leptum,0,1062,45
Stilbene,Amycolatopsis orientalis,0,1215,12
Furanone C-30,Porphyromonas gingivalis,0,753,119
"4 alpha, 5 alpha-epoxy-10 alpha, 14H-1-epi-inuviscolide",Candida albicans,1,310,34
