drug_id,drug_name,microbe_id,microbe_name,label,strain_count,pubmed_count
0,"(1-(4-chlorophenoxy)-3-[(4, 6-dimethyl-2-pyrimidinyl) thio]-2- propanol)",171,Vibrio harveyi,1,1,1
1,"(10R,11R)-Hydnocarpin",137,Staphylococcus aureus,1,1,1
2,"(10R,11R)-Hydnocarpin D",137,Staphylococcus aureus,1,1,1
3,"(10S,11S)-Hydnocarpin D",137,Staphylococcus aureus,1,1,1
4,(1E)-1-{[(1E)-prop-1-ene-1-sulfinyl]sulfanyl}prop-1-ene,151,Streptococcus mutans,1,1,1
5,"(1R,2S,7R,3E,11E)-2,18-diacetoxycembra-3,8(19),11,15(17)-tetraen-7-ol",121,Pseudomonas aeruginosa,1,1,1
5,"(1R,2S,7R,3E,11E)-2,18-diacetoxycembra-3,8(19),11,15(17)-tetraen-7-ol",171,Vibrio harveyi,1,1,1
6,"(1R,2S,7R,3E,8E,11E)-2,18-diacetoxycembra-3,8,11,15(17)-tetraen-7-ol",121,Pseudomonas aeruginosa,1,1,1
6,"(1R,2S,7R,3E,8E,11E)-2,18-diacetoxycembra-3,8,11,15(17)-tetraen-7-ol",137,Staphylococcus aureus,1,1,1
6,"(1R,2S,7R,3E,8E,11E)-2,18-diacetoxycembra-3,8,11,15(17)-tetraen-7-ol",171,Vibrio harveyi,1,1,1
7,"(1R,2S,7R,8R)-2,18-diacetoxyasperdiol",121,Pseudomonas aeruginosa,1,1,1
7,"(1R,2S,7R,8R)-2,18-diacetoxyasperdiol",171,Vibrio harveyi,1,1,1
8,"(1R,3S,7R,8S,11S,12R)-3-hydroxy-1,4,8-trimethyl-12-(propan-2-yl)tricyclo[9.3.0.0]tetradec-4-en-6-one",121,Pseudomonas aeruginosa,1,1,1
9,"(1R,4R,8S,11S,12R)-4-hydroxy-1,4,8-trimethyl-12-(propan-2-yl)tricyclo[9.3.0.0]tetradec-3(7)-en-6-one",121,Pseudomonas aeruginosa,1,1,1
10,(1Z)-(2-phenylethylidene)-lambda4-sulfanyliumolate,7,Actinomyces oris,1,1,1
10,(1Z)-(2-phenylethylidene)-lambda4-sulfanyliumolate,159,Streptococcus sanguis,1,1,1
11,(1Z)-(prop-2-en-1-ylidene)-lambda4-sulfanyliumolate,7,Actinomyces oris,1,1,1
11,(1Z)-(prop-2-en-1-ylidene)-lambda4-sulfanyliumolate,151,Streptococcus mutans,1,1,1
11,(1Z)-(prop-2-en-1-ylidene)-lambda4-sulfanyliumolate,159,Streptococcus sanguis,1,1,1
12,(1Z)-ethylidene-lambda4-sulfanyliumolate,151,Streptococcus mutans,1,1,1
12,(1Z)-ethylidene-lambda4-sulfanyliumolate,159,Streptococcus sanguis,1,1,1
13,"(2-(4-chlorophenyl)- 4-{[(6-methyl-2-pyridinyl)amino]methylene}-1,3-oxazol- 5(4H)-one)",151,Streptococcus mutans,1,1,1
14,(2-methyl-5-nitro-1H-imidazol-1-yl)methyl (2E)-3-phenylprop-2-enoate,34,Candida albicans,1,1,1
15,(2-{[(2-phenylethyl)sulfanyl]sulfinyl}ethyl)benzene,7,Actinomyces oris,1,1,1
15,(2-{[(2-phenylethyl)sulfanyl]sulfinyl}ethyl)benzene,151,Streptococcus mutans,1,1,1
16,"(2E)-1-(1 ,3 -benzodioxol-5-yl)-3-(2-naphthyl)-2-propen-1-one",64,Enterococcus faecalis,1,1,1
16,"(2E)-1-(1 ,3 -benzodioxol-5-yl)-3-(2-naphthyl)-2-propen-1-one",121,Pseudomonas aeruginosa,1,1,1
16,"(2E)-1-(1 ,3 -benzodioxol-5-yl)-3-(2-naphthyl)-2-propen-1-one",137,Staphylococcus aureus,1,1,1
16,"(2E)-1-(1 ,3 -benzodioxol-5-yl)-3-(2-naphthyl)-2-propen-1-one",142,Staphylococcus epidermidis,1,1,1
16,"(2E)-1-(1 ,3 -benzodioxol-5-yl)-3-(2-naphthyl)-2-propen-1-one",151,Streptococcus mutans,1,1,1
17,"(2E)-1-(1,3-benzodioxol-5-yl)-3-(2-chloro-quinolin-3-yl)-2-propen-1-one",64,Enterococcus faecalis,1,1,1
17,"(2E)-1-(1,3-benzodioxol-5-yl)-3-(2-chloro-quinolin-3-yl)-2-propen-1-one",121,Pseudomonas aeruginosa,1,1,1
17,"(2E)-1-(1,3-benzodioxol-5-yl)-3-(2-chloro-quinolin-3-yl)-2-propen-1-one",137,Staphylococcus aureus,1,1,1
17,"(2E)-1-(1,3-benzodioxol-5-yl)-3-(2-chloro-quinolin-3-yl)-2-propen-1-one",142,Staphylococcus epidermidis,1,1,1
17,"(2E)-1-(1,3-benzodioxol-5-yl)-3-(2-chloro-quinolin-3-yl)-2-propen-1-one",151,Streptococcus mutans,1,1,1
18,"(2E)-1-(1,3-benzodioxol-5-yl)-3-[5-(2-nitro-phenyl)-furan-2-yl]-2-propen-1-one",64,Enterococcus faecalis,1,1,1
18,"(2E)-1-(1,3-benzodioxol-5-yl)-3-[5-(2-nitro-phenyl)-furan-2-yl]-2-propen-1-one",121,Pseudomonas aeruginosa,1,1,1
18,"(2E)-1-(1,3-benzodioxol-5-yl)-3-[5-(2-nitro-phenyl)-furan-2-yl]-2-propen-1-one",137,Staphylococcus aureus,1,1,1
18,"(2E)-1-(1,3-benzodioxol-5-yl)-3-[5-(2-nitro-phenyl)-furan-2-yl]-2-propen-1-one",142,Staphylococcus epidermidis,1,1,1
18,"(2E)-1-(1,3-benzodioxol-5-yl)-3-[5-(2-nitro-phenyl)-furan-2-yl]-2-propen-1-one",151,Streptococcus mutans,1,1,1
19,"(2E)-1-(2 ,4 ,5 -trimethoxyphenyl)-3-(2-chloro-6-methoxy-quinolin-3-yl)-2-propen-1-one",64,Enterococcus faecalis,1,1,1
19,"(2E)-1-(2 ,4 ,5 -trimethoxyphenyl)-3-(2-chloro-6-methoxy-quinolin-3-yl)-2-propen-1-one",121,Pseudomonas aeruginosa,1,1,1
19,"(2E)-1-(2 ,4 ,5 -trimethoxyphenyl)-3-(2-chloro-6-methoxy-quinolin-3-yl)-2-propen-1-one",137,Staphylococcus aureus,1,1,1
19,"(2E)-1-(2 ,4 ,5 -trimethoxyphenyl)-3-(2-chloro-6-methoxy-quinolin-3-yl)-2-propen-1-one",142,Staphylococcus epidermidis,1,1,1
19,"(2E)-1-(2 ,4 ,5 -trimethoxyphenyl)-3-(2-chloro-6-methoxy-quinolin-3-yl)-2-propen-1-one",151,Streptococcus mutans,1,1,1
20,"(2E)-1-(2 ,4 ,5 -trimethoxyphenyl)-3-(2-chloro-quinolin-3-yl)-2-propen-1-one",64,Enterococcus faecalis,1,1,1
20,"(2E)-1-(2 ,4 ,5 -trimethoxyphenyl)-3-(2-chloro-quinolin-3-yl)-2-propen-1-one",121,Pseudomonas aeruginosa,1,1,1
20,"(2E)-1-(2 ,4 ,5 -trimethoxyphenyl)-3-(2-chloro-quinolin-3-yl)-2-propen-1-one",137,Staphylococcus aureus,1,1,1
20,"(2E)-1-(2 ,4 ,5 -trimethoxyphenyl)-3-(2-chloro-quinolin-3-yl)-2-propen-1-one",142,Staphylococcus epidermidis,1,1,1
20,"(2E)-1-(2 ,4 ,5 -trimethoxyphenyl)-3-(2-chloro-quinolin-3-yl)-2-propen-1-one",151,Streptococcus mutans,1,1,1
21,"(2E)-1-(2 ,4 ,5 -trimethoxyphenyl)-3-(2-naphthyl)-2-propen-1-one",64,Enterococcus faecalis,1,1,1
21,"(2E)-1-(2 ,4 ,5 -trimethoxyphenyl)-3-(2-naphthyl)-2-propen-1-one",121,Pseudomonas aeruginosa,1,1,1
21,"(2E)-1-(2 ,4 ,5 -trimethoxyphenyl)-3-(2-naphthyl)-2-propen-1-one",137,Staphylococcus aureus,1,1,1
21,"(2E)-1-(2 ,4 ,5 -trimethoxyphenyl)-3-(2-naphthyl)-2-propen-1-one",142,Staphylococcus epidermidis,1,1,1
21,"(2E)-1-(2 ,4 ,5 -trimethoxyphenyl)-3-(2-naphthyl)-2-propen-1-one",151,Streptococcus mutans,1,1,1
22,"(2E)-1-(2 ,5 -dimethoxyphenyl)-3-(2-naphthyl)-2-propen-1-one",64,Enterococcus faecalis,1,1,1
22,"(2E)-1-(2 ,5 -dimethoxyphenyl)-3-(2-naphthyl)-2-propen-1-one",121,Pseudomonas aeruginosa,1,1,1
22,"(2E)-1-(2 ,5 -dimethoxyphenyl)-3-(2-naphthyl)-2-propen-1-one",137,Staphylococcus aureus,1,1,1
22,"(2E)-1-(2 ,5 -dimethoxyphenyl)-3-(2-naphthyl)-2-propen-1-one",142,Staphylococcus epidermidis,1,1,1
22,"(2E)-1-(2 ,5 -dimethoxyphenyl)-3-(2-naphthyl)-2-propen-1-one",151,Streptococcus mutans,1,1,1
23,"(2E)-1-(2 ,5 -dimethoxyphenyl)-3-[2,5-dimethyl-1-(3-trifluoromethyl-phenyl)-1H-pirrol-3-yl]-2-propen-1-one",64,Enterococcus faecalis,1,1,1
23,"(2E)-1-(2 ,5 -dimethoxyphenyl)-3-[2,5-dimethyl-1-(3-trifluoromethyl-phenyl)-1H-pirrol-3-yl]-2-propen-1-one",121,Pseudomonas aeruginosa,1,1,1
23,"(2E)-1-(2 ,5 -dimethoxyphenyl)-3-[2,5-dimethyl-1-(3-trifluoromethyl-phenyl)-1H-pirrol-3-yl]-2-propen-1-one",137,Staphylococcus aureus,1,1,1
23,"(2E)-1-(2 ,5 -dimethoxyphenyl)-3-[2,5-dimethyl-1-(3-trifluoromethyl-phenyl)-1H-pirrol-3-yl]-2-propen-1-one",142,Staphylococcus epidermidis,1,1,1
23,"(2E)-1-(2 ,5 -dimethoxyphenyl)-3-[2,5-dimethyl-1-(3-trifluoromethyl-phenyl)-1H-pirrol-3-yl]-2-propen-1-one",151,Streptococcus mutans,1,1,1
24,"(2E)-1-(3 ,4 ,5 -trimethoxyphenyl)-3-(2-naphthyl)-2-propen-1-one",64,Enterococcus faecalis,1,1,1
24,"(2E)-1-(3 ,4 ,5 -trimethoxyphenyl)-3-(2-naphthyl)-2-propen-1-one",121,Pseudomonas aeruginosa,1,1,1
24,"(2E)-1-(3 ,4 ,5 -trimethoxyphenyl)-3-(2-naphthyl)-2-propen-1-one",137,Staphylococcus aureus,1,1,1
24,"(2E)-1-(3 ,4 ,5 -trimethoxyphenyl)-3-(2-naphthyl)-2-propen-1-one",142,Staphylococcus epidermidis,1,1,1
24,"(2E)-1-(3 ,4 ,5 -trimethoxyphenyl)-3-(2-naphthyl)-2-propen-1-one",151,Streptococcus mutans,1,1,1
25,"(2E)-1-(3 ,4 -dimethoxyphenyl)-3-(2-naphthyl)-2-propen-1-one",64,Enterococcus faecalis,1,1,1
25,"(2E)-1-(3 ,4 -dimethoxyphenyl)-3-(2-naphthyl)-2-propen-1-one",121,Pseudomonas aeruginosa,1,1,1
25,"(2E)-1-(3 ,4 -dimethoxyphenyl)-3-(2-naphthyl)-2-propen-1-one",137,Staphylococcus aureus,1,1,1
25,"(2E)-1-(3 ,4 -dimethoxyphenyl)-3-(2-naphthyl)-2-propen-1-one",142,Staphylococcus epidermidis,1,1,1
25,"(2E)-1-(3 ,4 -dimethoxyphenyl)-3-(2-naphthyl)-2-propen-1-one",151,Streptococcus mutans,1,1,1
26,"(2E)-1-(3 ,5 -dimethoxyphenyl)-3-(2-naphthyl)-2-propen-1-one",64,Enterococcus faecalis,1,1,1
26,"(2E)-1-(3 ,5 -dimethoxyphenyl)-3-(2-naphthyl)-2-propen-1-one",121,Pseudomonas aeruginosa,1,1,1
26,"(2E)-1-(3 ,5 -dimethoxyphenyl)-3-(2-naphthyl)-2-propen-1-one",137,Staphylococcus aureus,1,1,1
26,"(2E)-1-(3 ,5 -dimethoxyphenyl)-3-(2-naphthyl)-2-propen-1-one",142,Staphylococcus epidermidis,1,1,1
26,"(2E)-1-(3 ,5 -dimethoxyphenyl)-3-(2-naphthyl)-2-propen-1-one",151,Streptococcus mutans,1,1,1
27,(2E)-1-(3 -methoxyphenyl)-3-(2-naphthyl)-2-propen-1-one,64,Enterococcus faecalis,1,1,1
27,(2E)-1-(3 -methoxyphenyl)-3-(2-naphthyl)-2-propen-1-one,121,Pseudomonas aeruginosa,1,1,1
27,(2E)-1-(3 -methoxyphenyl)-3-(2-naphthyl)-2-propen-1-one,137,Staphylococcus aureus,1,1,1
27,(2E)-1-(3 -methoxyphenyl)-3-(2-naphthyl)-2-propen-1-one,142,Staphylococcus epidermidis,1,1,1
27,(2E)-1-(3 -methoxyphenyl)-3-(2-naphthyl)-2-propen-1-one,151,Streptococcus mutans,1,1,1
28,(2E)-1-(4 -methoxyphenyl)-3-(2-naphthyl)-2-propen-1-one,64,Enterococcus faecalis,1,1,1
28,(2E)-1-(4 -methoxyphenyl)-3-(2-naphthyl)-2-propen-1-one,121,Pseudomonas aeruginosa,1,1,1
28,(2E)-1-(4 -methoxyphenyl)-3-(2-naphthyl)-2-propen-1-one,137,Staphylococcus aureus,1,1,1
28,(2E)-1-(4 -methoxyphenyl)-3-(2-naphthyl)-2-propen-1-one,142,Staphylococcus epidermidis,1,1,1
28,(2E)-1-(4 -methoxyphenyl)-3-(2-naphthyl)-2-propen-1-one,151,Streptococcus mutans,1,1,1
29,(2E)-1-(5-clorotiophen-2-yl)-3-(3-methoxy-4-benzyloxi-phenyl)-2-propen-1-one,64,Enterococcus faecalis,1,1,1
29,(2E)-1-(5-clorotiophen-2-yl)-3-(3-methoxy-4-benzyloxi-phenyl)-2-propen-1-one,121,Pseudomonas aeruginosa,1,1,1
29,(2E)-1-(5-clorotiophen-2-yl)-3-(3-methoxy-4-benzyloxi-phenyl)-2-propen-1-one,137,Staphylococcus aureus,1,1,1
29,(2E)-1-(5-clorotiophen-2-yl)-3-(3-methoxy-4-benzyloxi-phenyl)-2-propen-1-one,142,Staphylococcus epidermidis,1,1,1
29,(2E)-1-(5-clorotiophen-2-yl)-3-(3-methoxy-4-benzyloxi-phenyl)-2-propen-1-one,151,Streptococcus mutans,1,1,1
30,(2E)-1-[4 -(1H-imidazol-1-yl)phenyl]-3-(2-naphthyl)-2-propen-1-one,64,Enterococcus faecalis,1,1,1
30,(2E)-1-[4 -(1H-imidazol-1-yl)phenyl]-3-(2-naphthyl)-2-propen-1-one,121,Pseudomonas aeruginosa,1,1,1
30,(2E)-1-[4 -(1H-imidazol-1-yl)phenyl]-3-(2-naphthyl)-2-propen-1-one,137,Staphylococcus aureus,1,1,1
30,(2E)-1-[4 -(1H-imidazol-1-yl)phenyl]-3-(2-naphthyl)-2-propen-1-one,142,Staphylococcus epidermidis,1,1,1
30,(2E)-1-[4 -(1H-imidazol-1-yl)phenyl]-3-(2-naphthyl)-2-propen-1-one,151,Streptococcus mutans,1,1,1
31,(2E)-1-[4 -(1H-imidazol-1-yl)phenyl]-3-(3-methoxy-4-benzyloxi-phenyl)-2-propen-1-one,64,Enterococcus faecalis,1,1,1
31,(2E)-1-[4 -(1H-imidazol-1-yl)phenyl]-3-(3-methoxy-4-benzyloxi-phenyl)-2-propen-1-one,121,Pseudomonas aeruginosa,1,1,1
31,(2E)-1-[4 -(1H-imidazol-1-yl)phenyl]-3-(3-methoxy-4-benzyloxi-phenyl)-2-propen-1-one,137,Staphylococcus aureus,1,1,1
31,(2E)-1-[4 -(1H-imidazol-1-yl)phenyl]-3-(3-methoxy-4-benzyloxi-phenyl)-2-propen-1-one,142,Staphylococcus epidermidis,1,1,1
31,(2E)-1-[4 -(1H-imidazol-1-yl)phenyl]-3-(3-methoxy-4-benzyloxi-phenyl)-2-propen-1-one,151,Streptococcus mutans,1,1,1
32,(2E)-1-[4-(3-nitropyridin-2-yl)piperazin-1-yl]-3-phenylprop-2-en-1-one,34,Candida albicans,1,1,1
33,(2E)-1-[4-(4-nitrophenyl)piperazin-1-yl]-3-phenylprop-2-en-1-one,34,Candida albicans,1,1,1
34,(2E)-3-(3-hydroxy-4-methoxyphenyl)-1-phenylprop-2-en-1-one,75,Haemophilus influenzae,1,3,1
35,(2E)-3-(4-Hydroxy-3-methoxyphenyl)-1-phenyl-2-propen-1-one,75,Haemophilus influenzae,1,3,1
36,"(2E)-5-[(1S,2R,4aR,8aR)-1,2,4a,5-tetramethyl-1,2,3,4,4a,7,8,8a-octahydronaphthalen-1-yl]-3-formylpent-2-enoic acid",137,Staphylococcus aureus,1,1,1
36,"(2E)-5-[(1S,2R,4aR,8aR)-1,2,4a,5-tetramethyl-1,2,3,4,4a,7,8,8a-octahydronaphthalen-1-yl]-3-formylpent-2-enoic acid",151,Streptococcus mutans,1,1,1
37,"(2E)-N -(2 -hydroxy-5 -bromo-benzilidene)-3,4,5-trimethoxybenzohydrazide",64,Enterococcus faecalis,1,1,1
37,"(2E)-N -(2 -hydroxy-5 -bromo-benzilidene)-3,4,5-trimethoxybenzohydrazide",121,Pseudomonas aeruginosa,1,1,1
37,"(2E)-N -(2 -hydroxy-5 -bromo-benzilidene)-3,4,5-trimethoxybenzohydrazide",137,Staphylococcus aureus,1,1,1
37,"(2E)-N -(2 -hydroxy-5 -bromo-benzilidene)-3,4,5-trimethoxybenzohydrazide",142,Staphylococcus epidermidis,1,1,1
37,"(2E)-N -(2 -hydroxy-5 -bromo-benzilidene)-3,4,5-trimethoxybenzohydrazide",151,Streptococcus mutans,1,1,1
38,"(2E)-N-(6-nitro-1,3-benzothiazol-2-yl)-3-phenylprop-2-enamide",34,Candida albicans,1,1,1
39,(2E)-N-[3-(1H-imidazol-1-yl)propyl]-3-phenylprop-2-enamide,34,Candida albicans,1,1,1
40,(2E)-N-[3-(1H-indol-3-yl)propyl]-3-phenylprop-2-enamide,34,Candida albicans,1,1,1
41,"(2R)-2-amino-3-(2,3-dihydro-1H-inden-2-yl)propanoic acid",137,Staphylococcus aureus,1,2,1
41,"(2R)-2-amino-3-(2,3-dihydro-1H-inden-2-yl)propanoic acid",143,Staphylococcus epidermis,1,1,1
42,(2R)-2-amino-3-(2-phenylethanesulfinyl)propanoic acid,7,Actinomyces oris,1,1,1
42,(2R)-2-amino-3-(2-phenylethanesulfinyl)propanoic acid,151,Streptococcus mutans,1,1,1
43,(2R)-2-amino-3-(benzenesulfinyl)propanoic acid,7,Actinomyces oris,1,1,1
43,(2R)-2-amino-3-(benzenesulfinyl)propanoic acid,151,Streptococcus mutans,1,1,1
43,(2R)-2-amino-3-(benzenesulfinyl)propanoic acid,159,Streptococcus sanguis,1,1,1
44,(2R)-2-amino-3-(thiophene-2-sulfinyl)propanoic acid,7,Actinomyces oris,1,1,1
44,(2R)-2-amino-3-(thiophene-2-sulfinyl)propanoic acid,151,Streptococcus mutans,1,1,1
44,(2R)-2-amino-3-(thiophene-2-sulfinyl)propanoic acid,159,Streptococcus sanguis,1,1,1
45,(2R)-2-amino-3-[(4-chlorophenyl)methanesulfinyl]propanoic acid,7,Actinomyces oris,1,1,1
45,(2R)-2-amino-3-[(4-chlorophenyl)methanesulfinyl]propanoic acid,151,Streptococcus mutans,1,1,1
45,(2R)-2-amino-3-[(4-chlorophenyl)methanesulfinyl]propanoic acid,159,Streptococcus sanguis,1,1,1
46,(2R)-2-amino-3-[(4-methylphenyl)methanesulfinyl]propanoic acid,7,Actinomyces oris,1,1,1
46,(2R)-2-amino-3-[(4-methylphenyl)methanesulfinyl]propanoic acid,151,Streptococcus mutans,1,1,1
46,(2R)-2-amino-3-[(4-methylphenyl)methanesulfinyl]propanoic acid,159,Streptococcus sanguis,1,1,1
47,(2R)-2-amino-3-phenylmethanesulfinylpropanoic acid,7,Actinomyces oris,1,1,1
48,(2R)-2-amino-4-phenylbutanoic acid,143,Staphylococcus epidermis,1,1,1
49,(2R)-2-amino-5-(1-nitrocarbamimidamido)pentanoic acid,137,Staphylococcus aureus,1,1,1
49,(2R)-2-amino-5-(1-nitrocarbamimidamido)pentanoic acid,143,Staphylococcus epidermis,1,1,1
50,(2R)-2-amino-6-acetamidohexanoic acid,137,Staphylococcus aureus,1,1,1
50,(2R)-2-amino-6-acetamidohexanoic acid,143,Staphylococcus epidermis,1,1,1
51,"(2R,3E)-2-Amino-4-phenyl-3-butenoic acid",137,Staphylococcus aureus,1,2,1
51,"(2R,3E)-2-Amino-4-phenyl-3-butenoic acid",143,Staphylococcus epidermis,1,1,1
52,"(2S)-2-amino-3-(1,3-thiazol-4-yl)propanoic acid",137,Staphylococcus aureus,1,1,1
52,"(2S)-2-amino-3-(1,3-thiazol-4-yl)propanoic acid",143,Staphylococcus epidermis,1,1,1
53,(2S)-2-amino-3-(4-tert-butylphenyl)propanoic acid,143,Staphylococcus epidermis,1,1,1
54,(2S)-2-amino-3-(tert-butylsulfanyl)propanoic acid,137,Staphylococcus aureus,1,1,1
54,(2S)-2-amino-3-(tert-butylsulfanyl)propanoic acid,143,Staphylococcus epidermis,1,1,1
55,(2S)-2-amino-4-bromopent-4-enoic acid,137,Staphylococcus aureus,1,2,1
55,(2S)-2-amino-4-bromopent-4-enoic acid,143,Staphylococcus epidermis,1,1,1
56,"(2S,3R,4S,5S,6R)-3-(2-(1H-Indol-3-yl)acetamido)-6-(acetoxymethyl)tetrahydro-2H-pyran-2,4,5-triyl triacetate",121,Pseudomonas aeruginosa,1,1,1
57,"(2S,3R,4S,5S,6R)-6-(Acetoxymethyl)-3-(2-(4-(trifluoromethyl)phenyl)acetamido)tetrahydro-2H-pyran-2,4,5-triyltriacetate",121,Pseudomonas aeruginosa,1,1,1
58,"(2S,3R,4S,5S,6R)-6-(Acetoxymethyl)-3-(2-(4-bromophenyl)acetamido)tetrahydro-2H-pyran-2,4,5-triyl triacetate",121,Pseudomonas aeruginosa,1,1,1
59,"(2S,3R,4S,5S,6R)-6-(Acetoxymethyl)-3-(2-(4-chlorophenyl)acetamido)tetrahydro-2H-pyran-2,4,5-triyl triacetate",121,Pseudomonas aeruginosa,1,1,1
60,"(2S,3R,4S,5S,6R)-6-(Acetoxymethyl)-3-(2-(4-fluorophenyl)acetamido)tetrahydro-2H-pyran-2,4,5-triyl triacetate",121,Pseudomonas aeruginosa,1,1,1
61,"(2S,3R,4S,5S,6R)-6-(Acetoxymethyl)-3-(2-(4-methoxyphenyl)acetamido)tetrahydro-2H-pyran-2,4,5-triyl triacetate",121,Pseudomonas aeruginosa,1,1,1
62,"(2S,3R,4S,5S,6R)-6-(Acetoxymethyl)-3-(3-oxohexanamido)tetrahydro-2H-pyran-2,4,5-triyl triacetate",121,Pseudomonas aeruginosa,1,1,1
63,"(2S,3R,4S,5S,6R)-6-(Acetoxymethyl)-3-(3-oxooctanamido)tetrahydro-2H-pyran-2,4,5-triyl triacetate",121,Pseudomonas aeruginosa,1,1,1
64,"(2S,3R,4S,5S,6R)-6-(Acetoxymethyl)-3-butyramidotetrahydro-2H-pyran-2,4,5-triyl triacetate",121,Pseudomonas aeruginosa,1,1,1
65,"(2S,3R,4S,5S,6R)-6-(Acetoxymethyl)-3-decanamidotetrahydro-2H-pyran-2,4,5-triyl triacetate",121,Pseudomonas aeruginosa,1,1,1
66,"(2S,3R,4S,5S,6R)-6-(Acetoxymethyl)-3-dodecanamidotetrahydro-2H-pyran-2,4,5-triyl triacetate",121,Pseudomonas aeruginosa,1,1,1
67,"(2S,3R,4S,5S,6R)-6-(Acetoxymethyl)-3-octanamidotetrahydro-2H-pyran-2,4,5-triyl triacetate",121,Pseudomonas aeruginosa,1,1,1
68,(2Z)-N-hexyl-2-hydroxy-3-[4-(trifluoromethyl)phenyl]prop-2-enamide,137,Staphylococcus aureus,1,1,1
69,(3R)-4-(4-acetylphenyl)-3-aminobutan-2-one,137,Staphylococcus aureus,1,1,1
69,(3R)-4-(4-acetylphenyl)-3-aminobutan-2-one,143,Staphylococcus epidermis,1,1,1
70,"(3R)-7-hydroxy-1,2,3,4-tetrahydroisoquinoline-3-carboxylic acid",143,Staphylococcus epidermis,1,1,1
71,(5-nitrofuran-2-yl)methyl (2E)-3-phenylprop-2-enoate,34,Candida albicans,1,1,1
72,"(5E)-5-decylidene-1,3-thiazolidine-2,4-dione",34,Candida albicans,1,1,1
73,"(5E)-5-dodecylidene-1,3-thiazolidine-2,4-dione",34,Candida albicans,1,1,1
74,"(5E)-5-hexylidene-1,3-thiazolidine-2,4-dione",34,Candida albicans,1,1,1
75,"(5E)-5-octylidene-1,3-thiazolidine-2,4-dione",34,Candida albicans,1,1,1
76,"(5E)-5-undecylidene-1,3-thiazolidine-2,4-dione",34,Candida albicans,1,1,1
77,"(5S)-1,7-bis(4-hydroxyphenyl)-5-O-_-D- apiofuranosyl(1 _ 6)-_-D-glucopyranosyloxyheptan-3-one",121,Pseudomonas aeruginosa,1,1,1
78,"(5Z)-2-(1,1-dichloro-2-phenylethyl)-5-{[4-(trifluoromethyl)phenyl]methylidene}-1,3-oxazolidin-4-one",137,Staphylococcus aureus,1,4,1
79,"(5Z)-2-(1,1-dichloro-3,3-dimethylbutyl)-5-(phenylmethylidene)-1,3-oxazolidin-4-one",137,Staphylococcus aureus,1,1,1
80,"(5Z)-2-(1,1-dichloro-3,3-dimethylbutyl)-5-[(3-methoxyphenyl)methylidene]-1,3-oxazolidin-4-one",137,Staphylococcus aureus,1,1,1
81,"(5Z)-2-(1,1-dichloro-3,3-dimethylbutyl)-5-{[4-(trifluoromethyl)phenyl]methylidene}-1,3-oxazolidin-4-one",137,Staphylococcus aureus,1,4,1
82,"(5Z)-2-(1,1-dichloro-7-methyloctyl)-5-{[4-(trifluoromethyl)phenyl]methylidene}-1,3-oxazolidin-4-one",137,Staphylococcus aureus,1,1,1
83,"(5Z)-2-(1,1-dichlorobut-3-yn-1-yl)-5-{[4-(trifluoromethyl)phenyl]methylidene}-1,3-oxazolidin-4-one",137,Staphylococcus aureus,1,1,1
84,"(5Z)-2-(1,1-dichloropropyl)-5-{[4-(trifluoromethyl)phenyl]methylidene}-1,3-oxazolidin-4-one",137,Staphylococcus aureus,1,1,1
85,"(5Z)-2-(2,2-dimethylpropyl)-5-{[3-(trifluoromethyl)phenyl]methylidene}-1,3-oxazolidin-4-one",137,Staphylococcus aureus,1,1,1
86,"(5Z)-2-tert-butyl-5-{[3-(trifluoromethyl)phenyl]methylidene}-1,3-oxazolidin-4-one",137,Staphylococcus aureus,1,1,1
87,(5Z)-4-Bromo-5-(bromomethylene)-3-butyl-2(5H)-furanone,67,Escherichia coli,1,1,1
88,"(E)-1-[6-[(3-acetyl-2,4,6-trihydroxy-5-methylphenyl)methyl]-5,7-dihydroxy-2,2-dimethyl-2H-1-benzopyran-8-yl]-3-phenyl-2-propen-1-one",2,Acinetobacter baumannii,1,1,1
88,"(E)-1-[6-[(3-acetyl-2,4,6-trihydroxy-5-methylphenyl)methyl]-5,7-dihydroxy-2,2-dimethyl-2H-1-benzopyran-8-yl]-3-phenyl-2-propen-1-one",121,Pseudomonas aeruginosa,1,1,1
89,(E)-3-Decen-2-one,170,Vibrio cholerae,1,1,1
89,(E)-3-Decen-2-one,171,Vibrio harveyi,1,1,1
90,(E)-Chalcone,75,Haemophilus influenzae,1,3,1
91,"(R)-2,3-Diaminopropanoic acid",137,Staphylococcus aureus,1,1,1
91,"(R)-2,3-Diaminopropanoic acid",143,Staphylococcus epidermis,1,1,1
92,(R)-2-Amino-3-biphenyl-3-yl-propionic acid,143,Staphylococcus epidermis,1,1,1
93,(R)-2-amino-3-cyclohexylpropanoic acid,137,Staphylococcus aureus,1,2,1
93,(R)-2-amino-3-cyclohexylpropanoic acid,143,Staphylococcus epidermis,1,1,1
94,(R)-2-amino-3-cyclopentylpropanoic acid,137,Staphylococcus aureus,1,2,1
94,(R)-2-amino-3-cyclopentylpropanoic acid,143,Staphylococcus epidermis,1,1,1
95,(RW)2-NH2,67,Escherichia coli,1,1,1
96,(RW)3-NH2,67,Escherichia coli,1,1,1
97,(RW)4-NH2,67,Escherichia coli,1,1,1
98,(RW)4D,67,Escherichia coli,1,1,1
99,(Z)-3-(bromomethylene) isobenzofuran-1(3H)-one,142,Staphylococcus epidermidis,1,1,1
100,(Z)-3-bromo-5-(bromomethylene) furan-2(5H)-one,142,Staphylococcus epidermidis,1,1,1
101,(Z)-4-bromo-5-(bromomethylene)-3-(1-bromobutyl)-2(5H)-furanone,129,Salmonella enterica,1,1,1
102,(Z)-4-bromo-5-(bromomethylene)-3-(1-bromoethyl)-2(5H)-furanone,129,Salmonella enterica,1,1,1
103,(Z)-4-bromo-5-(bromomethylene)-3-(1-bromohexyl)-2(5H)-furanone,129,Salmonella enterica,1,1,1
104,(Z)-4-bromo-5-(bromomethylene)-3-butyl-2(5H)-furanone,129,Salmonella enterica,1,1,1
105,(Z)-4-bromo-5-(bromomethylene)-3-ethyl-2(5H)-furanone,129,Salmonella enterica,1,1,1
106,(Z)-4-bromo-5-(bromomethylene)-3-hexyl-2(5H)-furanone,129,Salmonella enterica,1,1,1
107,(Z)-4-bromo-5-(bromomethylene)-3-methylfuran-2(5H)-one,121,Pseudomonas aeruginosa,1,1,1
108,(Z)-5-(bromomethylene)-3-(hydroxymethyl]thiophen-2(5H)- one,142,Staphylococcus epidermidis,1,1,1
109,(Z)-5-(chloromethylene) furan-2(5H)-one,142,Staphylococcus epidermidis,1,1,1
110,"(Z)-5-decylidenethiazolidine-2,4-dione",116,Propionibacterium acnes,1,1,1
111,"(Z)-5-octylidenethiazolidine-2,4-dione",116,Propionibacterium acnes,1,1,1
112,(furan-2-yl)methyl (2E)-3-phenylprop-2-enoate,34,Candida albicans,1,1,1
113,"1,1,6,6,7,7-hexahydroxy-5,5-diisopropyl-3,3-dimethyl-2,2-binaphthalene-8,8-dicarbaldehyde",2,Acinetobacter baumannii,1,1,1
113,"1,1,6,6,7,7-hexahydroxy-5,5-diisopropyl-3,3-dimethyl-2,2-binaphthalene-8,8-dicarbaldehyde",121,Pseudomonas aeruginosa,1,1,1
114,"1,2,3,4-Tetrahydroisoquinoline-3-carboxylic acid",143,Staphylococcus epidermis,1,1,1
115,"1,3-bis[3-chloro-5-(1,3-dichloropropane-2-yloxy)-2(5H)-furanone-4-ylsulfonyl]propane",21,Bacillus subtilis,1,1,1
116,"1,3-dim-tolyurea",151,Streptococcus mutans,1,4,1
117,"1,3-dimethyl-6-(4-methylphenyl)-5-[3-(4-methylphenyl)-1-phenyl-1H-pyrazol-4-yl]-1H,2H,3H,4H,5H,6H-pyrimido[4,5-d][1,3]diazine-2,4-dione",21,Bacillus subtilis,1,1,1
117,"1,3-dimethyl-6-(4-methylphenyl)-5-[3-(4-methylphenyl)-1-phenyl-1H-pyrazol-4-yl]-1H,2H,3H,4H,5H,6H-pyrimido[4,5-d][1,3]diazine-2,4-dione",104,Micrococcus luteus,1,1,1
117,"1,3-dimethyl-6-(4-methylphenyl)-5-[3-(4-methylphenyl)-1-phenyl-1H-pyrazol-4-yl]-1H,2H,3H,4H,5H,6H-pyrimido[4,5-d][1,3]diazine-2,4-dione",137,Staphylococcus aureus,1,2,1
118,"1,3-dimethyl-6-(4-methylphenyl)-5-[3-(4-nitrophenyl)-1-phenyl-1H-pyrazol-4-yl]-1H,2H,3H,4H,5H,6H-pyrimido[4,5-d][1,3]diazine-2,4-dione",21,Bacillus subtilis,1,1,1
118,"1,3-dimethyl-6-(4-methylphenyl)-5-[3-(4-nitrophenyl)-1-phenyl-1H-pyrazol-4-yl]-1H,2H,3H,4H,5H,6H-pyrimido[4,5-d][1,3]diazine-2,4-dione",104,Micrococcus luteus,1,1,1
118,"1,3-dimethyl-6-(4-methylphenyl)-5-[3-(4-nitrophenyl)-1-phenyl-1H-pyrazol-4-yl]-1H,2H,3H,4H,5H,6H-pyrimido[4,5-d][1,3]diazine-2,4-dione",137,Staphylococcus aureus,1,2,1
119,"1-(2,4-dichlorophenyl)-2-(1H-imidazol-1-yl)ethyl (2E)-3-phenylprop-2-enoate",34,Candida albicans,1,1,1
120,"1-(2-Chloroacetyl)-5-methylindoline-2,3-dione",67,Escherichia coli,1,1,1
120,"1-(2-Chloroacetyl)-5-methylindoline-2,3-dione",121,Pseudomonas aeruginosa,1,1,1
121,"1-(2-Chloroacetyl)indoline-2,3-dione",67,Escherichia coli,1,1,1
121,"1-(2-Chloroacetyl)indoline-2,3-dione",121,Pseudomonas aeruginosa,1,1,1
122,"1-(3,5-dinitrophenyl)ethan-1-one",121,Pseudomonas aeruginosa,1,1,1
123,1-(4-amino-2-hydroxyphenyl)ethan-1-one,121,Pseudomonas aeruginosa,1,1,1
124,1-(4-chlorophenyl)-3-m-tolyurea,151,Streptococcus mutans,1,2,1
125,1-(4-chlorophenyl)-3-p-tolyurea,151,Streptococcus mutans,1,3,1
126,1-(4-methoxyphenyl)-3-m-tolyurea,151,Streptococcus mutans,1,4,1
127,1-(4-methoxyphenyl)-3-p-tolyurea,151,Streptococcus mutans,1,3,1
128,1-(6-aminopyridin-3-yl)ethan-1-one,121,Pseudomonas aeruginosa,1,1,1
129,1-(pyrazin-2-yl)ethan-1-one,121,Pseudomonas aeruginosa,1,1,1
130,1-(pyridin-4-yl)ethan-1-one,121,Pseudomonas aeruginosa,1,1,1
131,"1-[2-(2,4-dichlorophenyl)-5-(3,4,5-trimethoxyphenyl)-1,3,4-oxadiazol-3(2H)-yl]ethanone",64,Enterococcus faecalis,1,1,1
131,"1-[2-(2,4-dichlorophenyl)-5-(3,4,5-trimethoxyphenyl)-1,3,4-oxadiazol-3(2H)-yl]ethanone",121,Pseudomonas aeruginosa,1,1,1
131,"1-[2-(2,4-dichlorophenyl)-5-(3,4,5-trimethoxyphenyl)-1,3,4-oxadiazol-3(2H)-yl]ethanone",137,Staphylococcus aureus,1,1,1
131,"1-[2-(2,4-dichlorophenyl)-5-(3,4,5-trimethoxyphenyl)-1,3,4-oxadiazol-3(2H)-yl]ethanone",142,Staphylococcus epidermidis,1,1,1
131,"1-[2-(2,4-dichlorophenyl)-5-(3,4,5-trimethoxyphenyl)-1,3,4-oxadiazol-3(2H)-yl]ethanone",151,Streptococcus mutans,1,1,1
132,"1-[2-(2-nitrophenyl)-5-phenyl-1,3,4-oxadiazol-3(2H)-yl]ethanone",64,Enterococcus faecalis,1,1,1
132,"1-[2-(2-nitrophenyl)-5-phenyl-1,3,4-oxadiazol-3(2H)-yl]ethanone",121,Pseudomonas aeruginosa,1,1,1
132,"1-[2-(2-nitrophenyl)-5-phenyl-1,3,4-oxadiazol-3(2H)-yl]ethanone",137,Staphylococcus aureus,1,1,1
132,"1-[2-(2-nitrophenyl)-5-phenyl-1,3,4-oxadiazol-3(2H)-yl]ethanone",142,Staphylococcus epidermidis,1,1,1
132,"1-[2-(2-nitrophenyl)-5-phenyl-1,3,4-oxadiazol-3(2H)-yl]ethanone",151,Streptococcus mutans,1,1,1
133,"1-[2-(3,5-dichlorophenyl)-5-(3,4,5-trimethoxyphenyl)-1,3,4-oxadiazol-3(2H)-yl]ethanone",64,Enterococcus faecalis,1,1,1
133,"1-[2-(3,5-dichlorophenyl)-5-(3,4,5-trimethoxyphenyl)-1,3,4-oxadiazol-3(2H)-yl]ethanone",121,Pseudomonas aeruginosa,1,1,1
133,"1-[2-(3,5-dichlorophenyl)-5-(3,4,5-trimethoxyphenyl)-1,3,4-oxadiazol-3(2H)-yl]ethanone",137,Staphylococcus aureus,1,1,1
133,"1-[2-(3,5-dichlorophenyl)-5-(3,4,5-trimethoxyphenyl)-1,3,4-oxadiazol-3(2H)-yl]ethanone",142,Staphylococcus epidermidis,1,1,1
133,"1-[2-(3,5-dichlorophenyl)-5-(3,4,5-trimethoxyphenyl)-1,3,4-oxadiazol-3(2H)-yl]ethanone",151,Streptococcus mutans,1,1,1
134,"1-[2-(3-bromo-4-hydroxy-5-methoxyphenyl)-5-(3,4,5-trimethoxyphenyl)-1,3,4-oxadiazol-3(2H)-yl]ethanone",64,Enterococcus faecalis,1,1,1
134,"1-[2-(3-bromo-4-hydroxy-5-methoxyphenyl)-5-(3,4,5-trimethoxyphenyl)-1,3,4-oxadiazol-3(2H)-yl]ethanone",121,Pseudomonas aeruginosa,1,1,1
134,"1-[2-(3-bromo-4-hydroxy-5-methoxyphenyl)-5-(3,4,5-trimethoxyphenyl)-1,3,4-oxadiazol-3(2H)-yl]ethanone",137,Staphylococcus aureus,1,1,1
134,"1-[2-(3-bromo-4-hydroxy-5-methoxyphenyl)-5-(3,4,5-trimethoxyphenyl)-1,3,4-oxadiazol-3(2H)-yl]ethanone",142,Staphylococcus epidermidis,1,1,1
134,"1-[2-(3-bromo-4-hydroxy-5-methoxyphenyl)-5-(3,4,5-trimethoxyphenyl)-1,3,4-oxadiazol-3(2H)-yl]ethanone",151,Streptococcus mutans,1,1,1
135,"1-[2-(naphthalen-1-yl)-5-(3,4,5-trimethoxyphenyl)-1,3,4-oxadiazol-3(2H)-yl]ethanone",64,Enterococcus faecalis,1,1,1
135,"1-[2-(naphthalen-1-yl)-5-(3,4,5-trimethoxyphenyl)-1,3,4-oxadiazol-3(2H)-yl]ethanone",121,Pseudomonas aeruginosa,1,1,1
135,"1-[2-(naphthalen-1-yl)-5-(3,4,5-trimethoxyphenyl)-1,3,4-oxadiazol-3(2H)-yl]ethanone",137,Staphylococcus aureus,1,1,1
135,"1-[2-(naphthalen-1-yl)-5-(3,4,5-trimethoxyphenyl)-1,3,4-oxadiazol-3(2H)-yl]ethanone",142,Staphylococcus epidermidis,1,1,1
135,"1-[2-(naphthalen-1-yl)-5-(3,4,5-trimethoxyphenyl)-1,3,4-oxadiazol-3(2H)-yl]ethanone",151,Streptococcus mutans,1,1,1
136,1-mesityl-3(4-nitrophenyl)urea,151,Streptococcus mutans,1,2,1
137,1-methanesulfonyl-4-methylbenzene,121,Pseudomonas aeruginosa,1,1,1
138,1-methyl-4-({[(4-methylphenyl)methyl]disulfanyl}methyl)benzene,7,Actinomyces oris,1,1,1
138,1-methyl-4-({[(4-methylphenyl)methyl]disulfanyl}methyl)benzene,151,Streptococcus mutans,1,1,1
138,1-methyl-4-({[(4-methylphenyl)methyl]disulfanyl}methyl)benzene,159,Streptococcus sanguis,1,1,1
139,1-{2-[(E)-2-(4-chlorophenyl)ethenyl]-4-phenylquinolin-3-yl}ethan-1-one,21,Bacillus subtilis,1,1,1
139,1-{2-[(E)-2-(4-chlorophenyl)ethenyl]-4-phenylquinolin-3-yl}ethan-1-one,67,Escherichia coli,1,1,1
139,1-{2-[(E)-2-(4-chlorophenyl)ethenyl]-4-phenylquinolin-3-yl}ethan-1-one,94,Klebsiella planticola,1,1,1
139,1-{2-[(E)-2-(4-chlorophenyl)ethenyl]-4-phenylquinolin-3-yl}ethan-1-one,104,Micrococcus luteus,1,1,1
139,1-{2-[(E)-2-(4-chlorophenyl)ethenyl]-4-phenylquinolin-3-yl}ethan-1-one,121,Pseudomonas aeruginosa,1,1,1
139,1-{2-[(E)-2-(4-chlorophenyl)ethenyl]-4-phenylquinolin-3-yl}ethan-1-one,137,Staphylococcus aureus,1,2,1
140,1-{2-[(E)-2-(4-hydroxy-3-methoxyphenyl)ethenyl]-4-phenylquinolin-3-yl}ethan-1-one,21,Bacillus subtilis,1,1,1
140,1-{2-[(E)-2-(4-hydroxy-3-methoxyphenyl)ethenyl]-4-phenylquinolin-3-yl}ethan-1-one,67,Escherichia coli,1,1,1
140,1-{2-[(E)-2-(4-hydroxy-3-methoxyphenyl)ethenyl]-4-phenylquinolin-3-yl}ethan-1-one,94,Klebsiella planticola,1,1,1
140,1-{2-[(E)-2-(4-hydroxy-3-methoxyphenyl)ethenyl]-4-phenylquinolin-3-yl}ethan-1-one,104,Micrococcus luteus,1,1,1
140,1-{2-[(E)-2-(4-hydroxy-3-methoxyphenyl)ethenyl]-4-phenylquinolin-3-yl}ethan-1-one,121,Pseudomonas aeruginosa,1,1,1
140,1-{2-[(E)-2-(4-hydroxy-3-methoxyphenyl)ethenyl]-4-phenylquinolin-3-yl}ethan-1-one,137,Staphylococcus aureus,1,2,1
141,1-{2-[(E)-2-(4-methoxyphenyl)ethenyl]-4-phenylquinolin-3-yl}ethan-1-one,21,Bacillus subtilis,1,1,1
141,1-{2-[(E)-2-(4-methoxyphenyl)ethenyl]-4-phenylquinolin-3-yl}ethan-1-one,67,Escherichia coli,1,1,1
141,1-{2-[(E)-2-(4-methoxyphenyl)ethenyl]-4-phenylquinolin-3-yl}ethan-1-one,104,Micrococcus luteus,1,1,1
141,1-{2-[(E)-2-(4-methoxyphenyl)ethenyl]-4-phenylquinolin-3-yl}ethan-1-one,121,Pseudomonas aeruginosa,1,1,1
141,1-{2-[(E)-2-(4-methoxyphenyl)ethenyl]-4-phenylquinolin-3-yl}ethan-1-one,137,Staphylococcus aureus,1,2,1
142,"1-{2-[(E)-2-[3,5-bis(trifluoromethyl)phenyl]ethenyl]-4-phenylquinolin-3-yl}ethan-1-one",21,Bacillus subtilis,1,1,1
142,"1-{2-[(E)-2-[3,5-bis(trifluoromethyl)phenyl]ethenyl]-4-phenylquinolin-3-yl}ethan-1-one",67,Escherichia coli,1,1,1
142,"1-{2-[(E)-2-[3,5-bis(trifluoromethyl)phenyl]ethenyl]-4-phenylquinolin-3-yl}ethan-1-one",94,Klebsiella planticola,1,1,1
142,"1-{2-[(E)-2-[3,5-bis(trifluoromethyl)phenyl]ethenyl]-4-phenylquinolin-3-yl}ethan-1-one",104,Micrococcus luteus,1,1,1
142,"1-{2-[(E)-2-[3,5-bis(trifluoromethyl)phenyl]ethenyl]-4-phenylquinolin-3-yl}ethan-1-one",121,Pseudomonas aeruginosa,1,1,1
142,"1-{2-[(E)-2-[3,5-bis(trifluoromethyl)phenyl]ethenyl]-4-phenylquinolin-3-yl}ethan-1-one",137,Staphylococcus aureus,1,2,1
143,1-{4-phenyl-2-[(E)-2-[4-(trifluoromethoxy)phenyl]ethenyl]quinolin-3-yl}ethan-1-one,21,Bacillus subtilis,1,1,1
143,1-{4-phenyl-2-[(E)-2-[4-(trifluoromethoxy)phenyl]ethenyl]quinolin-3-yl}ethan-1-one,67,Escherichia coli,1,1,1
143,1-{4-phenyl-2-[(E)-2-[4-(trifluoromethoxy)phenyl]ethenyl]quinolin-3-yl}ethan-1-one,94,Klebsiella planticola,1,1,1
143,1-{4-phenyl-2-[(E)-2-[4-(trifluoromethoxy)phenyl]ethenyl]quinolin-3-yl}ethan-1-one,104,Micrococcus luteus,1,1,1
143,1-{4-phenyl-2-[(E)-2-[4-(trifluoromethoxy)phenyl]ethenyl]quinolin-3-yl}ethan-1-one,121,Pseudomonas aeruginosa,1,1,1
143,1-{4-phenyl-2-[(E)-2-[4-(trifluoromethoxy)phenyl]ethenyl]quinolin-3-yl}ethan-1-one,137,Staphylococcus aureus,1,2,1
144,"1-{6-nitro-4-phenyl-2-[(E)-2-(3,4,5-trimethoxyphenyl)ethenyl]quinolin-3-yl}ethan-1-one",21,Bacillus subtilis,1,1,1
144,"1-{6-nitro-4-phenyl-2-[(E)-2-(3,4,5-trimethoxyphenyl)ethenyl]quinolin-3-yl}ethan-1-one",67,Escherichia coli,1,1,1
144,"1-{6-nitro-4-phenyl-2-[(E)-2-(3,4,5-trimethoxyphenyl)ethenyl]quinolin-3-yl}ethan-1-one",94,Klebsiella planticola,1,1,1
144,"1-{6-nitro-4-phenyl-2-[(E)-2-(3,4,5-trimethoxyphenyl)ethenyl]quinolin-3-yl}ethan-1-one",104,Micrococcus luteus,1,1,1
144,"1-{6-nitro-4-phenyl-2-[(E)-2-(3,4,5-trimethoxyphenyl)ethenyl]quinolin-3-yl}ethan-1-one",121,Pseudomonas aeruginosa,1,1,1
144,"1-{6-nitro-4-phenyl-2-[(E)-2-(3,4,5-trimethoxyphenyl)ethenyl]quinolin-3-yl}ethan-1-one",137,Staphylococcus aureus,1,2,1
145,1-{6-nitro-4-phenyl-2-[(E)-2-[4-(trifluoromethoxy)phenyl]ethenyl]quinolin-3-yl}ethan-1-one,21,Bacillus subtilis,1,1,1
145,1-{6-nitro-4-phenyl-2-[(E)-2-[4-(trifluoromethoxy)phenyl]ethenyl]quinolin-3-yl}ethan-1-one,67,Escherichia coli,1,1,1
145,1-{6-nitro-4-phenyl-2-[(E)-2-[4-(trifluoromethoxy)phenyl]ethenyl]quinolin-3-yl}ethan-1-one,94,Klebsiella planticola,1,1,1
145,1-{6-nitro-4-phenyl-2-[(E)-2-[4-(trifluoromethoxy)phenyl]ethenyl]quinolin-3-yl}ethan-1-one,104,Micrococcus luteus,1,1,1
145,1-{6-nitro-4-phenyl-2-[(E)-2-[4-(trifluoromethoxy)phenyl]ethenyl]quinolin-3-yl}ethan-1-one,121,Pseudomonas aeruginosa,1,1,1
145,1-{6-nitro-4-phenyl-2-[(E)-2-[4-(trifluoromethoxy)phenyl]ethenyl]quinolin-3-yl}ethan-1-one,137,Staphylococcus aureus,1,2,1
146,1010cys,121,Pseudomonas aeruginosa,1,1,1
147,11(R)-hydroxy-12(20)-en-knightal,121,Pseudomonas aeruginosa,1,1,1
147,11(R)-hydroxy-12(20)-en-knightal,137,Staphylococcus aureus,1,1,1
147,11(R)-hydroxy-12(20)-en-knightal,171,Vibrio harveyi,1,1,1
148,11(R)-hydroxy-12(20)-en-knightol acetate,121,Pseudomonas aeruginosa,1,1,1
148,11(R)-hydroxy-12(20)-en-knightol acetate,137,Staphylococcus aureus,1,1,1
148,11(R)-hydroxy-12(20)-en-knightol acetate,171,Vibrio harveyi,1,1,1
149,12-hydroxy decyl beta-maltose,121,Pseudomonas aeruginosa,1,1,1
150,12-methyltetradecanoic acid,121,Pseudomonas aeruginosa,1,1,1
151,"13-(2-chloro-6-methoxyquinolin-3-yl)-3,3-dimethyl-1H,2H,3H,4H,4aH,6H,11H,13H,13aH-indazolo[1,2-b]phthalazine-1,6,11-trione",34,Candida albicans,1,1,1
151,"13-(2-chloro-6-methoxyquinolin-3-yl)-3,3-dimethyl-1H,2H,3H,4H,4aH,6H,11H,13H,13aH-indazolo[1,2-b]phthalazine-1,6,11-trione",121,Pseudomonas aeruginosa,1,1,1
152,"13-(2-chloro-6-methylquinolin-3-yl)-3,3-dimethyl-1H,2H,3H,4H,6H,11H,13H-indazolo[1,2-b]phthalazine-1,6,11-trione",34,Candida albicans,1,1,1
152,"13-(2-chloro-6-methylquinolin-3-yl)-3,3-dimethyl-1H,2H,3H,4H,6H,11H,13H-indazolo[1,2-b]phthalazine-1,6,11-trione",121,Pseudomonas aeruginosa,1,1,1
153,"13-(2-chloro-7-methoxyquinolin-3-yl)-3,3-dimethyl-1H,2H,3H,4H,6H,11H,13H-indazolo[1,2-b]phthalazine-1,6,11-trione",34,Candida albicans,1,1,1
153,"13-(2-chloro-7-methoxyquinolin-3-yl)-3,3-dimethyl-1H,2H,3H,4H,6H,11H,13H-indazolo[1,2-b]phthalazine-1,6,11-trione",121,Pseudomonas aeruginosa,1,1,1
154,"13-(2-chloro-7-methylquinolin-3-yl)-3,3-dimethyl-1H,2H,3H,4H,6H,11H,13H-indazolo[1,2-b]phthalazine-1,6,11-trione",34,Candida albicans,1,1,1
154,"13-(2-chloro-7-methylquinolin-3-yl)-3,3-dimethyl-1H,2H,3H,4H,6H,11H,13H-indazolo[1,2-b]phthalazine-1,6,11-trione",121,Pseudomonas aeruginosa,1,1,1
155,"13-(2-chloro-8a-methyl-4a,8a-dihydroquinolin-3-yl)-3,3-dimethyl-1H,2H,3H,4H,6H,11H,13H-indazolo[1,2-b]phthalazine-1,6,11-trione",34,Candida albicans,1,1,1
155,"13-(2-chloro-8a-methyl-4a,8a-dihydroquinolin-3-yl)-3,3-dimethyl-1H,2H,3H,4H,6H,11H,13H-indazolo[1,2-b]phthalazine-1,6,11-trione",121,Pseudomonas aeruginosa,1,1,1
156,"13-(2-chloroquinolin-3-yl)-3,3-dimethyl-1H,2H,3H,4H,6H,11H,13H-indazolo[1,2-b]phthalazine-1,6,11-trione",34,Candida albicans,1,1,1
156,"13-(2-chloroquinolin-3-yl)-3,3-dimethyl-1H,2H,3H,4H,6H,11H,13H-indazolo[1,2-b]phthalazine-1,6,11-trione",121,Pseudomonas aeruginosa,1,1,1
157,13-methyltetradecanoic acid,121,Pseudomonas aeruginosa,1,1,1
158,"13-{7-methoxy-[1,2,3,4]tetrazolo[1,5-a]quinolin-4-yl}-3,3-dimethyl-1H,2H,3H,4H,6H,11H,13H-indazolo[1,2-b]phthalazine-1,6,11-trione",34,Candida albicans,1,1,1
158,"13-{7-methoxy-[1,2,3,4]tetrazolo[1,5-a]quinolin-4-yl}-3,3-dimethyl-1H,2H,3H,4H,6H,11H,13H-indazolo[1,2-b]phthalazine-1,6,11-trione",121,Pseudomonas aeruginosa,1,1,1
159,"13-{8-methoxy-[1,2,3,4]tetrazolo[1,5-a]quinolin-4-yl}-3,3-dimethyl-1H,2H,3H,4H,6H,11H,13H-indazolo[1,2-b]phthalazine-1,6,11-trione",34,Candida albicans,1,1,1
159,"13-{8-methoxy-[1,2,3,4]tetrazolo[1,5-a]quinolin-4-yl}-3,3-dimethyl-1H,2H,3H,4H,6H,11H,13H-indazolo[1,2-b]phthalazine-1,6,11-trione",121,Pseudomonas aeruginosa,1,1,1
160,"14,15,29,30-Tetrahydro-5H,20H-dibenzo[h,s]bis([1,2,3]triazolo)[5,1-c:5_,1_-n][1,4,7,12,15,18]hexaazacyclodocosine-6,12,13,21,27,28(7H,22H)-hexaone",121,Pseudomonas aeruginosa,1,1,1
161,14-Glycinyl andrographolide hydrochloride,121,Pseudomonas aeruginosa,1,1,1
162,14-alpha-lipoyl andrographolide,121,Pseudomonas aeruginosa,1,1,1
163,"14-dehydroxy-11,12-didehydroandrographolide- 3,19-bis(succinic acid) potasium sodium salt",121,Pseudomonas aeruginosa,1,1,1
164,16P,137,Staphylococcus aureus,1,2,1
164,16P,142,Staphylococcus epidermidis,1,2,1
165,16P-AC,137,Staphylococcus aureus,1,2,1
165,16P-AC,142,Staphylococcus epidermidis,1,2,1
166,17-Deacetyl norgestimate,137,Staphylococcus aureus,1,8,1
166,17-Deacetyl norgestimate,142,Staphylococcus epidermidis,1,2,1
167,2(5H)-furanone,9,Aeromonas hydrophila,1,1,1
167,2(5H)-furanone,76,Hafnia alvei,1,2,1
168,"2,2 -Dipyridyl",121,Pseudomonas aeruginosa,1,5,1
168,"2,2 -Dipyridyl",137,Staphylococcus aureus,1,2,1
169,"2,3,4,5,6-Pentafluoro-L-phenylalanine",137,Staphylococcus aureus,1,1,1
169,"2,3,4,5,6-Pentafluoro-L-phenylalanine",143,Staphylococcus epidermis,1,1,1
170,"2,3-Dehydrosilybin",137,Staphylococcus aureus,1,1,1
171,"2,3-dihydroxybenzoic acid",137,Staphylococcus aureus,1,1,1
172,"2,4,5-Trifluorophenylalanine",137,Staphylococcus aureus,1,1,1
172,"2,4,5-Trifluorophenylalanine",143,Staphylococcus epidermis,1,1,1
173,"2,4-Dichlorophenylalanine",143,Staphylococcus epidermis,1,1,1
174,"2,4-Difluorophenylalanine",137,Staphylococcus aureus,1,1,1
174,"2,4-Difluorophenylalanine",143,Staphylococcus epidermis,1,1,1
175,"2,4-Dimethylphenylalanine",137,Staphylococcus aureus,1,2,1
175,"2,4-Dimethylphenylalanine",143,Staphylococcus epidermis,1,1,1
176,"2,4-Dinitro-D-phenylalanine",143,Staphylococcus epidermis,1,1,1
177,"2,5-bis(4,5-dibromo-1-methyl-1H-pyrrol-2-yl)-1,3,4-oxadiazole",121,Pseudomonas aeruginosa,1,1,1
177,"2,5-bis(4,5-dibromo-1-methyl-1H-pyrrol-2-yl)-1,3,4-oxadiazole",137,Staphylococcus aureus,1,2,1
177,"2,5-bis(4,5-dibromo-1-methyl-1H-pyrrol-2-yl)-1,3,4-oxadiazole",148,Streptococcus epidermidis,1,1,1
178,2- geranyloxy-1-(2-methylbutanoyl)phloroglucinol,137,Staphylococcus aureus,1,2,1
178,2- geranyloxy-1-(2-methylbutanoyl)phloroglucinol,142,Staphylococcus epidermidis,1,1,1
179,"2-((3,4-dichlorophenyl)sulfonyl)-4-(1H-tetrazol-1-yl)pyrimidine",121,Pseudomonas aeruginosa,1,1,1
180,"2-(2,4-difluorophenyl)-1,3-bis(1H-1,2,4-triazol-1-yl)propan-2-yl (2E)-3-phenylprop-2-enoate",34,Candida albicans,1,1,1
181,2-(2-(2-Azidoacetamido)-5-bromophenyl)-2-oxo-N-(prop-2-yn-1-yl)acetamide,121,Pseudomonas aeruginosa,1,1,1
182,2-(2-(2-Azidoacetamido)-5-fluorophenyl)-2-oxo-N-( prop-2-yn-1-yl)acetamide,121,Pseudomonas aeruginosa,1,1,1
183,2-(2-(2-Azidoacetamido)-5-methylphenyl)-2-oxo-N-(prop-2-yn-1-yl)acetamide,121,Pseudomonas aeruginosa,1,1,1
184,2-(2-(2-Azidoacetamido)-5-nitrophenyl)-2-oxo-N-(prop-2-yn-1-yl)acetamide,67,Escherichia coli,1,1,1
184,2-(2-(2-Azidoacetamido)-5-nitrophenyl)-2-oxo-N-(prop-2-yn-1-yl)acetamide,121,Pseudomonas aeruginosa,1,1,1
185,2-(2-(2-Azidoacetamido)phenyl)-2-oxo-N-(prop-2-yn-1-yl)acetamide,121,Pseudomonas aeruginosa,1,1,1
186,2-(2-(2-Chloroacetamido)-5-fluorophenyl)-2-oxo-N-( prop-2-yn-1-yl)acetamide,67,Escherichia coli,1,1,1
186,2-(2-(2-Chloroacetamido)-5-fluorophenyl)-2-oxo-N-( prop-2-yn-1-yl)acetamide,121,Pseudomonas aeruginosa,1,1,1
187,2-(2-(2-Chloroacetamido)-5-methylphenyl)-2-oxo-N-( prop-2-yn- 1-yl)acetamide,67,Escherichia coli,1,1,1
187,2-(2-(2-Chloroacetamido)-5-methylphenyl)-2-oxo-N-( prop-2-yn- 1-yl)acetamide,121,Pseudomonas aeruginosa,1,1,1
188,2-(2-(2-Chloroacetamido)-5-nitrophenyl)-2-oxo-N-( prop-2-yn-1-yl)acetamide,67,Escherichia coli,1,1,1
189,2-(2-(2-Chloroacetamido)phenyl )-2-oxo-N-( prop-2-yn-1-yl )acetamide,67,Escherichia coli,1,1,1
189,2-(2-(2-Chloroacetamido)phenyl )-2-oxo-N-( prop-2-yn-1-yl )acetamide,121,Pseudomonas aeruginosa,1,1,1
190,2-(2-Thienylsulfonyl)ethanethioamide,168,Vibrio anguillarum,1,1,1
190,2-(2-Thienylsulfonyl)ethanethioamide,173,Vibrio vulnificus,1,1,1
191,"2-(2-chloro-5-fluorophenyl)-5-(4,5-dibromo-1-methyl-1H-pyrrol-2-yl)-1,3,4-oxadiazole",121,Pseudomonas aeruginosa,1,1,1
191,"2-(2-chloro-5-fluorophenyl)-5-(4,5-dibromo-1-methyl-1H-pyrrol-2-yl)-1,3,4-oxadiazole",137,Staphylococcus aureus,1,2,1
191,"2-(2-chloro-5-fluorophenyl)-5-(4,5-dibromo-1-methyl-1H-pyrrol-2-yl)-1,3,4-oxadiazole",148,Streptococcus epidermidis,1,1,1
192,"2-(4,5-dibromo-1-methyl-1H-pyrrol-2-yl)-5-(2,4-dichlorophenyl)-1,3,4-oxadiazole",121,Pseudomonas aeruginosa,1,1,1
192,"2-(4,5-dibromo-1-methyl-1H-pyrrol-2-yl)-5-(2,4-dichlorophenyl)-1,3,4-oxadiazole",137,Staphylococcus aureus,1,2,1
192,"2-(4,5-dibromo-1-methyl-1H-pyrrol-2-yl)-5-(2,4-dichlorophenyl)-1,3,4-oxadiazole",148,Streptococcus epidermidis,1,1,1
193,"2-(4,5-dibromo-1-methyl-1H-pyrrol-2-yl)-5-(4-methoxyphenyl)-1,3,4-oxadiazole",121,Pseudomonas aeruginosa,1,1,1
193,"2-(4,5-dibromo-1-methyl-1H-pyrrol-2-yl)-5-(4-methoxyphenyl)-1,3,4-oxadiazole",137,Staphylococcus aureus,1,2,1
193,"2-(4,5-dibromo-1-methyl-1H-pyrrol-2-yl)-5-(4-methoxyphenyl)-1,3,4-oxadiazole",148,Streptococcus epidermidis,1,1,1
194,"2-(4,5-dibromo-1-methyl-1H-pyrrol-2-yl)-5-(ethylthio)-1,3,4-oxadiazole",121,Pseudomonas aeruginosa,1,1,1
194,"2-(4,5-dibromo-1-methyl-1H-pyrrol-2-yl)-5-(ethylthio)-1,3,4-oxadiazole",137,Staphylococcus aureus,1,2,1
194,"2-(4,5-dibromo-1-methyl-1H-pyrrol-2-yl)-5-(ethylthio)-1,3,4-oxadiazole",148,Streptococcus epidermidis,1,1,1
195,"2-(4,5-dibromo-1-methyl-1H-pyrrol-2-yl)-5-(methylthio)-1,3,4-oxadiazole",121,Pseudomonas aeruginosa,1,1,1
195,"2-(4,5-dibromo-1-methyl-1H-pyrrol-2-yl)-5-(methylthio)-1,3,4-oxadiazole",137,Staphylococcus aureus,1,2,1
195,"2-(4,5-dibromo-1-methyl-1H-pyrrol-2-yl)-5-(methylthio)-1,3,4-oxadiazole",148,Streptococcus epidermidis,1,1,1
196,"2-(4,5-dibromo-1-methyl-1H-pyrrol-2-yl)-5-(phenylthio)-1,3,4-oxadiazole",121,Pseudomonas aeruginosa,1,1,1
196,"2-(4,5-dibromo-1-methyl-1H-pyrrol-2-yl)-5-(phenylthio)-1,3,4-oxadiazole",137,Staphylococcus aureus,1,2,1
196,"2-(4,5-dibromo-1-methyl-1H-pyrrol-2-yl)-5-(phenylthio)-1,3,4-oxadiazole",148,Streptococcus epidermidis,1,1,1
197,"2-(4,5-dibromo-1-methyl-1H-pyrrol-2-yl)-5-(pyridin-4-yl)-1,3,4-oxadiazole",121,Pseudomonas aeruginosa,1,1,1
197,"2-(4,5-dibromo-1-methyl-1H-pyrrol-2-yl)-5-(pyridin-4-yl)-1,3,4-oxadiazole",137,Staphylococcus aureus,1,2,1
197,"2-(4,5-dibromo-1-methyl-1H-pyrrol-2-yl)-5-(pyridin-4-yl)-1,3,4-oxadiazole",148,Streptococcus epidermidis,1,1,1
198,"2-(4,5-dibromo-1-methyl-1H-pyrrol-2-yl)-5-phenyl-1,3,4-oxadiazole",121,Pseudomonas aeruginosa,1,1,1
198,"2-(4,5-dibromo-1-methyl-1H-pyrrol-2-yl)-5-phenyl-1,3,4-oxadiazole",137,Staphylococcus aureus,1,2,1
198,"2-(4,5-dibromo-1-methyl-1H-pyrrol-2-yl)-5-phenyl-1,3,4-oxadiazole",148,Streptococcus epidermidis,1,1,1
199,"2-(4,5-dibromo-1-methyl-1H-pyrrol-2-yl)-5-styryl-1,3,4-oxadiazole",121,Pseudomonas aeruginosa,1,1,1
199,"2-(4,5-dibromo-1-methyl-1H-pyrrol-2-yl)-5-styryl-1,3,4-oxadiazole",137,Staphylococcus aureus,1,2,1
199,"2-(4,5-dibromo-1-methyl-1H-pyrrol-2-yl)-5-styryl-1,3,4-oxadiazole",148,Streptococcus epidermidis,1,1,1
200,"2-(4,5-dibromo-1-methyl-1H-pyrrol-2yl)-5-(4-nitrophenyl)-1,3,4-oxadiazole",121,Pseudomonas aeruginosa,1,1,1
200,"2-(4,5-dibromo-1-methyl-1H-pyrrol-2yl)-5-(4-nitrophenyl)-1,3,4-oxadiazole",137,Staphylococcus aureus,1,2,1
200,"2-(4,5-dibromo-1-methyl-1H-pyrrol-2yl)-5-(4-nitrophenyl)-1,3,4-oxadiazole",148,Streptococcus epidermidis,1,1,1
201,"2-(4-(Trifluoromethyl)phenyl)-N-((2R,3R,4S,5S,6R)-2,4,5-trihydroxy-6-(hydroxymethyl)tetrahydro-2H-pyran-3-yl)acetamide",121,Pseudomonas aeruginosa,1,1,1
202,"2-(4-Bromophenyl)-N-((2R,3R,4S,5S,6R)-2,4,5-trihydroxy-6-(hydroxymethyl)tetrahydro-2H-pyran-3-yl)acetamide",121,Pseudomonas aeruginosa,1,1,1
203,"2-(4-Chlorophenyl)-5-(4,5-dibromo-1-methyl-1H-pyrrol-2-yl)-1,3,4-oxadiazole",121,Pseudomonas aeruginosa,1,1,1
203,"2-(4-Chlorophenyl)-5-(4,5-dibromo-1-methyl-1H-pyrrol-2-yl)-1,3,4-oxadiazole",137,Staphylococcus aureus,1,2,1
203,"2-(4-Chlorophenyl)-5-(4,5-dibromo-1-methyl-1H-pyrrol-2-yl)-1,3,4-oxadiazole",148,Streptococcus epidermidis,1,1,1
204,"2-(4-Chlorophenyl)-N-((2R,3R,4S,5S,6R)-2,4,5-trihydroxy-6-(hydroxymethyl)tetrahydro-2H-pyran-3-yl)acetamide",121,Pseudomonas aeruginosa,1,1,1
205,"2-(4-Fluorophenyl)-N-((2R,3R,4S,5S,6R)-2,4,5-trihydroxy-6-(hydroxymethyl)tetrahydro-2H-pyran-3-yl)acetamide",121,Pseudomonas aeruginosa,1,1,1
206,"2-(4-Methoxyphenyl)-N-((2R,3R,4S,5S,6R)-2,4,5-trihydroxy-6-(hydroxymethyl)tetrahydro-2H-pyran-3-yl)acetamide",121,Pseudomonas aeruginosa,1,1,1
207,"2-(4-methoxyphenyl)-N-(3-{[2-(4-methoxyphenyl)ethyl]imino}-1,4-dihydro-2-quinox alinylidene)ethanamine",149,Streptococcus gordonii,1,1,1
207,"2-(4-methoxyphenyl)-N-(3-{[2-(4-methoxyphenyl)ethyl]imino}-1,4-dihydro-2-quinox alinylidene)ethanamine",151,Streptococcus mutans,1,1,1
207,"2-(4-methoxyphenyl)-N-(3-{[2-(4-methoxyphenyl)ethyl]imino}-1,4-dihydro-2-quinox alinylidene)ethanamine",158,Streptococcus sanguinis,1,1,1
208,"2-(5-(4,5-dibromo-1-methyl-1H-pyrrol-2-yl)-1,3,4-oxadiazole-2-yl)phenol",121,Pseudomonas aeruginosa,1,1,1
208,"2-(5-(4,5-dibromo-1-methyl-1H-pyrrol-2-yl)-1,3,4-oxadiazole-2-yl)phenol",137,Staphylococcus aureus,1,2,1
208,"2-(5-(4,5-dibromo-1-methyl-1H-pyrrol-2-yl)-1,3,4-oxadiazole-2-yl)phenol",148,Streptococcus epidermidis,1,1,1
209,2-(5-Bromo-2-(2-chloroacetamido)phenyl )-2-oxo-N-( prop-2-yn-1-yl)acetamide,121,Pseudomonas aeruginosa,1,1,1
210,2-(5-Chloro-2-(2-chloroacetamido)phenyl )-2-oxo-N-( prop-2-yn-1-yl)acetamide,67,Escherichia coli,1,1,1
211,2-(Aminomethyl)-L-phenylalanine,137,Staphylococcus aureus,1,1,1
211,2-(Aminomethyl)-L-phenylalanine,143,Staphylococcus epidermis,1,1,1
212,2-(Trifluoromethyl)-D-phenylalanine,137,Staphylococcus aureus,1,2,1
212,2-(Trifluoromethyl)-D-phenylalanine,143,Staphylococcus epidermis,1,1,1
213,"2-(hexylsulfonyl)-4-(1H-1,2,3-triazol-1-yl)pyrimidine",121,Pseudomonas aeruginosa,1,1,1
214,"2-Benzyl-5-(4,5-dibromo-1-methyl-1H-pyrrol-2-yl)-1,3,4-oxadiazole",121,Pseudomonas aeruginosa,1,1,1
214,"2-Benzyl-5-(4,5-dibromo-1-methyl-1H-pyrrol-2-yl)-1,3,4-oxadiazole",137,Staphylococcus aureus,1,2,1
214,"2-Benzyl-5-(4,5-dibromo-1-methyl-1H-pyrrol-2-yl)-1,3,4-oxadiazole",148,Streptococcus epidermidis,1,1,1
215,2-Carbamoylphenylalanine,137,Staphylococcus aureus,1,2,1
215,2-Carbamoylphenylalanine,143,Staphylococcus epidermis,1,1,1
216,2-Chloro-DL-Phenylalanine,143,Staphylococcus epidermis,1,1,1
217,2-Cyano-D-phenylalanine,143,Staphylococcus epidermis,1,1,1
218,2-Fluoro-L-phenylalanine,143,Staphylococcus epidermis,1,1,1
219,2-Hexylmaleic anhydride,129,Salmonella enterica,1,1,1
220,2-Hydroxychalcone,75,Haemophilus influenzae,1,3,1
221,2-Methoxy-4-propylphenol,67,Escherichia coli,1,1,1
222,2-Methoxy-D-Phenylalanine,137,Staphylococcus aureus,1,2,1
222,2-Methoxy-D-Phenylalanine,143,Staphylococcus epidermis,1,1,1
223,2-Methoxyhydroquinone,67,Escherichia coli,1,1,1
224,2-Nitro-cinnamaldehyde,168,Vibrio anguillarum,1,1,1
224,2-Nitro-cinnamaldehyde,170,Vibrio cholerae,1,1,1
224,2-Nitro-cinnamaldehyde,171,Vibrio harveyi,1,1,1
224,2-Nitro-cinnamaldehyde,173,Vibrio vulnificus,1,1,1
225,2-amino-3-(2-nitrophenyl)propanoic acid,143,Staphylococcus epidermis,1,1,1
226,2-amino-3-(3-chlorophenyl)propanoic acid,137,Staphylococcus aureus,1,2,1
226,2-amino-3-(3-chlorophenyl)propanoic acid,143,Staphylococcus epidermis,1,1,1
227,2-amino-3-(3-nitrophenyl)propanoic acid,137,Staphylococcus aureus,1,1,1
227,2-amino-3-(3-nitrophenyl)propanoic acid,143,Staphylococcus epidermis,1,1,1
228,2-amino-3-(4-methylbenzenesulfinyl)propanoic acid,7,Actinomyces oris,1,1,1
228,2-amino-3-(4-methylbenzenesulfinyl)propanoic acid,151,Streptococcus mutans,1,1,1
228,2-amino-3-(4-methylbenzenesulfinyl)propanoic acid,159,Streptococcus sanguis,1,1,1
229,2-amino-3-(prop-2-ene-1-sulfinyl)propanoic acid,151,Streptococcus mutans,1,1,1
230,2-amino-3-(propane-1-sulfinyl)propanoic acid,151,Streptococcus mutans,1,1,1
231,2-amino-4-chlorobenzoic acid,28,Burkholderia cenocepacia,1,2,1
231,2-amino-4-chlorobenzoic acid,30,Burkholderia multivorans,1,2,1
232,2-amino-5-methoxy-5-oxopentanoic acid,137,Staphylococcus aureus,1,1,1
232,2-amino-5-methoxy-5-oxopentanoic acid,143,Staphylococcus epidermis,1,1,1
233,2-amino-6-chlorobenzoic acid,28,Burkholderia cenocepacia,1,2,1
233,2-amino-6-chlorobenzoic acid,30,Burkholderia multivorans,1,2,1
234,2-amino-6-fluorobenzoic acid,28,Burkholderia cenocepacia,1,2,1
234,2-amino-6-fluorobenzoic acid,30,Burkholderia multivorans,1,2,1
235,2-amino-imidazole/ triazole conjugate,151,Streptococcus mutans,1,1,1
236,"2-bromo-4-methyl-6-(3,4,5-tribromo-1H-pyrrole-2-carbonyl)phenol",137,Staphylococcus aureus,1,1,1
236,"2-bromo-4-methyl-6-(3,4,5-tribromo-1H-pyrrole-2-carbonyl)phenol",142,Staphylococcus epidermidis,1,1,1
237,2-bromodecanoic acid,121,Pseudomonas aeruginosa,1,2,1
238,2-bromohexanoic acid,121,Pseudomonas aeruginosa,1,2,1
239,2-bromooctanoic acid,121,Pseudomonas aeruginosa,1,2,1
240,2-geranyloxy-1-(2-methylpropanoyl)phloroglucinol,137,Staphylococcus aureus,1,2,1
240,2-geranyloxy-1-(2-methylpropanoyl)phloroglucinol,142,Staphylococcus epidermidis,1,1,1
241,"2-geranyloxy-4,6-dihydroxybenzophenone",137,Staphylococcus aureus,1,2,1
241,"2-geranyloxy-4,6-dihydroxybenzophenone",142,Staphylococcus epidermidis,1,1,1
242,2-methoxy-cinnamaldehyde,168,Vibrio anguillarum,1,1,1
242,2-methoxy-cinnamaldehyde,173,Vibrio vulnificus,1,1,1
243,2-oxindole,121,Pseudomonas aeruginosa,1,1,1
244,2-phenylethane-1-SO-thioperoxol,7,Actinomyces oris,1,1,1
245,2C-4,151,Streptococcus mutans,1,1,1
246,"3,3-Diphenyl-D-alanine",143,Staphylococcus epidermis,1,1,1
247,"3,3-dimethyl-13-{7-methyl-[1,2,3,4]tetrazolo[1,5-a]quinolin-4-yl}-1H,2H,3H,4H,6H,11H,13H-indazolo[1,2-b]phthalazine-1,6,11-trione",34,Candida albicans,1,1,1
247,"3,3-dimethyl-13-{7-methyl-[1,2,3,4]tetrazolo[1,5-a]quinolin-4-yl}-1H,2H,3H,4H,6H,11H,13H-indazolo[1,2-b]phthalazine-1,6,11-trione",121,Pseudomonas aeruginosa,1,1,1
248,"3,3-dimethyl-13-{8-methyl-[1,2,3,4]tetrazolo[1,5-a]quinolin-4-yl}-1H,2H,3H,4H,6H,11H,13H-indazolo[1,2-b]phthalazine-1,6,11-trione",34,Candida albicans,1,1,1
248,"3,3-dimethyl-13-{8-methyl-[1,2,3,4]tetrazolo[1,5-a]quinolin-4-yl}-1H,2H,3H,4H,6H,11H,13H-indazolo[1,2-b]phthalazine-1,6,11-trione",121,Pseudomonas aeruginosa,1,1,1
249,"3,3-dimethyl-13-{9-methyl-[1,2,3,4]tetrazolo[1,5-a]quinolin-4-yl}-1H,2H,3H,4H,6H,11H,13H-indazolo[1,2-b]phthalazine-1,6,11-trione",34,Candida albicans,1,1,1
249,"3,3-dimethyl-13-{9-methyl-[1,2,3,4]tetrazolo[1,5-a]quinolin-4-yl}-1H,2H,3H,4H,6H,11H,13H-indazolo[1,2-b]phthalazine-1,6,11-trione",121,Pseudomonas aeruginosa,1,1,1
250,"3,3-dimethyl-13-{[1,2,3,4]tetrazolo[1,5-a]quinolin-4-yl}-2H,4H,13H-indazolo[1,2-b]phthalazine-1,6,11-trione",34,Candida albicans,1,1,1
250,"3,3-dimethyl-13-{[1,2,3,4]tetrazolo[1,5-a]quinolin-4-yl}-2H,4H,13H-indazolo[1,2-b]phthalazine-1,6,11-trione",121,Pseudomonas aeruginosa,1,1,1
251,"3,4-Dichloro-5-[(1,3-dichloropropan-2-yloxy)]-2(5H)-furanone",21,Bacillus subtilis,1,1,1
252,"3,4-Dichloro-5-[(4-methylphenylsulfonyl)]-2(5H)-furanone",21,Bacillus subtilis,1,1,1
253,"3,4-Dichloro-cinnamaldehyde",170,Vibrio cholerae,1,1,1
253,"3,4-Dichloro-cinnamaldehyde",171,Vibrio harveyi,1,1,1
254,"3,4-Dichlorophenylalanine",143,Staphylococcus epidermis,1,1,1
255,"3,4-Dimethoxychalcone",75,Haemophilus influenzae,1,3,1
256,"3,5-Difluoro-dl-phenylalanine",143,Staphylococcus epidermis,1,1,1
257,"3,5-Diiodotyrosine",137,Staphylococcus aureus,1,2,1
257,"3,5-Diiodotyrosine",143,Staphylococcus epidermis,1,1,1
258,"3,5-Dimethyl benzyl dodecyl beta-maltoside",121,Pseudomonas aeruginosa,1,1,1
259,"3,5-dibromotyrosined",143,Staphylococcus epidermis,1,1,1
260,"3,5-dimethylaniline",121,Pseudomonas aeruginosa,1,1,1
261,3-(1-Naphthyl)-D-Alanine,137,Staphylococcus aureus,1,1,1
261,3-(1-Naphthyl)-D-Alanine,143,Staphylococcus epidermis,1,1,1
262,3-(2-Furyl)-D-alanine,137,Staphylococcus aureus,1,2,1
262,3-(2-Furyl)-D-alanine,143,Staphylococcus epidermis,1,1,1
263,"3-(2-Furylmethyl)-2-{[(5-hydroxy-1H-pyrazol-3-yl)methyl]sulfanyl}-3,5,6,7-tetrahydro-4H-cyclopenta[4,5]thieno[2,3-d]pyrimidin-4-one",2,Acinetobacter baumannii,1,1,1
263,"3-(2-Furylmethyl)-2-{[(5-hydroxy-1H-pyrazol-3-yl)methyl]sulfanyl}-3,5,6,7-tetrahydro-4H-cyclopenta[4,5]thieno[2,3-d]pyrimidin-4-one",121,Pseudomonas aeruginosa,1,1,1
263,"3-(2-Furylmethyl)-2-{[(5-hydroxy-1H-pyrazol-3-yl)methyl]sulfanyl}-3,5,6,7-tetrahydro-4H-cyclopenta[4,5]thieno[2,3-d]pyrimidin-4-one",128,Salmonella Typhi,1,1,1
263,"3-(2-Furylmethyl)-2-{[(5-hydroxy-1H-pyrazol-3-yl)methyl]sulfanyl}-3,5,6,7-tetrahydro-4H-cyclopenta[4,5]thieno[2,3-d]pyrimidin-4-one",129,Salmonella enterica,1,1,1
263,"3-(2-Furylmethyl)-2-{[(5-hydroxy-1H-pyrazol-3-yl)methyl]sulfanyl}-3,5,6,7-tetrahydro-4H-cyclopenta[4,5]thieno[2,3-d]pyrimidin-4-one",137,Staphylococcus aureus,1,1,1
264,3-(2-Naphthyl)-D-alanine,137,Staphylococcus aureus,1,2,1
264,3-(2-Naphthyl)-D-alanine,143,Staphylococcus epidermis,1,1,1
265,3-(2-Naphthyl)alanine,137,Staphylococcus aureus,1,1,1
265,3-(2-Naphthyl)alanine,143,Staphylococcus epidermis,1,1,1
266,3-(2-Pyridinyl)alanine,137,Staphylococcus aureus,1,2,1
267,3-(2-Thienyl)-D-alanine,137,Staphylococcus aureus,1,2,1
267,3-(2-Thienyl)-D-alanine,143,Staphylococcus epidermis,1,1,1
268,3-(2-Thienyl)alanine,137,Staphylococcus aureus,1,2,1
268,3-(2-Thienyl)alanine,143,Staphylococcus epidermis,1,1,1
269,3-(3-Pyridinyl)alanine,137,Staphylococcus aureus,1,2,1
269,3-(3-Pyridinyl)alanine,143,Staphylococcus epidermis,1,1,1
270,3-(3-fluorophenyl)-5-(3-ethoxy-4-hydroxybenzylidene)-2-thioxothiazolidin-4-one,64,Enterococcus faecalis,1,5,1
270,3-(3-fluorophenyl)-5-(3-ethoxy-4-hydroxybenzylidene)-2-thioxothiazolidin-4-one,65,Enterococcus faecium,1,4,1
270,3-(3-fluorophenyl)-5-(3-ethoxy-4-hydroxybenzylidene)-2-thioxothiazolidin-4-one,66,Enterococcus gallinarum,1,1,1
270,3-(3-fluorophenyl)-5-(3-ethoxy-4-hydroxybenzylidene)-2-thioxothiazolidin-4-one,67,Escherichia coli,1,1,1
270,3-(3-fluorophenyl)-5-(3-ethoxy-4-hydroxybenzylidene)-2-thioxothiazolidin-4-one,121,Pseudomonas aeruginosa,1,1,1
270,3-(3-fluorophenyl)-5-(3-ethoxy-4-hydroxybenzylidene)-2-thioxothiazolidin-4-one,137,Staphylococcus aureus,1,19,1
270,3-(3-fluorophenyl)-5-(3-ethoxy-4-hydroxybenzylidene)-2-thioxothiazolidin-4-one,142,Staphylococcus epidermidis,1,10,1
271,3-(4-Pyridinyl)alanine,137,Staphylococcus aureus,1,1,1
271,3-(4-Pyridinyl)alanine,143,Staphylococcus epidermis,1,1,1
272,3-(4-fluorophenyl)-5-(3-(allyloxy)-4-hydroxybenzylidene)-2-thioxothiazolidin-4-one,64,Enterococcus faecalis,1,5,1
272,3-(4-fluorophenyl)-5-(3-(allyloxy)-4-hydroxybenzylidene)-2-thioxothiazolidin-4-one,65,Enterococcus faecium,1,4,1
272,3-(4-fluorophenyl)-5-(3-(allyloxy)-4-hydroxybenzylidene)-2-thioxothiazolidin-4-one,66,Enterococcus gallinarum,1,1,1
272,3-(4-fluorophenyl)-5-(3-(allyloxy)-4-hydroxybenzylidene)-2-thioxothiazolidin-4-one,67,Escherichia coli,1,1,1
272,3-(4-fluorophenyl)-5-(3-(allyloxy)-4-hydroxybenzylidene)-2-thioxothiazolidin-4-one,121,Pseudomonas aeruginosa,1,1,1
272,3-(4-fluorophenyl)-5-(3-(allyloxy)-4-hydroxybenzylidene)-2-thioxothiazolidin-4-one,137,Staphylococcus aureus,1,19,1
272,3-(4-fluorophenyl)-5-(3-(allyloxy)-4-hydroxybenzylidene)-2-thioxothiazolidin-4-one,142,Staphylococcus epidermidis,1,10,1
273,3-(4-fluorophenyl)-5-(3-ethoxy- 4-hydroxybenzylidene)-2-thioxothiazolidin-4-one,64,Enterococcus faecalis,1,5,1
273,3-(4-fluorophenyl)-5-(3-ethoxy- 4-hydroxybenzylidene)-2-thioxothiazolidin-4-one,65,Enterococcus faecium,1,4,1
273,3-(4-fluorophenyl)-5-(3-ethoxy- 4-hydroxybenzylidene)-2-thioxothiazolidin-4-one,66,Enterococcus gallinarum,1,1,1
273,3-(4-fluorophenyl)-5-(3-ethoxy- 4-hydroxybenzylidene)-2-thioxothiazolidin-4-one,67,Escherichia coli,1,1,1
273,3-(4-fluorophenyl)-5-(3-ethoxy- 4-hydroxybenzylidene)-2-thioxothiazolidin-4-one,121,Pseudomonas aeruginosa,1,1,1
273,3-(4-fluorophenyl)-5-(3-ethoxy- 4-hydroxybenzylidene)-2-thioxothiazolidin-4-one,137,Staphylococcus aureus,1,19,1
273,3-(4-fluorophenyl)-5-(3-ethoxy- 4-hydroxybenzylidene)-2-thioxothiazolidin-4-one,142,Staphylococcus epidermidis,1,10,1
274,3-(Aminomethyl)-D-phenylalanine,143,Staphylococcus epidermis,1,1,1
275,3-(Trifluoromethyl)phenylalanine,137,Staphylococcus aureus,1,1,1
275,3-(Trifluoromethyl)phenylalanine,143,Staphylococcus epidermis,1,1,1
276,3-(pyridin-3-yl)-5-(3-ethoxy-4-hydroxybenzylidene)-2-thioxothiazolidin-4-one,64,Enterococcus faecalis,1,5,1
276,3-(pyridin-3-yl)-5-(3-ethoxy-4-hydroxybenzylidene)-2-thioxothiazolidin-4-one,65,Enterococcus faecium,1,4,1
276,3-(pyridin-3-yl)-5-(3-ethoxy-4-hydroxybenzylidene)-2-thioxothiazolidin-4-one,66,Enterococcus gallinarum,1,1,1
276,3-(pyridin-3-yl)-5-(3-ethoxy-4-hydroxybenzylidene)-2-thioxothiazolidin-4-one,67,Escherichia coli,1,1,1
276,3-(pyridin-3-yl)-5-(3-ethoxy-4-hydroxybenzylidene)-2-thioxothiazolidin-4-one,121,Pseudomonas aeruginosa,1,1,1
276,3-(pyridin-3-yl)-5-(3-ethoxy-4-hydroxybenzylidene)-2-thioxothiazolidin-4-one,137,Staphylococcus aureus,1,19,1
276,3-(pyridin-3-yl)-5-(3-ethoxy-4-hydroxybenzylidene)-2-thioxothiazolidin-4-one,142,Staphylococcus epidermidis,1,10,1
277,"3-Amino-4-(2,4-difluorophenyl)-2-butanone",137,Staphylococcus aureus,1,1,1
277,"3-Amino-4-(2,4-difluorophenyl)-2-butanone",143,Staphylococcus epidermis,1,1,1
278,3-Bromophenylalanine,143,Staphylococcus epidermis,1,1,1
279,3-Carbamoylphenylalanine,137,Staphylococcus aureus,1,1,1
279,3-Carbamoylphenylalanine,143,Staphylococcus epidermis,1,1,1
280,3-Chloro-5-[(2-chloroethoxy)]-4-[(4-methylphenylsulfanyl)]-2(5H)-furanone,21,Bacillus subtilis,1,1,1
281,3-Chlorotyrosine,137,Staphylococcus aureus,1,1,1
281,3-Chlorotyrosine,143,Staphylococcus epidermis,1,1,1
282,3-Fluoro-DL-phenylalanine,137,Staphylococcus aureus,1,1,1
282,3-Fluoro-DL-phenylalanine,143,Staphylococcus epidermis,1,1,1
283,3-Hydroxyphenylalanine,137,Staphylococcus aureus,1,2,1
283,3-Hydroxyphenylalanine,143,Staphylococcus epidermis,1,1,1
284,3-Hydroxytyrosine,137,Staphylococcus aureus,1,1,1
285,3-Iodotyrosine,137,Staphylococcus aureus,1,1,1
285,3-Iodotyrosine,143,Staphylococcus epidermis,1,1,1
286,3-Methoxy-D-Phenylalanine,137,Staphylococcus aureus,1,1,1
286,3-Methoxy-D-Phenylalanine,143,Staphylococcus epidermis,1,1,1
287,3-Methoxychalcone,75,Haemophilus influenzae,1,3,1
288,3-Methyl-D-phenylalanine,137,Staphylococcus aureus,1,2,1
288,3-Methyl-D-phenylalanine,143,Staphylococcus epidermis,1,1,1
289,3-Nitro-D-tyrosine,137,Staphylococcus aureus,1,2,1
289,3-Nitro-D-tyrosine,143,Staphylococcus epidermis,1,1,1
290,3-Nitrophenylalanine,137,Staphylococcus aureus,1,2,1
290,3-Nitrophenylalanine,143,Staphylococcus epidermis,1,1,1
291,3-[(prop-2-ene-1-sulfinyl)sulfanyl]prop-1-ene,151,Streptococcus mutans,1,1,1
291,3-[(prop-2-ene-1-sulfinyl)sulfanyl]prop-1-ene,159,Streptococcus sanguis,1,1,1
292,3-bromo-5-methoxy-4-[(4-methylphenylsulfanyl)]-2(5H)-furanone,21,Bacillus subtilis,1,1,1
293,3-chloro-5-hydroxy-4-[(4-methylphenylsulfanyl)]-2(5H)-furanone,21,Bacillus subtilis,1,1,1
294,3-chloro-5-hydroxy-4-[(4-methylphenylsulfonyl)]-2(5H)-furanone,21,Bacillus subtilis,1,1,1
295,3-fluoroaniline,121,Pseudomonas aeruginosa,1,1,1
296,3-geranyl-1-(2-methylbutanoyl)phloroglucinol,137,Staphylococcus aureus,1,2,1
296,3-geranyl-1-(2-methylbutanoyl)phloroglucinol,142,Staphylococcus epidermidis,1,1,1
297,3-geranyl-1-(2-methylpropanoyl)phloroglucinol,137,Staphylococcus aureus,1,2,1
297,3-geranyl-1-(2-methylpropanoyl)phloroglucinol,142,Staphylococcus epidermidis,1,1,1
298,3-hexyl-4-bromo-5-methylene-2(5H)-furanone,129,Salmonella enterica,1,1,1
299,3-hexyl-5-bromomethylene-2(5H)-furanone,129,Salmonella enterica,1,1,1
300,3-hydroxychalcone,75,Haemophilus influenzae,1,3,1
301,3-indolylacetonitrile,121,Pseudomonas aeruginosa,1,1,1
302,3-oxo-C6-HSL,10,Aeromonas sobria,1,1,1
302,3-oxo-C6-HSL,131,Serratia liquefaciens,1,1,1
303,3-oxo-C8-HSL,76,Hafnia alvei,1,1,1
304,3-tetra- decanoyltetronic,137,Staphylococcus aureus,1,4,1
305,3-tetradecanoylthiotetronic,137,Staphylococcus aureus,1,4,1
306,"3-{2-[(1S,2R,4aR,8aR)-1,2,4a,5-tetramethyl-1,2,3,4,4a,7,8,8a-octahydronaphthalen-1-yl]ethyl}-5-methylidene-N-phenyl-2,5-dihydrofuran-2-amine",137,Staphylococcus aureus,1,1,1
306,"3-{2-[(1S,2R,4aR,8aR)-1,2,4a,5-tetramethyl-1,2,3,4,4a,7,8,8a-octahydronaphthalen-1-yl]ethyl}-5-methylidene-N-phenyl-2,5-dihydrofuran-2-amine",151,Streptococcus mutans,1,1,1
307,"3-{2-[(1S,2R,4aR,8aR)-1,2,4a,5-tetramethyl-1,2,3,4,4a,7,8,8a-octahydronaphthalen-1-yl]ethyl}-N-(2-fluorophenyl)-5-methylidene-2,5-dihydrofuran-2-amine",117,Proteus mirabilis,1,1,1
307,"3-{2-[(1S,2R,4aR,8aR)-1,2,4a,5-tetramethyl-1,2,3,4,4a,7,8,8a-octahydronaphthalen-1-yl]ethyl}-N-(2-fluorophenyl)-5-methylidene-2,5-dihydrofuran-2-amine",137,Staphylococcus aureus,1,1,1
307,"3-{2-[(1S,2R,4aR,8aR)-1,2,4a,5-tetramethyl-1,2,3,4,4a,7,8,8a-octahydronaphthalen-1-yl]ethyl}-N-(2-fluorophenyl)-5-methylidene-2,5-dihydrofuran-2-amine",151,Streptococcus mutans,1,1,1
308,"3-{2-[(1S,2R,4aR,8aR)-1,2,4a,5-tetramethyl-1,2,3,4,4a,7,8,8a-octahydronaphthalen-1-yl]ethyl}-N-(3-fluorophenyl)-5-methylidene-2,5-dihydrofuran-2-amine",117,Proteus mirabilis,1,1,1
308,"3-{2-[(1S,2R,4aR,8aR)-1,2,4a,5-tetramethyl-1,2,3,4,4a,7,8,8a-octahydronaphthalen-1-yl]ethyl}-N-(3-fluorophenyl)-5-methylidene-2,5-dihydrofuran-2-amine",137,Staphylococcus aureus,1,1,1
308,"3-{2-[(1S,2R,4aR,8aR)-1,2,4a,5-tetramethyl-1,2,3,4,4a,7,8,8a-octahydronaphthalen-1-yl]ethyl}-N-(3-fluorophenyl)-5-methylidene-2,5-dihydrofuran-2-amine",151,Streptococcus mutans,1,1,1
309,3beta-Hydroxyolean-12-en-28-al 3-p-coumarate,121,Pseudomonas aeruginosa,1,1,1
310,"4 alpha, 5 alpha-epoxy-10 alpha, 14H-1-epi-inuviscolide",34,Candida albicans,1,1,1
311,"4,5-dihydroxy-2,3-pentanedione",19,Bacillus cereus,1,1,1
311,"4,5-dihydroxy-2,3-pentanedione",34,Candida albicans,1,1,1
312,"4-(2-(5-(4,5-dibromo-1-methyl-1H-pyrrol-2-yl)-1,3,4-oxadiazol-2-yl)vinyl)-2-methoxyphenol",121,Pseudomonas aeruginosa,1,1,1
312,"4-(2-(5-(4,5-dibromo-1-methyl-1H-pyrrol-2-yl)-1,3,4-oxadiazol-2-yl)vinyl)-2-methoxyphenol",137,Staphylococcus aureus,1,2,1
312,"4-(2-(5-(4,5-dibromo-1-methyl-1H-pyrrol-2-yl)-1,3,4-oxadiazol-2-yl)vinyl)-2-methoxyphenol",148,Streptococcus epidermidis,1,1,1
313,4-(2-methybutyryl)-4H-tomentosin,34,Candida albicans,1,1,1
314,"4-(5-(4,5-dibromo-1-methyl-1H-pyrrol-2-yl)-1,3,4-oxadiazole-2-yl)aniline",121,Pseudomonas aeruginosa,1,1,1
314,"4-(5-(4,5-dibromo-1-methyl-1H-pyrrol-2-yl)-1,3,4-oxadiazole-2-yl)aniline",137,Staphylococcus aureus,1,2,1
314,"4-(5-(4,5-dibromo-1-methyl-1H-pyrrol-2-yl)-1,3,4-oxadiazole-2-yl)aniline",148,Streptococcus epidermidis,1,1,1
315,4-(Aminomethyl)-D-phenylalanine,137,Staphylococcus aureus,1,1,1
315,4-(Aminomethyl)-D-phenylalanine,143,Staphylococcus epidermis,1,1,1
316,4-(Trifluoromethyl)-D-phenylalanine,143,Staphylococcus epidermis,1,1,1
317,4-Acetamido-D-phenylalanine,137,Staphylococcus aureus,1,1,1
317,4-Acetamido-D-phenylalanine,143,Staphylococcus epidermis,1,1,1
318,4-Amino-D-phenylalanine,137,Staphylococcus aureus,1,1,1
318,4-Amino-D-phenylalanine,143,Staphylococcus epidermis,1,1,1
319,4-Benzoylphenylalanine,137,Staphylococcus aureus,1,1,1
319,4-Benzoylphenylalanine,143,Staphylococcus epidermis,1,1,1
320,4-Benzyl-sulfonyl-5-hydroxy-3-chloro-2(5H)-furanone,21,Bacillus subtilis,1,1,1
321,4-Br-PHL,121,Pseudomonas aeruginosa,1,1,1
322,4-Bromo-D-phenylalanine,137,Staphylococcus aureus,1,1,1
322,4-Bromo-D-phenylalanine,143,Staphylococcus epidermis,1,1,1
323,4-Chloro-2-fluoro-DL-phenylalanine,137,Staphylococcus aureus,1,1,1
323,4-Chloro-2-fluoro-DL-phenylalanine,143,Staphylococcus epidermis,1,1,1
324,4-Chlorochalcone,75,Haemophilus influenzae,1,3,1
325,4-Cyanophenylalanine,137,Staphylococcus aureus,1,1,1
325,4-Cyanophenylalanine,143,Staphylococcus epidermis,1,1,1
326,4-Ethylcatechol,67,Escherichia coli,1,1,1
327,4-Ethylguaiacol,67,Escherichia coli,1,1,1
328,"4-Fluoro-(S)-4,5-Dihydroxypentane-2,3-dione",171,Vibrio harveyi,1,1,1
329,4-Fluoro-2-methyl-D-phenylalanine,137,Staphylococcus aureus,1,1,1
329,4-Fluoro-2-methyl-D-phenylalanine,143,Staphylococcus epidermis,1,1,1
330,4-Fluoro-D-phenylalanine,137,Staphylococcus aureus,1,1,1
330,4-Fluoro-D-phenylalanine,143,Staphylococcus epidermis,1,1,1
331,4-Hydroxy benzoate,67,Escherichia coli,1,1,1
332,"4-Hydroxy-2,5-dimethyl-3(2H)-furanone",121,Pseudomonas aeruginosa,1,1,1
333,4-Hydroxychalcone,75,Haemophilus influenzae,1,3,1
334,4-Iodo-d-phenylalanine,137,Staphylococcus aureus,1,1,1
334,4-Iodo-d-phenylalanine,143,Staphylococcus epidermis,1,1,1
335,4-Methoxycarbonylphenylboronic acid,168,Vibrio anguillarum,1,1,1
335,4-Methoxycarbonylphenylboronic acid,169,Vibrio campbellii,1,1,1
335,4-Methoxycarbonylphenylboronic acid,170,Vibrio cholerae,1,1,1
335,4-Methoxycarbonylphenylboronic acid,173,Vibrio vulnificus,1,1,1
336,4-Methoxychalcone,75,Haemophilus influenzae,1,3,1
337,4-Methyl benzyl dodecyl beta-maltoside,121,Pseudomonas aeruginosa,1,1,1
338,4-Methylphenylalanine,137,Staphylococcus aureus,1,2,1
338,4-Methylphenylalanine,143,Staphylococcus epidermis,1,1,1
339,4-Nitro-D-phenylalanine,137,Staphylococcus aureus,1,1,1
339,4-Nitro-D-phenylalanine,143,Staphylococcus epidermis,1,1,1
340,"4-Phenyl-N-((2R,3R,4S,5S,6R)-2,4,5-trihydroxy-6-(hydroxymethyl)tetrahydro-2H-pyran-3-yl)butanamide",121,Pseudomonas aeruginosa,1,1,1
341,4-bromo-5-(bromomethylene)-3-(1-( 2-propynyloxy)butyl)-2(5H)-furanone,142,Staphylococcus epidermidis,1,1,1
342,4-bromo-5-(bromomethylene)-3-(1-(2-(2-(2-azidoethoxy)ethoxy)ethoxy)butyl)-2(5H)-furanone,142,Staphylococcus epidermidis,1,1,1
343,4-bromo-5-(bromomethylene)-3-(1-acetoxybutyl)-2(5H)-furanone,129,Salmonella enterica,1,1,1
344,4-bromo-5-(bromomethylene)-3-(1-bromobutyl)-2(5H)-furanone,142,Staphylococcus epidermidis,1,1,1
345,4-bromo-5-(bromomethylene)-3-butyl-2(5H)- furanone,21,Bacillus subtilis,1,1,1
345,4-bromo-5-(bromomethylene)-3-butyl-2(5H)- furanone,137,Staphylococcus aureus,1,2,1
345,4-bromo-5-(bromomethylene)-3-butyl-2(5H)- furanone,142,Staphylococcus epidermidis,1,4,1
346,4-bromo-5-(dibromomethylene)-3-(1-acetoxyoethyl)-2(5H)-furanone,129,Salmonella enterica,1,1,1
347,4-bromo-5-(dibromomethylene)-3-(1-bromoethyl)-2(5H)-furanone,129,Salmonella enterica,1,1,1
348,4-bromo-5-(dibromomethylene)-3-ethyl-2(5H)-furanone,129,Salmonella enterica,1,1,1
349,4-bromoaniline,121,Pseudomonas aeruginosa,1,1,1
350,4-chloro-7-(trifluoromethyl)quinoline,121,Pseudomonas aeruginosa,1,1,1
351,4-chloroaniline,121,Pseudomonas aeruginosa,1,1,1
352,4-chloroquinoline,132,Serratia marcescens,1,1,1
353,4-dimethyl-amino-cinnamaldehyde,168,Vibrio anguillarum,1,1,1
353,4-dimethyl-amino-cinnamaldehyde,173,Vibrio vulnificus,1,1,1
354,4-fluoroindole,121,Pseudomonas aeruginosa,1,1,1
355,4-hydroxy coumarin,67,Escherichia coli,1,1,1
356,4-methanesulfonylaniline,121,Pseudomonas aeruginosa,1,1,1
357,4-methoxy-cinnamaldehyde,168,Vibrio anguillarum,1,1,1
357,4-methoxy-cinnamaldehyde,173,Vibrio vulnificus,1,1,1
358,4-nitro-cinnamaldehyde,173,Vibrio vulnificus,1,1,1
359,4-nitropyridine N -oxide,28,Burkholderia cenocepacia,1,2,1
359,4-nitropyridine N -oxide,30,Burkholderia multivorans,1,2,1
360,4-tertiary butyl benzyl decyl beta-maltoside,121,Pseudomonas aeruginosa,1,1,1
361,4-tertiary butyl benzyl dodecyl beta-maltoside,121,Pseudomonas aeruginosa,1,1,1
362,4H-tomentosin,34,Candida albicans,1,1,1
363,5 alpha-Epoxyalantolactone,34,Candida albicans,1,1,1
364,"5,7,8,4-Tetramethoxyflavone",171,Vibrio harveyi,1,1,1
365,"5,8,11,14-Eicosatetraynoic acid",34,Candida albicans,1,12,1
366,5- hydroxyethyl-3-tetradecanoyltetramic acid,137,Staphylococcus aureus,1,4,1
367,"5-(4,5-dibromo-1-methyl-1H-pyrrol-2-yl)-1,3,4-oxadiazole-2-thiol",121,Pseudomonas aeruginosa,1,1,1
367,"5-(4,5-dibromo-1-methyl-1H-pyrrol-2-yl)-1,3,4-oxadiazole-2-thiol",137,Staphylococcus aureus,1,2,1
367,"5-(4,5-dibromo-1-methyl-1H-pyrrol-2-yl)-1,3,4-oxadiazole-2-thiol",148,Streptococcus epidermidis,1,1,1
368,5-(dibromomethylene)-3-(1-acetoxyethyl)-2(5H)-furanone,129,Salmonella enterica,1,1,1
369,5-(dibromomethylene)-3-(1-bromobutyl)-2(5H)-furanone,129,Salmonella enterica,1,1,1
370,5-(dibromomethylene)-3-(1-bromoethyl)-2(5H)-furanone,129,Salmonella enterica,1,1,1
371,5-(dibromomethylene)-3-butyl-2(5H)-furanone,129,Salmonella enterica,1,1,1
372,5-(dibromomethylene)-3-ethyl-2(5H)-furanone,129,Salmonella enterica,1,1,1
373,5-(dibromomethylene)-3-hexyl-2(5H)-furanone,129,Salmonella enterica,1,1,1
374,5-Bicyclic brominated furanones,121,Pseudomonas aeruginosa,1,1,1
375,"5-Bromo-1-(2-chloroacetyl)indoline-2,3-dione",121,Pseudomonas aeruginosa,1,1,1
376,5-Bromoindole,121,Pseudomonas aeruginosa,1,1,1
377,"5-Chloro-1-(2-chloroacetyl)indoline-2,3-dione",121,Pseudomonas aeruginosa,1,1,1
378,5-Chloroindole,121,Pseudomonas aeruginosa,1,1,1
379,5-Fluorocytosine,34,Candida albicans,1,1,1
380,5-Fluorouracil,121,Pseudomonas aeruginosa,1,43,1
381,5-Hydroxy-4-[(4-methylphenyl)sulfonyl]-3-chloro-2(5H)-furanone,21,Bacillus subtilis,1,1,1
382,5-bromomethylene-2 (5H)-furanone,10,Aeromonas sobria,1,1,1
382,5-bromomethylene-2 (5H)-furanone,131,Serratia liquefaciens,1,1,1
383,"5-decyl-1,3-thiazolidine-2,4-dione",34,Candida albicans,1,1,1
384,5-fluoroindole,121,Pseudomonas aeruginosa,1,1,1
385,5-fluorooxiindole,121,Pseudomonas aeruginosa,1,1,1
386,"5-octyl-1,3-thiazolidine-2,4-dione",34,Candida albicans,1,1,1
387,"6-(4-chlorophenyl)-1,3-dimethyl-5-[3-(4-methylphenyl)-1-phenyl-1H-pyrazol-4-yl]-1H,2H,3H,4H,5H,6H-pyrimido[4,5-d][1,3]diazine-2,4-dione",21,Bacillus subtilis,1,1,1
387,"6-(4-chlorophenyl)-1,3-dimethyl-5-[3-(4-methylphenyl)-1-phenyl-1H-pyrazol-4-yl]-1H,2H,3H,4H,5H,6H-pyrimido[4,5-d][1,3]diazine-2,4-dione",104,Micrococcus luteus,1,1,1
387,"6-(4-chlorophenyl)-1,3-dimethyl-5-[3-(4-methylphenyl)-1-phenyl-1H-pyrazol-4-yl]-1H,2H,3H,4H,5H,6H-pyrimido[4,5-d][1,3]diazine-2,4-dione",137,Staphylococcus aureus,1,2,1
388,6-Amino Penicillinic acid,95,Klebsiella pneumoniae,1,1,1
388,6-Amino Penicillinic acid,117,Proteus mirabilis,1,1,1
388,6-Amino Penicillinic acid,137,Staphylococcus aureus,1,1,1
388,6-Amino Penicillinic acid,151,Streptococcus mutans,1,1,1
389,6-Aminoflavone,67,Escherichia coli,1,1,1
390,6-Bicyclic brominated furanones,121,Pseudomonas aeruginosa,1,1,1
391,6-Chloroindole,121,Pseudomonas aeruginosa,1,1,1
392,6-Chlorooxindole,121,Pseudomonas aeruginosa,1,1,1
393,6-Gingerol,121,Pseudomonas aeruginosa,1,1,1
394,6-MO-LF11-215,121,Pseudomonas aeruginosa,1,1,1
395,6-MO-LF11-227,121,Pseudomonas aeruginosa,1,1,1
396,6-MO-LF11-322,121,Pseudomonas aeruginosa,1,1,1
397,6-fluoroindole,121,Pseudomonas aeruginosa,1,1,1
398,6-hydroxyflavone,67,Escherichia coli,1,1,1
399,7-Bicyclic brominated furanones,121,Pseudomonas aeruginosa,1,1,1
400,7-bromoindole,121,Pseudomonas aeruginosa,1,1,1
401,7-chloroindole,121,Pseudomonas aeruginosa,1,1,1
402,7-chloroquinolin-4-ol,132,Serratia marcescens,1,1,1
403,7-fluoroindole,121,Pseudomonas aeruginosa,1,1,1
404,"7-fluoroindoline-2,3-dione",121,Pseudomonas aeruginosa,1,1,1
405,7-formylindole,121,Pseudomonas aeruginosa,1,1,1
406,7-hydroxyindole,121,Pseudomonas aeruginosa,1,1,1
407,7-methoxyindole,121,Pseudomonas aeruginosa,1,1,1
408,7-methylindole,121,Pseudomonas aeruginosa,1,1,1
409,7-nitroindole,121,Pseudomonas aeruginosa,1,1,1
410,7P-AC,137,Staphylococcus aureus,1,2,1
410,7P-AC,142,Staphylococcus epidermidis,1,2,1
411,8-fluoroquinoline,121,Pseudomonas aeruginosa,1,1,1
412,"9-hydroxy-2-propyl-4H-pyrido[1,2-a]pyrimidin-4-one",115,Porphyromonas gingivalis,1,1,1
413,A-3,34,Candida albicans,1,1,1
414,AAP2,151,Streptococcus mutans,1,1,1
415,AFP1,41,Candida tropicalis,1,1,1
416,Abacavir,89,Human immunodeficiency virus 1,1,1,4
417,Aceroside VIII,121,Pseudomonas aeruginosa,1,1,1
418,Acetohydroxamic Acid,59,Enterobacter aerogenes,1,1,4
418,Acetohydroxamic Acid,117,Proteus mirabilis,1,1,1
419,Acetycholine,34,Candida albicans,1,1,1
420,Aciclovir,84,Human herpesvirus 1,1,1,6
420,Aciclovir,167,Varicella-zoster virus,1,1,5
421,Adamantane dodecyl beta-maltoside,121,Pseudomonas aeruginosa,1,1,1
422,Adefovir Dipivoxil,80,Hepatitis B virus D,1,1,4
423,Ajoene,121,Pseudomonas aeruginosa,1,2,1
424,Albendazole,133,Shewanella oneidensis,1,1,1
425,Alexidine dihydrochloride,34,Candida albicans,1,1,1
426,Allicin,34,Candida albicans,1,1,1
426,Allicin,117,Proteus mirabilis,1,3,1
426,Allicin,121,Pseudomonas aeruginosa,1,1,1
427,Aloe Vera Gel,6,Actinobacillus actinomycetemcomitans,1,1,1
427,Aloe Vera Gel,44,Clostridium bacilli,1,1,1
427,Aloe Vera Gel,136,Staphlococcus aureus,1,1,1
427,Aloe Vera Gel,151,Streptococcus mutans,1,1,1
428,Aloe-emodin,151,Streptococcus mutans,1,1,1
429,Amantadine,92,Influenza A virus,1,4,6
430,Amikacin,58,Enteric bacteria and other eubacteria,1,1,5
430,Amikacin,67,Escherichia coli,1,3,4
430,Amikacin,105,Morganella morganii,1,1,1
430,Amikacin,118,Proteus vulgaris,1,1,1
430,Amikacin,119,Providencia stuartii,1,2,1
431,Amikacin disulfate salt,67,Escherichia coli,1,5,1
432,Aminocyclopropane,121,Pseudomonas aeruginosa,1,1,1
433,Aminosalicylic Acid,109,Mycobacterium tuberculosis,1,1,2
434,Amlodipine,21,Bacillus subtilis,1,1,1
435,Amoxicillin,21,Bacillus subtilis,1,1,1
435,Amoxicillin,47,Clostridium perfringens,1,2,3
435,Amoxicillin,100,Listeria monocytogenes,1,4,1
436,Amphotericin B,34,Candida albicans,1,3,6
437,Ampicillin,21,Bacillus subtilis,1,1,1
437,Ampicillin,100,Listeria monocytogenes,1,4,1
437,Ampicillin,121,Pseudomonas aeruginosa,1,1,2
437,Ampicillin,137,Staphylococcus aureus,1,1,1
437,Ampicillin,154,Streptococcus pneumoniae,1,3,3
438,Amprenavir,89,Human immunodeficiency virus 1,1,1,4
439,Anidulafungin,16,Aspergillus niger,1,2,5
440,Aniline,121,Pseudomonas aeruginosa,1,1,1
441,Anthraflavic acid,151,Streptococcus mutans,1,1,1
442,Anthranilate,21,Bacillus subtilis,1,1,1
442,Anthranilate,121,Pseudomonas aeruginosa,1,1,1
442,Anthranilate,129,Salmonella enterica,1,1,1
442,Anthranilate,173,Vibrio vulnificus,1,1,1
443,Apigenin,67,Escherichia coli,1,2,2
443,Apigenin,171,Vibrio harveyi,1,1,1
444,Apramycin,58,Enteric bacteria and other eubacteria,1,1,2
445,Arbekacin,67,Escherichia coli,1,1,4
446,Asperdiol,121,Pseudomonas aeruginosa,1,1,1
446,Asperdiol,137,Staphylococcus aureus,1,1,1
446,Asperdiol,171,Vibrio harveyi,1,1,1
447,Asperdiol acetate,121,Pseudomonas aeruginosa,1,1,1
447,Asperdiol acetate,137,Staphylococcus aureus,1,1,1
447,Asperdiol acetate,171,Vibrio harveyi,1,1,1
448,Aspirin,34,Candida albicans,1,1,1
449,Atazanavir,88,Human immunodeficiency virus,1,1,6
449,Atazanavir,89,Human immunodeficiency virus 1,1,1,9
450,Atovaquone,114,Plasmodium falciparum,1,2,13
451,Auranofin,34,Candida albicans,1,1,1
452,Autoinducer-2,142,Staphylococcus epidermidis,1,1,1
453,Avermectin B1a,34,Candida albicans,1,1,1
454,Avibactam,61,Enterobacter cloacae,1,1,1
454,Avibactam,67,Escherichia coli,1,1,2
454,Avibactam,95,Klebsiella pneumoniae,1,1,1
454,Avibactam,121,Pseudomonas aeruginosa,1,1,1
455,Azidocillin,154,Streptococcus pneumoniae,1,3,1
456,Azithromycin,28,Burkholderia cenocepacia,1,2,1
456,Azithromycin,30,Burkholderia multivorans,1,2,1
456,Azithromycin,58,Enteric bacteria and other eubacteria,1,1,3
456,Azithromycin,67,Escherichia coli,1,1,5
456,Azithromycin,106,Mycobacterium avium,1,4,1
456,Azithromycin,121,Pseudomonas aeruginosa,1,6,3
456,Azithromycin,137,Staphylococcus aureus,1,3,2
457,Azlocillin,47,Clostridium perfringens,1,2,3
457,Azlocillin,100,Listeria monocytogenes,1,4,1
458,Aztreonam,21,Bacillus subtilis,1,1,5
458,Aztreonam,43,Citrobacter freundii,1,1,5
459,BMAP-18,31,Burkholderia pseudomallei,1,1,1
460,BMAP-27,121,Pseudomonas aeruginosa,1,2,1
460,BMAP-27,137,Staphylococcus aureus,1,1,1
460,BMAP-27,147,Stenotrophomonas maltophilia,1,2,1
461,BMAP-28,34,Candida albicans,1,3,1
461,BMAP-28,36,Candida glabrata,1,1,1
461,BMAP-28,38,Candida krusei,1,2,1
461,BMAP-28,64,Enterococcus faecalis,1,1,1
461,BMAP-28,121,Pseudomonas aeruginosa,1,2,1
461,BMAP-28,137,Staphylococcus aureus,1,4,3
461,BMAP-28,147,Stenotrophomonas maltophilia,1,2,1
462,BS-34,34,Candida albicans,1,1,1
463,Bac8C,98,Lactobacillus fermenti,1,1,1
463,Bac8C,151,Streptococcus mutans,1,1,1
464,Bacalin hydrate,28,Burkholderia cenocepacia,1,2,1
464,Bacalin hydrate,30,Burkholderia multivorans,1,2,1
465,Bacampicillin,47,Clostridium perfringens,1,2,2
466,Bacitracin,34,Candida albicans,1,1,1
467,Bactenecin,31,Burkholderia pseudomallei,1,1,1
468,Baicalein,28,Burkholderia cenocepacia,1,2,1
468,Baicalein,30,Burkholderia multivorans,1,2,1
468,Baicalein,121,Pseudomonas aeruginosa,1,1,2
468,Baicalein,137,Staphylococcus aureus,1,6,1
469,Baicalin,121,Pseudomonas aeruginosa,1,1,1
470,Bedaquiline,109,Mycobacterium tuberculosis,1,1,1
471,Benzalacetone,170,Vibrio cholerae,1,1,1
471,Benzalacetone,171,Vibrio harveyi,1,1,1
472,Benzathine Benzylpenicillin,100,Listeria monocytogenes,1,4,1
473,Benzathine benzylpenicillin,110,Neisseria gonorrhoeae,1,1,1
474,Benzbromarone,34,Candida albicans,1,1,1
475,"Benzenesul-fonamide,4-amino-N-methyl-N-[3-(3,4,7,8-tetrahydro-2,4-dioxo-2H-thiopyrano[4,3-d]pyrimidin-1(5H)-yl)propyl",2,Acinetobacter baumannii,1,1,1
475,"Benzenesul-fonamide,4-amino-N-methyl-N-[3-(3,4,7,8-tetrahydro-2,4-dioxo-2H-thiopyrano[4,3-d]pyrimidin-1(5H)-yl)propyl",121,Pseudomonas aeruginosa,1,1,1
476,Benzethonium chloride,34,Candida albicans,1,1,1
477,Benzocaine,121,Pseudomonas aeruginosa,1,1,1
478,Benzophenonyl decyl beta-maltoside,121,Pseudomonas aeruginosa,1,1,1
479,Benzoylperoxide,116,Propionibacterium acnes,1,3,1
480,Benzyl decyl beta-maltoside,121,Pseudomonas aeruginosa,1,1,1
481,Benzylpenicillin,67,Escherichia coli,1,1,1
481,Benzylpenicillin,137,Staphylococcus aureus,1,1,1
482,Bergamottin,67,Escherichia coli,1,1,1
483,Besifloxacin,75,Haemophilus influenzae,1,4,1
483,Besifloxacin,155,Streptococcus pneumoniae serotype 4,1,2,1
484,Betulin,5,Acinetobacter sp.,1,1,1
484,Betulin,17,Bacillus amyloliquefaciens,1,1,1
484,Betulin,77,Hafnia paralvei,1,1,1
484,Betulin,111,Obesumbacterium proteus,1,1,1
484,Betulin,121,Pseudomonas aeruginosa,1,1,1
484,Betulin,125,Pseudomonas libaniensis,1,1,1
484,Betulin,132,Serratia marcescens,1,1,1
485,Betulinic acid,67,Escherichia coli,1,1,1
486,Bevirimat,89,Human immunodeficiency virus 1,1,1,1
487,Bifonazole,34,Candida albicans,1,1,1
488,Biphenyl,137,Staphylococcus aureus,1,1,1
489,"Bis-O-acetyl-4,5-dihydroxy-2,3-pentanedione",19,Bacillus cereus,1,1,1
490,BisEDT-RIP,137,Staphylococcus aureus,1,1,1
490,BisEDT-RIP,142,Staphylococcus epidermidis,1,1,1
491,Bis[(4-methylphenyl)methyl] disulfide,121,Pseudomonas aeruginosa,1,1,1
492,Bismuth oxide nanoparticle,34,Candida albicans,1,1,1
493,Brecanavir,89,Human immunodeficiency virus 1,1,1,3
494,Bromohexylmaleic anhydride,129,Salmonella enterica,1,1,1
495,Bromophenyl AHL,121,Pseudomonas aeruginosa,1,1,1
496,"Butane-1,4-diamine",132,Serratia marcescens,1,1,1
497,Butanol,34,Candida albicans,1,1,1
498,Butein,75,Haemophilus influenzae,1,3,1
499,Butenafine hydrochloride,34,Candida albicans,1,1,1
500,Butoconazole,34,Candida albicans,1,1,1
501,Butoconazole nitrate,34,Candida albicans,1,1,1
502,Butyl gallate,64,Enterococcus faecalis,1,1,1
502,Butyl gallate,121,Pseudomonas aeruginosa,1,1,1
502,Butyl gallate,137,Staphylococcus aureus,1,1,1
502,Butyl gallate,142,Staphylococcus epidermidis,1,1,1
502,Butyl gallate,151,Streptococcus mutans,1,1,1
503,C12HSL,166,Trueperella pyogenes,1,1,1
504,C16-33,151,Streptococcus mutans,1,1,1
504,C16-33,158,Streptococcus sanguinis,1,1,1
505,C16G2,149,Streptococcus gordonii,1,1,1
505,C16G2,151,Streptococcus mutans,1,2,2
505,C16G2,158,Streptococcus sanguinis,1,1,1
506,C4-HSL,10,Aeromonas sobria,1,1,1
506,C4-HSL,76,Hafnia alvei,1,1,1
506,C4-HSL,131,Serratia liquefaciens,1,1,1
507,C6-HSL,10,Aeromonas sobria,1,1,1
507,C6-HSL,76,Hafnia alvei,1,1,1
507,C6-HSL,122,Pseudomonas chlororaphis,1,2,1
507,C6-HSL,131,Serratia liquefaciens,1,1,1
508,C8-HSL,166,Trueperella pyogenes,1,1,1
509,CAMA,137,Staphylococcus aureus,1,1,1
510,CGP-37157,34,Candida albicans,1,12,1
511,CRAMP,121,Pseudomonas aeruginosa,1,1,1
512,CSP,149,Streptococcus gordonii,1,1,1
512,CSP,151,Streptococcus mutans,1,1,1
512,CSP,158,Streptococcus sanguinis,1,1,1
513,CSP-C16,149,Streptococcus gordonii,1,1,1
513,CSP-C16,151,Streptococcus mutans,1,1,1
513,CSP-C16,158,Streptococcus sanguinis,1,1,1
514,CWR11,121,Pseudomonas aeruginosa,1,1,1
515,Cadmium Ion,121,Pseudomonas aeruginosa,1,1,1
516,Caffeic Acid,67,Escherichia coli,1,1,1
516,Caffeic Acid,121,Pseudomonas aeruginosa,1,1,1
516,Caffeic Acid,137,Staphylococcus aureus,1,1,1
517,Caffeine,121,Pseudomonas aeruginosa,1,1,1
518,Calanolide A,89,Human immunodeficiency virus 1,1,1,2
519,Calcium chloride,123,Pseudomonas fluorescens,1,1,1
520,Camphene,34,Candida albicans,1,1,1
521,Capreomycin,109,Mycobacterium tuberculosis,1,1,2
522,Carabrol,34,Candida albicans,1,1,1
523,Carabrone,34,Candida albicans,1,1,1
524,Carbonyl cyanide m-chlorophenylhydrazone,67,Escherichia coli,1,1,1
524,Carbonyl cyanide m-chlorophenylhydrazone,121,Pseudomonas aeruginosa,1,1,1
524,Carbonyl cyanide m-chlorophenylhydrazone,137,Staphylococcus aureus,1,1,1
525,Carboxymethyl chitosan,29,Burkholderia cepacia,1,1,1
525,Carboxymethyl chitosan,67,Escherichia coli,1,1,1
525,Carboxymethyl chitosan,97,Kocuria rhizophila,1,1,1
525,Carboxymethyl chitosan,121,Pseudomonas aeruginosa,1,1,1
525,Carboxymethyl chitosan,137,Staphylococcus aureus,1,1,1
525,Carboxymethyl chitosan,142,Staphylococcus epidermidis,1,1,1
526,Carminic acid,151,Streptococcus mutans,1,1,1
527,Carnitine hydrochloride,7,Actinomyces oris,1,1,1
527,Carnitine hydrochloride,151,Streptococcus mutans,1,1,1
527,Carnitine hydrochloride,159,Streptococcus sanguis,1,1,1
528,Carolacton,151,Streptococcus mutans,1,1,1
529,Carvacrol,42,Chromobacterium violaceum,1,1,1
529,Carvacrol,67,Escherichia coli,1,1,1
529,Carvacrol,121,Pseudomonas aeruginosa,1,1,1
529,Carvacrol,129,Salmonella enterica,1,1,1
529,Carvacrol,137,Staphylococcus aureus,1,1,1
529,Carvacrol,151,Streptococcus mutans,1,1,1
530,Caspofungin,34,Candida albicans,1,1,1
531,Catechin,28,Burkholderia cenocepacia,1,2,1
531,Catechin,30,Burkholderia multivorans,1,2,1
531,Catechin,57,Eikenella corrodens,1,1,1
531,Catechin,121,Pseudomonas aeruginosa,1,1,1
532,Catechin gallate,57,Eikenella corrodens,1,1,1
533,Cathelicidin,11,Aggregatibacter actinomycetemcomitans,1,6,1
533,Cathelicidin,121,Pseudomonas aeruginosa,1,1,1
533,Cathelicidin,142,Staphylococcus epidermidis,1,1,1
534,Cecropin (1-7)-melittin A (2-9) amide,137,Staphylococcus aureus,1,1,1
535,Cecropin B,121,Pseudomonas aeruginosa,1,1,1
536,Cefacetrile,67,Escherichia coli,1,1,2
537,Cefaclor,47,Clostridium perfringens,1,2,4
537,Cefaclor,100,Listeria monocytogenes,1,4,1
537,Cefaclor,154,Streptococcus pneumoniae,1,1,1
538,Cefadroxil,154,Streptococcus pneumoniae,1,3,2
539,Cefalonium,100,Listeria monocytogenes,1,4,1
539,Cefalonium,137,Staphylococcus aureus,1,1,1
540,Cefalotin,47,Clostridium perfringens,1,2,3
540,Cefalotin,67,Escherichia coli,1,1,5
540,Cefalotin,154,Streptococcus pneumoniae,1,3,1
540,Cefalotin,163,Streptomyces sp.,1,1,5
541,Cefamandole,24,Bacteroides fragilis,1,1,1
542,Cefapirin,47,Clostridium perfringens,1,2,3
543,Cefazolin,67,Escherichia coli,1,1,2
543,Cefazolin,137,Staphylococcus aureus,1,1,1
544,Cefditoren,47,Clostridium perfringens,1,2,3
544,Cefditoren,154,Streptococcus pneumoniae,1,2,1
545,Cefepime,40,Candida spp.,1,1,1
545,Cefepime,67,Escherichia coli,1,1,1
545,Cefepime,121,Pseudomonas aeruginosa,1,1,1
546,Cefixime,21,Bacillus subtilis,1,1,1
546,Cefixime,75,Haemophilus influenzae,1,4,2
546,Cefixime,95,Klebsiella pneumoniae,1,1,1
546,Cefixime,100,Listeria monocytogenes,1,4,1
546,Cefixime,117,Proteus mirabilis,1,1,1
546,Cefixime,137,Staphylococcus aureus,1,1,1
546,Cefixime,151,Streptococcus mutans,1,1,1
547,Cefmenoxime,47,Clostridium perfringens,1,2,3
547,Cefmenoxime,67,Escherichia coli,1,1,1
548,Cefmetazole,67,Escherichia coli,1,1,1
548,Cefmetazole,100,Listeria monocytogenes,1,4,1
548,Cefmetazole,137,Staphylococcus aureus,1,1,1
549,Cefonicid,67,Escherichia coli,1,1,1
550,Cefoperazone,67,Escherichia coli,1,1,1
550,Cefoperazone,121,Pseudomonas aeruginosa,1,6,1
551,Ceforanide,24,Bacteroides fragilis,1,1,2
552,Cefotaxime,2,Acinetobacter baumannii,1,1,1
552,Cefotaxime,21,Bacillus subtilis,1,1,5
552,Cefotaxime,100,Listeria monocytogenes,1,4,1
552,Cefotaxime,154,Streptococcus pneumoniae,1,2,1
553,Cefotetan,154,Streptococcus pneumoniae,1,1,1
554,Cefotiam,47,Clostridium perfringens,1,2,3
554,Cefotiam,100,Listeria monocytogenes,1,4,1
555,Cefoxitin,67,Escherichia coli,1,1,1
555,Cefoxitin,100,Listeria monocytogenes,1,4,1
555,Cefoxitin,137,Staphylococcus aureus,1,1,1
555,Cefoxitin,154,Streptococcus pneumoniae,1,3,1
556,Cefpiramide,67,Escherichia coli,1,1,3
556,Cefpiramide,121,Pseudomonas aeruginosa,1,6,3
556,Cefpiramide,137,Staphylococcus aureus,1,1,3
557,Cefpodoxime,67,Escherichia coli,1,1,1
558,Cefprozil,155,Streptococcus pneumoniae serotype 4,1,2,1
559,Ceftazidime,31,Burkholderia pseudomallei,1,1,1
559,Ceftazidime,67,Escherichia coli,1,4,3
559,Ceftazidime,105,Morganella morganii,1,2,1
559,Ceftazidime,118,Proteus vulgaris,1,2,1
559,Ceftazidime,119,Providencia stuartii,1,2,1
559,Ceftazidime,121,Pseudomonas aeruginosa,1,7,3
559,Ceftazidime,147,Stenotrophomonas maltophilia,1,1,1
559,Ceftazidime,154,Streptococcus pneumoniae,1,3,1
560,Ceftazidime hydrate,28,Burkholderia cenocepacia,1,2,1
560,Ceftazidime hydrate,30,Burkholderia multivorans,1,2,1
561,Ceftizoxime,67,Escherichia coli,1,1,1
561,Ceftizoxime,137,Staphylococcus aureus,1,1,1
562,Ceftobiprole,67,Escherichia coli,1,1,1
562,Ceftobiprole,137,Staphylococcus aureus,1,1,1
562,Ceftobiprole,155,Streptococcus pneumoniae serotype 4,1,2,1
563,Ceftriaxone,154,Streptococcus pneumoniae,1,2,1
564,Cefuroxime,47,Clostridium perfringens,1,2,3
564,Cefuroxime,100,Listeria monocytogenes,1,4,1
565,Cephalexin,21,Bacillus subtilis,1,1,1
565,Cephalexin,154,Streptococcus pneumoniae,1,3,2
566,Cephaloglycin,20,Bacillus licheniformis,1,2,1
567,Cerulenin,67,Escherichia coli,1,1,10
568,Ch Dhvar5 ads,137,Staphylococcus aureus,1,1,1
569,Ch_GG_Nt-Dhvar5,137,Staphylococcus aureus,1,1,1
570,Chelerythrine,137,Staphylococcus aureus,1,1,1
570,Chelerythrine,142,Staphylococcus epidermidis,1,1,1
571,Chitosan,15,Aspergillus fumigatus,1,1,1
571,Chitosan,67,Escherichia coli,1,1,1
571,Chitosan,137,Staphylococcus aureus,1,1,1
572,Chloramphenicol,21,Bacillus subtilis,1,1,1
572,Chloramphenicol,33,Campylobacter jejuni,1,2,1
572,Chloramphenicol,67,Escherichia coli,1,2,5
573,Chlorhexidine,34,Candida albicans,1,1,1
573,Chlorhexidine,151,Streptococcus mutans,1,3,3
574,Chlorhexidine acetate,137,Staphylococcus aureus,1,1,1
574,Chlorhexidine acetate,151,Streptococcus mutans,1,1,1
575,Chloroxine,34,Candida albicans,1,1,1
576,Chlorpromazine,67,Escherichia coli,1,1,1
576,Chlorpromazine,121,Pseudomonas aeruginosa,1,1,1
576,Chlorpromazine,137,Staphylococcus aureus,1,1,1
577,Chromate,121,Pseudomonas aeruginosa,1,1,1
578,Chrysin,67,Escherichia coli,1,1,1
579,Chrysophanol,121,Pseudomonas aeruginosa,1,1,1
579,Chrysophanol,147,Stenotrophomonas maltophilia,1,1,1
579,Chrysophanol,151,Streptococcus mutans,1,1,1
580,Chrysophsin-1,151,Streptococcus mutans,1,1,1
581,Ciclopirox ethanolamine,34,Candida albicans,1,1,1
582,Cidofovir,87,Human herpesvirus 5,1,1,6
583,Cinnamaldehyde,28,Burkholderia cenocepacia,1,2,1
583,Cinnamaldehyde,30,Burkholderia multivorans,1,2,1
583,Cinnamaldehyde,168,Vibrio anguillarum,1,1,1
583,Cinnamaldehyde,170,Vibrio cholerae,1,1,1
583,Cinnamaldehyde,171,Vibrio harveyi,1,1,1
583,Cinnamaldehyde,173,Vibrio vulnificus,1,1,1
584,Cinnamic Acid,34,Candida albicans,1,1,1
585,Cinnamic acid,121,Pseudomonas aeruginosa,1,1,1
586,Cinnamon oil,121,Pseudomonas aeruginosa,1,1,1
587,Cinoxacin,75,Haemophilus influenzae,1,4,4
588,Ciprofloxacin,21,Bacillus subtilis,1,1,2
588,Ciprofloxacin,67,Escherichia coli,1,4,3
588,Ciprofloxacin,75,Haemophilus influenzae,1,4,8
588,Ciprofloxacin,105,Morganella morganii,1,1,1
588,Ciprofloxacin,109,Mycobacterium tuberculosis,1,1,1
588,Ciprofloxacin,118,Proteus vulgaris,1,2,1
588,Ciprofloxacin,119,Providencia stuartii,1,1,1
588,Ciprofloxacin,121,Pseudomonas aeruginosa,1,3,4
588,Ciprofloxacin,137,Staphylococcus aureus,1,3,4
588,Ciprofloxacin,147,Stenotrophomonas maltophilia,1,1,1
589,Ciprofloxacin lactate,67,Escherichia coli,1,5,1
590,Citral,50,Cronobacter sakazakii,1,1,1
591,Citropin 1.1,137,Staphylococcus aureus,1,1,1
592,Clarithromycin,106,Mycobacterium avium,1,4,1
592,Clarithromycin,134,Shigella flexneri,1,1,5
593,Clary sage,19,Bacillus cereus,1,1,1
593,Clary sage,67,Escherichia coli,1,1,1
593,Clary sage,113,Pichia anomala,1,1,1
594,Clary sage oil,137,Staphylococcus aureus,1,1,1
595,Clavulanate,137,Staphylococcus aureus,1,1,6
596,Clindamycin,58,Enteric bacteria and other eubacteria,1,1,1
596,Clindamycin,116,Propionibacterium acnes,1,3,1
596,Clindamycin,134,Shigella flexneri,1,1,3
597,Clioquinol,34,Candida albicans,1,1,1
598,Clofazimine,74,Geobacillus kaustophilus,1,1,3
599,Clomocycline,58,Enteric bacteria and other eubacteria,1,1,3
599,Clomocycline,67,Escherichia coli,1,1,2
600,Clotrimazole,34,Candida albicans,1,1,1
600,Clotrimazole,151,Streptococcus mutans,1,1,1
601,Clove oil,67,Escherichia coli,1,2,1
601,Clove oil,121,Pseudomonas aeruginosa,1,11,1
601,Clove oil,151,Streptococcus mutans,1,1,1
602,Cloxacillin,47,Clostridium perfringens,1,2,3
602,Cloxacillin,67,Escherichia coli,1,2,6
602,Cloxacillin,68,Escherichia coli O6:H1 (strain CFT073 / ATCC 700928 / UPEC),1,2,1
602,Cloxacillin,100,Listeria monocytogenes,1,4,1
602,Cloxacillin,121,Pseudomonas aeruginosa,1,1,1
602,Cloxacillin,154,Streptococcus pneumoniae,1,2,1
602,Cloxacillin,155,Streptococcus pneumoniae serotype 4,1,2,1
603,Clozapine,34,Candida albicans,1,1,1
604,Cobalt Ion,121,Pseudomonas aeruginosa,1,1,1
605,Coladonin,67,Escherichia coli,1,1,1
606,Colistin,109,Mycobacterium tuberculosis,1,1,1
607,Colistin sodium methanesulfonate,67,Escherichia coli,1,5,1
608,Colostrum Hexasaccharide,137,Staphylococcus aureus,1,1,1
609,Competence Stimulating Peptide,34,Candida albicans,1,1,1
609,Competence Stimulating Peptide,161,Streptomyces gordonii,1,1,1
610,Copper sulfate,29,Burkholderia cepacia,1,1,1
610,Copper sulfate,67,Escherichia coli,1,1,1
610,Copper sulfate,97,Kocuria rhizophila,1,1,1
610,Copper sulfate,121,Pseudomonas aeruginosa,1,1,1
610,Copper sulfate,137,Staphylococcus aureus,1,1,1
610,Copper sulfate,142,Staphylococcus epidermidis,1,1,1
611,Coprinuslactone,121,Pseudomonas aeruginosa,1,1,1
612,Coumarin,55,Edwardsiella tarda,1,1,1
612,Coumarin,67,Escherichia coli,1,2,2
612,Coumarin,121,Pseudomonas aeruginosa,1,1,1
612,Coumarin,137,Staphylococcus aureus,1,1,1
612,Coumarin,168,Vibrio anguillarum,1,1,1
613,Coumarin-3-carboxylic acid,67,Escherichia coli,1,1,1
614,Crocin,121,Pseudomonas aeruginosa,1,1,1
615,Curcumin,9,Aeromonas hydrophila,1,2,1
615,Curcumin,28,Burkholderia cenocepacia,1,2,1
615,Curcumin,30,Burkholderia multivorans,1,2,1
615,Curcumin,34,Candida albicans,1,1,1
615,Curcumin,43,Citrobacter freundii,1,1,1
615,Curcumin,60,Enterobacter cancerogenus,1,1,1
615,Curcumin,62,Enterobacter ludwigi,1,1,1
615,Curcumin,67,Escherichia coli,1,2,2
615,Curcumin,96,Klebsiella variicola,1,1,1
615,Curcumin,117,Proteus mirabilis,1,1,1
615,Curcumin,121,Pseudomonas aeruginosa,1,2,4
615,Curcumin,124,Pseudomonas japonica,1,1,1
615,Curcumin,127,Raoultella ornithinolytica,1,1,1
615,Curcumin,132,Serratia marcescens,1,2,2
615,Curcumin,151,Streptococcus mutans,1,1,1
615,Curcumin,171,Vibrio harveyi,1,1,1
615,Curcumin,172,Vibrio parahaemolyticus,1,1,1
615,Curcumin,173,Vibrio vulnificus,1,1,1
616,Cyanidin,95,Klebsiella pneumoniae,1,1,1
616,Cyanidin,121,Pseudomonas aeruginosa,1,1,1
617,Cyclacillin,47,Clostridium perfringens,1,2,2
617,Cyclacillin,137,Staphylococcus aureus,1,1,1
617,Cyclacillin,154,Streptococcus pneumoniae,1,3,1
618,Cyclobutanamine,121,Pseudomonas aeruginosa,1,1,1
619,Cycloserine,67,Escherichia coli,1,1,6
619,Cycloserine,106,Mycobacterium avium,1,1,5
620,Cynarin,121,Pseudomonas aeruginosa,1,1,1
621,"D, L- K6L9",121,Pseudomonas aeruginosa,1,1,1
622,D-2-Methylphenylalanine,143,Staphylococcus epidermis,1,1,1
623,D-2-aminoadipic acid,137,Staphylococcus aureus,1,1,1
623,D-2-aminoadipic acid,143,Staphylococcus epidermis,1,1,1
624,D-Alanine,143,Staphylococcus epidermis,1,1,1
625,D-Asparagine,137,Staphylococcus aureus,1,1,1
625,D-Asparagine,143,Staphylococcus epidermis,1,1,1
626,D-Aspartate,137,Staphylococcus aureus,1,1,1
627,D-Aspartic acid,137,Staphylococcus aureus,1,1,1
627,D-Aspartic acid,143,Staphylococcus epidermis,1,1,1
628,D-Citrulline,137,Staphylococcus aureus,1,1,1
628,D-Citrulline,143,Staphylococcus epidermis,1,1,1
629,D-Cystine,137,Staphylococcus aureus,1,2,1
629,D-Cystine,143,Staphylococcus epidermis,1,1,1
630,D-Histidine,137,Staphylococcus aureus,1,1,1
630,D-Histidine,143,Staphylococcus epidermis,1,1,1
631,D-LL-37,32,Burkholderia thailandensis,1,1,1
631,D-LL-37,137,Staphylococcus aureus,1,1,1
632,D-Leucine,143,Staphylococcus epidermis,1,1,1
633,D-Methionine,143,Staphylococcus epidermis,1,1,1
634,D-Phenylalanine,120,Pseudoalteromonas sp.,1,1,1
634,D-Phenylalanine,143,Staphylococcus epidermis,1,1,1
635,D-Proline,143,Staphylococcus epidermis,1,1,1
636,D-Tryptophan,137,Staphylococcus aureus,1,1,1
636,D-Tryptophan,143,Staphylococcus epidermis,1,1,1
637,D-Tyrosine,137,Staphylococcus aureus,1,3,1
637,D-Tyrosine,143,Staphylococcus epidermis,1,2,2
638,D-galactose cluster,121,Pseudomonas aeruginosa,1,1,1
639,D-glutamine,137,Staphylococcus aureus,1,1,1
639,D-glutamine,143,Staphylococcus epidermis,1,1,1
640,D-tert-Leucine,137,Staphylococcus aureus,1,1,1
640,D-tert-Leucine,143,Staphylococcus epidermis,1,1,1
641,D/L-Aspartate,137,Staphylococcus aureus,1,1,1
642,DASamP1,137,Staphylococcus aureus,1,1,1
643,DD13,137,Staphylococcus aureus,1,1,1
644,DJK5,2,Acinetobacter baumannii,1,1,1
644,DJK5,67,Escherichia coli,1,1,1
644,DJK5,95,Klebsiella pneumoniae,1,1,1
644,DJK5,121,Pseudomonas aeruginosa,1,1,1
644,DJK5,129,Salmonella enterica,1,1,1
645,DJK6,2,Acinetobacter baumannii,1,1,1
645,DJK6,67,Escherichia coli,1,1,1
645,DJK6,95,Klebsiella pneumoniae,1,1,1
645,DJK6,121,Pseudomonas aeruginosa,1,1,1
645,DJK6,129,Salmonella enterica,1,1,1
646,Daclatasvir,82,Hepatitis C Virus,1,1,1
647,Daidzein,67,Escherichia coli,1,1,1
648,Dalbavancin,137,Staphylococcus aureus,1,1,1
648,Dalbavancin,142,Staphylococcus epidermidis,1,1,1
649,Dalfopristin,65,Enterococcus faecium,1,1,1
650,Danthron,151,Streptococcus mutans,1,1,1
651,Dapsone,107,Mycobacterium leprae,1,1,5
652,Daptomycin,137,Staphylococcus aureus,1,3,3
653,Darunavir,88,Human immunodeficiency virus,1,1,6
654,Decanediol,116,Propionibacterium acnes,1,1,1
655,Decyl beta-maltoside,121,Pseudomonas aeruginosa,1,1,1
656,Delavirdine,89,Human immunodeficiency virus 1,1,1,3
657,Delphinidin,121,Pseudomonas aeruginosa,1,1,1
658,Demeclocycline,67,Escherichia coli,1,1,2
659,Dephnetin,67,Escherichia coli,1,1,1
660,Desipramine,13,Aquifex aeolicus,1,1,1
661,Dezocine,75,Haemophilus influenzae,1,4,10
662,Di-MB-LF11-215,121,Pseudomonas aeruginosa,1,1,1
663,Di-MB-LF11-322,121,Pseudomonas aeruginosa,1,1,1
664,DiHydroxyBenzoFuran,137,Staphylococcus aureus,1,1,1
664,DiHydroxyBenzoFuran,142,Staphylococcus epidermidis,1,1,1
665,Diazepam,34,Candida albicans,1,2,1
666,Dibenzyl disulphide,7,Actinomyces oris,1,1,1
666,Dibenzyl disulphide,121,Pseudomonas aeruginosa,1,1,1
666,Dibenzyl disulphide,151,Streptococcus mutans,1,1,1
666,Dibenzyl disulphide,159,Streptococcus sanguis,1,1,1
667,Dibenzyl sulphide,7,Actinomyces oris,1,1,1
667,Dibenzyl sulphide,151,Streptococcus mutans,1,1,1
667,Dibenzyl sulphide,159,Streptococcus sanguis,1,1,1
668,Dichloromethane,137,Staphylococcus aureus,1,1,1
669,Dicinnamyl,137,Staphylococcus aureus,1,1,1
670,Diclofenac sodium,121,Pseudomonas aeruginosa,1,1,1
671,Dicloxacillin,100,Listeria monocytogenes,1,4,1
671,Dicloxacillin,101,Listeria monocytogenes serotype 4a,1,1,1
671,Dicloxacillin,154,Streptococcus pneumoniae,1,3,1
672,Dicyclohexylamine,31,Burkholderia pseudomallei,1,1,1
673,Didanosine,89,Human immunodeficiency virus 1,1,1,4
674,"Dihydroxybenzoic Acid (2,3-DHBA)",57,Eikenella corrodens,1,1,1
675,"Dihydroxybenzoic Acid (2,4-DHBA)",57,Eikenella corrodens,1,1,1
676,"Dihydroxybenzoic Acid (3,4-DHBA)",57,Eikenella corrodens,1,1,1
677,Dimethyl Sulfoxide,121,Pseudomonas aeruginosa,1,2,1
678,Diphenyl diselenide,34,Candida albicans,1,1,1
679,Diphenyl disulphide,7,Actinomyces oris,1,1,1
679,Diphenyl disulphide,121,Pseudomonas aeruginosa,1,1,1
679,Diphenyl disulphide,151,Streptococcus mutans,1,1,1
679,Diphenyl disulphide,159,Streptococcus sanguis,1,1,1
680,Diphenyl methane,137,Staphylococcus aureus,1,1,1
681,Dirithromycin,58,Enteric bacteria and other eubacteria,1,1,5
682,DispersinB-KSL-W wound gel,2,Acinetobacter baumannii,1,1,1
682,DispersinB-KSL-W wound gel,48,Coagulase- negative staphylococci,1,1,1
682,DispersinB-KSL-W wound gel,95,Klebsiella pneumoniae,1,1,1
682,DispersinB-KSL-W wound gel,137,Staphylococcus aureus,1,1,1
682,DispersinB-KSL-W wound gel,142,Staphylococcus epidermidis,1,1,1
683,Diterpene phytol,121,Pseudomonas aeruginosa,1,1,1
684,Djenkolic acid,7,Actinomyces oris,1,1,1
684,Djenkolic acid,151,Streptococcus mutans,1,1,1
684,Djenkolic acid,159,Streptococcus sanguis,1,1,1
685,Dodecyl beta-maltoside,121,Pseudomonas aeruginosa,1,1,1
686,Dolutegravir,89,Human immunodeficiency virus 1,1,1,6
687,Doripenem,67,Escherichia coli,1,1,1
687,Doripenem,121,Pseudomonas aeruginosa,1,2,2
687,Doripenem,137,Staphylococcus aureus,1,1,1
688,Doxycycline,58,Enteric bacteria and other eubacteria,1,1,3
688,Doxycycline,67,Escherichia coli,1,1,1
688,Doxycycline,121,Pseudomonas aeruginosa,1,2,1
689,Econazole,151,Streptococcus mutans,1,1,1
690,Econazole nitrate,34,Candida albicans,1,1,1
691,Efavirenz,89,Human immunodeficiency virus 1,1,1,4
692,Elemental silver,137,Staphylococcus aureus,1,1,1
693,Ellagic Acid,67,Escherichia coli,1,1,1
693,Ellagic Acid,137,Staphylococcus aureus,1,1,1
694,Elliptophenone A,137,Staphylococcus aureus,1,2,1
694,Elliptophenone A,142,Staphylococcus epidermidis,1,1,1
695,Emodin,121,Pseudomonas aeruginosa,1,1,1
695,Emodin,147,Stenotrophomonas maltophilia,1,1,1
695,Emodin,151,Streptococcus mutans,1,1,1
696,Emtricitabine,89,Human immunodeficiency virus 1,1,1,10
697,Enalapril,21,Bacillus subtilis,1,1,1
698,Enfuvirtide,89,Human immunodeficiency virus 1,1,1,5
699,Enoxacin,75,Haemophilus influenzae,1,4,8
700,Ephedrine,121,Pseudomonas aeruginosa,1,1,1
701,Epicatechin,57,Eikenella corrodens,1,1,1
702,Epicatechin gallate,57,Eikenella corrodens,1,1,1
703,Epicatechin-3-gallate,34,Candida albicans,1,1,1
704,Epigallocatechin,34,Candida albicans,1,1,1
704,Epigallocatechin,57,Eikenella corrodens,1,1,1
705,Epigallocatechin Gallate,9,Aeromonas hydrophila,1,2,1
705,Epigallocatechin Gallate,28,Burkholderia cenocepacia,1,2,1
705,Epigallocatechin Gallate,30,Burkholderia multivorans,1,2,1
705,Epigallocatechin Gallate,34,Candida albicans,1,1,1
705,Epigallocatechin Gallate,43,Citrobacter freundii,1,1,1
705,Epigallocatechin Gallate,57,Eikenella corrodens,1,2,1
705,Epigallocatechin Gallate,60,Enterobacter cancerogenus,1,1,1
705,Epigallocatechin Gallate,62,Enterobacter ludwigi,1,1,1
705,Epigallocatechin Gallate,96,Klebsiella variicola,1,1,1
705,Epigallocatechin Gallate,124,Pseudomonas japonica,1,1,1
705,Epigallocatechin Gallate,127,Raoultella ornithinolytica,1,1,1
705,Epigallocatechin Gallate,132,Serratia marcescens,1,1,1
705,Epigallocatechin Gallate,137,Staphylococcus aureus,1,7,1
705,Epigallocatechin Gallate,142,Staphylococcus epidermidis,1,15,1
705,Epigallocatechin Gallate,151,Streptococcus mutans,1,1,1
705,Epigallocatechin Gallate,154,Streptococcus pneumoniae,1,1,1
706,Ertapenem,67,Escherichia coli,1,1,1
706,Ertapenem,75,Haemophilus influenzae,1,4,4
707,Erythritol,151,Streptococcus mutans,1,1,1
708,Erythromycin,58,Enteric bacteria and other eubacteria,1,1,5
708,Erythromycin,67,Escherichia coli,1,1,7
708,Erythromycin,116,Propionibacterium acnes,1,3,1
709,Esculentin,121,Pseudomonas aeruginosa,1,1,1
710,Esculetin,28,Burkholderia cenocepacia,1,2,1
710,Esculetin,30,Burkholderia multivorans,1,2,1
710,Esculetin,67,Escherichia coli,1,1,1
710,Esculetin,121,Pseudomonas aeruginosa,1,1,1
711,Esculin,121,Pseudomonas aeruginosa,1,1,1
712,Esculin hydrate,28,Burkholderia cenocepacia,1,2,1
712,Esculin hydrate,30,Burkholderia multivorans,1,2,1
713,Esomeprazole,21,Bacillus subtilis,1,1,1
714,Ethambutol,109,Mycobacterium tuberculosis,1,1,10
715,"Ethane-1,2-diamine",132,Serratia marcescens,1,1,1
716,Ethyl acetate,137,Staphylococcus aureus,1,1,1
717,Ethyl gallate,64,Enterococcus faecalis,1,1,1
717,Ethyl gallate,121,Pseudomonas aeruginosa,1,1,1
717,Ethyl gallate,137,Staphylococcus aureus,1,1,1
717,Ethyl gallate,142,Staphylococcus epidermidis,1,1,1
717,Ethyl gallate,151,Streptococcus mutans,1,1,1
718,Ethylene glycol tetraacetic acid,137,Staphylococcus aureus,1,7,1
719,Ethylenediametetraacetic acid,21,Bacillus subtilis,1,1,1
719,Ethylenediametetraacetic acid,78,Halomonas pacifica,1,1,1
719,Ethylenediametetraacetic acid,100,Listeria monocytogenes,1,8,1
720,Eucarobustol E,34,Candida albicans,1,1,1
721,Eugenol,67,Escherichia coli,1,3,1
721,Eugenol,121,Pseudomonas aeruginosa,1,1,1
721,Eugenol,137,Staphylococcus aureus,1,13,1
722,Evodiamine,33,Campylobacter jejuni,1,1,1
723,"F2,5,12W",142,Staphylococcus epidermidis,1,2,1
724,FK506,34,Candida albicans,1,1,1
725,FS8,137,Staphylococcus aureus,1,1,1
726,FV7,67,Escherichia coli,1,1,1
726,FV7,121,Pseudomonas aeruginosa,1,1,1
727,Farnesol,28,Burkholderia cenocepacia,1,2,1
727,Farnesol,30,Burkholderia multivorans,1,2,1
727,Farnesol,34,Candida albicans,1,6,4
727,Farnesol,35,Candida dubliniensis,1,1,1
727,Farnesol,39,Candida parapsilosis,1,2,2
727,Farnesol,41,Candida tropicalis,1,1,1
727,Farnesol,137,Staphylococcus aureus,1,1,1
727,Farnesol,142,Staphylococcus epidermidis,1,4,1
728,Fenclonine,137,Staphylococcus aureus,1,1,1
728,Fenclonine,143,Staphylococcus epidermis,1,1,1
729,Ferric chloride,95,Klebsiella pneumoniae,1,1,1
730,Ferrous,121,Pseudomonas aeruginosa,1,1,1
731,Ferulic Acid,67,Escherichia coli,1,1,1
731,Ferulic Acid,121,Pseudomonas aeruginosa,1,1,1
731,Ferulic Acid,137,Staphylococcus aureus,1,1,1
732,Flavone,67,Escherichia coli,1,1,1
733,Flavonoids 3,171,Vibrio harveyi,1,1,1
734,Flavonoids 7,171,Vibrio harveyi,1,1,1
735,Fleroxacin,75,Haemophilus influenzae,1,4,6
736,Floxacillin,47,Clostridium perfringens,1,2,3
737,Flucloxacillin,47,Clostridium perfringens,1,2,5
738,Fluconazole,34,Candida albicans,1,20,7
739,Fluperlapine,34,Candida albicans,1,1,1
740,Fluspiriline,34,Candida albicans,1,1,1
741,Fosamprenavir,89,Human immunodeficiency virus 1,1,1,6
742,Fosaphenytoin,34,Candida albicans,1,2,1
743,Fosfomycin,67,Escherichia coli,1,1,7
744,Framycetin,58,Enteric bacteria and other eubacteria,1,1,3
744,Framycetin,67,Escherichia coli,1,1,3
745,Fraxin,121,Pseudomonas aeruginosa,1,1,1
745,Fraxin,147,Stenotrophomonas maltophilia,1,1,1
746,Furanone,121,Pseudomonas aeruginosa,1,1,1
747,Furanone 56,121,Pseudomonas aeruginosa,1,1,1
747,Furanone 56,129,Salmonella enterica,1,1,1
747,Furanone 56,142,Staphylococcus epidermidis,1,1,1
748,Furanone C-30,121,Pseudomonas aeruginosa,1,16,1
748,Furanone C-30,151,Streptococcus mutans,1,2,1
749,Furanone F202,67,Escherichia coli,1,3,1
750,Furanone-2,129,Salmonella enterica,1,1,1
751,Furanone-3,129,Salmonella enterica,1,1,1
752,Furanone-5,129,Salmonella enterica,1,1,1
753,Furanone-6,129,Salmonella enterica,1,1,1
754,Furanone-8,129,Salmonella enterica,1,1,1
755,Furvina,121,Pseudomonas aeruginosa,1,1,1
756,Fusidic Acid,67,Escherichia coli,1,1,5
756,Fusidic Acid,128,Salmonella Typhi,1,1,4
756,Fusidic Acid,163,Streptomyces sp.,1,1,1
756,Fusidic Acid,164,Thermus thermophilus,1,1,2
757,Fusidic acid,137,Staphylococcus aureus,1,4,2
758,G H12,149,Streptococcus gordonii,1,1,1
758,G H12,150,Streptococcus mitis,1,1,1
758,G H12,151,Streptococcus mutans,1,1,1
758,G H12,157,Streptococcus salivarius,1,1,1
758,G H12,158,Streptococcus sanguinis,1,1,1
758,G H12,160,Streptococcus sobrinus,1,1,1
759,G10KHc,121,Pseudomonas aeruginosa,1,1,1
760,G2,149,Streptococcus gordonii,1,1,1
760,G2,151,Streptococcus mutans,1,2,2
760,G2,158,Streptococcus sanguinis,1,1,1
761,GL13K,121,Pseudomonas aeruginosa,1,1,1
761,GL13K,149,Streptococcus gordonii,1,1,1
762,GW 5074,34,Candida albicans,1,1,1
763,GW-9662,34,Candida albicans,1,1,1
764,Gallic Acid,57,Eikenella corrodens,1,1,1
764,Gallic Acid,67,Escherichia coli,1,1,1
764,Gallic Acid,137,Staphylococcus aureus,1,1,1
764,Gallic Acid,151,Streptococcus mutans,1,1,1
765,Gallium Nitrate,67,Escherichia coli,1,1,1
766,Gallium cation,121,Pseudomonas aeruginosa,1,1,1
767,Gallocatechin,57,Eikenella corrodens,1,1,1
768,Gallocatechin gallate,57,Eikenella corrodens,1,1,1
769,Ganciclovir,84,Human herpesvirus 1,1,1,4
770,Garlic extract,121,Pseudomonas aeruginosa,1,1,1
771,Gatifloxacin,155,Streptococcus pneumoniae serotype 4,1,2,6
772,Gemifloxacin,75,Haemophilus influenzae,1,4,6
773,Genistein,25,Bacteroides uniformis,1,1,1
773,Genistein,69,Eubacterium ramulus,1,1,1
774,Gentamicin,21,Bacillus subtilis,1,1,1
774,Gentamicin,58,Enteric bacteria and other eubacteria,1,1,4
774,Gentamicin,67,Escherichia coli,1,1,4
775,Ginger oil,137,Staphylococcus aureus,1,1,1
776,Glipizide,21,Bacillus subtilis,1,1,1
777,Glucose,33,Campylobacter jejuni,1,1,1
778,Glycinamide hydrochloride,7,Actinomyces oris,1,1,1
778,Glycinamide hydrochloride,151,Streptococcus mutans,1,1,1
778,Glycinamide hydrochloride,159,Streptococcus sanguis,1,1,1
779,Glycomonoterpenes (G-citral),121,Pseudomonas aeruginosa,1,1,1
779,Glycomonoterpenes (G-citral),170,Vibrio cholerae,1,1,1
780,Glycomonoterpenes (G-citron),121,Pseudomonas aeruginosa,1,1,1
780,Glycomonoterpenes (G-citron),170,Vibrio cholerae,1,1,1
781,Gossypetin hexamethyl ether,171,Vibrio harveyi,1,1,1
782,Grepafloxacin,147,Stenotrophomonas maltophilia,1,1,1
783,Guaiacol,67,Escherichia coli,1,1,1
784,HA14-1,34,Candida albicans,1,1,1
785,HE10,137,Staphylococcus aureus,1,1,1
786,HE12,137,Staphylococcus aureus,1,1,1
787,HE4,137,Staphylococcus aureus,1,1,1
788,Hamamelitannin,28,Burkholderia cenocepacia,1,1,1
788,Hamamelitannin,121,Pseudomonas aeruginosa,1,1,1
788,Hamamelitannin,137,Staphylococcus aureus,1,7,1
788,Hamamelitannin,138,Staphylococcus capitis,1,1,1
788,Hamamelitannin,139,Staphylococcus caprae,1,1,1
788,Hamamelitannin,140,Staphylococcus chromogenes,1,1,1
788,Hamamelitannin,141,Staphylococcus cohnii,1,1,1
788,Hamamelitannin,142,Staphylococcus epidermidis,1,1,1
789,Hepcidin 20,142,Staphylococcus epidermidis,1,1,1
790,Heptadecanoic acid,121,Pseudomonas aeruginosa,1,1,1
791,Heptamethoxyflavone,67,Escherichia coli,1,1,1
791,Heptamethoxyflavone,171,Vibrio harveyi,1,1,1
792,Hesperetin,137,Staphylococcus aureus,1,2,1
793,Hesperidin,67,Escherichia coli,1,1,1
793,Hesperidin,137,Staphylococcus aureus,1,2,1
793,Hesperidin,171,Vibrio harveyi,1,1,1
793,Hesperidin,174,Yersinia enterocolitica,1,1,1
794,Hetacillin,154,Streptococcus pneumoniae,1,3,2
795,Hexachlorophene,34,Candida albicans,1,1,1
796,Hexameric peptide,67,Escherichia coli,1,1,1
797,Hexyl gallate,64,Enterococcus faecalis,1,1,1
797,Hexyl gallate,121,Pseudomonas aeruginosa,1,1,1
797,Hexyl gallate,137,Staphylococcus aureus,1,1,1
797,Hexyl gallate,142,Staphylococcus epidermidis,1,1,1
797,Hexyl gallate,151,Streptococcus mutans,1,1,1
798,Hinokitiol,34,Candida albicans,1,3,1
798,Hinokitiol,36,Candida glabrata,1,2,1
798,Hinokitiol,37,Candida guiliermondi,1,1,1
798,Hinokitiol,39,Candida parapsilosis,1,2,1
798,Hinokitiol,41,Candida tropicalis,1,1,1
799,Histatin 5,34,Candida albicans,1,2,2
799,Histatin 5,36,Candida glabrata,1,1,1
800,Holothuroidin 1,121,Pseudomonas aeruginosa,1,1,1
800,Holothuroidin 1,137,Staphylococcus aureus,1,1,1
800,Holothuroidin 1,142,Staphylococcus epidermidis,1,1,1
801,Holothuroidin 2,121,Pseudomonas aeruginosa,1,1,1
801,Holothuroidin 2,137,Staphylococcus aureus,1,1,1
801,Holothuroidin 2,142,Staphylococcus epidermidis,1,1,1
802,Hsn5 12-mer,151,Streptococcus mutans,1,1,1
803,Human beta-defensin 3,34,Candida albicans,1,1,1
803,Human beta-defensin 3,137,Staphylococcus aureus,1,1,1
803,Human beta-defensin 3,142,Staphylococcus epidermidis,1,3,2
804,Hydnocarpin D,137,Staphylococcus aureus,1,1,1
805,Hydrogen peroxide,121,Pseudomonas aeruginosa,1,1,1
806,Hypericin,151,Streptococcus mutans,1,1,1
807,Hyperoside,121,Pseudomonas aeruginosa,1,1,1
808,IDR-1018,2,Acinetobacter baumannii,1,1,1
808,IDR-1018,28,Burkholderia cenocepacia,1,1,1
808,IDR-1018,67,Escherichia coli,1,1,1
808,IDR-1018,95,Klebsiella pneumoniae,1,1,1
808,IDR-1018,121,Pseudomonas aeruginosa,1,2,1
808,IDR-1018,129,Salmonella enterica,1,1,1
808,IDR-1018,137,Staphylococcus aureus,1,1,1
809,IG-13,31,Burkholderia pseudomallei,1,1,1
810,IG-19,31,Burkholderia pseudomallei,1,1,1
811,IG-25,31,Burkholderia pseudomallei,1,1,1
812,IMB-2,151,Streptococcus mutans,1,1,1
813,Ibuprofen,135,Sphingomonas sp. Ibu-2,1,1,1
814,Idoxuridine,84,Human herpesvirus 1,1,1,1
815,Imazalil,34,Candida albicans,1,1,1
816,Imipenem,21,Bacillus subtilis,1,1,2
816,Imipenem,67,Escherichia coli,1,1,4
816,Imipenem,137,Staphylococcus aureus,1,1,6
817,Imperatorin,67,Escherichia coli,1,1,1
818,Indinavir,88,Human immunodeficiency virus,1,1,4
818,Indinavir,89,Human immunodeficiency virus 1,1,1,4
819,Indirubin,121,Pseudomonas aeruginosa,1,1,1
820,Indol AHL,121,Pseudomonas aeruginosa,1,1,1
821,Indole,4,Acinetobacter oleiovorans,1,1,1
821,Indole,28,Burkholderia cenocepacia,1,2,1
821,Indole,30,Burkholderia multivorans,1,2,1
821,Indole,67,Escherichia coli,1,5,2
821,Indole,112,Pantoea agglomerans,1,1,1
821,Indole,121,Pseudomonas aeruginosa,1,2,2
821,Indole,168,Vibrio anguillarum,1,1,1
821,Indole,169,Vibrio campbellii,1,1,1
822,Indole-3-acetaldehyde,121,Pseudomonas aeruginosa,1,1,1
823,Indole-3-acetamide,121,Pseudomonas aeruginosa,1,1,1
823,Indole-3-acetamide,169,Vibrio campbellii,1,1,1
824,Indole-3-acetic acid,169,Vibrio campbellii,1,1,1
825,Indole-3-carboxyaldehyde,121,Pseudomonas aeruginosa,1,1,1
825,Indole-3-carboxyaldehyde,170,Vibrio cholerae,1,1,1
826,Indole-7-carboxylic acid,121,Pseudomonas aeruginosa,1,1,1
827,Indolicidin,121,Pseudomonas aeruginosa,1,1,1
827,Indolicidin,137,Staphylococcus aureus,1,1,1
828,Ionic silver,137,Staphylococcus aureus,1,1,1
829,Irinotecan,67,Escherichia coli,1,1,1
830,Isatin,121,Pseudomonas aeruginosa,1,1,1
831,Isobutanol,34,Candida albicans,1,1,1
832,Isoconazole,34,Candida albicans,1,1,1
833,Isoeugenol,67,Escherichia coli,1,1,1
834,Isohydnocarpin,137,Staphylococcus aureus,1,1,1
835,Isoliquiritigenin,75,Haemophilus influenzae,1,3,1
836,Isoniazid,109,Mycobacterium tuberculosis,1,1,9
837,Isopropanol,34,Candida albicans,1,1,1
838,Isoriccardin C,34,Candida albicans,1,1,1
839,Isosilybin A,137,Staphylococcus aureus,1,1,1
840,Isosinensetin,171,Vibrio harveyi,1,1,1
841,Isothiocyanate,121,Pseudomonas aeruginosa,1,1,1
842,Itraconazole,34,Candida albicans,1,1,1
843,Ivalin,34,Candida albicans,1,1,1
844,Josamycin,75,Haemophilus influenzae,1,4,1
845,K4-S4,151,Streptococcus mutans,1,1,1
846,KABT-AMP,41,Candida tropicalis,1,1,1
847,KD-13,31,Burkholderia pseudomallei,1,1,1
848,KSL,151,Streptococcus mutans,1,1,1
849,KSL-W,34,Candida albicans,1,1,1
850,KT2,67,Escherichia coli,1,1,1
851,Kaempherol,67,Escherichia coli,1,1,1
851,Kaempherol,137,Staphylococcus aureus,1,1,1
851,Kaempherol,171,Vibrio harveyi,1,1,1
852,Kanamycin,58,Enteric bacteria and other eubacteria,1,1,5
852,Kanamycin,67,Escherichia coli,1,1,5
853,Kaurenoic acid,151,Streptococcus mutans,1,1,1
854,Ketoconazole,34,Candida albicans,1,2,5
855,Kojic acid,121,Pseudomonas aeruginosa,1,4,1
856,L- K6L9,121,Pseudomonas aeruginosa,1,1,1
857,L-2-Bromophenylalanine,143,Staphylococcus epidermis,1,1,1
858,L-4-Carbamoylphenylalanine,137,Staphylococcus aureus,1,1,1
858,L-4-Carbamoylphenylalanine,143,Staphylococcus epidermis,1,1,1
859,"L-744,832",34,Candida albicans,1,1,1
860,L-Aspartate,137,Staphylococcus aureus,1,11,1
860,L-Aspartate,140,Staphylococcus chromogenes,1,2,1
860,L-Aspartate,144,Staphylococcus equorum,1,2,1
860,L-Aspartate,145,Staphylococcus haemolyticus,1,2,1
860,L-Aspartate,146,Staphylococcus saprophyticus,1,2,1
861,L-Canavanine,28,Burkholderia cenocepacia,1,2,1
861,L-Canavanine,30,Burkholderia multivorans,1,2,1
862,L-K6,151,Streptococcus mutans,1,1,1
863,L-Phenylalanine,120,Pseudoalteromonas sp.,1,1,1
864,L-Phenylalanine-D-Lysine,137,Staphylococcus aureus,1,1,1
865,L-Phenylalanine-L-Lysine,137,Staphylococcus aureus,1,1,1
866,L-Tyrosine,137,Staphylococcus aureus,1,2,1
866,L-Tyrosine,143,Staphylococcus epidermis,1,1,1
867,L-carnosine,151,Streptococcus mutans,1,1,1
867,L-carnosine,159,Streptococcus sanguis,1,1,1
868,L-cysteic acid,7,Actinomyces oris,1,1,1
868,L-cysteic acid,151,Streptococcus mutans,1,1,1
868,L-cysteic acid,159,Streptococcus sanguis,1,1,1
869,L-fucose cluster,121,Pseudomonas aeruginosa,1,1,1
870,L-ornithine hydrochloride,143,Staphylococcus epidermis,1,1,1
871,L-pipecolic acid,137,Staphylococcus aureus,1,2,1
871,L-pipecolic acid,143,Staphylococcus epidermis,1,1,1
872,L-tryptophan,21,Bacillus subtilis,1,1,1
872,L-tryptophan,121,Pseudomonas aeruginosa,1,1,1
872,L-tryptophan,129,Salmonella enterica,1,1,1
872,L-tryptophan,137,Staphylococcus aureus,1,1,1
872,L-tryptophan,173,Vibrio vulnificus,1,1,1
873,LF11-215,121,Pseudomonas aeruginosa,1,1,1
874,LF11-227,121,Pseudomonas aeruginosa,1,1,1
875,LF11-322,121,Pseudomonas aeruginosa,1,1,1
876,LF11-324,121,Pseudomonas aeruginosa,1,1,1
877,LFampin,121,Pseudomonas aeruginosa,1,1,1
878,LL-13,31,Burkholderia pseudomallei,1,1,1
879,LL-19,31,Burkholderia pseudomallei,1,1,1
880,LL-25,31,Burkholderia pseudomallei,1,1,1
881,LL-31,31,Burkholderia pseudomallei,1,1,1
882,LL-37,2,Acinetobacter baumannii,1,2,1
882,LL-37,11,Aggregatibacter actinomycetemcomitans,1,4,1
882,LL-37,31,Burkholderia pseudomallei,1,1,1
882,LL-37,32,Burkholderia thailandensis,1,1,1
882,LL-37,34,Candida albicans,1,1,1
882,LL-37,71,Francisella novicida,1,1,1
882,LL-37,121,Pseudomonas aeruginosa,1,2,3
882,LL-37,137,Staphylococcus aureus,1,2,2
882,LL-37,142,Staphylococcus epidermidis,1,1,1
883,LL13-37,121,Pseudomonas aeruginosa,1,1,1
884,LL7-37,121,Pseudomonas aeruginosa,1,1,1
885,Lactoferricin B,15,Aspergillus fumigatus,1,1,1
885,Lactoferricin B,34,Candida albicans,1,1,1
885,Lactoferricin B,72,Fusarium solani,1,1,1
886,Lamivudine,81,Hepatitis B virus F,1,1,3
886,Lamivudine,89,Human immunodeficiency virus 1,1,1,1
887,Lanthanum chloride,123,Pseudomonas fluorescens,1,1,1
888,Latamoxef,21,Bacillus subtilis,1,1,2
888,Latamoxef,67,Escherichia coli,1,1,1
889,Lemon,19,Bacillus cereus,1,1,1
889,Lemon,67,Escherichia coli,1,1,1
889,Lemon,113,Pichia anomala,1,1,1
890,Lemon oil,137,Staphylococcus aureus,1,1,1
891,Levofloxacin,75,Haemophilus influenzae,1,4,8
891,Levofloxacin,147,Stenotrophomonas maltophilia,1,1,1
892,Lfcin,121,Pseudomonas aeruginosa,1,1,1
893,Limonene,19,Bacillus cereus,1,1,1
893,Limonene,34,Candida albicans,1,2,2
893,Limonene,67,Escherichia coli,1,1,1
893,Limonene,113,Pichia anomala,1,1,1
893,Limonene,150,Streptococcus mitis,1,1,1
893,Limonene,151,Streptococcus mutans,1,1,1
893,Limonene,156,Streptococcus pyogenes,1,6,1
894,Linalool,2,Acinetobacter baumannii,1,5,1
894,Linalool,19,Bacillus cereus,1,1,1
894,Linalool,34,Candida albicans,1,1,1
894,Linalool,67,Escherichia coli,1,1,1
894,Linalool,113,Pichia anomala,1,1,1
895,Linezolid,58,Enteric bacteria and other eubacteria,1,1,7
895,Linezolid,137,Staphylococcus aureus,1,2,2
896,Lipoic acid,121,Pseudomonas aeruginosa,1,4,1
897,Listerine,151,Streptococcus mutans,1,1,1
898,Lomefloxacin,75,Haemophilus influenzae,1,4,6
899,Lopinavir,88,Human immunodeficiency virus,1,1,2
899,Lopinavir,89,Human immunodeficiency virus 1,1,1,5
900,Lorazepam,34,Candida albicans,1,2,1
901,Losartran,21,Bacillus subtilis,1,1,1
902,Luteolin,67,Escherichia coli,1,2,1
903,Lymecycline,67,Escherichia coli,1,1,3
904,Lys-a1,151,Streptococcus mutans,1,1,1
904,Lys-a1,152,Streptococcus oralis,1,1,1
904,Lys-a1,153,Streptococcus parasanguinis,1,1,1
904,Lys-a1,157,Streptococcus salivarius,1,1,1
904,Lys-a1,158,Streptococcus sanguinis,1,1,1
904,Lys-a1,160,Streptococcus sobrinus,1,1,1
905,Lysozyme,121,Pseudomonas aeruginosa,1,1,1
905,Lysozyme,137,Staphylococcus aureus,1,1,1
906,M8-33,151,Streptococcus mutans,1,1,1
906,M8-33,158,Streptococcus sanguinis,1,1,1
907,M8G2,151,Streptococcus mutans,1,1,1
907,M8G2,158,Streptococcus sanguinis,1,1,1
908,MUC7 12-mer-D,151,Streptococcus mutans,1,1,1
909,MUC7 12-mer-L,151,Streptococcus mutans,1,1,1
910,MUC7 12-mer-L4,151,Streptococcus mutans,1,1,1
911,MUC7 20-mer,151,Streptococcus mutans,1,1,1
912,Macromomycin B,170,Vibrio cholerae,1,1,1
913,Magainin-I,51,Cryptococcus neoformans,1,1,1
913,Magainin-I,64,Enterococcus faecalis,1,1,1
913,Magainin-I,99,Listeria ivanovii,1,1,1
913,Magainin-I,137,Staphylococcus aureus,1,1,1
914,Magainin-II,121,Pseudomonas aeruginosa,1,1,1
914,Magainin-II,151,Streptococcus mutans,1,1,1
915,Malabaricone C,121,Pseudomonas aeruginosa,1,1,1
916,Mefloquine,114,Plasmodium falciparum,1,1,1
917,Melittin,121,Pseudomonas aeruginosa,1,6,2
918,Melittin B,151,Streptococcus mutans,1,1,1
919,Menthol,9,Aeromonas hydrophila,1,1,1
919,Menthol,121,Pseudomonas aeruginosa,1,1,1
920,Merimepodib,156,Streptococcus pyogenes,1,1,2
921,Meropenem,40,Candida spp.,1,1,1
921,Meropenem,67,Escherichia coli,1,1,4
921,Meropenem,121,Pseudomonas aeruginosa,1,1,2
922,Meta-bromo-thiolactone,121,Pseudomonas aeruginosa,1,1,1
923,Methacycline,58,Enteric bacteria and other eubacteria,1,1,4
924,Methanol,137,Staphylococcus aureus,1,1,1
925,Methyl benzethonium chloride,34,Candida albicans,1,1,1
926,Methyl eugenol,67,Escherichia coli,1,1,1
927,Methyl gallate,64,Enterococcus faecalis,1,1,1
927,Methyl gallate,121,Pseudomonas aeruginosa,1,1,1
927,Methyl gallate,137,Staphylococcus aureus,1,1,1
927,Methyl gallate,142,Staphylococcus epidermidis,1,1,1
927,Methyl gallate,151,Streptococcus mutans,1,1,1
928,Methyl indole-7-carboxylate,121,Pseudomonas aeruginosa,1,1,1
929,Methylthiopropylamine,31,Burkholderia pseudomallei,1,1,1
930,Meticillin,137,Staphylococcus aureus,1,1,1
930,Meticillin,154,Streptococcus pneumoniae,1,3,1
931,Metronidazole,46,Clostridium pasteurianum,1,1,3
931,Metronidazole,47,Clostridium perfringens,1,1,1
931,Metronidazole,79,Helicobacter pylori,1,2,5
931,Metronidazole,115,Porphyromonas gingivalis,1,1,1
932,Mezlocillin,47,Clostridium perfringens,1,2,3
932,Mezlocillin,67,Escherichia coli,1,1,1
932,Mezlocillin,154,Streptococcus pneumoniae,1,1,3
933,Micafungin,121,Pseudomonas aeruginosa,1,16,1
934,Miconazole,34,Candida albicans,1,2,5
935,Midazolam,34,Candida albicans,1,2,1
936,Minocycline,58,Enteric bacteria and other eubacteria,1,1,2
936,Minocycline,67,Escherichia coli,1,1,1
936,Minocycline,116,Propionibacterium acnes,1,3,1
936,Minocycline,137,Staphylococcus aureus,1,1,1
937,Mitomycin C,2,Acinetobacter baumannii,1,1,1
938,Monensin sodium salt,34,Candida albicans,1,1,1
939,Moxifloxacin,34,Candida albicans,1,1,1
939,Moxifloxacin,75,Haemophilus influenzae,1,4,8
939,Moxifloxacin,106,Mycobacterium avium,1,5,2
939,Moxifloxacin,147,Stenotrophomonas maltophilia,1,1,1
940,Mucobromic acid,21,Bacillus subtilis,1,1,1
941,Mucochloric acid,21,Bacillus subtilis,1,1,1
942,Mustard oil,137,Staphylococcus aureus,1,1,1
943,Myricetin,137,Staphylococcus aureus,1,2,1
944,Myricitrin,137,Staphylococcus aureus,1,1,1
945,Myristic acid,67,Escherichia coli,1,1,1
945,Myristic acid,95,Klebsiella pneumoniae,1,1,1
945,Myristic acid,117,Proteus mirabilis,1,1,1
945,Myristic acid,118,Proteus vulgaris,1,1,1
945,Myristic acid,121,Pseudomonas aeruginosa,1,1,1
945,Myristic acid,132,Serratia marcescens,1,1,1
945,Myristic acid,170,Vibrio cholerae,1,1,1
946,Myristoyl-DL-carnitine,121,Pseudomonas aeruginosa,1,1,1
947,Myrrh oil,137,Staphylococcus aureus,1,1,1
948,Myxinidin,100,Listeria monocytogenes,1,1,1
948,Myxinidin,121,Pseudomonas aeruginosa,1,1,1
948,Myxinidin,137,Staphylococcus aureus,1,1,1
949,Myxinidin1,100,Listeria monocytogenes,1,1,1
949,Myxinidin1,121,Pseudomonas aeruginosa,1,1,1
949,Myxinidin1,137,Staphylococcus aureus,1,1,1
950,Myxinidin2,100,Listeria monocytogenes,1,1,1
950,Myxinidin2,121,Pseudomonas aeruginosa,1,1,1
950,Myxinidin2,137,Staphylococcus aureus,1,1,1
951,Myxinidin3,100,Listeria monocytogenes,1,1,1
951,Myxinidin3,121,Pseudomonas aeruginosa,1,1,1
951,Myxinidin3,137,Staphylococcus aureus,1,1,1
952,N -(3-nitro-4-hydroxy-benzylidene)benzohydrazide,64,Enterococcus faecalis,1,1,1
952,N -(3-nitro-4-hydroxy-benzylidene)benzohydrazide,121,Pseudomonas aeruginosa,1,1,1
952,N -(3-nitro-4-hydroxy-benzylidene)benzohydrazide,137,Staphylococcus aureus,1,1,1
952,N -(3-nitro-4-hydroxy-benzylidene)benzohydrazide,142,Staphylococcus epidermidis,1,1,1
952,N -(3-nitro-4-hydroxy-benzylidene)benzohydrazide,151,Streptococcus mutans,1,1,1
953,N -(4-trifluoromethyl-benzylidene)benzohydrazide,64,Enterococcus faecalis,1,1,1
953,N -(4-trifluoromethyl-benzylidene)benzohydrazide,121,Pseudomonas aeruginosa,1,1,1
953,N -(4-trifluoromethyl-benzylidene)benzohydrazide,137,Staphylococcus aureus,1,1,1
953,N -(4-trifluoromethyl-benzylidene)benzohydrazide,142,Staphylococcus epidermidis,1,1,1
953,N -(4-trifluoromethyl-benzylidene)benzohydrazide,151,Streptococcus mutans,1,1,1
954,N -(5-bromo-2-hydroxy-benzylidene)benzohydrazide,64,Enterococcus faecalis,1,1,1
954,N -(5-bromo-2-hydroxy-benzylidene)benzohydrazide,121,Pseudomonas aeruginosa,1,1,1
954,N -(5-bromo-2-hydroxy-benzylidene)benzohydrazide,137,Staphylococcus aureus,1,1,1
954,N -(5-bromo-2-hydroxy-benzylidene)benzohydrazide,142,Staphylococcus epidermidis,1,1,1
954,N -(5-bromo-2-hydroxy-benzylidene)benzohydrazide,151,Streptococcus mutans,1,1,1
955,N -(pyridin-3-yl-methylene)benzohydrazide,64,Enterococcus faecalis,1,1,1
955,N -(pyridin-3-yl-methylene)benzohydrazide,121,Pseudomonas aeruginosa,1,1,1
955,N -(pyridin-3-yl-methylene)benzohydrazide,137,Staphylococcus aureus,1,1,1
955,N -(pyridin-3-yl-methylene)benzohydrazide,142,Staphylococcus epidermidis,1,1,1
955,N -(pyridin-3-yl-methylene)benzohydrazide,151,Streptococcus mutans,1,1,1
956,N -[(3-chloro-isoquinolin-4-yl)methylene] benzohydrazide,151,Streptococcus mutans,1,1,1
957,"N 3-(2-thienylcarbonyl)-4-bromo-1,5-dimethyl-1H-pyrazole-3-carbohydrazide",28,Burkholderia cenocepacia,1,2,1
957,"N 3-(2-thienylcarbonyl)-4-bromo-1,5-dimethyl-1H-pyrazole-3-carbohydrazide",30,Burkholderia multivorans,1,2,1
958,"N-((1E)-{4-ethoxy-3-[(8-oxo-1,5,6,8-tetrahydro-2H-1,5-methanopyrido[1,2-a][1,5]diazocin-3(4H)-yl)methyl]phenyl}methylene)-3,4,5-trihydroxybenzohydrazide",2,Acinetobacter baumannii,1,1,1
958,"N-((1E)-{4-ethoxy-3-[(8-oxo-1,5,6,8-tetrahydro-2H-1,5-methanopyrido[1,2-a][1,5]diazocin-3(4H)-yl)methyl]phenyl}methylene)-3,4,5-trihydroxybenzohydrazide",121,Pseudomonas aeruginosa,1,1,1
959,"N-((2R,3R,4S,5S,6R)-2,4,5-Trihydroxy-6-(hydroxymethyl)tetrahydro-2H-pyran-3-yl)butyramide",121,Pseudomonas aeruginosa,1,1,1
960,"N-((2R,3R,4S,5S,6R)-2,4,5-Trihydroxy-6-(hydroxymethyl)tetrahydro-2H-pyran-3-yl)dodecanamide",121,Pseudomonas aeruginosa,1,1,1
961,"N-((2R,3R,4S,5S,6R)-2,4,5-Trihydroxy-6-(hydroxymethyl)tetrahydro-2H-pyran-3-yl)hexanamide",121,Pseudomonas aeruginosa,1,1,1
962,"N-((2R,3R,4S,5S,6R)-2,4,5-Trihydroxy-6-(hydroxymethyl)tetrahydro-2H-pyran-3-yl)octanamide",121,Pseudomonas aeruginosa,1,1,1
963,"N-(1,3-Thiazol-2-yl)butanamide",121,Pseudomonas aeruginosa,1,1,1
964,"N-(1,3-benzothiazol-2-yl)butanamide",121,Pseudomonas aeruginosa,1,1,1
965,N-(2-Pyridinyl)butanamide,121,Pseudomonas aeruginosa,1,1,1
966,N-(2-Pyrimidinyl)butanamide,121,Pseudomonas aeruginosa,1,1,1
967,N-(2-oxothiolan-3-yl)butanamide,121,Pseudomonas aeruginosa,1,1,1
968,"N-(4,5-Dihydro-1,3-thiazol-2-yl)butanamide",121,Pseudomonas aeruginosa,1,1,1
969,N-(4-Bromobenzylidene)benzohydrazide,64,Enterococcus faecalis,1,1,1
969,N-(4-Bromobenzylidene)benzohydrazide,121,Pseudomonas aeruginosa,1,1,1
969,N-(4-Bromobenzylidene)benzohydrazide,137,Staphylococcus aureus,1,1,1
969,N-(4-Bromobenzylidene)benzohydrazide,142,Staphylococcus epidermidis,1,1,1
969,N-(4-Bromobenzylidene)benzohydrazide,151,Streptococcus mutans,1,1,1
970,N-(4-Hydroxyphenyl)butanamide,121,Pseudomonas aeruginosa,1,1,1
971,N-(4-Morpholinyl)butanamide,121,Pseudomonas aeruginosa,1,1,1
972,N-(4-Pyridinyl)butanamide,121,Pseudomonas aeruginosa,1,1,1
973,N-(4-hydroxy-2-methylphenyl)-3-oxododecanamide,115,Porphyromonas gingivalis,1,1,1
974,"N-(5-Methyl-1,2-oxazol-3-yl)butanamide",121,Pseudomonas aeruginosa,1,1,1
975,"N-(6-tert-butyl-2,3-dihydro- 2-methylpyridazin-4-yl)-5-chlorothiophene-2-carbohydrazide",28,Burkholderia cenocepacia,1,2,1
975,"N-(6-tert-butyl-2,3-dihydro- 2-methylpyridazin-4-yl)-5-chlorothiophene-2-carbohydrazide",30,Burkholderia multivorans,1,2,1
976,N-(pyrrolidin-3-yl)dodecanamide,115,Porphyromonas gingivalis,1,1,1
977,N-Acetylcysteine,48,Coagulase- negative staphylococci,1,8,1
977,N-Acetylcysteine,49,Corynebacterium ammoniagenes,1,1,1
977,N-Acetylcysteine,108,Mycobacterium smegmatis,1,1,1
977,N-Acetylcysteine,116,Propionibacterium acnes,1,1,1
977,N-Acetylcysteine,137,Staphylococcus aureus,1,2,1
977,N-Acetylcysteine,156,Streptococcus pyogenes,1,1,1
978,N-Decanoyl cyclopentylamide,121,Pseudomonas aeruginosa,1,1,1
979,N-Ethylacetanilide,121,Pseudomonas aeruginosa,1,1,1
980,N-Nonanoyl-cyclopentylamide,132,Serratia marcescens,1,1,1
981,N-[(3-chloro-isoquinolin-4-yl)methylene]benzohydrazide,64,Enterococcus faecalis,1,1,1
981,N-[(3-chloro-isoquinolin-4-yl)methylene]benzohydrazide,121,Pseudomonas aeruginosa,1,1,1
981,N-[(3-chloro-isoquinolin-4-yl)methylene]benzohydrazide,137,Staphylococcus aureus,1,1,1
981,N-[(3-chloro-isoquinolin-4-yl)methylene]benzohydrazide,142,Staphylococcus epidermidis,1,1,1
982,N-[5-(6-amino-9H-purin-9-yl)-4-hydroxy-2-(hydroxymethyl)oxolan-3-yl]-3-(4-methoxyphenyl)propanamide,168,Vibrio anguillarum,1,1,1
982,N-[5-(6-amino-9H-purin-9-yl)-4-hydroxy-2-(hydroxymethyl)oxolan-3-yl]-3-(4-methoxyphenyl)propanamide,169,Vibrio campbellii,1,1,1
982,N-[5-(6-amino-9H-purin-9-yl)-4-hydroxy-2-(hydroxymethyl)oxolan-3-yl]-3-(4-methoxyphenyl)propanamide,173,Vibrio vulnificus,1,1,1
983,N-decanoyl-L- homoserine benzyl ester,121,Pseudomonas aeruginosa,1,1,1
984,"N1-(7-chloroquinolin-4-yl)dodecane-1,12-diamine",121,Pseudomonas aeruginosa,1,1,1
984,"N1-(7-chloroquinolin-4-yl)dodecane-1,12-diamine",132,Serratia marcescens,1,1,1
985,"N1-(7-chloroquinolin-4-yl)ethane-1,2-diamine",132,Serratia marcescens,1,1,1
986,"N1-(7-chloroquinolin-4-yl)octane-1,8-diamine",121,Pseudomonas aeruginosa,1,1,1
986,"N1-(7-chloroquinolin-4-yl)octane-1,8-diamine",132,Serratia marcescens,1,1,1
987,"N1-[7-(trifluoromethyl)quinolin-4-yl]dodecane-1,12-diamine",121,Pseudomonas aeruginosa,1,1,1
987,"N1-[7-(trifluoromethyl)quinolin-4-yl]dodecane-1,12-diamine",132,Serratia marcescens,1,1,1
988,"N1-[7-(trifluoromethyl)quinolin-4-yl]ethane-1,2-diamine",132,Serratia marcescens,1,1,1
989,"N1-[7-(trifluoromethyl)quinolin-4-yl]octane-1,8-diamine",132,Serratia marcescens,1,1,1
990,NA-CATH,32,Burkholderia thailandensis,1,1,1
990,NA-CATH,137,Staphylococcus aureus,1,1,1
991,NA-CATH-ATRA1-ATRA1,137,Staphylococcus aureus,1,1,1
992,NA10,34,Candida albicans,1,1,1
993,NA12,34,Candida albicans,1,1,1
994,NA8,34,Candida albicans,1,1,1
995,NA8H,34,Candida albicans,1,1,1
996,NRC-16,121,Pseudomonas aeruginosa,1,5,1
997,Na-Benzoate,137,Staphylococcus aureus,1,1,1
998,Na-Propionate,137,Staphylococcus aureus,1,1,1
999,Na-Pyrosulfite,67,Escherichia coli,1,1,1
999,Na-Pyrosulfite,151,Streptococcus mutans,1,1,1
1000,NaCl,33,Campylobacter jejuni,1,1,1
1001,Nafcillin,154,Streptococcus pneumoniae,1,3,1
1002,Naringenin,67,Escherichia coli,1,1,1
1002,Naringenin,121,Pseudomonas aeruginosa,1,1,1
1002,Naringenin,171,Vibrio harveyi,1,1,1
1003,Naringin,67,Escherichia coli,1,1,1
1003,Naringin,171,Vibrio harveyi,1,1,1
1003,Naringin,174,Yersinia enterocolitica,1,1,1
1004,Nelfinavir,88,Human immunodeficiency virus,1,1,8
1005,Neoeriocitrin,67,Escherichia coli,1,1,1
1005,Neoeriocitrin,171,Vibrio harveyi,1,1,1
1006,Neohesperidin,67,Escherichia coli,1,1,1
1006,Neohesperidin,171,Vibrio harveyi,1,1,1
1006,Neohesperidin,174,Yersinia enterocolitica,1,1,1
1007,Neomycin,58,Enteric bacteria and other eubacteria,1,1,5
1007,Neomycin,67,Escherichia coli,1,1,4
1008,Nerolidol,34,Candida albicans,1,1,1
1009,Netilmicin,58,Enteric bacteria and other eubacteria,1,1,3
1009,Netilmicin,67,Escherichia coli,1,1,2
1010,Nevirapine,89,Human immunodeficiency virus 1,1,1,5
1011,Niacinamide,121,Pseudomonas aeruginosa,1,5,2
1012,Niclosamide,121,Pseudomonas aeruginosa,1,1,1
1013,Nisin,100,Listeria monocytogenes,1,1,1
1013,Nisin,121,Pseudomonas aeruginosa,1,1,1
1013,Nisin,137,Staphylococcus aureus,1,3,3
1013,Nisin,142,Staphylococcus epidermidis,1,1,1
1014,Nitazoxanide,53,Desulfovibrio africanus,1,1,2
1015,Nitrofural,67,Escherichia coli,1,1,3
1016,Nitrofurantoin,67,Escherichia coli,1,1,6
1017,Nobiletin,67,Escherichia coli,1,1,1
1017,Nobiletin,171,Vibrio harveyi,1,1,1
1018,Nodakenetin,121,Pseudomonas aeruginosa,1,1,1
1018,Nodakenetin,147,Stenotrophomonas maltophilia,1,1,1
1019,Norbgugaine 12,121,Pseudomonas aeruginosa,1,1,1
1020,Norfloxacin,147,Stenotrophomonas maltophilia,1,1,1
1021,Norgestimate,137,Staphylococcus aureus,1,8,1
1021,Norgestimate,142,Staphylococcus epidermidis,1,2,1
1022,Norpinguisone,121,Pseudomonas aeruginosa,1,1,1
1023,Norspermidine,2,Acinetobacter baumannii,1,1,1
1023,Norspermidine,21,Bacillus subtilis,1,1,1
1023,Norspermidine,67,Escherichia coli,1,1,1
1023,Norspermidine,95,Klebsiella pneumoniae,1,1,1
1023,Norspermidine,121,Pseudomonas aeruginosa,1,22,3
1023,Norspermidine,137,Staphylococcus aureus,1,1,1
1023,Norspermidine,151,Streptococcus mutans,1,1,1
1024,Novobiocin,137,Staphylococcus aureus,1,1,3
1025,Nystatin,34,Candida albicans,1,2,2
1026,"O-(2,6-Dichlorobenzyl)-D-tyrosine",137,Staphylococcus aureus,1,1,1
1026,"O-(2,6-Dichlorobenzyl)-D-tyrosine",143,Staphylococcus epidermis,1,1,1
1027,O-LF11-215,121,Pseudomonas aeruginosa,1,1,1
1028,O-LF11-227,121,Pseudomonas aeruginosa,1,1,1
1029,O-Methyl-D-tyrosine,137,Staphylococcus aureus,1,1,1
1029,O-Methyl-D-tyrosine,143,Staphylococcus epidermis,1,1,1
1030,OHC10HL,31,Burkholderia pseudomallei,1,2,1
1031,OHC8HL,31,Burkholderia pseudomallei,1,2,1
1032,OSIP108,34,Candida albicans,1,7,1
1032,OSIP108,35,Candida dubliniensis,1,1,1
1032,OSIP108,36,Candida glabrata,1,1,1
1032,OSIP108,38,Candida krusei,1,1,1
1033,Octadecyl gallate,64,Enterococcus faecalis,1,1,1
1033,Octadecyl gallate,121,Pseudomonas aeruginosa,1,1,1
1033,Octadecyl gallate,137,Staphylococcus aureus,1,1,1
1033,Octadecyl gallate,142,Staphylococcus epidermidis,1,1,1
1033,Octadecyl gallate,151,Streptococcus mutans,1,1,1
1034,Octameric peptide,67,Escherichia coli,1,1,1
1035,Octyl gallate,64,Enterococcus faecalis,1,1,1
1035,Octyl gallate,121,Pseudomonas aeruginosa,1,1,1
1035,Octyl gallate,137,Staphylococcus aureus,1,1,1
1035,Octyl gallate,142,Staphylococcus epidermidis,1,1,1
1035,Octyl gallate,151,Streptococcus mutans,1,1,1
1036,Ofloxacin,75,Haemophilus influenzae,1,4,9
1036,Ofloxacin,147,Stenotrophomonas maltophilia,1,1,1
1037,Oleanolic Acid,108,Mycobacterium smegmatis,1,1,1
1037,Oleanolic Acid,137,Staphylococcus aureus,1,1,1
1038,Oleic Acid,121,Pseudomonas aeruginosa,1,1,1
1039,Olive oil,137,Staphylococcus aureus,1,1,1
1040,Olmesartran,21,Bacillus subtilis,1,1,1
1041,Orange extract,174,Yersinia enterocolitica,1,1,1
1042,Oregano oil,137,Staphylococcus aureus,1,1,1
1043,Oseltamivir,92,Influenza A virus,1,4,5
1044,Oxacillin,47,Clostridium perfringens,1,2,2
1044,Oxacillin,137,Staphylococcus aureus,1,1,1
1044,Oxacillin,154,Streptococcus pneumoniae,1,3,1
1045,Oxantel,115,Porphyromonas gingivalis,1,1,1
1046,Oxiconazole nitrate,34,Candida albicans,1,1,1
1047,Oxyresveratrol,121,Pseudomonas aeruginosa,1,1,1
1047,Oxyresveratrol,137,Staphylococcus aureus,1,1,1
1048,Oxytetracycline,58,Enteric bacteria and other eubacteria,1,1,4
1048,Oxytetracycline,67,Escherichia coli,1,1,4
1048,Oxytetracycline,116,Propionibacterium acnes,1,3,1
1049,P10,137,Staphylococcus aureus,1,1,1
1050,P15-CSP,151,Streptococcus mutans,1,1,1
1051,P60.4Ac,137,Staphylococcus aureus,1,1,1
1052,PG-1,51,Cryptococcus neoformans,1,1,1
1053,PLF,34,Candida albicans,1,1,1
1054,PTP-7,137,Staphylococcus aureus,1,1,1
1055,Pa-MAP,67,Escherichia coli,1,1,1
1055,Pa-MAP,95,Klebsiella pneumoniae,1,1,1
1056,Palivizumab,91,Human respiratory syncytial virus B,1,1,3
1057,Palmitic acid,67,Escherichia coli,1,1,1
1057,Palmitic acid,121,Pseudomonas aeruginosa,1,1,1
1058,Palmitoyl-DL-carnitine,67,Escherichia coli,1,1,1
1058,Palmitoyl-DL-carnitine,121,Pseudomonas aeruginosa,1,1,1
1059,Pantaprazole,21,Bacillus subtilis,1,1,1
1060,Paromomycin,164,Thermus thermophilus,1,3,1
1061,Patulin,1,Achromobacter xylosoxidans,1,1,1
1061,Patulin,78,Halomonas pacifica,1,1,1
1061,Patulin,103,Marinobacter hydrocarbonoclasticus,1,1,1
1062,Pefloxacin,75,Haemophilus influenzae,1,4,12
1062,Pefloxacin,137,Staphylococcus aureus,1,1,1
1063,Pelargonidin,121,Pseudomonas aeruginosa,1,1,1
1064,Penciclovir,84,Human herpesvirus 1,1,1,8
1065,Penicillenol A1,34,Candida albicans,1,1,1
1065,Penicillenol A1,121,Pseudomonas aeruginosa,1,1,1
1065,Penicillenol A1,137,Staphylococcus aureus,1,1,1
1066,Penicillenol A2,34,Candida albicans,1,1,1
1066,Penicillenol A2,121,Pseudomonas aeruginosa,1,1,1
1066,Penicillenol A2,137,Staphylococcus aureus,1,1,1
1067,Penicillenol B1,34,Candida albicans,1,1,1
1067,Penicillenol B1,121,Pseudomonas aeruginosa,1,1,1
1067,Penicillenol B1,137,Staphylococcus aureus,1,1,1
1068,Penicillenol B2,34,Candida albicans,1,1,1
1068,Penicillenol B2,121,Pseudomonas aeruginosa,1,1,1
1068,Penicillenol B2,137,Staphylococcus aureus,1,1,1
1069,Penicillenol C1,34,Candida albicans,1,1,1
1069,Penicillenol C1,121,Pseudomonas aeruginosa,1,1,1
1069,Penicillenol C1,137,Staphylococcus aureus,1,1,1
1070,Penicillenol C2,34,Candida albicans,1,1,1
1070,Penicillenol C2,121,Pseudomonas aeruginosa,1,1,1
1070,Penicillenol C2,137,Staphylococcus aureus,1,1,1
1071,Penicillic acid,0,Achromobacter sp.,1,1,1
1071,Penicillic acid,1,Achromobacter xylosoxidans,1,1,1
1071,Penicillic acid,19,Bacillus cereus,1,1,1
1071,Penicillic acid,21,Bacillus subtilis,1,1,1
1071,Penicillic acid,121,Pseudomonas aeruginosa,1,1,1
1072,Penicillin G,100,Listeria monocytogenes,1,4,1
1073,Pentagalloylglucose,121,Pseudomonas aeruginosa,1,1,1
1073,Pentagalloylglucose,137,Staphylococcus aureus,1,2,1
1074,Pentamethoxyflavone,171,Vibrio harveyi,1,1,1
1075,Pentanol,34,Candida albicans,1,1,1
1076,Peppermint oil,9,Aeromonas hydrophila,1,1,1
1076,Peppermint oil,121,Pseudomonas aeruginosa,1,1,1
1076,Peppermint oil,137,Staphylococcus aureus,1,1,1
1077,Peptide 1,34,Candida albicans,1,1,1
1078,Peptide 1037,28,Burkholderia cenocepacia,1,1,1
1078,Peptide 1037,100,Listeria monocytogenes,1,1,1
1078,Peptide 1037,121,Pseudomonas aeruginosa,1,2,1
1079,Phenanthrene,67,Escherichia coli,1,1,1
1079,Phenanthrene,95,Klebsiella pneumoniae,1,1,1
1079,Phenanthrene,117,Proteus mirabilis,1,1,1
1079,Phenanthrene,118,Proteus vulgaris,1,1,1
1079,Phenanthrene,132,Serratia marcescens,1,1,1
1080,Phenobarbitone,34,Candida albicans,1,2,1
1081,"Phenol,2,4-bis(1,1-dimethylethyl)",132,Serratia marcescens,1,1,1
1082,Phenoxymethylpenicillin,47,Clostridium perfringens,1,2,2
1082,Phenoxymethylpenicillin,67,Escherichia coli,1,1,1
1082,Phenoxymethylpenicillin,102,Lysinibacillus sphaericus,1,1,1
1082,Phenoxymethylpenicillin,137,Staphylococcus aureus,1,1,1
1083,Phenyl-arginine-b-naphthylamide,67,Escherichia coli,1,1,1
1083,Phenyl-arginine-b-naphthylamide,121,Pseudomonas aeruginosa,1,1,1
1083,Phenyl-arginine-b-naphthylamide,137,Staphylococcus aureus,1,1,1
1084,Phenytoin,34,Candida albicans,1,2,1
1085,Phloretin,67,Escherichia coli,1,1,1
1085,Phloretin,137,Staphylococcus aureus,1,2,1
1086,Phloridzin,137,Staphylococcus aureus,1,1,1
1087,Phosphate,67,Escherichia coli,1,3,1
1088,Phosphorylserine,137,Staphylococcus aureus,1,1,1
1088,Phosphorylserine,143,Staphylococcus epidermis,1,1,1
1089,Phylloseptin-1,137,Staphylococcus aureus,1,1,1
1090,Picolinic acid,121,Pseudomonas aeruginosa,1,4,1
1091,Pine needle oil,137,Staphylococcus aureus,1,1,1
1092,Pinguisenol,121,Pseudomonas aeruginosa,1,1,1
1093,Piperacillin,100,Listeria monocytogenes,1,4,1
1093,Piperacillin,121,Pseudomonas aeruginosa,1,1,1
1093,Piperacillin,154,Streptococcus pneumoniae,1,3,1
1094,Piperacillin-Tazobactam,40,Candida spp.,1,1,1
1094,Piperacillin-Tazobactam,121,Pseudomonas aeruginosa,1,1,1
1095,Pivampicillin,47,Clostridium perfringens,1,2,3
1096,Pivmecillinam,47,Clostridium perfringens,1,2,3
1097,Platyphylloside,121,Pseudomonas aeruginosa,1,1,1
1098,Pleurocidin,65,Enterococcus faecium,1,1,1
1098,Pleurocidin,67,Escherichia coli,1,2,1
1098,Pleurocidin,116,Propionibacterium acnes,1,1,1
1098,Pleurocidin,121,Pseudomonas aeruginosa,1,1,1
1098,Pleurocidin,137,Staphylococcus aureus,1,1,1
1098,Pleurocidin,151,Streptococcus mutans,1,1,1
1099,Polyethyleneimine,2,Acinetobacter baumannii,1,2,1
1099,Polyethyleneimine,34,Candida albicans,1,2,1
1099,Polyethyleneimine,137,Staphylococcus aureus,1,2,1
1099,Polyethyleneimine,143,Staphylococcus epidermis,1,2,1
1100,Polymyxin B,147,Stenotrophomonas maltophilia,1,3,1
1101,Polysorbate 80,147,Stenotrophomonas maltophilia,1,3,1
1102,Posaconazole,34,Candida albicans,1,2,9
1103,Povidone Iodine,137,Staphylococcus aureus,1,3,1
1104,Praziquantel,130,Schistosoma,1,1,1
1105,Pro-Gly,121,Pseudomonas aeruginosa,1,1,1
1106,Prolificin A,137,Staphylococcus aureus,1,2,1
1106,Prolificin A,142,Staphylococcus epidermidis,1,1,1
1107,Propanol,34,Candida albicans,1,1,1
1108,Propyl gallate,64,Enterococcus faecalis,1,1,1
1108,Propyl gallate,121,Pseudomonas aeruginosa,1,1,1
1108,Propyl gallate,137,Staphylococcus aureus,1,1,1
1108,Propyl gallate,142,Staphylococcus epidermidis,1,1,1
1108,Propyl gallate,151,Streptococcus mutans,1,1,1
1109,Protamine sulphate,137,Staphylococcus aureus,1,1,1
1110,Protocatechuic acid,121,Pseudomonas aeruginosa,1,1,1
1111,Pseudomonas Quinolone Signal,151,Streptococcus mutans,1,1,1
1112,Psoralen,121,Pseudomonas aeruginosa,1,1,1
1113,Pyrazinamide,109,Mycobacterium tuberculosis,1,1,4
1114,Pyrimethamine,114,Plasmodium falciparum,1,2,6
1115,Pyrimidinedione,137,Staphylococcus aureus,1,6,1
1115,Pyrimidinedione,142,Staphylococcus epidermidis,1,1,1
1115,Pyrimidinedione,154,Streptococcus pneumoniae,1,4,1
1116,Pyrogallol,168,Vibrio anguillarum,1,1,1
1116,Pyrogallol,169,Vibrio campbellii,1,1,1
1116,Pyrogallol,170,Vibrio cholerae,1,1,1
1116,Pyrogallol,173,Vibrio vulnificus,1,1,1
1117,Pyrvinium pamoate,34,Candida albicans,1,1,1
1118,Quercetin,67,Escherichia coli,1,1,1
1118,Quercetin,121,Pseudomonas aeruginosa,1,2,2
1118,Quercetin,171,Vibrio harveyi,1,1,1
1119,Quercetin Dihydrate,137,Staphylococcus aureus,1,1,1
1120,Quercetin-3-O-glucuronide,137,Staphylococcus aureus,1,1,1
1121,Quinine,114,Plasmodium falciparum,1,1,2
1122,Quinizarin,151,Streptococcus mutans,1,1,1
1123,Quinolin-8-ol,132,Serratia marcescens,1,1,1
1124,Quinupristin,58,Enteric bacteria and other eubacteria,1,1,4
1124,Quinupristin,67,Escherichia coli,1,1,8
1124,Quinupristin,134,Shigella flexneri,1,1,3
1125,Quinupristin/dalfopristin,137,Staphylococcus aureus,1,1,1
1126,R-FV-I16,67,Escherichia coli,1,1,1
1126,R-FV-I16,121,Pseudomonas aeruginosa,1,1,1
1127,R-Thanatin,142,Staphylococcus epidermidis,1,1,1
1128,RI-19,31,Burkholderia pseudomallei,1,1,1
1129,RK-19,31,Burkholderia pseudomallei,1,1,1
1130,RK-25,31,Burkholderia pseudomallei,1,1,1
1131,RK-31,31,Burkholderia pseudomallei,1,1,1
1132,RNAIII-inhibiting Peptide,137,Staphylococcus aureus,1,3,2
1132,RNAIII-inhibiting Peptide,142,Staphylococcus epidermidis,1,2,1
1133,RT2,67,Escherichia coli,1,1,1
1134,RTA3,31,Burkholderia pseudomallei,1,1,1
1135,Raltegravir,89,Human immunodeficiency virus 1,1,1,2
1136,Raspberry KAS 434,17,Bacillus amyloliquefaciens,1,1,1
1136,Raspberry KAS 434,77,Hafnia paralvei,1,1,1
1136,Raspberry KAS 434,111,Obesumbacterium proteus,1,1,1
1136,Raspberry KAS 434,121,Pseudomonas aeruginosa,1,1,1
1136,Raspberry KAS 434,125,Pseudomonas libaniensis,1,1,1
1137,Reserpine,151,Streptococcus mutans,1,1,1
1138,Resorcinol,137,Staphylococcus aureus,1,1,1
1139,Resveratrol,28,Burkholderia cenocepacia,1,2,1
1139,Resveratrol,30,Burkholderia multivorans,1,2,1
1139,Resveratrol,67,Escherichia coli,1,1,1
1139,Resveratrol,121,Pseudomonas aeruginosa,1,2,1
1139,Resveratrol,137,Staphylococcus aureus,1,1,1
1140,Rhein,121,Pseudomonas aeruginosa,1,1,1
1140,Rhein,147,Stenotrophomonas maltophilia,1,1,1
1140,Rhein,151,Streptococcus mutans,1,1,1
1141,Rhodomyrtone,116,Propionibacterium acnes,1,6,1
1142,Ribavirin,52,Dengue Virus Type 2,1,1,2
1142,Ribavirin,90,Human parainfluenza virus type 2,1,1,2
1142,Ribavirin,92,Influenza A virus,1,4,3
1143,Rifabutin,67,Escherichia coli,1,1,3
1144,Rifalazil,67,Escherichia coli,1,1,1
1145,Rifampicin,67,Escherichia coli,1,1,5
1145,Rifampicin,137,Staphylococcus aureus,1,1,1
1145,Rifampicin,142,Staphylococcus epidermidis,1,1,1
1146,Rifapentine,109,Mycobacterium tuberculosis,1,1,4
1147,Rilpivirine,89,Human immunodeficiency virus 1,1,1,1
1148,Rimantadine,92,Influenza A virus,1,4,5
1149,Ritonavir,88,Human immunodeficiency virus,1,1,2
1149,Ritonavir,89,Human immunodeficiency virus 1,1,1,5
1150,Rosmarinic acid,9,Aeromonas hydrophila,1,3,1
1150,Rosmarinic acid,121,Pseudomonas aeruginosa,1,1,1
1151,Rosoxacin,67,Escherichia coli,1,1,5
1152,Rufloxacin,147,Stenotrophomonas maltophilia,1,1,1
1153,Rutaecarpine,33,Campylobacter jejuni,1,1,1
1154,Rutin,67,Escherichia coli,1,1,1
1154,Rutin,121,Pseudomonas aeruginosa,1,1,1
1154,Rutin,171,Vibrio harveyi,1,1,1
1155,S-(2-Aminoethyl)-L-cysteine hydrochloride,151,Streptococcus mutans,1,1,1
1155,S-(2-Aminoethyl)-L-cysteine hydrochloride,159,Streptococcus sanguis,1,1,1
1156,S-(2-thiazoyl)-L-cysteine,151,Streptococcus mutans,1,1,1
1157,S-(2-thienyl)-L-cysteine,7,Actinomyces oris,1,1,1
1157,S-(2-thienyl)-L-cysteine,151,Streptococcus mutans,1,1,1
1158,S-(4-tolyl)-L-cysteine,7,Actinomyces oris,1,1,1
1158,S-(4-tolyl)-L-cysteine,151,Streptococcus mutans,1,1,1
1158,S-(4-tolyl)-L-cysteine,159,Streptococcus sanguis,1,1,1
1159,S-OSIP108,34,Candida albicans,1,1,1
1160,S-carboxylmethyl-L-cysteine,7,Actinomyces oris,1,1,1
1160,S-carboxylmethyl-L-cysteine,151,Streptococcus mutans,1,1,1
1161,S-ethyl-L-cysteine,151,Streptococcus mutans,1,1,1
1161,S-ethyl-L-cysteine,159,Streptococcus sanguis,1,1,1
1162,S-methyl- L-cysteine,151,Streptococcus mutans,1,1,1
1162,S-methyl- L-cysteine,159,Streptococcus sanguis,1,1,1
1163,S-phenyl-L-cysteine,7,Actinomyces oris,1,1,1
1163,S-phenyl-L-cysteine,151,Streptococcus mutans,1,1,1
1163,S-phenyl-L-cysteine,159,Streptococcus sanguis,1,1,1
1164,S-phenyl-L-cysteine sulfoxide,121,Pseudomonas aeruginosa,1,1,1
1165,S-propyl-L-cysteine,151,Streptococcus mutans,1,1,1
1166,S6L3-33,151,Streptococcus mutans,1,1,1
1166,S6L3-33,158,Streptococcus sanguinis,1,1,1
1167,SMAP-29,32,Burkholderia thailandensis,1,1,1
1167,SMAP-29,121,Pseudomonas aeruginosa,1,2,1
1167,SMAP-29,137,Staphylococcus aureus,1,2,1
1167,SMAP-29,147,Stenotrophomonas maltophilia,1,2,1
1168,SP1,121,Pseudomonas aeruginosa,1,1,1
1168,SP1,137,Staphylococcus aureus,1,4,1
1169,SQ109,109,Mycobacterium tuberculosis,1,1,1
1170,Sage oil,137,Staphylococcus aureus,1,1,1
1171,Salicylic Acid,34,Candida albicans,1,1,1
1171,Salicylic Acid,59,Enterobacter aerogenes,1,1,1
1171,Salicylic Acid,64,Enterococcus faecalis,1,1,1
1171,Salicylic Acid,95,Klebsiella pneumoniae,1,1,1
1172,Salicylic acid,121,Pseudomonas aeruginosa,1,2,2
1173,Sanguinarine,137,Staphylococcus aureus,1,1,1
1173,Sanguinarine,142,Staphylococcus epidermidis,1,1,1
1174,Saquinavir,88,Human immunodeficiency virus,1,1,3
1174,Saquinavir,89,Human immunodeficiency virus 1,1,1,7
1175,Scopoletin,67,Escherichia coli,1,1,1
1176,Scrambled LL-37,11,Aggregatibacter actinomycetemcomitans,1,6,1
1177,Seg6D,121,Pseudomonas aeruginosa,1,1,1
1178,Seg6L,121,Pseudomonas aeruginosa,1,1,1
1179,Sennidin A,151,Streptococcus mutans,1,1,1
1180,Sertaconazole nitrate,34,Candida albicans,1,1,1
1181,Shikonin,121,Pseudomonas aeruginosa,1,1,1
1181,Shikonin,147,Stenotrophomonas maltophilia,1,1,1
1182,Siamycin I,64,Enterococcus faecalis,1,1,1
1183,Silver Ion,121,Pseudomonas aeruginosa,1,1,1
1184,Silver dihydrogen citrate,137,Staphylococcus aureus,1,4,1
1185,Silver nanoparticles,34,Candida albicans,1,1,1
1185,Silver nanoparticles,67,Escherichia coli,1,1,1
1185,Silver nanoparticles,121,Pseudomonas aeruginosa,1,2,3
1185,Silver nanoparticles,137,Staphylococcus aureus,1,3,3
1185,Silver nanoparticles,142,Staphylococcus epidermidis,1,1,1
1186,Silver nanowires,121,Pseudomonas aeruginosa,1,1,1
1187,Silver nitrate,29,Burkholderia cepacia,1,1,1
1187,Silver nitrate,67,Escherichia coli,1,1,1
1187,Silver nitrate,97,Kocuria rhizophila,1,1,1
1187,Silver nitrate,121,Pseudomonas aeruginosa,1,1,1
1187,Silver nitrate,137,Staphylococcus aureus,1,1,1
1187,Silver nitrate,142,Staphylococcus epidermidis,1,1,1
1188,Silver sulfadiazine,137,Staphylococcus aureus,1,4,1
1189,Silver sulphate,137,Staphylococcus aureus,1,1,1
1190,Silybin,137,Staphylococcus aureus,1,1,1
1191,Simeprevir,83,Hepatitis C virus,1,1,1
1192,Sinapic acid,67,Escherichia coli,1,1,1
1193,Sinefungin,154,Streptococcus pneumoniae,1,1,1
1194,Sinensetin,67,Escherichia coli,1,2,2
1194,Sinensetin,171,Vibrio harveyi,1,1,1
1195,Sm6(L1)2C,151,Streptococcus mutans,1,1,1
1196,Sm6(L2)B33,151,Streptococcus mutans,1,1,1
1197,Sm6(L3)2C,151,Streptococcus mutans,1,1,1
1198,Sodium Chloride,33,Campylobacter jejuni,1,1,1
1198,Sodium Chloride,123,Pseudomonas fluorescens,1,1,1
1199,Sodium ascorbate,121,Pseudomonas aeruginosa,1,1,1
1200,Sodium sulfate,123,Pseudomonas fluorescens,1,1,1
1201,Sorbitol,8,Actinoplanes missouriensis,1,7,2
1201,Sorbitol,14,Arthrobacter sp.,1,1,2
1201,Sorbitol,67,Escherichia coli,1,1,2
1201,Sorbitol,162,Streptomyces rubiginosus,1,1,2
1202,Spermine,170,Vibrio cholerae,1,1,1
1203,Ssp (A4K-A11K),151,Streptococcus mutans,1,1,1
1204,Stavudine,89,Human immunodeficiency virus 1,1,1,2
1205,Stearic acid,170,Vibrio cholerae,1,1,1
1206,Stilbene,67,Escherichia coli,1,1,1
1207,Streptomycin,67,Escherichia coli,1,1,3
1207,Streptomycin,121,Pseudomonas aeruginosa,1,1,1
1207,Streptomycin,137,Staphylococcus aureus,1,1,1
1208,Streptorubin B,137,Staphylococcus aureus,1,1,1
1209,Subtilosin,67,Escherichia coli,1,1,1
1209,Subtilosin,73,Gardnerella vaginalis,1,1,1
1209,Subtilosin,100,Listeria monocytogenes,1,1,1
1210,Sucrose,33,Campylobacter jejuni,1,1,1
1211,Sulbactam,137,Staphylococcus aureus,1,1,2
1212,Sulconazole nitrate,34,Candida albicans,1,1,1
1213,Sulfacetamide,27,Baker's yeast,1,1,1
1213,Sulfacetamide,54,Dihydropteroate synthase type-1,1,1,1
1213,Sulfacetamide,67,Escherichia coli,1,1,3
1214,Sulfacytine,67,Escherichia coli,1,1,3
1215,Sulfadiazine,114,Plasmodium falciparum,1,1,3
1216,Sulfadoxine,114,Plasmodium falciparum,1,3,6
1217,Sulfalene,114,Plasmodium falciparum,1,1,3
1218,Sulfamerazine,67,Escherichia coli,1,1,3
1219,Sulfamethazine,67,Escherichia coli,1,1,3
1220,Sulfamethizole,67,Escherichia coli,1,1,3
1221,Sulfamethoxazole,67,Escherichia coli,1,1,4
1222,Sulfamoxole,114,Plasmodium falciparum,1,1,1
1223,Sulfanilamide,67,Escherichia coli,1,1,3
1224,Sulfaphenazole,67,Escherichia coli,1,1,1
1225,Sulfathiazole,114,Plasmodium falciparum,1,1,1
1226,Sulfisoxazole,67,Escherichia coli,1,1,5
1227,Syringic acid,67,Escherichia coli,1,1,1
1228,TMB-8,34,Candida albicans,1,1,1
1229,TMC-151s C,34,Candida albicans,1,1,1
1230,TZD-C8,121,Pseudomonas aeruginosa,1,1,1
1231,Tachyplesin III,121,Pseudomonas aeruginosa,1,1,1
1232,Tangeretin,171,Vibrio harveyi,1,1,1
1233,Tangerine oil,137,Staphylococcus aureus,1,1,1
1234,Tannic acid,67,Escherichia coli,1,1,1
1234,Tannic acid,117,Proteus mirabilis,1,1,1
1234,Tannic acid,121,Pseudomonas aeruginosa,1,2,2
1235,Taurine,7,Actinomyces oris,1,1,1
1235,Taurine,151,Streptococcus mutans,1,1,1
1235,Taurine,159,Streptococcus sanguis,1,1,1
1236,Tazobactam,67,Escherichia coli,1,1,2
1236,Tazobactam,128,Salmonella Typhi,1,1,1
1237,Tea tree oil,137,Staphylococcus aureus,1,1,1
1238,Teichoplanin,137,Staphylococcus aureus,1,1,1
1239,Telaprevir,83,Hepatitis C virus,1,1,1
1240,Telekin,34,Candida albicans,1,1,1
1241,Telithromycin,58,Enteric bacteria and other eubacteria,1,1,6
1242,Tellurite,121,Pseudomonas aeruginosa,1,1,1
1243,Tenofovir,89,Human immunodeficiency virus 1,1,1,2
1244,Terconazole,34,Candida albicans,1,1,1
1245,Terpinene-4-ol,19,Bacillus cereus,1,1,1
1245,Terpinene-4-ol,67,Escherichia coli,1,1,1
1245,Terpinene-4-ol,113,Pichia anomala,1,1,1
1245,Terpinene-4-ol,126,Pseudomonas putida,1,1,1
1246,Tert-butanol,34,Candida albicans,1,1,1
1247,Tet-20,121,Pseudomonas aeruginosa,1,1,1
1248,Tet-213,121,Pseudomonas aeruginosa,1,1,1
1248,Tet-213,137,Staphylococcus aureus,1,5,1
1249,Tet-26,121,Pseudomonas aeruginosa,1,1,1
1250,Tetracycline,58,Enteric bacteria and other eubacteria,1,1,4
1250,Tetracycline,67,Escherichia coli,1,2,2
1251,Tetrameric peptide,67,Escherichia coli,1,1,1
1252,Tetrazol-1-yl,121,Pseudomonas aeruginosa,1,1,1
1253,Thiazolidinedione-8,34,Candida albicans,1,2,3
1253,Thiazolidinedione-8,151,Streptococcus mutans,1,1,1
1254,Thimerosal,34,Candida albicans,1,1,1
1255,Thiophenone TF101,67,Escherichia coli,1,3,1
1256,Thonzonium bromide,34,Candida albicans,1,1,1
1257,Thymol,67,Escherichia coli,1,1,1
1257,Thymol,151,Streptococcus mutans,1,1,1
1258,Ticarcillin,137,Staphylococcus aureus,1,1,1
1259,Tigecycline,58,Enteric bacteria and other eubacteria,1,1,2
1259,Tigecycline,67,Escherichia coli,1,1,3
1259,Tigecycline,137,Staphylococcus aureus,1,1,1
1260,Tiliroside,137,Staphylococcus aureus,1,1,1
1261,Timolol,63,Enterobacteria phage T4,1,1,1
1262,Tioconazole,34,Candida albicans,1,1,1
1263,Tipranavir,88,Human immunodeficiency virus,1,1,8
1263,Tipranavir,89,Human immunodeficiency virus 1,1,1,8
1264,Titanium dioxide,67,Escherichia coli,1,1,1
1265,Tobramycin,28,Burkholderia cenocepacia,1,2,2
1265,Tobramycin,30,Burkholderia multivorans,1,1,1
1265,Tobramycin,58,Enteric bacteria and other eubacteria,1,1,5
1265,Tobramycin,67,Escherichia coli,1,1,4
1265,Tobramycin,109,Mycobacterium tuberculosis,1,1,1
1265,Tobramycin,121,Pseudomonas aeruginosa,1,7,5
1265,Tobramycin,137,Staphylococcus aureus,1,3,2
1265,Tobramycin,147,Stenotrophomonas maltophilia,1,1,1
1266,Tobramycin-bismuth-ethanedithiol,121,Pseudomonas aeruginosa,1,1,1
1267,Tomentosin,34,Candida albicans,1,1,1
1268,Toremifene,34,Candida albicans,1,4,1
1268,Toremifene,35,Candida dubliniensis,1,1,1
1268,Toremifene,36,Candida glabrata,1,1,1
1268,Toremifene,38,Candida krusei,1,1,1
1268,Toremifene,121,Pseudomonas aeruginosa,1,1,1
1268,Toremifene,137,Staphylococcus aureus,1,1,1
1268,Toremifene,142,Staphylococcus epidermidis,1,1,1
1269,Tricaine,121,Pseudomonas aeruginosa,1,1,1
1270,Triclosan,18,Bacillus anthracis,1,1,1
1270,Triclosan,67,Escherichia coli,1,1,1
1270,Triclosan,79,Helicobacter pylori,1,2,1
1270,Triclosan,109,Mycobacterium tuberculosis,1,1,1
1270,Triclosan,137,Staphylococcus aureus,1,1,1
1270,Triclosan,151,Streptococcus mutans,1,2,2
1271,"Triethyl[2-({10,15,20,24,26,29,31,33,34-nonakis[3-(triethylphosphaniumyl)propoxy]hexacyclo[21.2.2.2,.2,.2,.2]pentatriaconta-1(25),3(35),4,6(34),8,10,13,15,18,20,23,26,28,30,32-pentadecaen-4-yl}oxy)ethyl]phosphanium decabromide",64,Enterococcus faecalis,1,1,1
1271,"Triethyl[2-({10,15,20,24,26,29,31,33,34-nonakis[3-(triethylphosphaniumyl)propoxy]hexacyclo[21.2.2.2,.2,.2,.2]pentatriaconta-1(25),3(35),4,6(34),8,10,13,15,18,20,23,26,28,30,32-pentadecaen-4-yl}oxy)ethyl]phosphanium decabromide",137,Staphylococcus aureus,1,1,1
1272,"Triethyl[3-({33-[2-(triethylazaniumyl)ethoxy]-10,15,20,25,27,29,31,34-octakis[3-(triethylazaniumyl)propoxy]hexacyclo[21.2.2.2.2.2.2]pentatriaconta-1(25),3,5,8,10,13,15,18,20,23,26,28,30,32,34-pentadecaen-4-yl}oxy)propyl]azanium decabromide",64,Enterococcus faecalis,1,1,1
1272,"Triethyl[3-({33-[2-(triethylazaniumyl)ethoxy]-10,15,20,25,27,29,31,34-octakis[3-(triethylazaniumyl)propoxy]hexacyclo[21.2.2.2.2.2.2]pentatriaconta-1(25),3,5,8,10,13,15,18,20,23,26,28,30,32,34-pentadecaen-4-yl}oxy)propyl]azanium decabromide",137,Staphylococcus aureus,1,1,1
1273,Trimethoprim-sulfamethoxazole,147,Stenotrophomonas maltophilia,1,1,1
1274,Trimethoxyflavone,171,Vibrio harveyi,1,1,1
1275,Trimethyl(3-{4-[3-(trimethylazaniumyl)propoxy]phenoxy}propyl)azanium dibromide,64,Enterococcus faecalis,1,1,1
1275,Trimethyl(3-{4-[3-(trimethylazaniumyl)propoxy]phenoxy}propyl)azanium dibromide,137,Staphylococcus aureus,1,1,1
1276,Trimethyl(3-{4-[3-(trimethylphosphaniumyl)propoxy]phenoxy}propyl)phosphanium dibromide,64,Enterococcus faecalis,1,1,1
1276,Trimethyl(3-{4-[3-(trimethylphosphaniumyl)propoxy]phenoxy}propyl)phosphanium dibromide,137,Staphylococcus aureus,1,1,1
1277,"Trimethyl[2-({10,15,20,24,26,29,31,33,34-nonakis[3-(trimethylphosphaniumyl)propoxy]hexacyclo[21.2.2.2,.2,.2,.2]pentatriaconta-1(25),3(35),4,6(34),8,10,13,15,18,20,23,26,28,30,32-pentadecaen-4-yl}oxy)ethyl]phosphanium decabromide",64,Enterococcus faecalis,1,1,1
1277,"Trimethyl[2-({10,15,20,24,26,29,31,33,34-nonakis[3-(trimethylphosphaniumyl)propoxy]hexacyclo[21.2.2.2,.2,.2,.2]pentatriaconta-1(25),3(35),4,6(34),8,10,13,15,18,20,23,26,28,30,32-pentadecaen-4-yl}oxy)ethyl]phosphanium decabromide",137,Staphylococcus aureus,1,1,1
1278,"Trimethyl[3-({33-[2-(trimethylazaniumyl)ethoxy]-10,15,20,25,27,29,31,34-octakis[3-(trimethylazaniumyl)propoxy]hexacyclo[21.2.2.2,.2,.2,.2]pentatriaconta-1(25),3,5,8,10,13,15,18,20,23,26,28,30,32,34-pentadecaen-4-yl}oxy)propyl]azanium decabromide",64,Enterococcus faecalis,1,1,1
1278,"Trimethyl[3-({33-[2-(trimethylazaniumyl)ethoxy]-10,15,20,25,27,29,31,34-octakis[3-(trimethylazaniumyl)propoxy]hexacyclo[21.2.2.2,.2,.2,.2]pentatriaconta-1(25),3,5,8,10,13,15,18,20,23,26,28,30,32,34-pentadecaen-4-yl}oxy)propyl]azanium decabromide",137,Staphylococcus aureus,1,1,1
1279,Trovafloxacin,75,Haemophilus influenzae,1,4,8
1280,Tyrosol,34,Candida albicans,1,1,1
1280,Tyrosol,36,Candida glabrata,1,1,1
1280,Tyrosol,151,Streptococcus mutans,1,1,1
1281,Tyrphostin 9,34,Candida albicans,1,1,1
1282,Tyrphostin AG1478,34,Candida albicans,1,1,1
1283,Umbelliferone,67,Escherichia coli,1,1,1
1284,Undecanoic acid,67,Escherichia coli,1,1,1
1284,Undecanoic acid,95,Klebsiella pneumoniae,1,1,1
1284,Undecanoic acid,117,Proteus mirabilis,1,1,1
1284,Undecanoic acid,118,Proteus vulgaris,1,1,1
1284,Undecanoic acid,132,Serratia marcescens,1,1,1
1285,Undecyl beta-maltoside,121,Pseudomonas aeruginosa,1,1,1
1286,Uracil,67,Escherichia coli,1,2,2
1286,Uracil,84,Human herpesvirus 1,1,1,2
1287,Ursolic Acid,121,Pseudomonas aeruginosa,1,1,1
1287,Ursolic Acid,137,Staphylococcus aureus,1,2,2
1288,Ursolic acid,67,Escherichia coli,1,2,1
1288,Ursolic acid,121,Pseudomonas aeruginosa,1,1,1
1288,Ursolic acid,171,Vibrio harveyi,1,1,1
1289,Usnic acid,34,Candida albicans,1,1,1
1290,VS2,64,Enterococcus faecalis,1,1,1
1291,VSL2,64,Enterococcus faecalis,1,1,1
1292,Vancomycin,12,Amycolatopsis orientalis,1,1,1
1292,Vancomycin,40,Candida spp.,1,1,1
1292,Vancomycin,64,Enterococcus faecalis,1,1,1
1292,Vancomycin,65,Enterococcus faecium,1,1,1
1292,Vancomycin,137,Staphylococcus aureus,1,10,4
1292,Vancomycin,138,Staphylococcus capitis,1,1,1
1292,Vancomycin,139,Staphylococcus caprae,1,1,1
1292,Vancomycin,140,Staphylococcus chromogenes,1,1,1
1292,Vancomycin,141,Staphylococcus cohnii,1,1,1
1292,Vancomycin,142,Staphylococcus epidermidis,1,1,1
1293,Vanillic acid,67,Escherichia coli,1,1,1
1294,Vanillin,9,Aeromonas hydrophila,1,1,1
1294,Vanillin,67,Escherichia coli,1,1,1
1295,Vanillylacetone,121,Pseudomonas aeruginosa,1,1,1
1296,Verapamil,109,Mycobacterium tuberculosis,1,1,1
1297,Vidarabine,84,Human herpesvirus 1,1,1,4
1297,Vidarabine,85,Human herpesvirus 3,1,1,5
1297,Vidarabine,86,Human herpesvirus 4,1,1,3
1298,Viomycin,109,Mycobacterium tuberculosis,1,1,1
1299,Virginiamycin M1,65,Enterococcus faecium,1,1,2
1300,Virstatin,3,Acinetobacter nosocomialis,1,1,1
1301,Vitamin C,67,Escherichia coli,1,1,1
1302,Vitamin E,67,Escherichia coli,1,1,1
1303,Vitexin,121,Pseudomonas aeruginosa,1,1,1
1304,Voriconazole,34,Candida albicans,1,1,1
1305,W-7 Hydrochloride,34,Candida albicans,1,1,1
1306,Wheat bran,137,Staphylococcus aureus,1,1,1
1307,YC-1 compound,34,Candida albicans,1,1,1
1308,Yohimbine hydrochloride,34,Candida albicans,1,1,1
1309,Zalcitabine,89,Human immunodeficiency virus 1,1,1,2
1310,Zanamivir,92,Influenza A virus,1,4,4
1310,Zanamivir,93,Influenza B virus,1,4,2
1311,Zeaxanthin,121,Pseudomonas aeruginosa,1,1,1
1312,Zidovudine,89,Human immunodeficiency virus 1,1,1,3
1313,Zinc,67,Escherichia coli,1,1,1
1314,Zinc Dichloride,121,Pseudomonas aeruginosa,1,1,1
1315,Zinc Nitrate,121,Pseudomonas aeruginosa,1,1,1
1316,Zinc oxide,67,Escherichia coli,1,1,1
1316,Zinc oxide,121,Pseudomonas aeruginosa,1,1,1
1316,Zinc oxide,137,Staphylococcus aureus,1,2,1
1317,Zinc sulfate,29,Burkholderia cepacia,1,1,1
1317,Zinc sulfate,67,Escherichia coli,1,1,1
1317,Zinc sulfate,97,Kocuria rhizophila,1,1,1
1317,Zinc sulfate,121,Pseudomonas aeruginosa,1,1,1
1317,Zinc sulfate,137,Staphylococcus aureus,1,1,1
1317,Zinc sulfate,142,Staphylococcus epidermidis,1,1,1
1318,ZnO nanoparticles,121,Pseudomonas aeruginosa,1,16,1
1319,Zotepine,34,Candida albicans,1,1,1
1320,[(ethanesulfinyl)sulfanyl]ethane,151,Streptococcus mutans,1,1,1
1321,alpha-Defensin-3,51,Cryptococcus neoformans,1,1,1
1322,alpha-Humulene,34,Candida albicans,1,1,1
1323,alpha-Longipinene,34,Candida albicans,1,1,1
1324,alpha-Pinene,19,Bacillus cereus,1,1,1
1324,alpha-Pinene,34,Candida albicans,1,1,1
1324,alpha-Pinene,67,Escherichia coli,1,1,1
1325,alpha-costic acid,34,Candida albicans,1,1,1
1326,alpha-mangostin,142,Staphylococcus epidermidis,1,1,1
1327,alpha-pinene,113,Pichia anomala,1,1,1
1328,alpha-tocopherol,137,Staphylococcus aureus,1,4,1
1329,beta-6-20-G3K6,142,Staphylococcus epidermidis,1,1,1
1330,beta-Caryophyllene,34,Candida albicans,1,1,1
1331,beta-Defensin-1,51,Cryptococcus neoformans,1,1,1
1332,beta-Defensin-3,51,Cryptococcus neoformans,1,1,1
1333,beta-Pinene,34,Candida albicans,1,1,1
1334,beta-sitosterol glucoside,67,Escherichia coli,1,1,1
1335,cat-AGE-RK1,34,Candida albicans,1,1,1
1335,cat-AGE-RK1,67,Escherichia coli,1,1,1
1335,cat-AGE-RK1,137,Staphylococcus aureus,1,1,1
1336,cat-AGE-RK2,34,Candida albicans,1,1,1
1336,cat-AGE-RK2,67,Escherichia coli,1,1,1
1336,cat-AGE-RK2,137,Staphylococcus aureus,1,1,1
1337,cis-2-dodecenoic acid,34,Candida albicans,1,2,1
1337,cis-2-dodecenoic acid,121,Pseudomonas aeruginosa,1,1,1
1338,cis-4-Hydroxy-L-proline,143,Staphylococcus epidermis,1,1,1
1339,cis-Stillbene,137,Staphylococcus aureus,1,1,1
1340,cov-GK7-NH2,115,Porphyromonas gingivalis,1,1,1
1341,cov-GL13K,115,Porphyromonas gingivalis,1,1,1
1342,cyclo(Trp-Ser),121,Pseudomonas aeruginosa,1,1,1
1343,cyclophosphamide,70,Firmicutes,1,1,1
1344,dF17-6K,34,Candida albicans,1,1,1
1344,dF17-6K,41,Candida tropicalis,1,1,1
1345,dF21-10K,34,Candida albicans,1,1,1
1345,dF21-10K,41,Candida tropicalis,1,1,1
1346,den-SB056,121,Pseudomonas aeruginosa,1,1,1
1346,den-SB056,142,Staphylococcus epidermidis,1,1,1
1347,den-SB056-1,121,Pseudomonas aeruginosa,1,1,1
1347,den-SB056-1,142,Staphylococcus epidermidis,1,1,1
1348,digoxin,56,Eggerthella lenta,1,1,2
1349,epsilon-Polylysine,67,Escherichia coli,1,1,1
1349,epsilon-Polylysine,137,Staphylococcus aureus,1,1,1
1350,epsilon-viniferin,67,Escherichia coli,1,1,1
1350,epsilon-viniferin,121,Pseudomonas aeruginosa,1,2,1
1351,faropenem medoxomil,67,Escherichia coli,1,1,1
1351,faropenem medoxomil,155,Streptococcus pneumoniae serotype 4,1,2,1
1352,hLF1-11,34,Candida albicans,1,4,1
1353,kappa-Pyrosulfite,67,Escherichia coli,1,1,1
1354,knightine,121,Pseudomonas aeruginosa,1,1,1
1354,knightine,137,Staphylococcus aureus,1,1,1
1354,knightine,171,Vibrio harveyi,1,1,1
1355,lin-SB056,121,Pseudomonas aeruginosa,1,1,1
1355,lin-SB056,142,Staphylococcus epidermidis,1,1,1
1356,lin-SB056-1,121,Pseudomonas aeruginosa,1,1,1
1356,lin-SB056-1,142,Staphylococcus epidermidis,1,1,1
1357,meta-toluidine,121,Pseudomonas aeruginosa,1,1,1
1358,methanesulfonylbenzene,121,Pseudomonas aeruginosa,1,1,1
1359,n-Hexane,137,Staphylococcus aureus,1,1,1
1360,n-Methyl-D-valine,137,Staphylococcus aureus,1,1,1
1360,n-Methyl-D-valine,143,Staphylococcus epidermis,1,1,1
1361,nimesulide,51,Cryptococcus neoformans,1,1,1
1361,nimesulide,165,Trichophyton mentagrophytes,1,1,1
1362,nitrazepam,45,Clostridium leptum,1,1,1
1363,"octane-1,8-diamine",132,Serratia marcescens,1,1,1
1364,p-Coumaric acid,67,Escherichia coli,1,1,1
1364,p-Coumaric acid,121,Pseudomonas aeruginosa,1,1,1
1365,p-nitrophenyl glycerol,117,Proteus mirabilis,1,1,1
1366,para-Benzoquinone,28,Burkholderia cenocepacia,1,2,1
1366,para-Benzoquinone,30,Burkholderia multivorans,1,2,1
1367,para-anisidine,121,Pseudomonas aeruginosa,1,1,1
1368,para-ethoxyaniline,121,Pseudomonas aeruginosa,1,1,1
1369,para-ethylaniline,121,Pseudomonas aeruginosa,1,1,1
1370,para-toluidine,121,Pseudomonas aeruginosa,1,1,1
1371,phys-GL13K,115,Porphyromonas gingivalis,1,1,1
1372,prop-2-ene-1-SO-thioperoxol,151,Streptococcus mutans,1,1,1
1373,sorivudine,22,Bacteroides,1,1,1
1373,sorivudine,23,Bacteroides eggerthii,1,1,1
1373,sorivudine,26,Bacteroides vulgatus,1,1,1
1374,trans-2-Nonenal,170,Vibrio cholerae,1,1,1
1374,trans-2-Nonenal,171,Vibrio harveyi,1,1,1
1375,trans-2-Pentenal,170,Vibrio cholerae,1,1,1
1375,trans-2-Pentenal,171,Vibrio harveyi,1,1,1
1376,trans-2-dodecenoic acid,34,Candida albicans,1,1,1
1377,trans-Resveratrol,137,Staphylococcus aureus,1,1,1
1378,trans-Stillbene,137,Staphylococcus aureus,1,1,1
