Drug,Microbe,Label,Drug_ID,Microbe_ID
Aztreonam,Citrobacter freundii,1,458,43
Carbonyl cyanide m-chlorophenylhydrazone,Staphylococcus aureus,1,524,141
OHC8HL,Arthrobacter sp. ,0,1039,14
"(1R,3S,7R,8S,11S,12R)-3-hydroxy-1,4,8-trimethyl-12-(propan-2-yl)tricyclo[9.3.0.0]tetradec-4-en-6-one",Streptococcus pyogenes,0,8,160
"1-[2-(naphthalen-1-yl)-5-(3,4,5-trimethoxyphenyl)-1,3,4-oxadiazol-3(2H)-yl]ethanone",Pseudomonas aeruginosa,1,135,125
"2-(4-methoxyphenyl)-N-(3-{[2-(4-methoxyphenyl)ethyl]imino}-1,4-dihydro-2-quinox alinylidene)ethanamine",Acinetobacter oleiovorans,0,207,4
Indole,Staphylococcus capitis,0,827,142
Ticarcillin,Marinobacter hydrocarbonoclasticus,0,1271,107
Dicinnamyl,Stenotrophomonas maltophilia,0,674,151
Erythritol,Streptococcus mutans,1,712,155
Guaiacol,Escherichia coli,1,789,69
Isothiocyanate,Pseudomonas aeruginosa,1,847,125
hLF1-11,Candida albicans,1,1367,34
Cefaclor,Clostridium perfringens ,1,537,48
"2-(4,5-dibromo-1-methyl-1H-pyrrol-2-yl)-5-(methylthio)-1,3,4-oxadiazole",Streptococcus epidermidis,1,195,152
(3R)-4-(4-acetylphenyl)-3-aminobutan-2-one,Enterococcus faecalis,0,69,66
Norfloxacin,Stenotrophomonas maltophilia,1,1028,151
Ethambutol,Mycobacterium tuberculosis,1,719,113
Norfloxacin,Firmicutes,0,1028,73
Phenanthrene,Proteus vulgaris,1,1088,122
Clove oil,Pseudomonas aeruginosa,1,605,125
Fluconazole,Candida albicans,1,743,34
"(2E)-1-(3 ,5 -dimethoxyphenyl)-3-(2-naphthyl)-2-propen-1-one",Serratia marcescens,0,26,136
S-OSIP108,Pseudomonas libaniensis,0,1168,129
Ceftazidime,Providencia stuartii,1,560,123
Cefotetan,Desulfovibrio africanus,0,554,54
1-{6-nitro-4-phenyl-2-[(E)-2-[4-(trifluoromethoxy)phenyl]ethenyl]quinolin-3-yl}ethan-1-one,Bacillus subtilis,1,145,21
Penicillenol C2,Haemophilus influenzae,0,1079,78
Zinc Nitrate,Bacteroides uniformis,0,1330,25
Avermectin B1a,Dengue Virus Type 2,0,453,53
D/L-Aspartate,Streptococcus salivarius,0,646,161
4-chloroaniline,Pseudomonas aeruginosa,1,351,125
Cefaclor,Listeria monocytogenes,1,537,104
2-bromohexanoic acid,Actinomyces oris,0,238,7
"N1-(7-chloroquinolin-4-yl)octane-1,8-diamine",Achromobacter sp.,0,993,0
(2R)-2-amino-3-[(4-chlorophenyl)methanesulfinyl]propanoic acid,Streptococcus mutans,1,45,155
Methylthiopropylamine,Burkholderia pseudomallei,1,935,31
Cefprozil,Bacteroides fragilis,0,559,24
Prolificin A,Staphylococcus epidermidis,1,1115,146
Cephalexin,Streptococcus pneumoniae,1,566,158
"(1R,2S,7R,3E,8E,11E)-2,18-diacetoxycembra-3,8,11,15(17)-tetraen-7-ol",Enteric bacteria and other eubacteria,0,6,59
Furanone C-30,Pseudomonas aeruginosa,1,753,125
N-Acetylcysteine,Mycobacterium smegmatis,1,984,112
"N-((1E)-{4-ethoxy-3-[(8-oxo-1,5,6,8-tetrahydro-2H-1,5-methanopyrido[1,2-a][1,5]diazocin-3(4H)-yl)methyl]phenyl}methylene)-3,4,5-trihydroxybenzohydrazide",Candida parapsilosis,0,965,39
Cefoperazone,Enteric bacteria and other eubacteria ,0,551,60
Rosoxacin,Escherichia coli,1,1160,69
2-(Aminomethyl)-L-phenylalanine,Staphylococcus epidermis,1,211,147
Sulfamerazine,Escherichia coli,1,1228,69
Clary sage,Escherichia coli,1,596,69
Myricetin,Plasmodium falciparum,0,950,118
4-chloroquinoline,Neisseria gonorrhoeae,0,352,114
IDR-1018,Bacteroides vulgatus,0,814,26
Emtricitabine,Human immunodeficiency virus 1,1,701,92
Cefixime,Haemophilus influenzae,1,547,78
Besifloxacin,Streptococcus pneumoniae serotype 4,1,483,159
7-chloroindole,Pseudomonas aeruginosa,1,401,125
"1,3-bis[3-chloro-5-(1,3-dichloropropane-2-yloxy)-2(5H)-furanone-4-ylsulfonyl]propane",Bacillus subtilis,1,115,21
Ketoconazole,Influenza A virus ,0,860,95
O-LF11-215,Streptococcus salivarius,0,1035,161
Na-Propionate,Shewanella oneidensis,0,1005,137
Aniline,Desulfovibrio africanus,0,440,54
7-nitroindole,Pseudomonas aeruginosa,1,409,125
Moxifloxacin,Hepatitis C virus,0,945,86
D-Asparagine,Staphylococcus aureus,1,630,141
Histatin 5,Candida glabrata,1,805,36
3-(4-fluorophenyl)-5-(3-ethoxy- 4-hydroxybenzylidene)-2-thioxothiazolidin-4-one,Enterococcus faecium,1,273,67
N-Acetylcysteine,Coagulase- negative staphylococci,1,984,49
Fusidic acid,Staphylococcus aureus,1,762,141
Moxifloxacin,Haemophilus influenzae,1,945,78
Hydrogen peroxide,Candida spp.,0,811,40
Methyl indole-7-carboxylate,Pseudomonas putida,0,934,130
D-Alanine,Human immunodeficiency virus,0,629,91
Chloramphenicol,Klebsiella variicola,0,574,100
D-2-aminoadipic acid,Influenza B virus,0,628,96
Rifampicin,Escherichia coli,1,1154,69
Ofloxacin,Haemophilus influenzae,1,1044,78
"1,2,3,4-Tetrahydroisoquinoline-3-carboxylic acid",Hepatitis C Virus ,0,114,85
Carolacton,Vibrio anguillarum,0,528,173
Diterpene phytol,Enterobacteria phage T4,0,688,65
KABT-AMP,Candida krusei,0,852,38
Isoniazid ,Mycobacterium tuberculosis,1,842,113
Cyclacillin,Shewanella oneidensis,0,621,137
Josamycin,Staphylococcus epidermis,0,850,147
"3-{2-[(1S,2R,4aR,8aR)-1,2,4a,5-tetramethyl-1,2,3,4,4a,7,8,8a-octahydronaphthalen-1-yl]ethyl}-5-methylidene-N-phenyl-2,5-dihydrofuran-2-amine",Streptococcus mutans,1,306,155
"13-(2-chloro-6-methoxyquinolin-3-yl)-3,3-dimethyl-1H,2H,3H,4H,4aH,6H,11H,13H,13aH-indazolo[1,2-b]phthalazine-1,6,11-trione",Actinomyces oris,0,151,7
Rosoxacin,Escherichia coli,1,1160,69
Povidone Iodine,Staphylococcus aureus,1,1112,141
3-oxo-C8-HSL,Staphylococcus aureus,0,303,141
"Butane-1,4-diamine",Human herpesvirus 1 ,0,496,87
Ampicillin,Streptococcus pneumoniae,1,437,158
Clozapine,Bacillus amyloliquefaciens,0,607,17
Trovafloxacin,Haemophilus influenzae,1,1294,78
nimesulide,Trichophyton mentagrophytes,1,1376,170
Daclatasvir,Varicella-zoster virus,0,651,172
SMAP-29,Candida guiliermondi,0,1176,37
"Ethane-1,2-diamine",Candida albicans,0,720,34
TZD-C8,Enterobacter cancerogenus,0,1241,62
Chrysophsin-1,Streptococcus mutans,1,582,155
Benzophenonyl decyl beta-maltoside,Salmonella Typhi,0,478,132
Anthranilate,Vibrio vulnificus,1,442,178
beta-sitosterol glucoside,Klebsiella variicola,0,1349,100
2-amino-3-(3-chlorophenyl)propanoic acid,Staphylococcus aureus,1,226,141
L-Aspartate,Enterococcus faecium,0,866,67
BMAP-28,Hepatitis B virus F,0,461,84
S-ethyl-L-cysteine,Porphyromonas gingivalis,0,1170,119
Limonene,Thermus thermophilus ,0,899,169
Terpinene-4-ol,Pichia anomala,1,1258,117
Gatifloxacin,Streptococcus pneumoniae serotype 4,1,776,159
2-methoxy-cinnamaldehyde,Acinetobacter oleiovorans,0,242,4
Fraxin,Escherichia coli O6:H1 (strain CFT073 / ATCC 700928 / UPEC),0,750,71
3-(4-fluorophenyl)-5-(3-ethoxy- 4-hydroxybenzylidene)-2-thioxothiazolidin-4-one,Staphylococcus aureus,1,273,141
Enoxacin,Streptomyces gordonii,0,704,165
4-Methoxycarbonylphenylboronic acid,Vibrio campbellii,1,335,174
Tyrosol,Citrobacter freundii,0,1295,43
L-4-Carbamoylphenylalanine,Lysinibacillus sphaericus,0,864,106
Allicin,Pseudomonas aeruginosa,1,426,125
Enoxacin,Haemophilus influenzae,1,704,78
3-(pyridin-3-yl)-5-(3-ethoxy-4-hydroxybenzylidene)-2-thioxothiazolidin-4-one,Staphylococcus aureus,1,276,141
"2-(4,5-dibromo-1-methyl-1H-pyrrol-2-yl)-5-styryl-1,3,4-oxadiazole",Aspergillus niger,0,199,16
(furan-2-yl)methyl (2E)-3-phenylprop-2-enoate,Citrobacter freundii,0,112,43
Zidovudine,Human immunodeficiency virus 1,1,1327,92
KD-13,Burkholderia pseudomallei,1,853,31
G2,Streptococcus mutans,1,765,155
Pefloxacin,Haemophilus influenzae,1,1070,78
Vitamin C,Bacteroides fragilis,0,1316,24
Cinoxacin,Haemophilus influenzae,1,589,78
Cefditoren,Chromobacterium violaceum,0,544,42
Quercetin,Escherichia coli,1,1127,69
DispersinB-KSL-W wound gel,Vibrio cholerae,0,687,175
Isoniazid ,Mycobacterium tuberculosis,1,842,113
"(2E)-1-(2 ,5 -dimethoxyphenyl)-3-(2-naphthyl)-2-propen-1-one",Aeromonas hydrophila,0,22,9
Streptomycin,Escherichia coli,1,1216,69
Cycloserine ,Mycobacterium avium,1,624,110
"(2S,3R,4S,5S,6R)-6-(Acetoxymethyl)-3-dodecanamidotetrahydro-2H-pyran-2,4,5-triyl triacetate",Achromobacter xylosoxidans,0,66,1
2-Carbamoylphenylalanine,Enterococcus faecalis,0,215,66
4-methanesulfonylaniline,Stenotrophomonas maltophilia,0,356,151
Saquinavir,Human immunodeficiency virus 1,1,1183,92
3-(4-fluorophenyl)-5-(3-(allyloxy)-4-hydroxybenzylidene)-2-thioxothiazolidin-4-one,Staphylococcus aureus,1,272,141
Zanamivir,Influenza B virus,1,1325,96
4-Amino-D-phenylalanine,Staphylococcus aureus,1,318,141
"3,4-Dichloro-cinnamaldehyde",Bacteroides,0,253,22
TZD-C8,Acinetobacter oleiovorans,0,1241,4
Spermine,Streptococcus pneumoniae serotype 4,0,1211,159
N-decanoyl-L- homoserine benzyl ester,Citrobacter freundii,0,990,43
Glucose,Staphylococcus epidermis,0,783,147
Merimepodib,Streptococcus pyogenes,1,926,160
Amphotericin B,Candida albicans,1,436,34
"1-[2-(2-nitrophenyl)-5-phenyl-1,3,4-oxadiazol-3(2H)-yl]ethanone",Enterococcus faecalis,1,132,66
(1Z)-(prop-2-en-1-ylidene)-lambda4-sulfanyliumolate,Kocuria rhizophila,0,11,101
Cefalotin,Streptococcus pneumoniae,1,540,158
Sorbitol,Influenza A virus ,0,1210,95
L- K6L9,Pseudomonas aeruginosa,1,862,125
Acetohydroxamic Acid,Enterobacter aerogenes,1,418,61
Tetracycline,Enteric bacteria and other eubacteria,1,1263,59
Furanone-2,Serratia marcescens,0,755,136
N-Acetylcysteine,Streptococcus pyogenes,1,984,160
Chloramphenicol,Campylobacter jejuni,1,574,33
7-methylindole,Citrobacter freundii,0,408,43
"2-(4,5-dibromo-1-methyl-1H-pyrrol-2-yl)-5-(pyridin-4-yl)-1,3,4-oxadiazole",Staphylococcus aureus,1,197,141
Cefpiramide,Pseudomonas aeruginosa,1,557,125
Glycomonoterpenes (G-citron),Enteric bacteria and other eubacteria ,0,786,60
"Phenol,2,4-bis(1,1-dimethylethyl)",Serratia marcescens,1,1090,136
Cefaclor,Clostridium perfringens,0,537,47
Tipranavir ,Staphylococcus equorum,0,1277,148
Undecanoic acid,Burkholderia cenocepacia,0,1299,28
Silver dihydrogen citrate,Staphylococcus aureus,1,1193,141
"3-(2-Furylmethyl)-2-{[(5-hydroxy-1H-pyrazol-3-yl)methyl]sulfanyl}-3,5,6,7-tetrahydro-4H-cyclopenta[4,5]thieno[2,3-d]pyrimidin-4-one",Salmonella enterica,1,263,133
meta-toluidine,Pseudomonas aeruginosa,1,1372,125
"(2R,3E)-2-Amino-4-phenyl-3-butenoic acid",Staphylococcus aureus,1,51,141
Tigecycline,Staphylococcus epidermis,0,1272,147
trans-Stillbene,Streptococcus gordonii,0,1393,153
Cephalexin,Enterococcus faecium,0,566,67
1-mesityl-3(4-nitrophenyl)urea,Serratia marcescens,0,136,136
Paromomycin ,Thermus thermophilus ,1,1068,169
Methyl indole-7-carboxylate,Candida albicans,0,934,34
2-amino-3-(prop-2-ene-1-sulfinyl)propanoic acid,Chromobacterium violaceum,0,229,42
Cefditoren,Clostridium perfringens ,1,544,48
Cephalexin,Streptococcus pneumoniae,1,566,158
Ciprofloxacin,Haemophilus influenzae,1,590,78
Ampicillin,Streptococcus pneumoniae,1,437,158
Ephedrine,Cronobacter sakazakii,0,705,51
Dapsone,Mycobacterium leprae,1,656,111
Ofloxacin,Haemophilus influenzae,1,1044,78
"13-{7-methoxy-[1,2,3,4]tetrazolo[1,5-a]quinolin-4-yl}-3,3-dimethyl-1H,2H,3H,4H,6H,11H,13H-indazolo[1,2-b]phthalazine-1,6,11-trione",Candida albicans,1,158,34
Amikacin,Trueperella pyogenes,0,430,171
trans-2-Pentenal,Streptococcus epidermidis,0,1390,152
Latamoxef,Raoultella ornithinolytica,0,894,131
Piperacillin,Pseudomonas aeruginosa,1,1102,125
13-methyltetradecanoic acid,Enterobacter cloacae,0,157,63
1-{2-[(E)-2-(4-chlorophenyl)ethenyl]-4-phenylquinolin-3-yl}ethan-1-one,Escherichia coli ,0,139,70
Phenyl-arginine-b-naphthylamide,Escherichia coli,1,1092,69
D-2-aminoadipic acid,Pseudomonas japonica,0,628,128
"3,4-Dichloro-cinnamaldehyde",Vibrio harveyi,1,253,176
Sorbitol,Actinoplanes missouriensis,1,1210,8
2-amino-3-(2-nitrophenyl)propanoic acid,Staphylococcus epidermis,1,225,147
Pefloxacin ,Haemophilus influenzae,1,1071,78
Sorbitol,Escherichia coli,1,1210,69
Fluconazole,Candida albicans,1,743,34
5-Fluorouracil,Pseudomonas aeruginosa,1,380,125
ZnO nanoparticles,Pseudomonas aeruginosa,1,1333,125
Rifapentine ,Mycobacterium tuberculosis,1,1155,113
Fusidic Acid,Salmonella Typhi,1,761,132
2-amino-3-(3-chlorophenyl)propanoic acid,Aquifex aeolicus,0,226,13
KSL,Streptococcus mutans,1,854,155
Framycetin,Streptococcus sobrinus,0,749,164
Cefotaxime,Bacillus subtilis,1,553,21
Bacalin hydrate,Burkholderia multivorans,1,464,30
Furanone C-30,Acinetobacter nosocomialis,0,753,3
3-(1-Naphthyl)-D-Alanine,Staphylococcus epidermis,1,261,147
knightine,Human parainfluenza virus type 2,0,1369,93
Sinefungin,Streptococcus pneumoniae,1,1202,158
para-Benzoquinone,Burkholderia multivorans,1,1381,30
S-(4-tolyl)-L-cysteine,Streptococcus mutans,1,1167,155
2-(Aminomethyl)-L-phenylalanine,Staphylococcus aureus,1,211,141
4-bromo-5-(bromomethylene)-3-butyl-2(5H)- furanone,Staphylococcus aureus,1,345,141
Nitrofural,Escherichia coli,1,1022,69
Pyrimethamine,Neisseria gonorrhoeae,0,1123,114
L-4-Carbamoylphenylalanine,Fusarium solani,0,864,75
"Dihydroxybenzoic Acid (3,4-DHBA)",Pseudomonas aeruginosa,0,681,125
Asperdiol acetate,Vibrio harveyi,1,447,176
Cefacetrile,Escherichia coli,1,536,69
Aciclovir,Varicella-zoster virus,1,420,172
Ethyl gallate,Bacillus anthracis,0,722,18
Carolacton,Streptococcus mutans,1,528,155
Ciprofloxacin,Thermus thermophilus,0,590,168
Zanamivir,Influenza B virus,1,1325,96
Sulfadoxine,Lysinibacillus sphaericus,0,1226,106
DispersinB-KSL-W wound gel,Staphylococcus aureus,1,687,141
Eugenol,Staphylococcus aureus,1,726,141
Nitrofurantoin,Aeromonas hydrophila,0,1023,9
2-(2-(2-Azidoacetamido)phenyl)-2-oxo-N-(prop-2-yn-1-yl)acetamide,Fusarium solani,0,185,75
Carminic acid,Mycobacterium avium,0,526,110
Tobramycin,Pseudomonas aeruginosa,1,1279,125
2-(2-(2-Azidoacetamido)-5-fluorophenyl)-2-oxo-N-( prop-2-yn-1-yl)acetamide,Actinoplanes missouriensis,0,182,8
Neomycin,Enteric bacteria and other eubacteria,1,1014,59
Dezocine,Haemophilus influenzae,1,666,78
"2,4-Difluorophenylalanine",Staphylococcus aureus,1,174,141
Stavudine,Human immunodeficiency virus 1,1,1213,92
"N-((2R,3R,4S,5S,6R)-2,4,5-Trihydroxy-6-(hydroxymethyl)tetrahydro-2H-pyran-3-yl)butyramide",Human immunodeficiency virus 1,0,966,92
cov-GL13K,Bacteroides vulgatus,0,1356,26
"N-(5-Methyl-1,2-oxazol-3-yl)butanamide",Human parainfluenza virus type 2,0,981,93
S-carboxylmethyl-L-cysteine,Salmonella enterica,0,1169,133
N -[(3-chloro-isoquinolin-4-yl)methylene] benzohydrazide,Bacillus amyloliquefaciens,0,963,17
"1-(2-Chloroacetyl)indoline-2,3-dione",Escherichia coli,1,121,69
Peppermint oil,Bacteroides vulgatus,0,1085,26
Naringin,Escherichia coli,1,1010,69
3-(2-Furyl)-D-alanine,Staphylococcus aureus,1,262,141
Indole,Burkholderia multivorans,1,827,30
(2E)-1-(4 -methoxyphenyl)-3-(2-naphthyl)-2-propen-1-one,Hepatitis B virus D,0,28,83
4-bromo-5-(bromomethylene)-3-(1-( 2-propynyloxy)butyl)-2(5H)-furanone,Salmonella enterica,0,341,133
Pyrazinamide,Mycobacterium tuberculosis,1,1122,113
"(5Z)-2-(1,1-dichloro-3,3-dimethylbutyl)-5-[(3-methoxyphenyl)methylidene]-1,3-oxazolidin-4-one",Francisella novicida,0,80,74
Zalcitabine,Human immunodeficiency virus 1,1,1324,92
Vancomycin,Staphylococcus aureus,1,1307,141
"7-fluoroindoline-2,3-dione",Pseudomonas aeruginosa,1,404,125
Epigallocatechin Gallate,Staphylococcus epidermidis,1,710,146
5-(dibromomethylene)-3-butyl-2(5H)-furanone,Salmonella enterica,1,371,133
BMAP-28,Pseudomonas aeruginosa,1,461,125
G2,Streptococcus mutans,1,765,155
Platyphylloside,Salmonella Typhi,0,1106,132
"13-(2-chloroquinolin-3-yl)-3,3-dimethyl-1H,2H,3H,4H,6H,11H,13H-indazolo[1,2-b]phthalazine-1,6,11-trione",Pseudomonas aeruginosa,1,156,125
5-Fluorouracil,Pseudomonas aeruginosa,1,380,125
Myxinidin1,Micrococcus luteus,0,956,108
2-Cyano-D-phenylalanine,Bacteroides vulgatus,0,217,26
Oseltamivir,Influenza A virus ,1,1051,95
"(2E)-1-(3 ,4 ,5 -trimethoxyphenyl)-3-(2-naphthyl)-2-propen-1-one",Streptococcus mutans,1,24,155
Nisin,Escherichia coli,0,1020,69
Taurine,Actinomyces oris,1,1246,7
4-nitro-cinnamaldehyde,Vibrio anguillarum,0,358,173
C16G2,Aspergillus fumigatus,0,505,15
Amikacin disulfate salt,Escherichia coli,1,431,69
Menthol,Pseudomonas aeruginosa,1,925,125
Enoxacin,Haemophilus influenzae,1,704,78
Pseudomonas Quinolone Signal,Influenza B virus ,0,1120,97
Penicillin G,Neisseria gonorrhoeae,0,1081,114
N -(4-trifluoromethyl-benzylidene)benzohydrazide,Streptococcus mutans,1,960,155
Ciprofloxacin,Bacillus subtilis,1,590,21
Gallium cation,Lactobacillus fermenti,0,771,102
Ofloxacin,Haemophilus influenzae,1,1044,78
Silver nitrate,Staphylococcus epidermidis,1,1196,146
1-(4-methoxyphenyl)-3-p-tolyurea,Bacillus licheniformis,0,127,20
Penicillenol A1,Vibrio vulnificus,0,1074,178
"2-(4,5-dibromo-1-methyl-1H-pyrrol-2-yl)-5-(2,4-dichlorophenyl)-1,3,4-oxadiazole",Coagulase- negative staphylococci,0,192,49
Trimethyl(3-{4-[3-(trimethylphosphaniumyl)propoxy]phenoxy}propyl)phosphanium dibromide,Acinetobacter oleiovorans,0,1291,4
Didanosine,Dengue Virus Type 2,0,678,53
3-Chloro-5-[(2-chloroethoxy)]-4-[(4-methylphenylsulfanyl)]-2(5H)-furanone,Streptococcus sobrinus,0,280,164
Cefotaxime,Staphlococcus aureus,0,553,140
"2,4-Dinitro-D-phenylalanine",Staphylococcus epidermis,1,176,147
Moxifloxacin,Mycobacterium avium,1,945,110
Arbekacin,Pseudoalteromonas sp.,0,445,124
Heptadecanoic acid,Acinetobacter nosocomialis,0,796,3
cat-AGE-RK1,Serratia liquefaciens,0,1350,135
"1-[2-(naphthalen-1-yl)-5-(3,4,5-trimethoxyphenyl)-1,3,4-oxadiazol-3(2H)-yl]ethanone",Staphylococcus aureus,1,135,141
Cinnamaldehyde,Pseudoalteromonas sp.,0,585,124
Delavirdine,Lysinibacillus sphaericus,0,661,106
"2,2 -Dipyridyl",Amycolatopsis orientalis,0,168,12
Linezolid,Human herpesvirus 5,0,901,90
1-{2-[(E)-2-(4-hydroxy-3-methoxyphenyl)ethenyl]-4-phenylquinolin-3-yl}ethan-1-one,Staphylococcus aureus,1,140,141
Lipoic acid,Klebsiella planticola,0,902,98
4-bromo-5-(dibromomethylene)-3-(1-acetoxyoethyl)-2(5H)-furanone,Amycolatopsis orientalis,0,346,12
D-tert-Leucine,Influenza B virus ,0,645,97
Aceroside VIII,Pseudomonas japonica,0,417,128
Benzalacetone,Vibrio parahaemolyticus,0,471,177
Cycloserine ,Mycobacterium avium,1,624,110
Ibuprofen,Hepatitis C Virus ,0,819,85
Clozapine,Helicobacter pylori ,0,607,82
"2-(4,5-dibromo-1-methyl-1H-pyrrol-2-yl)-5-(4-methoxyphenyl)-1,3,4-oxadiazole",Candida guiliermondi,0,193,37
Miconazole,Staphylococcus aureus,0,940,141
N-Decanoyl cyclopentylamide,Pseudomonas aeruginosa,1,985,125
(2E)-1-[4 -(1H-imidazol-1-yl)phenyl]-3-(3-methoxy-4-benzyloxi-phenyl)-2-propen-1-one,Varicella-zoster virus,0,31,172
Catechin,Burkholderia multivorans,1,531,30
Cidofovir,Human herpesvirus 5,1,584,90
(2R)-2-amino-6-acetamidohexanoic acid,Escherichia coli,0,50,69
Gemifloxacin,Haemophilus influenzae,1,777,78
Cycloserine,Escherichia coli,1,623,69
Furanone-3,Candida krusei,0,756,38
CGP-37157,Streptomyces sp. ,0,510,167
Cefalotin,Escherichia coli,1,540,69
p-Coumaric acid,Escherichia coli,1,1379,69
Myxinidin2,Listeria monocytogenes,1,957,104
Sulfamoxole,Candida glabrata,0,1232,36
Cefoxitin,Streptococcus pneumoniae,1,556,158
Sodium ascorbate,Clostridium pasteurianum,0,1208,46
Oxytetracycline,Escherichia coli,1,1056,69
5-(dibromomethylene)-3-(1-bromoethyl)-2(5H)-furanone,Hepatitis B virus D,0,370,83
Tyrosol,Listeria monocytogenes,0,1295,104
Ethylenediametetraacetic acid,Streptococcus salivarius,0,724,161
"1-[2-(3,5-dichlorophenyl)-5-(3,4,5-trimethoxyphenyl)-1,3,4-oxadiazol-3(2H)-yl]ethanone",Streptococcus mutans,1,133,155
p-nitrophenyl glycerol,Aeromonas hydrophila,0,1380,9
4-bromo-5-(dibromomethylene)-3-(1-bromoethyl)-2(5H)-furanone,Influenza B virus,0,347,96
Vanillin,Burkholderia thailandensis,0,1309,32
Thiazolidinedione-8,Bacillus subtilis,0,1266,21
Desipramine,Streptococcus epidermidis,0,665,152
Olmesartran,Streptococcus pneumoniae,0,1048,158
Gatifloxacin,Streptococcus pneumoniae serotype 4,1,776,159
Doxycycline,Pseudomonas aeruginosa,1,693,125
"(2E)-1-(1 ,3 -benzodioxol-5-yl)-3-(2-naphthyl)-2-propen-1-one",Pseudomonas aeruginosa,1,16,125
"2-(4,5-dibromo-1-methyl-1H-pyrrol-2-yl)-5-(methylthio)-1,3,4-oxadiazole",Listeria monocytogenes,0,195,104
N-Acetylcysteine,Escherichia coli O6:H1 (strain CFT073 / ATCC 700928 / UPEC),0,984,71
VS2,Serratia marcescens,0,1305,136
Coprinuslactone,Streptococcus sanguis,0,615,163
Cinoxacin,Haemophilus influenzae,1,589,78
2-(2-(2-Azidoacetamido)-5-fluorophenyl)-2-oxo-N-( prop-2-yn-1-yl)acetamide,Pseudomonas aeruginosa,1,182,125
Cloxacillin,Escherichia coli,1,606,69
Azithromycin,Mycobacterium avium,1,456,110
5- hydroxyethyl-3-tetradecanoyltetramic acid,Bacteroides,0,366,22
Umbelliferone,Human immunodeficiency virus,0,1298,91
"(5Z)-2-(1,1-dichloro-7-methyloctyl)-5-{[4-(trifluoromethyl)phenyl]methylidene}-1,3-oxazolidin-4-one",Mycobacterium tuberculosis,0,82,113
Sorbitol,Streptomyces rubiginosus,1,1210,166
Curcumin,Escherichia coli,1,619,69
"2-(4,5-dibromo-1-methyl-1H-pyrrol-2-yl)-5-(methylthio)-1,3,4-oxadiazole",Staphylococcus aureus,1,195,141
nitrazepam,Candida parapsilosis,0,1377,39
Gentamicin,Bacillus subtilis,1,779,21
6-MO-LF11-215,Bacteroides fragilis,0,394,24
"3-(2-Furylmethyl)-2-{[(5-hydroxy-1H-pyrazol-3-yl)methyl]sulfanyl}-3,5,6,7-tetrahydro-4H-cyclopenta[4,5]thieno[2,3-d]pyrimidin-4-one",Pseudomonas aeruginosa,1,263,125
L-Aspartate,Staphylococcus haemolyticus,1,866,149
Catechin,Burkholderia cenocepacia,1,531,28
Coladonin,Escherichia coli,1,609,69
Oxiconazole nitrate,Proteus mirabilis,0,1054,121
Cefoperazone,Escherichia coli,1,551,69
Gatifloxacin,Streptococcus pneumoniae serotype 4,1,776,159
Butyl gallate,Cryptococcus neoformans,0,502,52
Darunavir,Human immunodeficiency virus,1,658,91
Carbonyl cyanide m-chlorophenylhydrazone,Trueperella pyogenes,0,524,171
1-mesityl-3(4-nitrophenyl)urea,Bacteroides vulgatus,0,136,26
N-[(3-chloro-isoquinolin-4-yl)methylene]benzohydrazide,Streptococcus sanguinis,0,988,162
Oseltamivir,Influenza A virus ,1,1051,95
Polymyxin B,Streptococcus salivarius,0,1109,161
Ginger oil,Kocuria rhizophila,0,781,101
3-chloro-5-hydroxy-4-[(4-methylphenylsulfanyl)]-2(5H)-furanone,Bacillus subtilis,1,293,21
3-(Trifluoromethyl)phenylalanine,Pseudomonas putida,0,275,130
(2E)-1-(5-clorotiophen-2-yl)-3-(3-methoxy-4-benzyloxi-phenyl)-2-propen-1-one,Staphylococcus epidermidis,1,29,146
3-(3-fluorophenyl)-5-(3-ethoxy-4-hydroxybenzylidene)-2-thioxothiazolidin-4-one,Staphylococcus aureus,1,270,141
3-(3-fluorophenyl)-5-(3-ethoxy-4-hydroxybenzylidene)-2-thioxothiazolidin-4-one,Enterococcus faecium,1,270,67
S6L3-33,Clostridium leptum,0,1175,45
D-galactose cluster,Thermus thermophilus,0,643,168
Cerulenin ,Escherichia coli,1,569,69
Posaconazole,Candida albicans,1,1111,34
Moxifloxacin,Haemophilus influenzae,1,945,78
(R)-2-Amino-3-biphenyl-3-yl-propionic acid,Pseudomonas libaniensis,0,92,129
2-amino-5-methoxy-5-oxopentanoic acid,Staphylococcus epidermis,1,232,147
Taurine,Streptococcus mutans,1,1246,155
Tobramycin,Burkholderia multivorans,1,1279,30
7-hydroxyindole,Staphylococcus cohnii,0,406,145
Nystatin,Pseudomonas japonica,0,1033,128
Epicatechin-3-gallate,Burkholderia pseudomallei,0,708,31
Epigallocatechin Gallate,Staphylococcus epidermidis,1,710,146
Aztreonam,Serratia marcescens,0,458,136
"1,3-dimethyl-6-(4-methylphenyl)-5-[3-(4-methylphenyl)-1-phenyl-1H-pyrazol-4-yl]-1H,2H,3H,4H,5H,6H-pyrimido[4,5-d][1,3]diazine-2,4-dione",Gardnerella vaginalis,0,117,76
Baicalein,Pseudomonas aeruginosa,1,468,125
"1-(2-Chloroacetyl)indoline-2,3-dione",Human respiratory syncytial virus B,0,121,94
3-geranyl-1-(2-methylpropanoyl)phloroglucinol,Staphylococcus epidermidis,1,297,146
Pefloxacin,Haemophilus influenzae,1,1070,78
Zinc Dichloride,Bacillus anthracis,0,1329,18
Ionic silver,Neisseria gonorrhoeae,0,834,114
BMAP-27,Staphylococcus aureus,1,460,141
Isobutanol,Mycobacterium tuberculosis,0,837,113
5-Fluorouracil,Pseudomonas aeruginosa,1,380,125
Midazolam,Candida albicans,1,941,34
FK506,Candida albicans,1,729,34
3-(3-fluorophenyl)-5-(3-ethoxy-4-hydroxybenzylidene)-2-thioxothiazolidin-4-one,Pseudomonas libaniensis,0,270,129
Ceftazidime,Escherichia coli,1,560,69
Ethambutol,Mycobacterium tuberculosis,1,719,113
Na-Benzoate,Influenza A virus ,0,1004,95
Phenoxymethylpenicillin,Vibrio parahaemolyticus,0,1091,177
Octyl gallate,Streptococcus mutans,1,1043,155
Ferrous,Streptococcus mutans,0,735,155
Cephalexin,Streptococcus pneumoniae,1,566,158
"1,3-bis[3-chloro-5-(1,3-dichloropropane-2-yloxy)-2(5H)-furanone-4-ylsulfonyl]propane",Citrobacter freundii,0,115,43
Netilmicin,Streptomyces rubiginosus,0,1016,166
Diphenyl diselenide,Bacteroides vulgatus,0,683,26
"1-{6-nitro-4-phenyl-2-[(E)-2-(3,4,5-trimethoxyphenyl)ethenyl]quinolin-3-yl}ethan-1-one",Staphylococcus aureus,1,144,141
3-(4-fluorophenyl)-5-(3-ethoxy- 4-hydroxybenzylidene)-2-thioxothiazolidin-4-one,Enterococcus faecalis,1,273,66
"5,8,11,14-Eicosatetraynoic acid",Candida albicans,1,365,34
Gatifloxacin,Streptococcus pneumoniae serotype 4,1,776,159
Lomefloxacin,Achromobacter sp.,0,904,0
DiHydroxyBenzoFuran,Mycobacterium tuberculosis,0,669,113
N -(pyridin-3-yl-methylene)benzohydrazide,Staphylococcus epidermidis,1,962,146
Minocycline,Propionibacterium acnes,1,942,120
CGP-37157,Halomonas pacifica,0,510,81
Enfuvirtide,Trichophyton mentagrophytes,0,703,170
4-fluoroindole,Bacillus subtilis,0,354,21
Bacalin hydrate,Burkholderia cenocepacia,1,464,28
Vancomycin,Staphylococcus capitis,1,1307,142
Atovaquone,Morganella morganii,0,450,109
D-Tryptophan,Trueperella pyogenes,0,641,171
L-2-Bromophenylalanine,Hepatitis C virus,0,863,86
Pivampicillin,Clostridium perfringens ,1,1104,48
Ceftazidime,Pseudomonas aeruginosa,1,560,125
D-2-aminoadipic acid,Staphylococcus aureus,1,628,141
Ibuprofen,Sphingomonas sp. Ibu-2,1,819,139
Ertapenem,Haemophilus influenzae,1,711,78
2-(2-(2-Chloroacetamido)-5-fluorophenyl)-2-oxo-N-( prop-2-yn-1-yl)acetamide,Pseudomonas putida,0,186,130
Cephalexin,Bacillus subtilis,1,566,21
N -(5-bromo-2-hydroxy-benzylidene)benzohydrazide,Streptococcus parasanguinis,0,961,157
Mucobromic acid,Human herpesvirus 4,0,947,89
"2,3,4,5,6-Pentafluoro-L-phenylalanine",Staphylococcus epidermis,1,169,147
Gatifloxacin,Streptococcus pneumoniae serotype 4,1,776,159
NRC-16,Pseudomonas aeruginosa,1,1003,125
Dicloxacillin,Listeria monocytogenes serotype 4a,1,676,105
Butanol,Acinetobacter nosocomialis,0,497,3
(2Z)-N-hexyl-2-hydroxy-3-[4-(trifluoromethyl)phenyl]prop-2-enamide,Pichia anomala,0,68,117
3-Methyl-D-phenylalanine,Bacteroides vulgatus,0,288,26
Cefamandole,Bacteroides fragilis,1,541,24
Clotrimazole,Streptococcus mutans,1,604,155
Cefazolin,Streptococcus epidermidis,0,543,152
"(5S)-1,7-bis(4-hydroxyphenyl)-5-O-_-D- apiofuranosyl(1 _ 6)-_-D-glucopyranosyloxyheptan-3-one",Human respiratory syncytial virus B,0,77,94
Nystatin,Enterobacter cloacae,0,1033,63
3-(3-fluorophenyl)-5-(3-ethoxy-4-hydroxybenzylidene)-2-thioxothiazolidin-4-one,Staphylococcus aureus,1,270,141
Baicalein,Staphylococcus aureus,1,468,141
"3-{2-[(1S,2R,4aR,8aR)-1,2,4a,5-tetramethyl-1,2,3,4,4a,7,8,8a-octahydronaphthalen-1-yl]ethyl}-N-(3-fluorophenyl)-5-methylidene-2,5-dihydrofuran-2-amine",Haemophilus influenzae,0,308,78
Tet-213,Staphylococcus aureus,1,1261,141
Hamamelitannin,Burkholderia cenocepacia,1,794,28
Magainin-I,Human parainfluenza virus type 2,0,919,93
Hypericin,Bacteroides,0,812,22
LL7-37,Varicella-zoster virus,0,890,172
Silver dihydrogen citrate,Hepatitis C Virus ,0,1193,85
SMAP-29,Stenotrophomonas maltophilia,1,1176,151
Pefloxacin ,Haemophilus influenzae,1,1071,78
Terpinene-4-ol,Pseudomonas putida,1,1258,130
Clindamycin ,Shigella flexneri,1,600,138
Quercetin-3-O-glucuronide,Human herpesvirus 3,0,1129,88
2-(Trifluoromethyl)-D-phenylalanine,Staphylococcus aureus,1,212,141
Silver dihydrogen citrate,Staphylococcus aureus,1,1193,141
Baicalein,Burkholderia cenocepacia,1,468,28
"(Z)-5-decylidenethiazolidine-2,4-dione",Streptococcus mutans,0,110,155
3-(2-Thienyl)alanine,Streptococcus sanguinis,0,268,162
kappa-Pyrosulfite,Actinoplanes missouriensis,0,1368,8
3-(pyridin-3-yl)-5-(3-ethoxy-4-hydroxybenzylidene)-2-thioxothiazolidin-4-one,Human herpesvirus 3,0,276,88
SP1,Raoultella ornithinolytica,0,1177,131
Tobramycin,Influenza A virus ,0,1279,95
Cefazolin,Escherichia coli,1,543,69
Lopinavir,Human immunodeficiency virus,1,905,91
"N-((2R,3R,4S,5S,6R)-2,4,5-Trihydroxy-6-(hydroxymethyl)tetrahydro-2H-pyran-3-yl)octanamide",Staphylococcus saprophyticus,0,969,150
Coumarin,Edwardsiella tarda,1,616,56
LL-19,Aggregatibacter actinomycetemcomitans,0,885,11
Epigallocatechin Gallate,Enterobacter cancerogenus,1,710,62
Garlic extract,Burkholderia thailandensis,0,775,32
Thiazolidinedione-8,Pseudomonas putida,0,1266,130
Vidarabine,Human herpesvirus 3,1,1312,88
Rifapentine ,Human immunodeficiency virus,0,1155,91
Irinotecan,Streptococcus oralis,0,835,156
Ferric chloride,Bacteroides uniformis,0,734,25
3-(2-Naphthyl)-D-alanine,Influenza A virus ,0,264,95
Pleurocidin,Staphylococcus aureus,1,1107,141
Tobramycin,Pseudomonas aeruginosa,1,1279,125
Piperacillin,Streptococcus pneumoniae,1,1102,158
L-carnosine,Enterobacter cloacae,0,873,63
Diazepam,Serratia marcescens,0,670,136
Avibactam,Escherichia coli,1,454,69
4-(Trifluoromethyl)-D-phenylalanine,Mycobacterium leprae,0,316,111
BMAP-27,Pseudomonas aeruginosa,1,460,125
Oseltamivir,Influenza A virus ,1,1051,95
Dapsone,Achromobacter xylosoxidans,0,656,1
Meropenem,Pseudomonas aeruginosa,1,927,125
Epicatechin-3-gallate,Streptococcus mitis,0,708,154
Myxinidin2,Staphylococcus aureus,1,957,141
GW 5074,Micrococcus luteus,0,767,108
Clotrimazole,Enterobacter cancerogenus,0,604,62
Cathelicidin,Aggregatibacter actinomycetemcomitans,1,533,11
Cefalotin,Escherichia coli,1,540,69
L-pipecolic acid,Acinetobacter nosocomialis,0,877,3
5- hydroxyethyl-3-tetradecanoyltetramic acid,Staphylococcus aureus,1,366,141
"2-(4,5-dibromo-1-methyl-1H-pyrrol-2-yl)-5-(ethylthio)-1,3,4-oxadiazole",Streptomyces rubiginosus,0,194,166
Cycloserine,Mycobacterium avium,1,623,110
"(2E)-1-(2 ,4 ,5 -trimethoxyphenyl)-3-(2-chloro-quinolin-3-yl)-2-propen-1-one",Streptococcus mutans,1,20,155
"N 3-(2-thienylcarbonyl)-4-bromo-1,5-dimethyl-1H-pyrazole-3-carbohydrazide",Burkholderia multivorans,1,964,30
Pseudomonas Quinolone Signal,Human respiratory syncytial virus B,0,1120,94
Pefloxacin ,Haemophilus influenzae,1,1071,78
(Z)-5-(bromomethylene)-3-(hydroxymethyl]thiophen-2(5H)- one,Staphylococcus epidermidis,1,108,146
Gatifloxacin,Streptococcus pneumoniae serotype 4,1,776,159
LL-37,Mycobacterium smegmatis,0,888,112
Nitrofurantoin,Escherichia coli,1,1023,69
3-tetradecanoylthiotetronic,Pseudomonas japonica,0,305,128
(2E)-1-[4 -(1H-imidazol-1-yl)phenyl]-3-(2-naphthyl)-2-propen-1-one,Staphylococcus epidermidis,1,30,146
Norspermidine,Pseudomonas aeruginosa,1,1031,125
4-bromo-5-(dibromomethylene)-3-ethyl-2(5H)-furanone,Salmonella enterica,1,348,133
Pelargonidin,Pseudomonas aeruginosa,1,1072,125
Lopinavir,Staphylococcus epidermis,0,905,147
Vanillin,Escherichia coli,1,1309,69
Furanone-6,Human herpesvirus 4,0,758,89
"5-octyl-1,3-thiazolidine-2,4-dione",Streptococcus salivarius,0,386,161
1-{2-[(E)-2-(4-chlorophenyl)ethenyl]-4-phenylquinolin-3-yl}ethan-1-one,Hafnia alvei,0,139,79
Penicillenol C2,Candida albicans,1,1079,34
Stavudine,Staphylococcus epidermis,0,1213,147
Aciclovir,Human herpesvirus 1 ,1,420,87
nitrazepam,Acinetobacter sp.,0,1377,5
"2,4-Dichlorophenylalanine",Hepatitis C virus,0,173,86
Cefoxitin,Escherichia coli,1,556,69
Betulin,Yersinia enterocolitica,0,484,179
"13-(2-chloro-7-methoxyquinolin-3-yl)-3,3-dimethyl-1H,2H,3H,4H,6H,11H,13H-indazolo[1,2-b]phthalazine-1,6,11-trione",Aeromonas sobria,0,153,10
N -(4-trifluoromethyl-benzylidene)benzohydrazide,Enterococcus faecalis,1,960,66
W-7 Hydrochloride,Streptococcus pyogenes,0,1320,160
DJK5,Escherichia coli,1,649,69
Pefloxacin ,Haemophilus influenzae,1,1071,78
Tomentosin,Candida albicans,1,1281,34
Levofloxacin,Haemophilus influenzae,1,897,78
Hetacillin,Streptococcus pneumoniae,1,800,158
Rimantadine,Influenza A virus ,1,1157,95
Gemifloxacin,Haemophilus influenzae,1,777,78
3-geranyl-1-(2-methylpropanoyl)phloroglucinol,Actinobacillus actinomycetemcomitans,0,297,6
"(2R,3E)-2-Amino-4-phenyl-3-butenoic acid",Schistosoma,0,51,134
W-7 Hydrochloride,Salmonella Typhi,0,1320,132
"5,8,11,14-Eicosatetraynoic acid",Candida albicans,1,365,34
"(1R,4R,8S,11S,12R)-4-hydroxy-1,4,8-trimethyl-12-(propan-2-yl)tricyclo[9.3.0.0]tetradec-3(7)-en-6-one",Pseudomonas aeruginosa,1,9,125
Rifampicin,Staphylococcus aureus,1,1154,141
Triclosan ,Clostridium perfringens,0,1285,47
Baicalin,Pseudomonas aeruginosa,1,469,125
Doxycycline,Pseudomonas aeruginosa,1,693,125
Trovafloxacin,Haemophilus influenzae,1,1294,78
"1-(2,4-dichlorophenyl)-2-(1H-imidazol-1-yl)ethyl (2E)-3-phenylprop-2-enoate",Candida albicans,1,119,34
Erythromycin,Enteric bacteria and other eubacteria ,1,713,60
Meticillin,Streptococcus pneumoniae,1,936,158
Flavone,Escherichia coli,1,737,69
4-tertiary butyl benzyl decyl beta-maltoside,Pseudomonas aeruginosa,1,360,125
"(2S,3R,4S,5S,6R)-6-(Acetoxymethyl)-3-(2-(4-chlorophenyl)acetamido)tetrahydro-2H-pyran-2,4,5-triyl triacetate",Pseudomonas aeruginosa,1,59,125
"2-(4,5-dibromo-1-methyl-1H-pyrrol-2-yl)-5-(4-methoxyphenyl)-1,3,4-oxadiazole",Staphylococcus aureus,1,193,141
"3,4-Dichloro-cinnamaldehyde",Streptococcus gordonii,0,253,153
Butoconazole nitrate,Gardnerella vaginalis,0,501,76
Cecropin B,Achromobacter xylosoxidans,0,535,1
para-anisidine,Campylobacter jejuni,0,1382,33
Chloramphenicol,Escherichia coli,1,574,69
"(10R,11R)-Hydnocarpin",Kocuria rhizophila,0,1,101
2C-4,Candida albicans,0,245,34
2(5H)-furanone,Hafnia alvei,1,167,79
Dezocine,Haemophilus influenzae,1,666,78
13-methyltetradecanoic acid,Pseudomonas libaniensis,0,157,129
Moxifloxacin,Haemophilus influenzae,1,945,78
"(2S,3R,4S,5S,6R)-6-(Acetoxymethyl)-3-dodecanamidotetrahydro-2H-pyran-2,4,5-triyl triacetate",Obesumbacterium proteus,0,66,115
Ceftobiprole,Providencia stuartii,0,563,123
2-amino-4-chlorobenzoic acid,Proteus mirabilis,0,231,121
"2-(hexylsulfonyl)-4-(1H-1,2,3-triazol-1-yl)pyrimidine",Influenza B virus ,0,213,97
6-Bicyclic brominated furanones,Vibrio vulnificus,0,390,178
Trovafloxacin,Haemophilus influenzae,1,1294,78
R-Thanatin,Staphylococcus epidermidis,1,1136,146
Sinefungin,Streptococcus salivarius,0,1202,161
DispersinB-KSL-W wound gel,Chromobacterium violaceum,0,687,42
Benzathine benzylpenicillin,Klebsiella planticola,0,473,98
"Bis-O-acetyl-4,5-dihydroxy-2,3-pentanedione",Staphylococcus chromogenes,0,489,144
Gallic Acid,Streptococcus salivarius,0,769,161
methanesulfonylbenzene,Staphylococcus capitis,0,1373,142
Kanamycin,Enteric bacteria and other eubacteria,1,858,59
Sulfamoxole,Human herpesvirus 3,0,1232,88
IDR-1018,Escherichia coli,1,814,69
Benzoylperoxide,Human herpesvirus 1 ,0,479,87
Sorbitol,Actinoplanes missouriensis,1,1210,8
Propyl gallate,Pseudomonas aeruginosa,1,1117,125
Curcumin,Klebsiella variicola,1,619,100
Clotrimazole,Mycobacterium tuberculosis,0,604,113
"(2E)-1-(1,3-benzodioxol-5-yl)-3-[5-(2-nitro-phenyl)-furan-2-yl]-2-propen-1-one",Enterococcus faecalis,1,18,66
Wheat bran,Staphylococcus equorum,0,1321,148
N-Ethylacetanilide,Pseudomonas aeruginosa,1,986,125
"2-(5-(4,5-dibromo-1-methyl-1H-pyrrol-2-yl)-1,3,4-oxadiazole-2-yl)phenol",Staphylococcus aureus,1,208,141
3-(3-fluorophenyl)-5-(3-ethoxy-4-hydroxybenzylidene)-2-thioxothiazolidin-4-one,Staphylococcus epidermidis,1,270,146
Garlic extract,Pseudomonas aeruginosa,1,775,125
Ertapenem,Haemophilus influenzae,1,711,78
Silver nitrate,Proteus vulgaris,0,1196,122
4-(Aminomethyl)-D-phenylalanine,Achromobacter sp.,0,315,0
Rhodomyrtone,Propionibacterium acnes,1,1150,120
5-Fluorouracil,Pseudomonas aeruginosa,1,380,125
Tipranavir ,Klebsiella pneumoniae,0,1277,99
"(2E)-1-(2 ,5 -dimethoxyphenyl)-3-[2,5-dimethyl-1-(3-trifluoromethyl-phenyl)-1H-pirrol-3-yl]-2-propen-1-one",Enterococcus faecalis,1,23,66
O-LF11-215,Pseudomonas aeruginosa,1,1035,125
Curcumin,Burkholderia cenocepacia,1,619,28
Tipranavir ,Serratia liquefaciens,0,1277,135
Ciprofloxacin,Staphylococcus aureus,1,590,141
3-Bromophenylalanine,Actinoplanes missouriensis,0,278,8
Limonene,Candida albicans,1,899,34
Sulfamethizole,Stenotrophomonas maltophilia,0,1230,151
Fenclonine,Human herpesvirus 3,0,733,88
Aztreonam,Clostridium perfringens ,0,458,48
Imipenem,Eubacterium ramulus,0,822,72
Posaconazole,Candida albicans,1,1111,34
2- geranyloxy-1-(2-methylbutanoyl)phloroglucinol,Salmonella Typhi,0,178,132
Oxyresveratrol,Clostridium bacilli,0,1055,44
Cyclacillin,Bacteroides eggerthii,0,621,23
para-ethoxyaniline,Pseudomonas aeruginosa,1,1383,125
Sulfacetamide,Candida spp.,0,1222,40
Cefalotin,Streptococcus pneumoniae,1,540,158
Indole-3-carboxyaldehyde,Corynebacterium ammoniagenes,0,831,50
4-nitro-cinnamaldehyde,Providencia stuartii,0,358,123
D-Histidine,Staphylococcus aureus,1,635,141
D-Aspartate,Actinobacillus actinomycetemcomitans,0,631,6
4-Chloro-2-fluoro-DL-phenylalanine,Mycobacterium smegmatis,0,323,112
4-bromo-5-(dibromomethylene)-3-(1-bromoethyl)-2(5H)-furanone,Salmonella enterica,1,347,133
Acetohydroxamic Acid,Enterobacter aerogenes,1,418,61
"3-{2-[(1S,2R,4aR,8aR)-1,2,4a,5-tetramethyl-1,2,3,4,4a,7,8,8a-octahydronaphthalen-1-yl]ethyl}-N-(2-fluorophenyl)-5-methylidene-2,5-dihydrofuran-2-amine",Streptococcus mutans,1,307,155
Fleroxacin,Haemophilus influenzae,1,740,78
Indol AHL,Porphyromonas gingivalis,0,826,119
Abacavir,Human immunodeficiency virus 1,1,416,92
Quinine,Staphylococcus chromogenes,0,1130,144
"(2E)-1-(1 ,3 -benzodioxol-5-yl)-3-(2-naphthyl)-2-propen-1-one",Morganella morganii,0,16,109
N-Nonanoyl-cyclopentylamide,Pseudoalteromonas sp.,0,987,124
D-Aspartic acid,Staphylococcus epidermis,1,632,147
4-Methoxycarbonylphenylboronic acid,Vibrio cholerae,1,335,175
Terconazole,Proteus vulgaris,0,1257,122
"(2E)-1-(2 ,5 -dimethoxyphenyl)-3-(2-naphthyl)-2-propen-1-one",Enterococcus faecalis,1,22,66
Resveratrol,Streptococcus oralis,0,1148,156
(2E)-1-[4 -(1H-imidazol-1-yl)phenyl]-3-(3-methoxy-4-benzyloxi-phenyl)-2-propen-1-one,Staphylococcus epidermidis,1,31,146
Tet-213,Staphylococcus aureus,1,1261,141
Piperacillin,Streptococcus pneumoniae,1,1102,158
IG-13,Hepatitis C Virus ,0,815,85
Rhein,Fusarium solani,0,1149,75
Limonene,Shewanella oneidensis,0,899,137
Cyclobutanamine,Pseudomonas aeruginosa,1,622,125
Phloridzin,Staphylococcus aureus,1,1095,141
Djenkolic acid,Baker's yeast,0,689,27
Azithromycin,Escherichia coli ,1,456,70
Tigecycline,Staphylococcus aureus,1,1272,141
Linalool,Candida albicans,1,900,34
Penicillenol A2,Candida albicans,1,1075,34
4-chloroaniline,Candida krusei,0,351,38
Ethyl gallate,Enterococcus faecalis,1,722,66
Cerulenin,Thermus thermophilus ,0,568,169
CWR11,Human herpesvirus 5,0,514,90
Furanone C-30,Pseudomonas aeruginosa,1,753,125
Lomefloxacin,Haemophilus influenzae,1,904,78
"(5Z)-2-(1,1-dichloro-2-phenylethyl)-5-{[4-(trifluoromethyl)phenyl]methylidene}-1,3-oxazolidin-4-one",Acinetobacter oleiovorans,0,78,4
Sulfanilamide,Escherichia coli,1,1233,69
BS-34,Candida albicans,1,462,34
Ceftazidime,Streptococcus pneumoniae,1,560,158
Clarithromycin,Mycobacterium avium,1,595,110
"(5Z)-2-(1,1-dichloro-3,3-dimethylbutyl)-5-{[4-(trifluoromethyl)phenyl]methylidene}-1,3-oxazolidin-4-one",Staphylococcus aureus,1,81,141
3-(Trifluoromethyl)phenylalanine,Gardnerella vaginalis,0,275,76
Trimethyl(3-{4-[3-(trimethylazaniumyl)propoxy]phenoxy}propyl)azanium dibromide,Vibrio parahaemolyticus,0,1290,177
Hydnocarpin D,Bacteroides fragilis,0,810,24
Propyl gallate,Streptomyces rubiginosus,0,1117,166
Daptomycin,Staphylococcus aureus,1,657,141
Ch Dhvar5 ads,Enterobacter aerogenes,0,570,61
dF21-10K,Aspergillus niger,0,1360,16
"Dihydroxybenzoic Acid (2,3-DHBA)",Eikenella corrodens,1,679,58
epsilon-viniferin,Actinoplanes missouriensis,0,1365,8
Isoniazid ,Mycobacterium tuberculosis,1,842,113
Ceftazidime,Pseudomonas aeruginosa,1,560,125
Ethambutol,Mycobacterium tuberculosis,1,719,113
Moxifloxacin,Haemophilus influenzae,1,945,78
FK506,Listeria ivanovii,0,729,103
Epigallocatechin Gallate,Streptococcus mutans,1,710,155
AFP1,Firmicutes,0,415,73
SQ109,Arthrobacter sp. ,0,1178,14
Lomefloxacin,Haemophilus influenzae,1,904,78
Sulfamethoxazole,Escherichia coli,1,1231,69
Miconazole,Candida albicans,1,940,34
"6-(4-chlorophenyl)-1,3-dimethyl-5-[3-(4-methylphenyl)-1-phenyl-1H-pyrazol-4-yl]-1H,2H,3H,4H,5H,6H-pyrimido[4,5-d][1,3]diazine-2,4-dione",Aggregatibacter actinomycetemcomitans,0,387,11
Linezolid,Enteric bacteria and other eubacteria,1,901,59
Wheat bran,Vibrio anguillarum,0,1321,173
"N-(1,3-Thiazol-2-yl)butanamide",Pichia anomala,0,970,117
p-nitrophenyl glycerol,Proteus mirabilis,1,1380,121
Besifloxacin,Staphylococcus saprophyticus,0,483,150
3-hexyl-4-bromo-5-methylene-2(5H)-furanone,Pseudomonas libaniensis,0,298,129
(2-methyl-5-nitro-1H-imidazol-1-yl)methyl (2E)-3-phenylprop-2-enoate,Pseudomonas japonica,0,14,128
7P-AC,Staphylococcus epidermidis,1,410,146
Amantadine,Influenza A virus ,1,429,95
Azidocillin,Streptococcus pneumoniae,1,455,158
Bromophenyl AHL,Eubacterium ramulus,0,495,72
Dibenzyl disulphide,Streptococcus sanguinis,0,671,162
trans-Stillbene,Staphylococcus aureus,1,1393,141
Zeaxanthin,Enterobacteria phage T4,0,1326,65
Linezolid,Staphylococcus aureus,1,901,141
trans-2-Pentenal,Shigella flexneri,0,1390,138
1-{2-[(E)-2-(4-methoxyphenyl)ethenyl]-4-phenylquinolin-3-yl}ethan-1-one,Escherichia coli,1,141,69
L-Aspartate,Providencia stuartii,0,866,123
"(2S,3R,4S,5S,6R)-6-(Acetoxymethyl)-3-butyramidotetrahydro-2H-pyran-2,4,5-triyl triacetate",Pseudomonas aeruginosa,1,64,125
5-Fluorouracil,Pseudomonas aeruginosa,1,380,125
"(1R,4R,8S,11S,12R)-4-hydroxy-1,4,8-trimethyl-12-(propan-2-yl)tricyclo[9.3.0.0]tetradec-3(7)-en-6-one",Trueperella pyogenes,0,9,171
3-(3-fluorophenyl)-5-(3-ethoxy-4-hydroxybenzylidene)-2-thioxothiazolidin-4-one,Enterococcus faecalis,1,270,66
LF11-215,Human immunodeficiency virus,0,879,91
Delphinidin,Bacillus licheniformis,0,662,20
Ribavirin,Influenza A virus ,1,1151,95
Coumarin,Human herpesvirus 4,0,616,89
Fosaphenytoin,Candida albicans,1,747,34
G H12,Streptococcus sanguinis,1,763,162
2-(2-(2-Azidoacetamido)phenyl)-2-oxo-N-(prop-2-yn-1-yl)acetamide,Enterobacter cancerogenus,0,185,62
"1-(2-Chloroacetyl)-5-methylindoline-2,3-dione",Pseudomonas aeruginosa,1,120,125
"(2E)-1-(1 ,3 -benzodioxol-5-yl)-3-(2-naphthyl)-2-propen-1-one",Staphylococcus epidermidis,1,16,146
Lysozyme,Pseudomonas aeruginosa,1,911,125
(2R)-2-amino-3-phenylmethanesulfinylpropanoic acid,Actinomyces oris,1,47,7
Kanamycin,Enteric bacteria and other eubacteria,1,858,59
M8-33,Serratia marcescens,0,912,136
2-bromooctanoic acid,Streptococcus sobrinus,0,239,164
Octadecyl gallate,Pseudomonas aeruginosa,1,1041,125
Zinc Nitrate,Staphylococcus equorum,0,1330,148
"N-((2R,3R,4S,5S,6R)-2,4,5-Trihydroxy-6-(hydroxymethyl)tetrahydro-2H-pyran-3-yl)dodecanamide",Streptococcus mitis,0,967,154
L-cysteic acid,Streptomyces rubiginosus,0,874,166
Tioconazole,Porphyromonas gingivalis,0,1275,119
Azlocillin,Hafnia paralvei,0,457,80
CAMA,Klebsiella variicola,0,509,100
Holothuroidin 1,Staphylococcus epidermidis,1,806,146
Saquinavir,Varicella-zoster virus,0,1183,172
Rifampicin,Hafnia alvei,0,1154,79
Nitrofural,Escherichia coli,1,1022,69
Ginger oil,Enteric bacteria and other eubacteria ,0,781,60
S-methyl- L-cysteine,Human parainfluenza virus type 2,0,1171,93
beta-Caryophyllene,Salmonella enterica,0,1345,133
Ethyl acetate,Actinobacillus actinomycetemcomitans,0,721,6
Hepcidin 20,Baker's yeast,0,795,27
Ethylene glycol tetraacetic acid,Staphylococcus aureus,1,723,141
Pleurocidin,Escherichia coli,1,1107,69
S-OSIP108,Escherichia coli,0,1168,69
Ampicillin,Streptococcus pneumoniae,1,437,158
Amoxicillin,Salmonella enterica,0,435,133
Epigallocatechin Gallate,Enterobacter ludwigi,1,710,64
Fluspiriline,Vibrio anguillarum,0,745,173
S6L3-33,Streptococcus sanguinis,1,1175,162
Dicyclohexylamine,Bacillus anthracis,0,677,18
2-Methoxy-D-Phenylalanine,Staphylococcus aureus,1,222,141
Coprinuslactone,Coagulase- negative staphylococci,0,615,49
Cefpiramide,Firmicutes,0,557,73
(3R)-4-(4-acetylphenyl)-3-aminobutan-2-one,Staphylococcus aureus,1,69,141
KSL,Burkholderia multivorans,0,854,30
Viomycin,Candida glabrata,0,1313,36
4-methoxy-cinnamaldehyde,Achromobacter xylosoxidans,0,357,1
Indole-3-carboxyaldehyde,Candida albicans,0,831,34
Neomycin,Enteric bacteria and other eubacteria,1,1014,59
Trovafloxacin,Haemophilus influenzae,1,1294,78
Norspermidine,Pseudomonas aeruginosa,1,1031,125
Cefotetan,Mycobacterium leprae,0,554,111
Quinupristin,Enteric bacteria and other eubacteria,1,1133,59
Sulfamethizole,Escherichia coli,1,1230,69
Ofloxacin,Haemophilus influenzae,1,1044,78
Naringenin,Escherichia coli,1,1009,69
5-Fluorouracil,Porphyromonas gingivalis,0,380,119
Vanillylacetone,Pseudomonas fluorescens,0,1310,127
3-Carbamoylphenylalanine,Enterococcus faecalis,0,279,66
2-amino-3-(propane-1-sulfinyl)propanoic acid,Aquifex aeolicus,0,230,13
Oleanolic Acid,Bacillus cereus,0,1045,19
(RW)2-NH2,Streptomyces sp. ,0,95,167
"3,4-Dichloro-cinnamaldehyde",Candida glabrata,0,253,36
4-Methoxycarbonylphenylboronic acid,Staphylococcus epidermis,0,335,147
Sulfacetamide,Dihydropteroate synthase type-1,1,1222,55
Salicylic Acid,Stenotrophomonas maltophilia,0,1180,151
Clindamycin ,Shigella flexneri,1,600,138
Dicloxacillin,Bacillus anthracis,0,676,18
Lamivudine,Hepatitis B virus F,1,892,84
Lomefloxacin,Haemophilus influenzae,1,904,78
Pyrazinamide,Mycobacterium tuberculosis,1,1122,113
2-Chloro-DL-Phenylalanine,Citrobacter freundii,0,216,43
Monensin sodium salt,Mycobacterium smegmatis,0,944,112
"1-[2-(3-bromo-4-hydroxy-5-methoxyphenyl)-5-(3,4,5-trimethoxyphenyl)-1,3,4-oxadiazol-3(2H)-yl]ethanone",Streptococcus mutans,1,134,155
Pyrazinamide,Enterobacteria phage T4,0,1122,65
Cefixime,Haemophilus influenzae,1,547,78
Cefazolin,Escherichia coli,1,543,69
Niacinamide,Pseudomonas aeruginosa,1,1018,125
Oxytetracycline,Dihydropteroate synthase type-1,0,1056,55
N-[(3-chloro-isoquinolin-4-yl)methylene]benzohydrazide,Pseudomonas aeruginosa,1,988,125
Nelfinavir,Baker's yeast,0,1011,27
14-Glycinyl andrographolide hydrochloride,Candida parapsilosis,0,161,39
"(R)-2,3-Diaminopropanoic acid",Staphylococcus epidermis,1,91,147
Zanamivir,Influenza A virus ,1,1325,95
6-Amino Penicillinic acid,Klebsiella pneumoniae,1,388,99
4-bromo-5-(bromomethylene)-3-butyl-2(5H)- furanone,Burkholderia pseudomallei,0,345,31
"(2S,3R,4S,5S,6R)-6-(Acetoxymethyl)-3-(3-oxohexanamido)tetrahydro-2H-pyran-2,4,5-triyl triacetate",Pseudomonas aeruginosa,1,62,125
S-phenyl-L-cysteine,Pichia anomala,0,1172,117
Ciprofloxacin,Haemophilus influenzae,1,590,78
para-ethylaniline,Geobacillus kaustophilus,0,1384,77
LF11-227,Providencia stuartii,0,880,123
meta-toluidine,Escherichia coli,0,1372,69
Pefloxacin,Haemophilus influenzae,1,1070,78
Gatifloxacin,Streptococcus pneumoniae serotype 4,1,776,159
"3,3-dimethyl-13-{7-methyl-[1,2,3,4]tetrazolo[1,5-a]quinolin-4-yl}-1H,2H,3H,4H,6H,11H,13H-indazolo[1,2-b]phthalazine-1,6,11-trione",Candida albicans,1,247,34
LL-37,Acinetobacter baumannii,1,888,2
Avermectin B1a,Pseudomonas libaniensis,0,453,129
beta-Defensin-3,Clostridium perfringens,0,1347,47
Farnesol,Candida albicans,1,732,34
Lys-a1,Streptococcus salivarius,1,910,161
"(1R,4R,8S,11S,12R)-4-hydroxy-1,4,8-trimethyl-12-(propan-2-yl)tricyclo[9.3.0.0]tetradec-3(7)-en-6-one",Mycobacterium avium,0,9,110
2-amino-3-(3-chlorophenyl)propanoic acid,Clostridium perfringens,0,226,47
CGP-37157,Candida albicans,1,510,34
Penciclovir,Human herpesvirus 1 ,1,1073,87
Bacalin hydrate,Eubacterium ramulus,0,464,72
Meropenem,Clostridium pasteurianum,0,927,46
Pefloxacin,Haemophilus influenzae,1,1070,78
Azidocillin,Streptococcus pneumoniae,1,455,158
3-hexyl-5-bromomethylene-2(5H)-furanone,Varicella-zoster virus,0,299,172
2-amino-3-(3-nitrophenyl)propanoic acid,Staphylococcus aureus,1,227,141
(2E)-N-[3-(1H-imidazol-1-yl)propyl]-3-phenylprop-2-enamide,Lactobacillus fermenti,0,39,102
Stilbene,Thermus thermophilus ,0,1215,169
Enoxacin,Haemophilus influenzae,1,704,78
Palmitic acid,Listeria monocytogenes,0,1065,104
R-FV-I16,Hafnia alvei,0,1135,79
Bismuth oxide nanoparticle,Staphylococcus haemolyticus,0,492,149
Pa-MAP,Burkholderia pseudomallei,0,1063,31
Cefpiramide,Staphylococcus aureus,1,557,141
N -(5-bromo-2-hydroxy-benzylidene)benzohydrazide,Staphylococcus epidermidis,1,961,146
Cefepime,Coagulase- negative staphylococci,0,545,49
3-(2-Furyl)-D-alanine,Staphylococcus aureus,1,262,141
Phenobarbitone,Candida albicans,1,1089,34
Fluspiriline,Candida albicans,1,745,34
Cefalonium,Listeria monocytogenes,1,539,104
2-(2-(2-Azidoacetamido)-5-nitrophenyl)-2-oxo-N-(prop-2-yn-1-yl)acetamide,Escherichia coli,1,184,69
Trovafloxacin,Haemophilus influenzae,1,1294,78
Isosinensetin,Vibrio harveyi,1,846,176
Tet-26,Streptomyces rubiginosus,0,1262,166
Benzathine Benzylpenicillin,Streptococcus epidermidis,0,472,152
Rimantadine,Influenza A virus ,1,1157,95
2-Methoxy-D-Phenylalanine,Staphylococcus aureus,1,222,141
cat-AGE-RK2,Candida albicans,1,1351,34
lin-SB056,Coagulase- negative staphylococci,0,1370,49
Rosmarinic acid,Aeromonas hydrophila,1,1159,9
Enalapril,Bacillus anthracis,0,702,18
Pefloxacin,Haemophilus influenzae,1,1070,78
Nitrofural,Escherichia coli,1,1022,69
4-Bromo-D-phenylalanine,Staphylococcus aureus,1,322,141
Dephnetin,Human herpesvirus 1 ,0,664,87
Gallium cation,Raoultella ornithinolytica,0,771,131
Chitosan,Aspergillus fumigatus,1,573,15
S-methyl- L-cysteine,Neisseria gonorrhoeae,0,1171,114
Zidovudine,Influenza B virus ,0,1327,97
1-(4-chlorophenyl)-3-m-tolyurea,Burkholderia multivorans,0,124,30
Cycloserine ,Mycobacterium avium,1,624,110
1-{2-[(E)-2-(4-hydroxy-3-methoxyphenyl)ethenyl]-4-phenylquinolin-3-yl}ethan-1-one,Bacillus subtilis,1,140,21
2-(2-(2-Chloroacetamido)-5-nitrophenyl)-2-oxo-N-( prop-2-yn-1-yl)acetamide,Neisseria gonorrhoeae,0,188,114
CGP-37157,Candida albicans,1,510,34
"(2E)-1-(2 ,4 ,5 -trimethoxyphenyl)-3-(2-chloro-6-methoxy-quinolin-3-yl)-2-propen-1-one",Enteric bacteria and other eubacteria,0,19,59
Picolinic acid,Morganella morganii,0,1099,109
5- hydroxyethyl-3-tetradecanoyltetramic acid,Yersinia enterocolitica,0,366,179
L-Phenylalanine-D-Lysine,Escherichia coli ,0,870,70
Octadecyl gallate,Escherichia coli ,0,1041,70
Ephedrine,Pseudoalteromonas sp.,0,705,124
Limonene,Streptococcus mitis,1,899,154
N-[5-(6-amino-9H-purin-9-yl)-4-hydroxy-2-(hydroxymethyl)oxolan-3-yl]-3-(4-methoxyphenyl)propanamide,Vibrio vulnificus,1,989,178
Amikacin,Escherichia coli,1,430,69
Clozapine,Influenza B virus,0,607,96
Ofloxacin,Haemophilus influenzae,1,1044,78
2-Hydroxychalcone,Haemophilus influenzae,1,220,78
Esomeprazole,Escherichia coli,0,718,69
Curcumin,Raoultella ornithinolytica,1,619,131
Atazanavir,Human immunodeficiency virus,1,449,91
Thiazolidinedione-8,Candida glabrata,0,1266,36
Pa-MAP,Candida albicans,0,1063,34
Ciprofloxacin ,Haemophilus influenzae,1,592,78
Hyperoside,Vibrio cholerae,0,813,175
"N1-(7-chloroquinolin-4-yl)dodecane-1,12-diamine",Pseudomonas aeruginosa,1,991,125
den-SB056,Pseudomonas japonica,0,1361,128
Ceftazidime,Escherichia coli,1,560,69
Pefloxacin,Haemophilus influenzae,1,1070,78
Sulfisoxazole ,Escherichia coli,1,1237,69
Chloroxine,Pseudomonas putida,0,577,130
Indole-3-acetamide,Lactobacillus fermenti,0,829,102
3-(2-Naphthyl)-D-alanine,Serratia marcescens,0,264,136
Isoeugenol,Escherichia coli,1,839,69
Dicloxacillin,Shigella flexneri,0,676,138
S-methyl- L-cysteine,Enterobacter aerogenes,0,1171,61
Cecropin B,Staphylococcus cohnii,0,535,145
Copper sulfate,Pseudomonas aeruginosa,1,614,125
Penciclovir,Corynebacterium ammoniagenes,0,1073,50
"(10R,11R)-Hydnocarpin D",Human parainfluenza virus type 2,0,2,93
Farnesol,Streptococcus oralis,0,732,156
3-(4-Pyridinyl)alanine,Influenza B virus ,0,271,97
D-Methionine,Streptococcus salivarius,0,638,161
2-Nitro-cinnamaldehyde,Staphylococcus cohnii,0,224,145
"2-Benzyl-5-(4,5-dibromo-1-methyl-1H-pyrrol-2-yl)-1,3,4-oxadiazole",Staphylococcus aureus,1,214,141
6-Chloroindole,Streptococcus sanguinis,0,391,162
Minocycline,Escherichia coli,1,942,69
Gallium Nitrate,Escherichia coli,1,770,69
Carolacton,Mycobacterium tuberculosis,0,528,113
"(E)-1-[6-[(3-acetyl-2,4,6-trihydroxy-5-methylphenyl)methyl]-5,7-dihydroxy-2,2-dimethyl-2H-1-benzopyran-8-yl]-3-phenyl-2-propen-1-one",Burkholderia cenocepacia,0,88,28
1-{6-nitro-4-phenyl-2-[(E)-2-[4-(trifluoromethoxy)phenyl]ethenyl]quinolin-3-yl}ethan-1-one,Micrococcus luteus,1,145,108
Pyrvinium pamoate,Streptomyces gordonii,0,1126,165
Rimantadine,Influenza A virus ,1,1157,95
BMAP-28,Stenotrophomonas maltophilia,1,461,151
1-(4-methoxyphenyl)-3-p-tolyurea,Desulfovibrio africanus,0,127,54
Fluperlapine,Candida albicans,1,744,34
Oleic Acid,Pseudomonas aeruginosa,1,1046,125
Djenkolic acid,Human immunodeficiency virus 1,0,689,92
Cefoperazone,Pseudomonas aeruginosa,1,551,125
Rilpivirine,Mycobacterium smegmatis,0,1156,112
Thimerosal,Enterobacter cancerogenus,0,1267,62
Enoxacin,Enterobacteria phage T4,0,704,65
Cadmium Ion,Pseudomonas aeruginosa,1,515,125
N -[(3-chloro-isoquinolin-4-yl)methylene] benzohydrazide,Streptococcus mutans,1,963,155
Gatifloxacin,Pseudomonas japonica,0,776,128
Magainin-II,Streptococcus mutans,1,920,155
3-(pyridin-3-yl)-5-(3-ethoxy-4-hydroxybenzylidene)-2-thioxothiazolidin-4-one,Staphylococcus aureus,1,276,141
Cefepime ,Aspergillus fumigatus,0,546,15
4-Nitro-D-phenylalanine,Enterococcus gallinarum,0,339,68
2-(Trifluoromethyl)-D-phenylalanine,Candida tropicalis,0,212,41
16P,Thermus thermophilus ,0,164,169
Azlocillin,Clostridium perfringens ,1,457,48
Ticarcillin,Streptomyces gordonii,0,1271,165
Flucloxacillin,Halomonas pacifica,0,742,81
Quinine,Plasmodium falciparum,1,1130,118
PG-1,Proteus vulgaris,0,1060,122
Biphenyl,Staphylococcus aureus,1,488,141
(R)-2-Amino-3-biphenyl-3-yl-propionic acid,Pseudomonas putida,0,92,130
Sulfadoxine,Plasmodium falciparum,1,1226,118
Pefloxacin,Haemophilus influenzae,1,1070,78
3-(4-fluorophenyl)-5-(3-ethoxy- 4-hydroxybenzylidene)-2-thioxothiazolidin-4-one,Staphylococcus epidermidis,1,273,146
(E)-Chalcone,Clostridium perfringens,0,90,47
Dezocine,Haemophilus influenzae,1,666,78
CGP-37157,Streptococcus mitis,0,510,154
1-(4-methoxyphenyl)-3-p-tolyurea,Streptococcus mutans,1,127,155
Benzbromarone,Staphylococcus equorum,0,474,148
2-amino-6-chlorobenzoic acid,Lysinibacillus sphaericus,0,233,106
Curcumin,Aeromonas hydrophila,1,619,9
Darunavir,Enterobacter cloacae,0,658,63
6-MO-LF11-215,Obesumbacterium proteus,0,394,115
(2E)-1-(5-clorotiophen-2-yl)-3-(3-methoxy-4-benzyloxi-phenyl)-2-propen-1-one,Staphylococcus equorum,0,29,148
2-Nitro-cinnamaldehyde,Staphylococcus haemolyticus,0,224,149
S-propyl-L-cysteine,Candida tropicalis,0,1174,41
Flavonoids 3,Vibrio harveyi,1,738,176
2-(Trifluoromethyl)-D-phenylalanine,Hepatitis C virus,0,212,86
Imazalil,Shewanella oneidensis,0,821,137
"Trimethyl[2-({10,15,20,24,26,29,31,33,34-nonakis[3-(trimethylphosphaniumyl)propoxy]hexacyclo[21.2.2.2,.2,.2,.2]pentatriaconta-1(25),3(35),4,6(34),8,10,13,15,18,20,23,26,28,30,32-pentadecaen-4-yl}oxy)ethyl]phosphanium decabromide",Candida glabrata,0,1292,36
Dapsone,Mycobacterium leprae,1,656,111
3-(4-fluorophenyl)-5-(3-(allyloxy)-4-hydroxybenzylidene)-2-thioxothiazolidin-4-one,Staphylococcus aureus,1,272,141
4-bromo-5-(dibromomethylene)-3-ethyl-2(5H)-furanone,Bacillus cereus,0,348,19
5-bromomethylene-2 (5H)-furanone,Serratia liquefaciens,1,382,135
Sulfisoxazole,Escherichia coli,1,1236,69
Ampicillin,Streptococcus pneumoniae,1,437,158
M8-33,Klebsiella pneumoniae,0,912,99
dF21-10K,Candida tropicalis,1,1360,41
cis-Stillbene,Desulfovibrio africanus,0,1354,54
Dibenzyl disulphide,Bacillus subtilis,0,671,21
6-Aminoflavone,Pseudomonas fluorescens,0,389,127
Virginiamycin M1,Vibrio parahaemolyticus,0,1314,177
GW 5074,Eikenella corrodens,0,767,58
Zinc Dichloride,Staphylococcus equorum,0,1329,148
Enoxacin,Haemophilus influenzae,1,704,78
LF11-227,Pseudomonas aeruginosa,1,880,125
Ciprofloxacin,Haemophilus influenzae,1,590,78
Enoxacin,Haemophilus influenzae,1,704,78
4-methoxy-cinnamaldehyde,Human herpesvirus 3,0,357,88
G H12,Plasmodium falciparum,0,763,118
Chrysophanol,Pseudomonas libaniensis,0,581,129
Thonzonium bromide,Kocuria rhizophila,0,1269,101
DJK5,Klebsiella pneumoniae,1,649,99
Titanium dioxide,Aquifex aeolicus,0,1278,13
Cerulenin,Escherichia coli,1,568,69
Gatifloxacin,Streptococcus pneumoniae serotype 4,1,776,159
Tipranavir ,Human immunodeficiency virus,1,1277,91
"(R)-2,3-Diaminopropanoic acid",Hepatitis C Virus ,0,91,85
alpha-Longipinene,Candida albicans,1,1338,34
"7-fluoroindoline-2,3-dione",Enterobacter cancerogenus,0,404,62
Oxyresveratrol,Streptococcus mutans,0,1055,155
Myricetin,Human herpesvirus 5,0,950,90
Trovafloxacin,Haemophilus influenzae,1,1294,78
Hetacillin,Streptococcus pneumoniae,1,800,158
PTP-7,Bacillus anthracis,0,1062,18
Clindamycin,Propionibacterium acnes,1,599,120
Tipranavir ,Human immunodeficiency virus,1,1277,91
Ciprofloxacin ,Raoultella ornithinolytica,0,592,131
"5-decyl-1,3-thiazolidine-2,4-dione",Listeria monocytogenes serotype 4a,0,383,105
Pyrvinium pamoate,Bacillus anthracis,0,1126,18
Glucose,Vibrio harveyi,0,783,176
Enoxacin,Haemophilus influenzae,1,704,78
Atazanavir,Human immunodeficiency virus 1,1,449,92
"Benzenesul-fonamide,4-amino-N-methyl-N-[3-(3,4,7,8-tetrahydro-2,4-dioxo-2H-thiopyrano[4,3-d]pyrimidin-1(5H)-yl)propyl",Acinetobacter baumannii,1,475,2
Zinc oxide,Staphylococcus aureus,1,1331,141
A-3,Human herpesvirus 4,0,413,89
Indirubin,Pseudomonas aeruginosa,1,825,125
3-geranyl-1-(2-methylbutanoyl)phloroglucinol,Staphylococcus aureus,1,296,141
trans-Stillbene,Pseudomonas putida,0,1393,130
Furanone-3,Aspergillus fumigatus,0,756,15
trans-2-Pentenal,Varicella-zoster virus,0,1390,172
ZnO nanoparticles,Pseudomonas aeruginosa,1,1333,125
Cefotiam,Vibrio cholerae,0,555,175
Lactoferricin B,Aspergillus fumigatus,1,891,15
N-(4-Morpholinyl)butanamide,Thermus thermophilus,0,978,168
Esculin,Pseudomonas aeruginosa,1,716,125
Lys-a1,Streptococcus mutans,1,910,155
Oxytetracycline,Acinetobacter nosocomialis,0,1056,3
2-Carbamoylphenylalanine,Porphyromonas gingivalis,0,215,119
LL-31,Pseudomonas putida,0,887,130
3-(3-fluorophenyl)-5-(3-ethoxy-4-hydroxybenzylidene)-2-thioxothiazolidin-4-one,Staphylococcus aureus,1,270,141
Thonzonium bromide,Plasmodium falciparum,0,1269,118
(Z)-4-bromo-5-(bromomethylene)-3-methylfuran-2(5H)-one,Staphlococcus aureus,0,107,140
3-(4-fluorophenyl)-5-(3-(allyloxy)-4-hydroxybenzylidene)-2-thioxothiazolidin-4-one,Staphylococcus epidermidis,1,272,146
1-(4-amino-2-hydroxyphenyl)ethan-1-one,Plasmodium falciparum,0,123,118
"L-744,832",Thermus thermophilus,0,865,168
Cefpiramide,Pseudomonas aeruginosa,1,557,125
N-(4-Hydroxyphenyl)butanamide,Bacillus amyloliquefaciens,0,977,17
2-bromooctanoic acid,Pseudomonas aeruginosa,1,239,125
Ofloxacin,Haemophilus influenzae,1,1044,78
5-fluorooxiindole,Pantoea agglomerans,0,385,116
Ferric chloride,Aggregatibacter actinomycetemcomitans,0,734,11
Lomefloxacin,Haemophilus influenzae,1,904,78
"N-((2R,3R,4S,5S,6R)-2,4,5-Trihydroxy-6-(hydroxymethyl)tetrahydro-2H-pyran-3-yl)hexanamide",Raoultella ornithinolytica,0,968,131
"3,5-Difluoro-dl-phenylalanine",Citrobacter freundii,0,256,43
Cefpiramide,Human immunodeficiency virus 1,0,557,92
Hinokitiol,Candida tropicalis,1,804,41
3-Chloro-5-[(2-chloroethoxy)]-4-[(4-methylphenylsulfanyl)]-2(5H)-furanone,Burkholderia thailandensis,0,280,32
Kaempherol,Staphylococcus aureus,1,857,141
1-(4-methoxyphenyl)-3-p-tolyurea,Acinetobacter oleiovorans,0,127,4
Rimantadine,Influenza A virus ,1,1157,95
"N-(4,5-Dihydro-1,3-thiazol-2-yl)butanamide",Bacillus amyloliquefaciens,0,975,17
Dezocine,Haemophilus influenzae,1,666,78
Cloxacillin,Listeria monocytogenes,1,606,104
CWR11,Pseudomonas aeruginosa,1,514,125
Vitamin E,Enterococcus gallinarum,0,1317,68
5-Fluorouracil,Pseudomonas aeruginosa,1,380,125
16P-AC,Staphylococcus epidermidis,1,165,146
GW 5074,Vibrio cholerae,0,767,175
D-2-aminoadipic acid,Burkholderia pseudomallei,0,628,31
phys-GL13K,Porphyromonas gingivalis,1,1386,119
3-Methoxychalcone,Desulfovibrio africanus,0,287,54
Linalool,Acinetobacter baumannii,1,900,2
FS8,Human herpesvirus 5,0,730,90
Erythromycin,Escherichia coli ,1,713,70
4-bromoaniline,Enterobacteria phage T4,0,349,65
Flavonoids 3,Arthrobacter sp. ,0,738,14
Zeaxanthin,Streptomyces rubiginosus,0,1326,166
Clofazimine,Bacillus anthracis,0,602,18
"(2E)-1-(2 ,4 ,5 -trimethoxyphenyl)-3-(2-chloro-6-methoxy-quinolin-3-yl)-2-propen-1-one",Streptococcus mutans,1,19,155
Fosfomycin,Escherichia coli,1,748,69
Nitazoxanide ,Desulfovibrio africanus,1,1021,54
S-methyl- L-cysteine,Streptococcus gordonii,0,1171,153
(1Z)-ethylidene-lambda4-sulfanyliumolate,Enterococcus faecium,0,12,67
Glipizide,Burkholderia cepacia,0,782,29
N-(4-Pyridinyl)butanamide,Staphylococcus chromogenes,0,979,144
S-propyl-L-cysteine,Listeria monocytogenes,0,1174,104
Moxifloxacin,Haemophilus influenzae,1,945,78
NaCl,Marinobacter hydrocarbonoclasticus,0,1007,107
"N-((2R,3R,4S,5S,6R)-2,4,5-Trihydroxy-6-(hydroxymethyl)tetrahydro-2H-pyran-3-yl)hexanamide",Influenza A virus ,0,968,95
Netilmicin,Listeria monocytogenes,0,1016,104
SP1,Staphylococcus aureus,1,1177,141
RNAIII-inhibiting Peptide,Enteric bacteria and other eubacteria ,0,1141,60
Nelfinavir,Streptococcus pneumoniae serotype 4,0,1011,159
"N-(4,5-Dihydro-1,3-thiazol-2-yl)butanamide",Aspergillus fumigatus,0,975,15
Mustard oil,Staphylococcus aureus,1,949,141
M8-33,Streptococcus sanguinis,1,912,162
4-methanesulfonylaniline,Pseudomonas aeruginosa,1,356,125
Indole,Burkholderia cenocepacia,1,827,28
Atazanavir,Human immunodeficiency virus 1,1,449,92
"(2E)-1-(3 ,4 -dimethoxyphenyl)-3-(2-naphthyl)-2-propen-1-one",Enterococcus faecalis,1,25,66
4-Hydroxychalcone,Haemophilus influenzae,1,333,78
Sulfacetamide,Actinobacillus actinomycetemcomitans,0,1222,6
Gatifloxacin,Streptococcus pneumoniae serotype 4,1,776,159
Sodium ascorbate,Staphylococcus saprophyticus,0,1208,150
4-bromo-5-(bromomethylene)-3-(1-acetoxybutyl)-2(5H)-furanone,Hepatitis C virus,0,343,86
16P-AC,Burkholderia cepacia,0,165,29
prop-2-ene-1-SO-thioperoxol,Streptococcus mutans,1,1387,155
Zanamivir,Influenza A virus ,1,1325,95
"2-(4,5-dibromo-1-methyl-1H-pyrrol-2-yl)-5-phenyl-1,3,4-oxadiazole",Staphylococcus aureus,1,198,141
S-(2-thiazoyl)-L-cysteine,Micrococcus luteus,0,1165,108
"D, L- K6L9",Pseudomonas aeruginosa,1,626,125
Cefalotin,Streptococcus pneumoniae,1,540,158
Tea tree oil,Dihydropteroate synthase type-1,0,1249,55
Penicillenol B2,Vibrio harveyi,0,1077,176
5-(dibromomethylene)-3-ethyl-2(5H)-furanone,Trichophyton mentagrophytes,0,372,170
epsilon-viniferin,Mycobacterium tuberculosis,0,1365,113
Isoriccardin C,Baker's yeast,0,844,27
Tangerine oil,Lactobacillus fermenti,0,1244,102
Cephalexin,Streptococcus pneumoniae,1,566,158
Pivmecillinam,Arthrobacter sp. ,0,1105,14
Pyrimethamine,Plasmodium falciparum,1,1123,118
2-(5-Bromo-2-(2-chloroacetamido)phenyl )-2-oxo-N-( prop-2-yn-1-yl)acetamide,Aspergillus niger,0,209,16
Linalool,Enterobacter cloacae,0,900,63
Holothuroidin 1,Bacteroides vulgatus,0,806,26
Linezolid,Enteric bacteria and other eubacteria,1,901,59
Siamycin I,Citrobacter freundii,0,1191,43
Cefotaxime,Streptococcus pneumoniae,1,553,158
"(2-(4-chlorophenyl)- 4-{[(6-methyl-2-pyridinyl)amino]methylene}-1,3-oxazol- 5(4H)-one)",Mycobacterium avium,0,13,110
"3,4-Dichloro-5-[(1,3-dichloropropan-2-yloxy)]-2(5H)-furanone",Pseudomonas putida,0,251,130
3-hydroxychalcone,Haemophilus influenzae,1,300,78
dF17-6K,Pichia anomala,0,1359,117
"(5Z)-2-(1,1-dichloropropyl)-5-{[4-(trifluoromethyl)phenyl]methylidene}-1,3-oxazolidin-4-one",Aeromonas hydrophila,0,84,9
2-amino-3-(prop-2-ene-1-sulfinyl)propanoic acid,Enteric bacteria and other eubacteria ,0,229,60
Zanamivir,Influenza A virus ,1,1325,95
Gemifloxacin,Haemophilus influenzae,1,777,78
Pivampicillin,Clostridium perfringens ,1,1104,48
"4-Hydroxy-2,5-dimethyl-3(2H)-furanone",Staphylococcus epidermidis,0,332,146
Amikacin,Proteus vulgaris,1,430,122
BMAP-27,Human parainfluenza virus type 2,0,460,93
Ethyl acetate,Streptococcus pyogenes,0,721,160
"N-((2R,3R,4S,5S,6R)-2,4,5-Trihydroxy-6-(hydroxymethyl)tetrahydro-2H-pyran-3-yl)hexanamide",Pseudomonas aeruginosa,1,968,125
Oseltamivir,Influenza A virus ,1,1051,95
Sorbitol,Human herpesvirus 3,0,1210,88
6-hydroxyflavone,Escherichia coli,1,398,69
1-{6-nitro-4-phenyl-2-[(E)-2-[4-(trifluoromethoxy)phenyl]ethenyl]quinolin-3-yl}ethan-1-one,Escherichia coli,1,145,69
S-methyl- L-cysteine,Streptococcus mutans,1,1171,155
Anthranilate,Burkholderia thailandensis,0,442,32
"2-bromo-4-methyl-6-(3,4,5-tribromo-1H-pyrrole-2-carbonyl)phenol",Bacillus amyloliquefaciens,0,236,17
beta-Pinene,Staphylococcus chromogenes,0,1348,144
S-carboxylmethyl-L-cysteine,Arthrobacter sp. ,0,1169,14
7-methylindole,Clostridium bacilli,0,408,44
MUC7 12-mer-D,Aquifex aeolicus,0,914,13
3-(pyridin-3-yl)-5-(3-ethoxy-4-hydroxybenzylidene)-2-thioxothiazolidin-4-one,Staphylococcus aureus,1,276,141
Lomefloxacin,Haemophilus influenzae,1,904,78
4-Methoxycarbonylphenylboronic acid,Vibrio vulnificus,1,335,178
4-Benzoylphenylalanine,Vibrio harveyi,0,319,176
Indole,Escherichia coli,1,827,69
M8G2,Clostridium perfringens,0,913,47
Hinokitiol,Candida albicans,1,804,34
2-Cyano-D-phenylalanine,Staphylococcus epidermis,1,217,147
Bromohexylmaleic anhydride,Enterococcus gallinarum,0,494,68
Enoxacin,Haemophilus influenzae,1,704,78
Patulin,Achromobacter xylosoxidans,1,1069,1
Meropenem,Escherichia coli,1,927,69
Rutin,Pseudomonas aeruginosa,1,1163,125
Phloretin,Raoultella ornithinolytica,0,1094,131
Tet-26,Streptococcus pyogenes,0,1262,160
Bis[(4-methylphenyl)methyl] disulfide,Pseudomonas aeruginosa,1,491,125
Azidocillin,Streptococcus pneumoniae,1,455,158
n-Methyl-D-valine,Human respiratory syncytial virus B,0,1375,94
Bifonazole,Listeria monocytogenes serotype 4a,0,487,105
Umbelliferone,Pseudomonas putida,0,1298,130
Gallium Nitrate,Streptococcus pyogenes,0,770,160
Atovaquone,Plasmodium falciparum,1,450,118
"Triethyl[3-({33-[2-(triethylazaniumyl)ethoxy]-10,15,20,25,27,29,31,34-octakis[3-(triethylazaniumyl)propoxy]hexacyclo[21.2.2.2.2.2.2]pentatriaconta-1(25),3,5,8,10,13,15,18,20,23,26,28,30,32,34-pentadecaen-4-yl}oxy)propyl]azanium decabromide",Pantoea agglomerans,0,1287,116
3-(4-Pyridinyl)alanine,Yersinia enterocolitica,0,271,179
Irinotecan,Escherichia coli,1,835,69
Ciprofloxacin,Haemophilus influenzae,1,590,78
Furanone C-30,Pseudomonas aeruginosa,1,753,125
SQ109,Pseudoalteromonas sp.,0,1178,124
2-(Aminomethyl)-L-phenylalanine,Staphylococcus capitis,0,211,142
Benzathine Benzylpenicillin,Listeria monocytogenes,1,472,104
RI-19,Human immunodeficiency virus 1,0,1137,92
Amikacin,Morganella morganii,1,430,109
Cefpiramide,Pseudomonas aeruginosa,1,557,125
Azithromycin,Mycobacterium avium,1,456,110
Zanamivir,Influenza A virus ,1,1325,95
Hinokitiol,Chromobacterium violaceum,0,804,42
cyclophosphamide,Bacteroides uniformis,0,1358,25
Darunavir,Human immunodeficiency virus,1,658,91
"13-(2-chloro-7-methoxyquinolin-3-yl)-3,3-dimethyl-1H,2H,3H,4H,6H,11H,13H-indazolo[1,2-b]phthalazine-1,6,11-trione",Pseudoalteromonas sp.,0,153,124
"N 3-(2-thienylcarbonyl)-4-bromo-1,5-dimethyl-1H-pyrazole-3-carbohydrazide",Fusarium solani,0,964,75
Cecropin (1-7)-melittin A (2-9) amide,Bacillus amyloliquefaciens,0,534,17
(2E)-N-[3-(1H-indol-3-yl)propyl]-3-phenylprop-2-enamide,Candida albicans,1,40,34
Tobramycin,Escherichia coli,1,1279,69
L-Aspartate,Staphylococcus chromogenes,1,866,144
Furanone-3,Eubacterium ramulus,0,756,72
FS8,Streptococcus sanguinis,0,730,162
BisEDT-RIP,Human herpesvirus 1 ,0,490,87
Silver nanowires,Streptomyces gordonii,0,1195,165
Ssp (A4K-A11K),Human herpesvirus 1 ,0,1212,87
Amantadine,Influenza A virus ,1,429,95
"(1R,2S,7R,8R)-2,18-diacetoxyasperdiol",Vibrio harveyi,1,7,176
3-geranyl-1-(2-methylbutanoyl)phloroglucinol,Baker's yeast,0,296,27
Penicillenol A1,Bacteroides fragilis,0,1074,24
Farnesol,Staphylococcus epidermidis,1,732,146
Aciclovir,Varicella-zoster virus,1,420,172
Pefloxacin ,Haemophilus influenzae,1,1071,78
Isosilybin A,Streptococcus sobrinus,0,845,164
Epigallocatechin Gallate,Burkholderia cenocepacia,1,710,28
Tipranavir,Human immunodeficiency virus 1,1,1276,92
Quinupristin,Enteric bacteria and other eubacteria,1,1133,59
Sulfathiazole,Plasmodium falciparum,1,1235,118
"2,4,5-Trifluorophenylalanine",Burkholderia cenocepacia,0,172,28
(2E)-1-[4 -(1H-imidazol-1-yl)phenyl]-3-(2-naphthyl)-2-propen-1-one,Enterococcus faecalis,1,30,66
Autoinducer-2,Human herpesvirus 1 ,0,452,87
"2-(4-methoxyphenyl)-N-(3-{[2-(4-methoxyphenyl)ethyl]imino}-1,4-dihydro-2-quinox alinylidene)ethanamine",Streptococcus mutans,1,207,155
Ethylenediametetraacetic acid,Listeria monocytogenes,1,724,104
Cefaclor,Clostridium perfringens ,1,537,48
"N-((2R,3R,4S,5S,6R)-2,4,5-Trihydroxy-6-(hydroxymethyl)tetrahydro-2H-pyran-3-yl)octanamide",Enterococcus faecium,0,969,67
Indole,Vibrio campbellii,1,827,174
Di-MB-LF11-322,Streptococcus pyogenes,0,668,160
Cefoxitin,Streptococcus pneumoniae,1,556,158
Quinupristin,Shigella flexneri,1,1133,138
Heptamethoxyflavone,Escherichia coli,1,797,69
P60.4Ac,Streptomyces gordonii,0,1059,165
para-toluidine,Staphylococcus aureus,0,1385,141
Dalbavancin,Staphylococcus aureus,1,653,141
"N-(1,3-benzothiazol-2-yl)butanamide",Klebsiella pneumoniae,0,971,99
Azlocillin,Acinetobacter oleiovorans,0,457,4
4-Chloro-2-fluoro-DL-phenylalanine,Burkholderia cenocepacia,0,323,28
4-Hydroxychalcone,Haemophilus influenzae,1,333,78
"N1-[7-(trifluoromethyl)quinolin-4-yl]ethane-1,2-diamine",Streptomyces rubiginosus,0,995,166
"2-bromo-4-methyl-6-(3,4,5-tribromo-1H-pyrrole-2-carbonyl)phenol",Staphylococcus epidermidis,1,236,146
Quinupristin,Escherichia coli ,1,1133,70
Magainin-I,Bacillus amyloliquefaciens,0,919,17
Cathelicidin,Pseudomonas aeruginosa,1,533,125
Biphenyl,Francisella novicida,0,488,74
Efavirenz,Klebsiella planticola,0,696,98
Pefloxacin ,Haemophilus influenzae,1,1071,78
L-Canavanine,Burkholderia cenocepacia,1,867,28
Nevirapine,Human immunodeficiency virus 1,1,1017,92
Benzathine benzylpenicillin,Kocuria rhizophila,0,473,101
"(2E)-1-(1,3-benzodioxol-5-yl)-3-(2-chloro-quinolin-3-yl)-2-propen-1-one",Streptococcus pneumoniae serotype 4,0,17,159
Voriconazole,Acinetobacter baumannii,0,1319,2
Djenkolic acid,Streptococcus mutans,1,689,155
3-(4-fluorophenyl)-5-(3-(allyloxy)-4-hydroxybenzylidene)-2-thioxothiazolidin-4-one,Pseudomonas aeruginosa,1,272,125
Di-MB-LF11-215,Edwardsiella tarda,0,667,56
Posaconazole,Candida albicans,1,1111,34
3-(2-Thienyl)-D-alanine,Staphylococcus epidermis,1,267,147
5-Fluorouracil,Pseudomonas aeruginosa,1,380,125
Gemifloxacin,Haemophilus influenzae,1,777,78
Moxifloxacin,Haemophilus influenzae,1,945,78
Isoniazid ,Francisella novicida,0,842,74
Autoinducer-2,Streptomyces sp. ,0,452,167
Enoxacin,Haemophilus influenzae,1,704,78
11(R)-hydroxy-12(20)-en-knightal,Sphingomonas sp. Ibu-2,0,147,139
Indinavir,Human immunodeficiency virus,1,824,91
Enoxacin,Haemophilus influenzae,1,704,78
D-tert-Leucine,Helicobacter pylori ,0,645,82
Tazobactam ,Escherichia coli,1,1248,69
Ellagic Acid,Clostridium perfringens ,0,698,48
4-Chlorochalcone,Haemophilus influenzae,1,324,78
sorivudine,Burkholderia cepacia,0,1388,29
3-(4-fluorophenyl)-5-(3-(allyloxy)-4-hydroxybenzylidene)-2-thioxothiazolidin-4-one,Staphylococcus aureus,1,272,141
hLF1-11,Candida parapsilosis,0,1367,39
Glycomonoterpenes (G-citral),Pseudomonas chlororaphis,0,785,126
Silybin,Acinetobacter sp.,0,1199,5
"2-(2-chloro-5-fluorophenyl)-5-(4,5-dibromo-1-methyl-1H-pyrrol-2-yl)-1,3,4-oxadiazole",Pseudomonas aeruginosa,1,191,125
Zinc oxide,Mycobacterium leprae,0,1331,111
(1Z)-(prop-2-en-1-ylidene)-lambda4-sulfanyliumolate,Streptococcus mutans,1,11,155
Phenanthrene,Streptococcus pneumoniae serotype 4,0,1088,159
BisEDT-RIP,Staphylococcus epidermidis,1,490,146
L-tryptophan,Pseudomonas aeruginosa,1,878,125
Cefoxitin,Escherichia coli,1,556,69
Streptomycin,Coagulase- negative staphylococci,0,1216,49
Linalool,Trichophyton mentagrophytes,0,900,170
17-Deacetyl norgestimate,Edwardsiella tarda,0,166,56
Oseltamivir,Influenza A virus ,1,1051,95
DJK6,Salmonella enterica,1,650,133
Methacycline,Enteric bacteria and other eubacteria,1,929,59
Posaconazole,Candida albicans,1,1111,34
"(2-(4-chlorophenyl)- 4-{[(6-methyl-2-pyridinyl)amino]methylene}-1,3-oxazol- 5(4H)-one)",Staphylococcus saprophyticus,0,13,150
"3,4-Dichlorophenylalanine",Enterobacter cloacae,0,254,63
Sulfadoxine,Plasmodium falciparum,1,1226,118
(Z)-4-bromo-5-(bromomethylene)-3-(1-bromoethyl)-2(5H)-furanone,Salmonella enterica,1,102,133
Hexachlorophene,Neisseria gonorrhoeae,0,801,114
Fusidic Acid,Escherichia coli,1,761,69
Tobramycin,Escherichia coli,1,1279,69
Methacycline,Yersinia enterocolitica,0,929,179
"N1-[7-(trifluoromethyl)quinolin-4-yl]octane-1,8-diamine",Serratia marcescens,1,996,136
4-Fluoro-2-methyl-D-phenylalanine,Marinobacter hydrocarbonoclasticus,0,329,107
3-(2-Naphthyl)-D-alanine,Staphylococcus aureus,1,264,141
(2R)-2-amino-3-(thiophene-2-sulfinyl)propanoic acid,Enterococcus faecium,0,44,67
2-amino-6-fluorobenzoic acid,Burkholderia multivorans,1,234,30
Tigecycline,Vibrio cholerae,0,1272,175
prop-2-ene-1-SO-thioperoxol,Acinetobacter oleiovorans,0,1387,4
Glycomonoterpenes (G-citral),Serratia marcescens,0,785,136
17-Deacetyl norgestimate,Staphylococcus epidermidis,1,166,146
Enoxacin,Haemophilus influenzae,1,704,78
Cefpiramide,Pseudomonas aeruginosa,1,557,125
Gallocatechin gallate,Eikenella corrodens,1,773,58
Epigallocatechin Gallate,Serratia marcescens,1,710,136
Cerulenin,Escherichia coli,1,568,69
Olive oil,Staphylococcus aureus,1,1047,141
"3,3-dimethyl-13-{[1,2,3,4]tetrazolo[1,5-a]quinolin-4-yl}-2H,4H,13H-indazolo[1,2-b]phthalazine-1,6,11-trione",Candida albicans,1,250,34
Imperatorin,Escherichia coli,1,823,69
Eugenol,Escherichia coli,1,726,69
ZnO nanoparticles,Chromobacterium violaceum,0,1333,42
Methacycline,Enteric bacteria and other eubacteria,1,929,59
Fusidic acid,Pantoea agglomerans,0,762,116
Glycinamide hydrochloride,Bacteroides eggerthii,0,784,23
C12HSL,Streptococcus oralis,0,503,156
3-(4-fluorophenyl)-5-(3-ethoxy- 4-hydroxybenzylidene)-2-thioxothiazolidin-4-one,Enterococcus faecium,1,273,67
D-Cystine,Staphylococcus aureus,1,634,141
Stearic acid,Micrococcus luteus,0,1214,108
Sulfisoxazole,Enterobacter ludwigi,0,1236,64
epsilon-viniferin,Pseudomonas aeruginosa,1,1365,125
TZD-C8,Pseudomonas aeruginosa,1,1241,125
Diphenyl methane,Eggerthella lenta,0,685,57
phys-GL13K,Arthrobacter sp. ,0,1386,14
Fenclonine,Candida parapsilosis,0,733,39
Rhein,Staphylococcus capitis,0,1149,142
Cynarin,Streptomyces rubiginosus,0,625,166
"(2S,3R,4S,5S,6R)-6-(Acetoxymethyl)-3-(2-(4-(trifluoromethyl)phenyl)acetamido)tetrahydro-2H-pyran-2,4,5-triyltriacetate",Influenza B virus ,0,57,97
3-tetradecanoylthiotetronic,Influenza B virus ,0,305,97
Ellagic Acid,Varicella-zoster virus,0,698,172
Phloretin,Staphylococcus aureus,1,1094,141
L-cysteic acid,Streptococcus sanguis,1,874,163
LL-37,Burkholderia thailandensis,1,888,32
Phenoxymethylpenicillin,Streptococcus pneumoniae serotype 4,0,1091,159
Benzoylperoxide,Propionibacterium acnes,1,479,120
Tyrphostin AG1478,Human parainfluenza virus type 2,0,1297,93
Tangerine oil,Mycobacterium leprae,0,1244,111
Aciclovir,Desulfovibrio africanus,0,420,54
Erythromycin,Escherichia coli ,1,713,70
3-(4-fluorophenyl)-5-(3-(allyloxy)-4-hydroxybenzylidene)-2-thioxothiazolidin-4-one,Enterococcus faecium,1,272,67
3-(4-Pyridinyl)alanine,Morganella morganii,0,271,109
Rimantadine,Influenza A virus ,1,1157,95
Cefoxitin,Staphylococcus aureus,1,556,141
"(2S,3R,4S,5S,6R)-6-(Acetoxymethyl)-3-butyramidotetrahydro-2H-pyran-2,4,5-triyl triacetate",Kocuria rhizophila,0,64,101
Sulfisoxazole ,Streptococcus pyogenes,0,1237,160
Ivalin,Klebsiella pneumoniae,0,849,99
"5-Chloro-1-(2-chloroacetyl)indoline-2,3-dione",Pseudomonas aeruginosa,1,377,125
LL-37,Aggregatibacter actinomycetemcomitans,1,888,11
(Z)-4-bromo-5-(bromomethylene)-3-methylfuran-2(5H)-one,Vibrio harveyi,0,107,176
"(E)-1-[6-[(3-acetyl-2,4,6-trihydroxy-5-methylphenyl)methyl]-5,7-dihydroxy-2,2-dimethyl-2H-1-benzopyran-8-yl]-3-phenyl-2-propen-1-one",Pseudomonas aeruginosa,1,88,125
Cycloserine,Escherichia coli,1,623,69
Cefalonium,Listeria monocytogenes,1,539,104
(Z)-4-bromo-5-(bromomethylene)-3-(1-bromoethyl)-2(5H)-furanone,Yersinia enterocolitica,0,102,179
2(5H)-furanone,Actinoplanes missouriensis,0,167,8
Epigallocatechin Gallate,Staphylococcus epidermidis,1,710,146
"2-(4,5-dibromo-1-methyl-1H-pyrrol-2-yl)-5-(4-methoxyphenyl)-1,3,4-oxadiazole",Staphylococcus aureus,1,193,141
"N1-(7-chloroquinolin-4-yl)octane-1,8-diamine",Listeria monocytogenes serotype 4a,0,993,105
Dibenzyl sulphide,Streptococcus sanguis,1,672,163
N-(2-Pyrimidinyl)butanamide,Pseudomonas aeruginosa,1,973,125
2-(5-Bromo-2-(2-chloroacetamido)phenyl )-2-oxo-N-( prop-2-yn-1-yl)acetamide,Pseudomonas aeruginosa,1,209,125
Octadecyl gallate,Streptococcus mutans,1,1041,155
N-Decanoyl cyclopentylamide,Streptococcus sanguinis,0,985,162
knightine,Vibrio harveyi,1,1369,176
Lamivudine,Micrococcus luteus,0,892,108
SMAP-29,Clostridium pasteurianum,0,1176,46
2-amino-3-(prop-2-ene-1-sulfinyl)propanoic acid,Actinobacillus actinomycetemcomitans,0,229,6
5-Fluorouracil,Pseudomonas aeruginosa,1,380,125
Amantadine,Influenza A virus ,1,429,95
Cefaclor,Streptococcus sanguinis,0,537,162
Erythritol,Haemophilus influenzae,0,712,78
"3,3-dimethyl-13-{9-methyl-[1,2,3,4]tetrazolo[1,5-a]quinolin-4-yl}-1H,2H,3H,4H,6H,11H,13H-indazolo[1,2-b]phthalazine-1,6,11-trione",Human respiratory syncytial virus B,0,249,94
3-(4-fluorophenyl)-5-(3-(allyloxy)-4-hydroxybenzylidene)-2-thioxothiazolidin-4-one,Staphylococcus aureus,1,272,141
Methylthiopropylamine,Pantoea agglomerans,0,935,116
Pivampicillin,Staphlococcus aureus,0,1104,140
Kanamycin,Enteric bacteria and other eubacteria,1,858,59
"1-[2-(2,4-dichlorophenyl)-5-(3,4,5-trimethoxyphenyl)-1,3,4-oxadiazol-3(2H)-yl]ethanone",Pseudomonas aeruginosa,1,131,125
hLF1-11,Candida albicans,1,1367,34
Octadecyl gallate,Proteus mirabilis,0,1041,121
Pefloxacin,Haemophilus influenzae,1,1070,78
1-{2-[(E)-2-(4-chlorophenyl)ethenyl]-4-phenylquinolin-3-yl}ethan-1-one,Staphylococcus aureus,1,139,141
3-Chloro-5-[(2-chloroethoxy)]-4-[(4-methylphenylsulfanyl)]-2(5H)-furanone,Bacillus subtilis,1,280,21
NA8H,Vibrio parahaemolyticus,0,1002,177
Uracil,Human herpesvirus 1 ,1,1301,87
Fluconazole,Candida albicans,1,743,34
Tipranavir,Human immunodeficiency virus 1,1,1276,92
alpha-tocopherol,Staphylococcus aureus,1,1343,141
Yohimbine hydrochloride,Candida albicans,1,1323,34
Fleroxacin,Haemophilus influenzae,1,740,78
Danthron,Enterobacter cloacae,0,655,63
Pyrimethamine,Plasmodium falciparum,1,1123,118
Holothuroidin 2,Staphylococcus aureus,1,807,141
Vancomycin,Staphylococcus aureus,1,1307,141
(2E)-N-[3-(1H-imidazol-1-yl)propyl]-3-phenylprop-2-enamide,Eggerthella lenta,0,39,57
Dodecyl beta-maltoside,Micrococcus luteus,0,690,108
(Z)-5-(chloromethylene) furan-2(5H)-one,Fusarium solani,0,109,75
"3-{2-[(1S,2R,4aR,8aR)-1,2,4a,5-tetramethyl-1,2,3,4,4a,7,8,8a-octahydronaphthalen-1-yl]ethyl}-N-(2-fluorophenyl)-5-methylidene-2,5-dihydrofuran-2-amine",Influenza A virus ,0,307,95
2-Chloro-DL-Phenylalanine,Staphylococcus epidermis,1,216,147
Cefpiramide,Staphylococcus aureus,1,557,141
Dezocine,Haemophilus influenzae,1,666,78
meta-toluidine,Bacteroides fragilis,0,1372,24
(Z)-4-bromo-5-(bromomethylene)-3-butyl-2(5H)-furanone,Escherichia coli ,0,104,70
"(2E)-1-(2 ,4 ,5 -trimethoxyphenyl)-3-(2-naphthyl)-2-propen-1-one",Streptococcus mutans,1,21,155
Pentamethoxyflavone,Burkholderia cepacia,0,1083,29
Coumarin,Eggerthella lenta,0,616,57
"1,3-dim-tolyurea",Actinoplanes missouriensis,0,116,8
D-2-Methylphenylalanine,Staphylococcus saprophyticus,0,627,150
Aciclovir,Human herpesvirus 1 ,1,420,87
Nitrofurantoin ,Bacillus cereus,0,1024,19
Tyrphostin AG1478,Escherichia coli ,0,1297,70
Aloe Vera Gel,Actinobacillus actinomycetemcomitans,1,427,6
Gossypetin hexamethyl ether,Citrobacter freundii,0,787,43
"4-(5-(4,5-dibromo-1-methyl-1H-pyrrol-2-yl)-1,3,4-oxadiazole-2-yl)aniline",Bacillus anthracis,0,314,18
Cefadroxil,Streptococcus pneumoniae,1,538,158
(2R)-2-amino-3-[(4-chlorophenyl)methanesulfinyl]propanoic acid,Pseudomonas chlororaphis,0,45,126
Ganciclovir,Human herpesvirus 1 ,1,774,87
1010cys,Pseudomonas aeruginosa,1,146,125
3beta-Hydroxyolean-12-en-28-al 3-p-coumarate,Candida guiliermondi,0,309,37
Colistin,Mycobacterium tuberculosis,1,610,113
LF11-324,Staphylococcus epidermis,0,882,147
(2S)-2-amino-3-(tert-butylsulfanyl)propanoic acid,Staphylococcus aureus,1,54,141
n-Hexane,Achromobacter xylosoxidans,0,1374,1
S-(2-thiazoyl)-L-cysteine,Lysinibacillus sphaericus,0,1165,106
4-Ethylcatechol,Human immunodeficiency virus 1,0,326,92
den-SB056-1,Streptococcus mitis,0,1362,154
Ceftazidime hydrate,Burkholderia cenocepacia,1,561,28
Rufloxacin,Bacteroides uniformis,0,1161,25
"1-(2,4-dichlorophenyl)-2-(1H-imidazol-1-yl)ethyl (2E)-3-phenylprop-2-enoate",Acinetobacter oleiovorans,0,119,4
Zanamivir,Influenza A virus ,1,1325,95
(RW)4-NH2,Staphylococcus aureus,0,97,141
Fluspiriline,Bacteroides fragilis,0,745,24
Kanamycin,Escherichia coli,1,858,69
Nobiletin,Escherichia coli,1,1025,69
Rilpivirine,Human immunodeficiency virus 1,1,1156,92
Nafcillin,Streptococcus pneumoniae,1,1008,158
Moxifloxacin,Haemophilus influenzae,1,945,78
2-amino-3-(4-methylbenzenesulfinyl)propanoic acid,Enterococcus faecalis,0,228,66
"2-(4-Fluorophenyl)-N-((2R,3R,4S,5S,6R)-2,4,5-trihydroxy-6-(hydroxymethyl)tetrahydro-2H-pyran-3-yl)acetamide",Pseudomonas aeruginosa,1,205,125
Esculetin,Burkholderia multivorans,1,715,30
Sulfaphenazole,Schistosoma,0,1234,134
Nafcillin,Streptococcus pneumoniae,1,1008,158
2-amino-3-(3-nitrophenyl)propanoic acid,Staphylococcus epidermis,1,227,147
KT2,Dengue Virus Type 2,0,856,53
(2E)-N-[3-(1H-indol-3-yl)propyl]-3-phenylprop-2-enamide,Hafnia paralvei,0,40,80
Pentamethoxyflavone,Streptococcus epidermidis,0,1083,152
Hesperidin,Pseudomonas libaniensis,0,799,129
"(2E)-N -(2 -hydroxy-5 -bromo-benzilidene)-3,4,5-trimethoxybenzohydrazide",Bacillus anthracis,0,37,18
Emodin,Stenotrophomonas maltophilia,1,700,151
cat-AGE-RK2,Bacteroides eggerthii,0,1351,23
Cefixime,Haemophilus influenzae,1,547,78
Norgestimate,Influenza A virus ,0,1029,95
D-Proline,Bacteroides,0,640,22
Micafungin,Pseudomonas aeruginosa,1,939,125
Ertapenem,Haemophilus influenzae,1,711,78
Amoxicillin,Clostridium perfringens ,1,435,48
Demeclocycline,Escherichia coli,1,663,69
Furanone-2,Staphylococcus caprae,0,755,143
Bacampicillin,Providencia stuartii,0,465,123
Anidulafungin,Aspergillus niger,1,439,16
Erythromycin,Enteric bacteria and other eubacteria ,1,713,60
"(2E)-5-[(1S,2R,4aR,8aR)-1,2,4a,5-tetramethyl-1,2,3,4,4a,7,8,8a-octahydronaphthalen-1-yl]-3-formylpent-2-enoic acid",Staphylococcus cohnii,0,36,145
para-anisidine,Pseudomonas aeruginosa,1,1382,125
Penciclovir,Human herpesvirus 1 ,1,1073,87
Enoxacin,Haemophilus influenzae,1,704,78
Norspermidine,Pseudomonas aeruginosa,1,1031,125
Fleroxacin,Haemophilus influenzae,1,740,78
"2-(4,5-dibromo-1-methyl-1H-pyrrol-2-yl)-5-(4-methoxyphenyl)-1,3,4-oxadiazole",Hepatitis C Virus ,0,193,85
(2R)-2-amino-3-[(4-methylphenyl)methanesulfinyl]propanoic acid,Streptococcus sanguis,1,46,163
"(5Z)-2-(1,1-dichlorobut-3-yn-1-yl)-5-{[4-(trifluoromethyl)phenyl]methylidene}-1,3-oxazolidin-4-one",Mycobacterium leprae,0,83,111
Benzyl decyl beta-maltoside,Stenotrophomonas maltophilia,0,480,151
Furanone-2,Salmonella enterica,1,755,133
3-Chlorotyrosine,Salmonella Typhi,0,281,132
Gallocatechin gallate,Cryptococcus neoformans,0,773,52
"13-(2-chloro-6-methylquinolin-3-yl)-3,3-dimethyl-1H,2H,3H,4H,6H,11H,13H-indazolo[1,2-b]phthalazine-1,6,11-trione",Candida albicans,1,152,34
Tyrphostin AG1478,Staphylococcus chromogenes,0,1297,144
1010cys,Clostridium pasteurianum,0,146,46
Melittin B,Streptococcus mutans,1,924,155
Indolicidin,Vibrio cholerae,0,833,175
Floxacillin ,Human immunodeficiency virus 1,0,741,92
Pefloxacin,Haemophilus influenzae,1,1070,78
2-amino-3-(3-nitrophenyl)propanoic acid,Staphylococcus chromogenes,0,227,144
Ssp (A4K-A11K),Escherichia coli,0,1212,69
"(5Z)-2-(1,1-dichloro-3,3-dimethylbutyl)-5-{[4-(trifluoromethyl)phenyl]methylidene}-1,3-oxazolidin-4-one",Staphylococcus aureus,1,81,141
para-Benzoquinone,Burkholderia cenocepacia,1,1381,28
Gatifloxacin,Shigella flexneri,0,776,138
RI-19,Staphylococcus chromogenes,0,1137,144
Cefmetazole,Cryptococcus neoformans,0,549,52
NaCl,Streptococcus oralis,0,1007,156
Ciprofloxacin lactate,Escherichia coli,1,591,69
Hepcidin 20,Sphingomonas sp. Ibu-2,0,795,139
"1-{6-nitro-4-phenyl-2-[(E)-2-(3,4,5-trimethoxyphenyl)ethenyl]quinolin-3-yl}ethan-1-one",Staphylococcus aureus,1,144,141
Saquinavir,Human immunodeficiency virus,1,1183,91
2-amino-3-(3-chlorophenyl)propanoic acid,Staphylococcus aureus,1,226,141
Clindamycin,Enterobacter cloacae,0,599,63
Ofloxacin,Haemophilus influenzae,1,1044,78
Coprinuslactone,Mycobacterium avium,0,615,110
"3,5-Diiodotyrosine",Bacillus anthracis,0,257,18
Flucloxacillin,Clostridium perfringens ,1,742,48
3-hexyl-4-bromo-5-methylene-2(5H)-furanone,Vibrio parahaemolyticus,0,298,177
2-methoxy-cinnamaldehyde,Vibrio vulnificus,1,242,178
Posaconazole,Candida albicans,1,1111,34
"2-((3,4-dichlorophenyl)sulfonyl)-4-(1H-tetrazol-1-yl)pyrimidine",Hepatitis C Virus ,0,179,85
Cefoxitin,Escherichia coli,1,556,69
Clove oil,Pseudomonas aeruginosa,1,605,125
NRC-16,Pseudomonas aeruginosa,1,1003,125
Ampicillin,Streptococcus pneumoniae,1,437,158
"3-{2-[(1S,2R,4aR,8aR)-1,2,4a,5-tetramethyl-1,2,3,4,4a,7,8,8a-octahydronaphthalen-1-yl]ethyl}-N-(2-fluorophenyl)-5-methylidene-2,5-dihydrofuran-2-amine",Human parainfluenza virus type 2,0,307,93
Cefalotin,Streptomyces sp. ,1,540,167
Cerulenin,Escherichia coli,1,568,69
Phloretin,Klebsiella planticola,0,1094,98
Tigecycline,Pseudomonas putida,0,1272,130
3-(3-fluorophenyl)-5-(3-ethoxy-4-hydroxybenzylidene)-2-thioxothiazolidin-4-one,Enterococcus faecalis,1,270,66
13-methyltetradecanoic acid,Streptococcus pneumoniae serotype 4,0,157,159
Clarithromycin,Shigella flexneri,1,595,138
Benzalacetone,Streptococcus sanguinis,0,471,162
Ssp (A4K-A11K),Aeromonas hydrophila,0,1212,9
Capreomycin,Clostridium bacilli,0,521,44
Hesperidin,Human immunodeficiency virus,0,799,91
(2-{[(2-phenylethyl)sulfanyl]sulfinyl}ethyl)benzene,Streptococcus mutans,1,15,155
Metronidazole,Helicobacter pylori ,1,937,82
Lomefloxacin,Bacillus cereus,0,904,19
Yohimbine hydrochloride,Morganella morganii,0,1323,109
Teichoplanin,Proteus mirabilis,0,1250,121
3-(1-Naphthyl)-D-Alanine,Staphylococcus aureus,1,261,141
Nafcillin,Streptococcus pneumoniae,1,1008,158
5-Fluorouracil,Micrococcus luteus,0,380,108
lin-SB056-1,Pseudomonas aeruginosa,1,1371,125
N-Decanoyl cyclopentylamide,Pantoea agglomerans,0,985,116
"4-Phenyl-N-((2R,3R,4S,5S,6R)-2,4,5-trihydroxy-6-(hydroxymethyl)tetrahydro-2H-pyran-3-yl)butanamide",Streptococcus oralis,0,340,156
Moxifloxacin,Haemophilus influenzae,1,945,78
"2-(4,5-dibromo-1-methyl-1H-pyrrol-2-yl)-5-(pyridin-4-yl)-1,3,4-oxadiazole",Staphylococcus aureus,1,197,141
"Trimethyl[2-({10,15,20,24,26,29,31,33,34-nonakis[3-(trimethylphosphaniumyl)propoxy]hexacyclo[21.2.2.2,.2,.2,.2]pentatriaconta-1(25),3(35),4,6(34),8,10,13,15,18,20,23,26,28,30,32-pentadecaen-4-yl}oxy)ethyl]phosphanium decabromide",Serratia liquefaciens,0,1292,135
P60.4Ac,Eubacterium ramulus,0,1059,72
1-{4-phenyl-2-[(E)-2-[4-(trifluoromethoxy)phenyl]ethenyl]quinolin-3-yl}ethan-1-one,Escherichia coli,1,143,69
Chlorhexidine,Streptococcus mutans,1,575,155
Nafcillin,Streptococcus pneumoniae,1,1008,158
Sulfamethoxazole,Dihydropteroate synthase type-1,0,1231,55
Ofloxacin,Haemophilus influenzae,1,1044,78
Phenoxymethylpenicillin,Clostridium perfringens ,1,1091,48
L-Phenylalanine-L-Lysine,Staphylococcus aureus,1,871,141
Carabrone,Hepatitis B virus D,0,523,83
Peptide 1037,Pseudomonas aeruginosa,1,1087,125
Silver Ion,Bacteroides,0,1192,22
Hamamelitannin,Staphylococcus aureus,1,794,141
4-Acetamido-D-phenylalanine,Staphylococcus aureus,1,317,141
Clioquinol,Candida parapsilosis,0,601,39
"N1-(7-chloroquinolin-4-yl)dodecane-1,12-diamine",Serratia marcescens,1,991,136
3-(3-fluorophenyl)-5-(3-ethoxy-4-hydroxybenzylidene)-2-thioxothiazolidin-4-one,Staphylococcus epidermidis,1,270,146
Penicillin G,Pseudomonas aeruginosa,0,1081,125
Furanone C-30,Pseudomonas aeruginosa,1,753,125
Netilmicin,Enteric bacteria and other eubacteria,1,1016,59
LL-37,Staphylococcus aureus,1,888,141
p-Coumaric acid,Providencia stuartii,0,1379,123
5-(dibromomethylene)-3-(1-bromoethyl)-2(5H)-furanone,Klebsiella variicola,0,370,100
Indole-7-carboxylic acid,Aggregatibacter actinomycetemcomitans,0,832,11
D-Leucine,Staphylococcus epidermis,1,637,147
1-{2-[(E)-2-(4-methoxyphenyl)ethenyl]-4-phenylquinolin-3-yl}ethan-1-one,Staphylococcus aureus,1,141,141
Oseltamivir,Influenza A virus ,1,1051,95
Sodium ascorbate,Human parainfluenza virus type 2,0,1208,93
Hydnocarpin D,Listeria ivanovii,0,810,103
Lomefloxacin,Aggregatibacter actinomycetemcomitans,0,904,11
Bacitracin,Marinobacter hydrocarbonoclasticus,0,466,107
Carabrol,Porphyromonas gingivalis,0,522,119
"1-{6-nitro-4-phenyl-2-[(E)-2-(3,4,5-trimethoxyphenyl)ethenyl]quinolin-3-yl}ethan-1-one",Thermus thermophilus ,0,144,169
2-geranyloxy-1-(2-methylpropanoyl)phloroglucinol,Escherichia coli O6:H1 (strain CFT073 / ATCC 700928 / UPEC),0,240,71
Zinc sulfate,Kocuria rhizophila,1,1332,101
4-(Aminomethyl)-D-phenylalanine,Staphylococcus chromogenes,0,315,144
5-Fluorouracil,Pseudomonas aeruginosa,1,380,125
Sm6(L3)2C,Pichia anomala,0,1206,117
epsilon-Polylysine,Streptococcus epidermidis,0,1364,152
D-glutamine,Streptococcus mutans,0,644,155
2-(2-(2-Azidoacetamido)-5-nitrophenyl)-2-oxo-N-(prop-2-yn-1-yl)acetamide,Candida krusei,0,184,38
Fleroxacin,Haemophilus influenzae,1,740,78
digoxin,Shigella flexneri,0,1363,138
Dirithromycin,Enteric bacteria and other eubacteria,1,686,59
3-(4-fluorophenyl)-5-(3-ethoxy- 4-hydroxybenzylidene)-2-thioxothiazolidin-4-one,Staphylococcus epidermidis,1,273,146
Ertapenem,Haemophilus influenzae,1,711,78
"(1R,2S,7R,3E,11E)-2,18-diacetoxycembra-3,8(19),11,15(17)-tetraen-7-ol",Human immunodeficiency virus 1,0,5,92
D-Aspartate,Helicobacter pylori ,0,631,82
D-Proline,Hepatitis C virus,0,640,86
3-(4-fluorophenyl)-5-(3-ethoxy- 4-hydroxybenzylidene)-2-thioxothiazolidin-4-one,Staphylococcus epidermidis,1,273,146
Rosoxacin,Escherichia coli,1,1160,69
Nelfinavir,Human immunodeficiency virus,1,1011,91
Netilmicin,Candida guiliermondi,0,1016,37
Elliptophenone A,Human immunodeficiency virus 1,0,699,92
Fluconazole,Candida albicans,1,743,34
Abacavir,Human immunodeficiency virus 1,1,416,92
Enoxacin,Haemophilus influenzae,1,704,78
5-Bromoindole,Clostridium bacilli,0,376,44
Cathelicidin,Aquifex aeolicus,0,533,13
Coumarin,Vibrio anguillarum,1,616,173
Myricetin,Staphylococcus aureus,1,950,141
(2E)-1-[4 -(1H-imidazol-1-yl)phenyl]-3-(2-naphthyl)-2-propen-1-one,Staphylococcus aureus,1,30,141
Wheat bran,Staphylococcus aureus,1,1321,141
Carvacrol,Pseudomonas aeruginosa,1,529,125
(2R)-2-amino-5-(1-nitrocarbamimidamido)pentanoic acid,Staphylococcus epidermis,1,49,147
Amoxicillin,Listeria monocytogenes,1,435,104
"(2R)-2-amino-3-(2,3-dihydro-1H-inden-2-yl)propanoic acid",Influenza B virus,0,41,96
Trimethoprim-sulfamethoxazole,Dihydropteroate synthase type-1,0,1288,55
Rosmarinic acid,Escherichia coli,0,1159,69
3-(4-fluorophenyl)-5-(3-(allyloxy)-4-hydroxybenzylidene)-2-thioxothiazolidin-4-one,Enterococcus faecalis,1,272,66
KT2,Staphlococcus aureus,0,856,140
Melittin B,Lactobacillus fermenti,0,924,102
GW 5074,Pseudomonas putida,0,767,130
NA8,Actinoplanes missouriensis,0,1001,8
"3-(2-Furylmethyl)-2-{[(5-hydroxy-1H-pyrazol-3-yl)methyl]sulfanyl}-3,5,6,7-tetrahydro-4H-cyclopenta[4,5]thieno[2,3-d]pyrimidin-4-one",Salmonella Typhi,1,263,132
3-(2-Pyridinyl)alanine,Staphylococcus aureus,1,266,141
4-Ethylguaiacol,Human herpesvirus 4,0,327,89
Cefotiam,Acinetobacter oleiovorans,0,555,4
5- hydroxyethyl-3-tetradecanoyltetramic acid,Candida albicans,0,366,34
5-(dibromomethylene)-3-(1-bromobutyl)-2(5H)-furanone,Hepatitis B virus D,0,369,83
N -(pyridin-3-yl-methylene)benzohydrazide,Staphylococcus aureus,1,962,141
Piperacillin-Tazobactam,Mycobacterium tuberculosis,0,1103,113
Kojic acid,Marinobacter hydrocarbonoclasticus,0,861,107
Indole-7-carboxylic acid,Obesumbacterium proteus,0,832,115
Dezocine,Haemophilus influenzae,1,666,78
"(2R)-2-amino-3-(2,3-dihydro-1H-inden-2-yl)propanoic acid",Staphylococcus epidermis,1,41,147
Chlorhexidine acetate,Staphylococcus caprae,0,576,143
Floxacillin ,Bacteroides fragilis,0,741,24
MUC7 12-mer-L4,Listeria ivanovii,0,916,103
"2-(4,5-dibromo-1-methyl-1H-pyrrol-2-yl)-5-phenyl-1,3,4-oxadiazole",Staphylococcus aureus,1,198,141
Ciprofloxacin,Pseudomonas aeruginosa,1,590,125
Ritonavir,Human immunodeficiency virus,1,1158,91
N -(3-nitro-4-hydroxy-benzylidene)benzohydrazide,Chromobacterium violaceum,0,959,42
Monensin sodium salt,Listeria monocytogenes serotype 4a,0,944,105
"N-((2R,3R,4S,5S,6R)-2,4,5-Trihydroxy-6-(hydroxymethyl)tetrahydro-2H-pyran-3-yl)dodecanamide",Porphyromonas gingivalis,0,967,119
Toremifene,Candida albicans,1,1282,34
beta-sitosterol glucoside,Escherichia coli,1,1349,69
Na-Pyrosulfite,Streptococcus mutans,1,1006,155
Tet-20,Influenza A virus ,0,1260,95
Hypericin,Chromobacterium violaceum,0,812,42
4-Cyanophenylalanine,Staphylococcus aureus,1,325,141
Besifloxacin,Haemophilus influenzae,1,483,78
Ketoconazole,Candida albicans,1,860,34
Colistin sodium methanesulfonate,Escherichia coli,1,611,69
nimesulide,Cryptococcus neoformans,1,1376,52
Chrysin,Staphylococcus epidermis,0,580,147
Ciprofloxacin,Haemophilus influenzae,1,590,78
Clary sage,Serratia marcescens,0,596,136
1-mesityl-3(4-nitrophenyl)urea,Streptococcus mutans,1,136,155
Doxycycline,Enteric bacteria and other eubacteria,1,693,59
"4-Hydroxy-2,5-dimethyl-3(2H)-furanone",Chromobacterium violaceum,0,332,42
Myxinidin3,Vibrio anguillarum,0,958,173
3-hexyl-5-bromomethylene-2(5H)-furanone,Serratia liquefaciens,0,299,135
(2E)-1-(3 -methoxyphenyl)-3-(2-naphthyl)-2-propen-1-one,Enterobacteria phage T4,0,27,65
Fluconazole,Lysinibacillus sphaericus,0,743,106
Aloe Vera Gel,Streptococcus parasanguinis,0,427,157
Kaempherol,Vibrio harveyi,1,857,176
Furanone F202,Escherichia coli,1,754,69
D-Tyrosine,Staphylococcus epidermis,1,642,147
Sodium sulfate,Human parainfluenza virus type 2,0,1209,93
2-(Trifluoromethyl)-D-phenylalanine,Staphylococcus aureus,1,212,141
"(2E)-1-(1,3-benzodioxol-5-yl)-3-(2-chloro-quinolin-3-yl)-2-propen-1-one",Enterococcus faecalis,1,17,66
Sucrose,Lysinibacillus sphaericus,0,1219,106
Diazepam,Bacillus subtilis,0,670,21
Dalbavancin,Geobacillus kaustophilus,0,653,77
Cefotaxime,Streptococcus pneumoniae,1,553,158
Norgestimate,Bacillus cereus,0,1029,19
p-nitrophenyl glycerol,Burkholderia cenocepacia,0,1380,28
Cycloserine ,Corynebacterium ammoniagenes,0,624,50
"3,3-dimethyl-13-{9-methyl-[1,2,3,4]tetrazolo[1,5-a]quinolin-4-yl}-1H,2H,3H,4H,6H,11H,13H-indazolo[1,2-b]phthalazine-1,6,11-trione",Streptococcus salivarius,0,249,161
Spermine,Human herpesvirus 3,0,1211,88
"13-(2-chloro-7-methoxyquinolin-3-yl)-3,3-dimethyl-1H,2H,3H,4H,6H,11H,13H-indazolo[1,2-b]phthalazine-1,6,11-trione",Neisseria gonorrhoeae,0,153,114
D-Tyrosine,Staphylococcus aureus,1,642,141
3-(2-Naphthyl)alanine,Pseudomonas japonica,0,265,128
3-(3-fluorophenyl)-5-(3-ethoxy-4-hydroxybenzylidene)-2-thioxothiazolidin-4-one,Enterococcus faecium,1,270,67
4-Chlorochalcone,Staphylococcus caprae,0,324,143
Benzocaine,Schistosoma,0,477,134
"2-(4,5-dibromo-1-methyl-1H-pyrrol-2yl)-5-(4-nitrophenyl)-1,3,4-oxadiazole",Listeria monocytogenes serotype 4a,0,200,105
(2E)-N-[3-(1H-indol-3-yl)propyl]-3-phenylprop-2-enamide,Streptococcus mitis,0,40,154
6-MO-LF11-322,Escherichia coli O6:H1 (strain CFT073 / ATCC 700928 / UPEC),0,396,71
Sulfacytine,Influenza B virus ,0,1223,97
1-mesityl-3(4-nitrophenyl)urea,Schistosoma,0,136,134
Fosfomycin,Klebsiella pneumoniae,0,748,99
ZnO nanoparticles,Pseudomonas aeruginosa,1,1333,125
D-glutamine,Plasmodium falciparum,0,644,118
Rimantadine,Influenza A virus ,1,1157,95
Anthranilate,Vibrio parahaemolyticus,0,442,177
Zinc,Streptococcus pyogenes,0,1328,160
VSL2,Vibrio cholerae,0,1306,175
4-bromo-5-(bromomethylene)-3-(1-( 2-propynyloxy)butyl)-2(5H)-furanone,Listeria monocytogenes serotype 4a,0,341,105
"O-(2,6-Dichlorobenzyl)-D-tyrosine",Enterococcus faecium,0,1034,67
Norbgugaine 12,Firmicutes,0,1027,73
2- geranyloxy-1-(2-methylbutanoyl)phloroglucinol,Staphylococcus aureus,1,178,141
Clarithromycin,Pseudomonas japonica,0,595,128
Moxifloxacin,Candida dubliniensis,0,945,35
Cefoxitin,Listeria monocytogenes,1,556,104
3-Carbamoylphenylalanine,Proteus mirabilis,0,279,121
Lys-a1,Pichia anomala,0,910,117
Methanol,Streptococcus sanguis,0,930,163
Hexameric peptide,Escherichia coli,1,802,69
Rimantadine,Influenza A virus ,1,1157,95
"5-Bromo-1-(2-chloroacetyl)indoline-2,3-dione",Acinetobacter oleiovorans,0,375,4
O-LF11-227,Arthrobacter sp. ,0,1036,14
Isoliquiritigenin,Marinobacter hydrocarbonoclasticus,0,841,107
Yohimbine hydrochloride,Staphylococcus capitis,0,1323,142
Tet-213,Aggregatibacter actinomycetemcomitans,0,1261,11
lin-SB056,Candida parapsilosis,0,1370,39
"N-(5-Methyl-1,2-oxazol-3-yl)butanamide",Bacillus anthracis,0,981,18
Kaempherol,Vibrio campbellii,0,857,174
Ceftazidime,Pseudomonas aeruginosa,1,560,125
Chlorhexidine acetate,Proteus mirabilis,0,576,121
Raspberry KAS 434,Obesumbacterium proteus,1,1145,115
Methanol,Achromobacter sp.,0,930,0
"Phenol,2,4-bis(1,1-dimethylethyl)",Staphylococcus caprae,0,1090,143
Tobramycin,Pseudomonas aeruginosa,1,1279,125
(RW)3-NH2,Bacteroides vulgatus,0,96,26
Hexyl gallate,Staphylococcus aureus,1,803,141
den-SB056,Listeria monocytogenes,0,1361,104
Furanone C-30,Pseudomonas aeruginosa,1,753,125
Cefotaxime,Listeria monocytogenes,1,553,104
epsilon-viniferin,Streptococcus gordonii,0,1365,153
OHC10HL,Streptococcus gordonii,0,1038,153
2-(5-Chloro-2-(2-chloroacetamido)phenyl )-2-oxo-N-( prop-2-yn-1-yl)acetamide,Aspergillus niger,0,210,16
(2R)-2-amino-3-(2-phenylethanesulfinyl)propanoic acid,Streptococcus mutans,1,42,155
Triclosan,Streptococcus mutans,1,1284,155
N-decanoyl-L- homoserine benzyl ester,Streptococcus pneumoniae serotype 4,0,990,159
Bromophenyl AHL,Enterobacter aerogenes,0,495,61
"13-(2-chloro-8a-methyl-4a,8a-dihydroquinolin-3-yl)-3,3-dimethyl-1H,2H,3H,4H,6H,11H,13H-indazolo[1,2-b]phthalazine-1,6,11-trione",Staphylococcus capitis,0,155,142
Oleic Acid,Clostridium perfringens,0,1046,47
Lomefloxacin,Haemophilus influenzae,1,904,78
Cefoperazone,Pseudomonas aeruginosa,1,551,125
SP1,Staphylococcus aureus,1,1177,141
Furanone-3,Salmonella enterica,1,756,133
Daclatasvir,Micrococcus luteus,0,651,108
Calanolide A,Human herpesvirus 1 ,0,518,87
Bromophenyl AHL,Helicobacter pylori ,0,495,82
S-(2-thiazoyl)-L-cysteine,Streptococcus mutans,1,1165,155
Myristic acid,Escherichia coli,1,952,69
Tricaine,Pseudomonas aeruginosa,1,1283,125
"(2S,3R,4S,5S,6R)-6-(Acetoxymethyl)-3-octanamidotetrahydro-2H-pyran-2,4,5-triyl triacetate",Halomonas pacifica,0,67,81
"4-Fluoro-(S)-4,5-Dihydroxypentane-2,3-dione",Hepatitis C virus,0,328,86
Cefpiramide,Schistosoma,0,557,134
P60.4Ac,Staphlococcus aureus,0,1059,140
den-SB056-1,Thermus thermophilus,0,1362,168
4-bromo-5-(bromomethylene)-3-butyl-2(5H)- furanone,Staphylococcus epidermidis,1,345,146
Benzoylperoxide,Propionibacterium acnes,1,479,120
Enoxacin,Haemophilus influenzae,1,704,78
Clofazimine,Bacteroides eggerthii,0,602,23
"(2-(4-chlorophenyl)- 4-{[(6-methyl-2-pyridinyl)amino]methylene}-1,3-oxazol- 5(4H)-one)",Enterobacter aerogenes,0,13,61
4-Bromo-D-phenylalanine,Influenza A virus ,0,322,95
Ciprofloxacin,Haemophilus influenzae,1,590,78
(2-methyl-5-nitro-1H-imidazol-1-yl)methyl (2E)-3-phenylprop-2-enoate,Streptococcus pneumoniae serotype 4,0,14,159
Cycloserine,Mycobacterium avium,1,623,110
Erythromycin,Escherichia coli ,1,713,70
Ertapenem,Haemophilus influenzae,1,711,78
Ketoconazole,Candida albicans,1,860,34
Allicin,Proteus mirabilis,1,426,121
Ertapenem,Haemophilus influenzae,1,711,78
"3,4-Dichlorophenylalanine",Bacillus licheniformis,0,254,20
Ferulic Acid,Staphlococcus aureus,0,736,140
Sulfisoxazole ,Escherichia coli,1,1237,69
(1Z)-(2-phenylethylidene)-lambda4-sulfanyliumolate,Actinomyces oris,1,10,7
6-fluoroindole,Aeromonas sobria,0,397,10
Isoniazid ,Mycobacterium tuberculosis,1,842,113
Butenafine hydrochloride,Candida albicans,1,499,34
Tannic acid,Enterobacteria phage T4,0,1245,65
PTP-7,Lactobacillus fermenti,0,1062,102
DJK5,Acinetobacter baumannii,1,649,2
Ertapenem,Haemophilus influenzae,1,711,78
Penicillenol A1,Burkholderia cepacia,0,1074,29
Phenanthrene,Eubacterium ramulus,0,1088,72
Ethambutol,Mycobacterium tuberculosis,1,719,113
14-Glycinyl andrographolide hydrochloride,Aquifex aeolicus,0,161,13
4-(Aminomethyl)-D-phenylalanine,Candida glabrata,0,315,36
Ch_GG_Nt-Dhvar5,Staphylococcus aureus,1,571,141
Clarithromycin,Streptomyces gordonii,0,595,165
C16G2,Streptococcus mutans,1,505,155
G2,Streptococcus gordonii,1,765,153
7-formylindole,Pseudomonas aeruginosa,1,405,125
Sulfamethazine,Bacteroides uniformis,0,1229,25
"(1R,3S,7R,8S,11S,12R)-3-hydroxy-1,4,8-trimethyl-12-(propan-2-yl)tricyclo[9.3.0.0]tetradec-4-en-6-one",Human parainfluenza virus type 2,0,8,93
"5-(4,5-dibromo-1-methyl-1H-pyrrol-2-yl)-1,3,4-oxadiazole-2-thiol",Bacillus amyloliquefaciens,0,367,17
Norgestimate,Staphylococcus aureus,1,1029,141
Sodium sulfate,Bacillus amyloliquefaciens,0,1209,17
6-fluoroindole,Salmonella Typhi,0,397,132
Vancomycin,Enterococcus faecalis,1,1307,66
Silver nanoparticles,Staphylococcus epidermidis,1,1194,146
Tellurite,Yersinia enterocolitica,0,1255,179
KSL,Enterobacter cancerogenus,0,854,62
Ampicillin,Pseudomonas aeruginosa,1,437,125
Bedaquiline,Candida dubliniensis,0,470,35
Betulinic acid,Escherichia coli,1,485,69
4-Methoxychalcone,Thermus thermophilus ,0,336,169
"5-(4,5-dibromo-1-methyl-1H-pyrrol-2-yl)-1,3,4-oxadiazole-2-thiol",Haemophilus influenzae,0,367,78
Apramycin,Enteric bacteria and other eubacteria,1,444,59
Terpinene-4-ol,Bacillus cereus,1,1258,19
"L-744,832",Candida albicans,1,865,34
"2,2 -Dipyridyl",Enterobacter cloacae,0,168,63
"2-(4-Chlorophenyl)-N-((2R,3R,4S,5S,6R)-2,4,5-trihydroxy-6-(hydroxymethyl)tetrahydro-2H-pyran-3-yl)acetamide",Vibrio harveyi,0,204,176
(5-nitrofuran-2-yl)methyl (2E)-3-phenylprop-2-enoate,Candida tropicalis,0,71,41
Gossypetin hexamethyl ether,Enterobacteria phage T4,0,787,65
Ellagic Acid,Proteus vulgaris,0,698,122
Lactoferricin B,Fusarium solani,1,891,75
"(2E)-1-(1 ,3 -benzodioxol-5-yl)-3-(2-naphthyl)-2-propen-1-one",Enterococcus faecalis,1,16,66
"2-(4-(Trifluoromethyl)phenyl)-N-((2R,3R,4S,5S,6R)-2,4,5-trihydroxy-6-(hydroxymethyl)tetrahydro-2H-pyran-3-yl)acetamide",Pseudomonas aeruginosa,1,201,125
Ribavirin,Influenza A virus ,1,1151,95
"6-(4-chlorophenyl)-1,3-dimethyl-5-[3-(4-methylphenyl)-1-phenyl-1H-pyrazol-4-yl]-1H,2H,3H,4H,5H,6H-pyrimido[4,5-d][1,3]diazine-2,4-dione",Hafnia paralvei,0,387,80
Clarithromycin,Mycobacterium avium,1,595,110
Azithromycin,Pseudomonas aeruginosa,1,456,125
3-bromo-5-methoxy-4-[(4-methylphenylsulfanyl)]-2(5H)-furanone,Bacillus subtilis,1,292,21
LL13-37,Pseudomonas putida,0,889,130
"(2E)-1-(2 ,5 -dimethoxyphenyl)-3-[2,5-dimethyl-1-(3-trifluoromethyl-phenyl)-1H-pirrol-3-yl]-2-propen-1-one",Streptococcus mitis,0,23,154
Tetracycline,Escherichia coli,1,1263,69
Pyrazinamide,Plasmodium falciparum,0,1122,118
Nitazoxanide ,Desulfovibrio africanus,1,1021,54
Ciprofloxacin ,Haemophilus influenzae,1,592,78
Oxyresveratrol,Pseudomonas aeruginosa,1,1055,125
"13-(2-chloro-7-methylquinolin-3-yl)-3,3-dimethyl-1H,2H,3H,4H,6H,11H,13H-indazolo[1,2-b]phthalazine-1,6,11-trione",Pseudomonas putida,0,154,130
5-Fluorouracil,Pseudomonas aeruginosa,1,380,125
Floxacillin ,Clostridium perfringens ,1,741,48
CWR11,Actinoplanes missouriensis,0,514,8
Lipoic acid,Enterococcus gallinarum,0,902,68
RNAIII-inhibiting Peptide,Staphylococcus aureus,1,1141,141
"14-dehydroxy-11,12-didehydroandrographolide- 3,19-bis(succinic acid) potasium sodium salt",Acinetobacter oleiovorans,0,163,4
Nelfinavir,Enterococcus faecium,0,1011,67
"5-Bromo-1-(2-chloroacetyl)indoline-2,3-dione",Hepatitis C virus,0,375,86
Farnesol,Candida albicans,1,732,34
Pefloxacin ,Haemophilus influenzae,1,1071,78
Amikacin,Candida guiliermondi,0,430,37
Tyrosol,Candida glabrata,1,1295,36
Baicalin,Bacillus amyloliquefaciens,0,469,17
Meticillin,Streptococcus pneumoniae,1,936,158
Pa-MAP,Acinetobacter sp.,0,1063,5
(R)-2-Amino-3-biphenyl-3-yl-propionic acid,Influenza B virus ,0,92,97
Subtilosin,Escherichia coli,1,1218,69
Sulfacetamide,Desulfovibrio africanus,0,1222,54
(2S)-2-amino-3-(4-tert-butylphenyl)propanoic acid,Acinetobacter sp.,0,53,5
Grepafloxacin,Candida spp.,0,788,40
Trovafloxacin,Haemophilus influenzae,1,1294,78
TMB-8,Candida albicans,1,1239,34
Hetacillin,Streptococcus pneumoniae,1,800,158
Kojic acid,Actinomyces oris,0,861,7
4-bromo-5-(bromomethylene)-3-butyl-2(5H)- furanone,Staphylococcus epidermidis,1,345,146
Avibactam,Candida albicans,0,454,34
Peptide 1037,Staphylococcus saprophyticus,0,1087,150
"4-(2-(5-(4,5-dibromo-1-methyl-1H-pyrrol-2-yl)-1,3,4-oxadiazol-2-yl)vinyl)-2-methoxyphenol",Providencia stuartii,0,312,123
5-Chloroindole,Micrococcus luteus,0,378,108
Oxacillin,Streptococcus pneumoniae,1,1052,158
Zanamivir,Influenza B virus,1,1325,96
Scrambled LL-37,Listeria monocytogenes serotype 4a,0,1185,105
Posaconazole,Candida albicans,1,1111,34
Moxifloxacin ,Influenza B virus,0,946,96
Undecanoic acid,Serratia marcescens,1,1299,136
Zotepine,Bacillus licheniformis,0,1334,20
Aciclovir,Human herpesvirus 1 ,1,420,87
Cobalt Ion,Pseudomonas aeruginosa,1,608,125
Erythromycin,Propionibacterium acnes,1,713,120
"2,3-Dehydrosilybin",Streptococcus pneumoniae,0,170,158
Latamoxef,Human respiratory syncytial virus B,0,894,94
Betulin,Vibrio campbellii,0,484,174
Catechin,Burkholderia cenocepacia,1,531,28
"2,2 -Dipyridyl",Staphylococcus aureus,1,168,141
Indirubin,Staphylococcus haemolyticus,0,825,149
4-bromo-5-(bromomethylene)-3-butyl-2(5H)- furanone,Staphylococcus aureus,1,345,141
Carbonyl cyanide m-chlorophenylhydrazone,Pseudomonas aeruginosa,1,524,125
Clindamycin,Porphyromonas gingivalis,0,599,119
3-tetra- decanoyltetronic,Corynebacterium ammoniagenes,0,304,50
17-Deacetyl norgestimate,Staphylococcus aureus,1,166,141
3-(pyridin-3-yl)-5-(3-ethoxy-4-hydroxybenzylidene)-2-thioxothiazolidin-4-one,Staphylococcus aureus,1,276,141
Didanosine,Enterococcus faecium,0,678,67
den-SB056-1,Bacteroides,0,1362,22
"5,8,11,14-Eicosatetraynoic acid",Candida albicans,1,365,34
Scrambled LL-37,Aggregatibacter actinomycetemcomitans,1,1185,11
IG-25,Pseudomonas libaniensis,0,817,129
L-Canavanine,Enteric bacteria and other eubacteria,0,867,59
N-Acetylcysteine,Staphylococcus aureus,1,984,141
Erythritol,Candida glabrata,0,712,36
Oleanolic Acid,Mycobacterium smegmatis,1,1045,112
"(2S,3R,4S,5S,6R)-6-(Acetoxymethyl)-3-(2-(4-fluorophenyl)acetamido)tetrahydro-2H-pyran-2,4,5-triyl triacetate",Chromobacterium violaceum,0,60,42
Eugenol,Staphylococcus aureus,1,726,141
Penicillic acid,Bacillus subtilis,1,1080,21
Trovafloxacin,Firmicutes,0,1294,73
Meta-bromo-thiolactone,Citrobacter freundii,0,928,43
Palivizumab,Human respiratory syncytial virus B,1,1064,94
OSIP108,Candida krusei,1,1040,38
Lysozyme,Staphylococcus aureus,1,911,141
Tyrosol,Enterococcus faecalis,0,1295,66
KABT-AMP,Candida tropicalis,1,852,41
D-Alanine,Sphingomonas sp. Ibu-2,0,629,139
Sulfadoxine,Shewanella oneidensis,0,1226,137
Raspberry KAS 434,Human immunodeficiency virus 1,0,1145,92
Ciprofloxacin lactate,Actinoplanes missouriensis,0,591,8
Lipoic acid,Listeria monocytogenes,0,902,104
Sulfacetamide,Gardnerella vaginalis,0,1222,76
Sodium sulfate,Pseudomonas fluorescens,1,1209,127
Epigallocatechin Gallate,Staphylococcus aureus,1,710,141
D-Methionine,Candida krusei,0,638,38
Kojic acid,Streptococcus sanguis,0,861,163
3-(pyridin-3-yl)-5-(3-ethoxy-4-hydroxybenzylidene)-2-thioxothiazolidin-4-one,Enterococcus faecalis,1,276,66
Amikacin,Enteric bacteria and other eubacteria,1,430,59
"(2S)-2-amino-3-(1,3-thiazol-4-yl)propanoic acid",Staphylococcus aureus,1,52,141
Silver nitrate,Escherichia coli,1,1196,69
Myxinidin2,Pseudomonas aeruginosa,1,957,125
Fusidic Acid,Escherichia coli,1,761,69
(2R)-2-amino-3-phenylmethanesulfinylpropanoic acid,Aggregatibacter actinomycetemcomitans,0,47,11
Imipenem,Hafnia paralvei,0,822,80
(RW)3-NH2,Pseudomonas libaniensis,0,96,129
Quercetin-3-O-glucuronide,Burkholderia cenocepacia,0,1129,28
Amantadine,Influenza A virus ,1,429,95
Coumarin-3-carboxylic acid,Escherichia coli,1,617,69
Zidovudine,Human immunodeficiency virus 1,1,1327,92
Dezocine,Haemophilus influenzae,1,666,78
Sulfalene,Enteric bacteria and other eubacteria ,0,1227,60
Avibactam,Klebsiella pneumoniae,1,454,99
Indinavir,Enterobacter ludwigi,0,824,64
4-Methylphenylalanine,Streptococcus oralis,0,338,156
Ciprofloxacin ,Haemophilus influenzae,1,592,78
"2-(4,5-dibromo-1-methyl-1H-pyrrol-2-yl)-5-phenyl-1,3,4-oxadiazole",Pseudomonas libaniensis,0,198,129
Levofloxacin,Haemophilus influenzae,1,897,78
4-bromoaniline,Coagulase- negative staphylococci,0,349,49
Tyrphostin AG1478,Candida albicans,1,1297,34
Pyrimidinedione,Staphylococcus epidermidis,1,1124,146
4-bromoaniline,Bacillus amyloliquefaciens,0,349,17
Atovaquone,Enterococcus faecalis,0,450,66
Hepcidin 20,Staphylococcus epidermidis,1,795,146
Pefloxacin,Haemophilus influenzae,1,1070,78
Ceftazidime hydrate,Burkholderia multivorans,1,561,30
LF11-324,Pseudomonas aeruginosa,1,882,125
1-{2-[(E)-2-(4-hydroxy-3-methoxyphenyl)ethenyl]-4-phenylquinolin-3-yl}ethan-1-one,Bacteroides fragilis,0,140,24
Zotepine,Hepatitis C Virus ,0,1334,85
D-Leucine,Streptococcus epidermidis,0,637,152
Dicloxacillin,Geobacillus kaustophilus,0,676,77
"N 3-(2-thienylcarbonyl)-4-bromo-1,5-dimethyl-1H-pyrazole-3-carbohydrazide",Burkholderia multivorans,1,964,30
Doripenem,Escherichia coli,1,692,69
Merimepodib,Aeromonas hydrophila,0,926,9
Sulfathiazole,Providencia stuartii,0,1235,123
13-methyltetradecanoic acid,Clostridium pasteurianum,0,157,46
IMB-2,Human immunodeficiency virus 1,0,818,92
Cerulenin,Escherichia coli,1,568,69
Carvacrol,Mycobacterium smegmatis,0,529,112
Thonzonium bromide,Streptococcus sanguinis,0,1269,162
Mucochloric acid,Bacillus subtilis,1,948,21
7-hydroxyindole,Klebsiella pneumoniae,0,406,99
N-(4-Pyridinyl)butanamide,Staphylococcus caprae,0,979,143
Lemon,Escherichia coli,1,895,69
Lipoic acid,Pseudomonas aeruginosa,1,902,125
N -(5-bromo-2-hydroxy-benzylidene)benzohydrazide,Streptococcus mutans,1,961,155
CSP-C16,Achromobacter xylosoxidans,0,513,1
"13-(2-chloro-7-methylquinolin-3-yl)-3,3-dimethyl-1H,2H,3H,4H,6H,11H,13H-indazolo[1,2-b]phthalazine-1,6,11-trione",Pseudomonas aeruginosa,1,154,125
Rimantadine,Influenza A virus ,1,1157,95
Silver sulfadiazine,Staphylococcus aureus,1,1197,141
Trovafloxacin,Streptomyces rubiginosus,0,1294,166
SMAP-29,Staphylococcus aureus,1,1176,141
Gentamicin,Escherichia coli,1,779,69
2-amino-3-(prop-2-ene-1-sulfinyl)propanoic acid,Streptococcus mutans,1,229,155
Na-Benzoate,Halomonas pacifica,0,1004,81
Furanone,Enteric bacteria and other eubacteria ,0,751,60
Peptide 1037,Listeria monocytogenes,1,1087,104
Chelerythrine,Hepatitis C Virus ,0,572,85
AAP2,Vibrio harveyi,0,414,176
"1,3-dimethyl-6-(4-methylphenyl)-5-[3-(4-nitrophenyl)-1-phenyl-1H-pyrazol-4-yl]-1H,2H,3H,4H,5H,6H-pyrimido[4,5-d][1,3]diazine-2,4-dione",Bacillus subtilis,1,118,21
Cephaloglycin,Bacillus anthracis,0,567,18
2-amino-6-chlorobenzoic acid,Burkholderia cenocepacia,1,233,28
"3-{2-[(1S,2R,4aR,8aR)-1,2,4a,5-tetramethyl-1,2,3,4,4a,7,8,8a-octahydronaphthalen-1-yl]ethyl}-N-(2-fluorophenyl)-5-methylidene-2,5-dihydrofuran-2-amine",Staphylococcus aureus,1,307,141
(2S)-2-amino-3-(4-tert-butylphenyl)propanoic acid,Staphylococcus epidermis,1,53,147
3-(4-fluorophenyl)-5-(3-ethoxy- 4-hydroxybenzylidene)-2-thioxothiazolidin-4-one,Staphylococcus aureus,1,273,141
Tannic acid,Proteus mirabilis,1,1245,121
Sulfanilamide,Staphylococcus cohnii,0,1233,145
Cefamandole,Lysinibacillus sphaericus,0,541,106
Besifloxacin,Haemophilus influenzae,1,483,78
Linezolid,Enteric bacteria and other eubacteria,1,901,59
"(2E)-1-(3 ,4 ,5 -trimethoxyphenyl)-3-(2-naphthyl)-2-propen-1-one",Citrobacter freundii,0,24,43
1-{2-[(E)-2-(4-hydroxy-3-methoxyphenyl)ethenyl]-4-phenylquinolin-3-yl}ethan-1-one,Fusarium solani,0,140,75
"2-(4,5-dibromo-1-methyl-1H-pyrrol-2yl)-5-(4-nitrophenyl)-1,3,4-oxadiazole",Streptococcus epidermidis,1,200,152
Hesperidin,Staphylococcus aureus,1,799,141
Amoxicillin,Listeria monocytogenes,1,435,104
Dicloxacillin,Gardnerella vaginalis,0,676,76
Sm6(L3)2C,Klebsiella planticola,0,1206,98
2-(5-Chloro-2-(2-chloroacetamido)phenyl )-2-oxo-N-( prop-2-yn-1-yl)acetamide,Escherichia coli,1,210,69
LF11-215,Bacteroides uniformis,0,879,25
Stilbene,Amycolatopsis orientalis,0,1215,12
Gentamicin,Enteric bacteria and other eubacteria,1,779,59
"1,3-dimethyl-6-(4-methylphenyl)-5-[3-(4-nitrophenyl)-1-phenyl-1H-pyrazol-4-yl]-1H,2H,3H,4H,5H,6H-pyrimido[4,5-d][1,3]diazine-2,4-dione",Lactobacillus fermenti,0,118,102
Tioconazole,Human herpesvirus 5,0,1275,90
"2,3,4,5,6-Pentafluoro-L-phenylalanine",Bacillus amyloliquefaciens,0,169,17
Penicillic acid,Hafnia alvei,0,1080,79
Octadecyl gallate,Enterococcus faecalis,1,1041,66
Lys-a1,Mycobacterium smegmatis,0,910,112
3-(4-fluorophenyl)-5-(3-(allyloxy)-4-hydroxybenzylidene)-2-thioxothiazolidin-4-one,Bacillus cereus,0,272,19
Ciprofloxacin ,Haemophilus influenzae,1,592,78
Furanone 56,Enterobacter ludwigi,0,752,64
Thiazolidinedione-8,Candida albicans,1,1266,34
Dimethyl Sulfoxide,Actinoplanes missouriensis,0,682,8
Levofloxacin,Haemophilus influenzae,1,897,78
Indole-3-carboxyaldehyde,Vibrio cholerae,1,831,175
2-(2-(2-Chloroacetamido)-5-nitrophenyl)-2-oxo-N-( prop-2-yn-1-yl)acetamide,Streptococcus pneumoniae serotype 4,0,188,159
Besifloxacin,Haemophilus influenzae,1,483,78
"3,3-dimethyl-13-{7-methyl-[1,2,3,4]tetrazolo[1,5-a]quinolin-4-yl}-1H,2H,3H,4H,6H,11H,13H-indazolo[1,2-b]phthalazine-1,6,11-trione",Pseudomonas aeruginosa,1,247,125
Pefloxacin,Haemophilus influenzae,1,1070,78
Na-Benzoate,Aeromonas sobria,0,1004,10
Amphotericin B,Candida albicans,1,436,34
Zanamivir,Influenza B virus ,1,1325,97
Cefotaxime,Listeria monocytogenes,1,553,104
3-tetradecanoylthiotetronic,Pseudomonas japonica,0,305,128
Isosinensetin,Clostridium pasteurianum,0,846,46
Pefloxacin ,Candida spp.,0,1071,40
"2-(4,5-dibromo-1-methyl-1H-pyrrol-2-yl)-5-phenyl-1,3,4-oxadiazole",Enterobacter ludwigi,0,198,64
7-chloroquinolin-4-ol,Candida parapsilosis,0,402,39
Eugenol,Staphylococcus aureus,1,726,141
Chlorhexidine,Candida albicans,1,575,34
2-Carbamoylphenylalanine,Eubacterium ramulus,0,215,72
3-(2-Pyridinyl)alanine,Campylobacter jejuni,0,266,33
Novobiocin,Staphylococcus aureus,1,1032,141
Penciclovir,Human herpesvirus 1 ,1,1073,87
Telaprevir ,Staphlococcus aureus,0,1252,140
3-indolylacetonitrile,Influenza B virus ,0,301,97
Rifampicin,Escherichia coli,1,1154,69
Dicloxacillin,Streptococcus pneumoniae,1,676,158
Azithromycin,Escherichia coli ,1,456,70
Lomefloxacin,Haemophilus influenzae,1,904,78
3-(pyridin-3-yl)-5-(3-ethoxy-4-hydroxybenzylidene)-2-thioxothiazolidin-4-one,Enterococcus faecium,1,276,67
CWR11,Escherichia coli,0,514,69
Nitrofurantoin,Amycolatopsis orientalis,0,1023,12
Djenkolic acid,Streptococcus sanguis,1,689,163
3-(3-fluorophenyl)-5-(3-ethoxy-4-hydroxybenzylidene)-2-thioxothiazolidin-4-one,Staphylococcus epidermidis,1,270,146
Vancomycin,Staphylococcus aureus,1,1307,141
Povidone Iodine,Sphingomonas sp. Ibu-2,0,1112,139
"(2E)-5-[(1S,2R,4aR,8aR)-1,2,4a,5-tetramethyl-1,2,3,4,4a,7,8,8a-octahydronaphthalen-1-yl]-3-formylpent-2-enoic acid",Staphylococcus aureus,1,36,141
OHC8HL,Neisseria gonorrhoeae,0,1039,114
(2-methyl-5-nitro-1H-imidazol-1-yl)methyl (2E)-3-phenylprop-2-enoate,Candida albicans,1,14,34
DD13,Staphylococcus cohnii,0,648,145
Cyanidin,Pseudomonas chlororaphis,0,620,126
BMAP-18,Burkholderia pseudomallei,1,459,31
Myristic acid,Serratia marcescens,1,952,136
Ofloxacin,Haemophilus influenzae,1,1044,78
Praziquantel,Schistosoma,1,1113,134
NaCl,Mycobacterium tuberculosis,0,1007,113
3-Methoxychalcone,Mycobacterium leprae,0,287,111
BMAP-28,Candida krusei,1,461,38
4-Methyl benzyl dodecyl beta-maltoside,Staphylococcus epidermidis,0,337,146
"3,5-dimethylaniline",Candida dubliniensis,0,260,35
Levofloxacin,Shewanella oneidensis,0,897,137
Tangerine oil,Staphylococcus aureus,1,1244,141
Glycinamide hydrochloride,Aggregatibacter actinomycetemcomitans,0,784,11
VSL2,Enterococcus gallinarum,0,1306,68
Zinc,Escherichia coli,1,1328,69
NA-CATH,Staphylococcus chromogenes,0,997,144
Ertapenem,Haemophilus influenzae,1,711,78
N-(4-hydroxy-2-methylphenyl)-3-oxododecanamide,Proteus vulgaris,0,980,122
Ciprofloxacin,Haemophilus influenzae,1,590,78
L-Canavanine,Shigella flexneri,0,867,138
Lysozyme,Burkholderia cepacia,0,911,29
Fluconazole,Candida albicans,1,743,34
Gatifloxacin,Streptococcus pneumoniae serotype 4,1,776,159
17-Deacetyl norgestimate,Staphylococcus aureus,1,166,141
1-(4-amino-2-hydroxyphenyl)ethan-1-one,Hepatitis C virus,0,123,86
5-Fluorouracil,Pseudomonas aeruginosa,1,380,125
Holothuroidin 2,Pseudomonas aeruginosa,1,807,125
N -(5-bromo-2-hydroxy-benzylidene)benzohydrazide,Pseudomonas aeruginosa,1,961,125
(E)-3-Decen-2-one,Enteric bacteria and other eubacteria ,0,89,60
(1Z)-ethylidene-lambda4-sulfanyliumolate,Streptococcus mutans,1,12,155
Meta-bromo-thiolactone,Desulfovibrio africanus,0,928,54
Midazolam,Candida albicans,1,941,34
"(2E)-1-(3 ,4 ,5 -trimethoxyphenyl)-3-(2-naphthyl)-2-propen-1-one",Mycobacterium avium,0,24,110
2-(5-Bromo-2-(2-chloroacetamido)phenyl )-2-oxo-N-( prop-2-yn-1-yl)acetamide,Eggerthella lenta,0,209,57
2-geranyloxy-1-(2-methylpropanoyl)phloroglucinol,Staphylococcus aureus,1,240,141
Tenofovir,Human immunodeficiency virus 1,1,1256,92
Cefepime,Acinetobacter sp.,0,545,5
Linezolid,Escherichia coli O6:H1 (strain CFT073 / ATCC 700928 / UPEC),0,901,71
"(5Z)-2-(1,1-dichloro-3,3-dimethylbutyl)-5-{[4-(trifluoromethyl)phenyl]methylidene}-1,3-oxazolidin-4-one",Staphylococcus aureus,1,81,141
Methyl indole-7-carboxylate,Mycobacterium smegmatis,0,934,112
Ertapenem,Haemophilus influenzae,1,711,78
Myristoyl-DL-carnitine,Candida parapsilosis,0,953,39
Ciprofloxacin,Haemophilus influenzae,1,590,78
Tobramycin,Staphylococcus aureus,1,1279,141
Tet-26,Schistosoma,0,1262,134
Furanone,Serratia liquefaciens,0,751,135
4H-tomentosin,Serratia marcescens,0,362,136
(furan-2-yl)methyl (2E)-3-phenylprop-2-enoate,Candida albicans,1,112,34
LL-37,Morganella morganii,0,888,109
Benzophenonyl decyl beta-maltoside,Pseudomonas aeruginosa,1,478,125
Ionic silver,Candida guiliermondi,0,834,37
Cinoxacin,Haemophilus influenzae,1,589,78
3-Iodotyrosine,Halomonas pacifica,0,285,81
Ursolic Acid,Pseudomonas aeruginosa,1,1302,125
Carvacrol,Staphylococcus aureus,1,529,141
"(1R,2S,7R,8R)-2,18-diacetoxyasperdiol",Streptococcus sanguis,0,7,163
Pyrimidinedione,Streptococcus pneumoniae,1,1124,158
Tigecycline,Escherichia coli,1,1272,69
"(2E)-1-(1,3-benzodioxol-5-yl)-3-[5-(2-nitro-phenyl)-furan-2-yl]-2-propen-1-one",Achromobacter sp.,0,18,0
Phloretin,Staphylococcus aureus,1,1094,141
L-carnosine,Pseudomonas fluorescens,0,873,127
Rifabutin,Escherichia coli,1,1152,69
3-(pyridin-3-yl)-5-(3-ethoxy-4-hydroxybenzylidene)-2-thioxothiazolidin-4-one,Staphylococcus aureus,1,276,141
Di-MB-LF11-322,Pseudomonas aeruginosa,1,668,125
Rifabutin,Eubacterium ramulus,0,1152,72
Mezlocillin,Clostridium perfringens ,1,938,48
Meticillin,Streptococcus pneumoniae,1,936,158
P10,Corynebacterium ammoniagenes,0,1057,50
Coladonin,Enterococcus faecium,0,609,67
(RW)3-NH2,Streptococcus oralis,0,96,156
GL13K,Staphylococcus cohnii,0,766,145
(E)-Chalcone,Haemophilus influenzae,1,90,78
G10KHc,Actinoplanes missouriensis,0,764,8
Esculentin,Aquifex aeolicus,0,714,13
Bedaquiline,Yersinia enterocolitica,0,470,179
Clomocycline,Escherichia coli,1,603,69
Silver sulfadiazine,Staphylococcus aureus,1,1197,141
Anthranilate,Bacteroides uniformis,0,442,25
Adamantane dodecyl beta-maltoside,Amycolatopsis orientalis,0,421,12
Resveratrol,Burkholderia multivorans,1,1148,30
Diazepam,Candida albicans,1,670,34
Esculetin,Pseudomonas aeruginosa,1,715,125
Fleroxacin,Haemophilus influenzae,1,740,78
Isobutanol,Human herpesvirus 4,0,837,89
Gentamicin,Enteric bacteria and other eubacteria,1,779,59
(2-methyl-5-nitro-1H-imidazol-1-yl)methyl (2E)-3-phenylprop-2-enoate,Salmonella enterica,0,14,133
Macromomycin B,Baker's yeast,0,918,27
Ciprofloxacin,Haemophilus influenzae,1,590,78
BMAP-28,Candida albicans,1,461,34
Fluspiriline,Francisella novicida,0,745,74
Pefloxacin,Staphylococcus aureus,1,1070,141
"2,3,4,5,6-Pentafluoro-L-phenylalanine",Geobacillus kaustophilus,0,169,77
Chromate,Streptococcus oralis,0,579,156
IDR-1018,Aspergillus fumigatus,0,814,15
(2R)-2-amino-3-[(4-methylphenyl)methanesulfinyl]propanoic acid,Actinomyces oris,1,46,7
Pefloxacin,Haemophilus influenzae,1,1070,78
"N1-[7-(trifluoromethyl)quinolin-4-yl]octane-1,8-diamine",Enterococcus gallinarum,0,996,68
Heptadecanoic acid,Arthrobacter sp. ,0,796,14
LL13-37,Acinetobacter nosocomialis,0,889,3
Mustard oil,Staphylococcus cohnii,0,949,145
VS2,Streptococcus sobrinus,0,1305,164
Ursolic Acid,Mycobacterium leprae,0,1302,111
Seg6L,Aspergillus niger,0,1187,16
Brecanavir,Human immunodeficiency virus 1,1,493,92
Gemifloxacin,Haemophilus influenzae,1,777,78
3-fluoroaniline,Human herpesvirus 4,0,295,89
Nevirapine,Human immunodeficiency virus 1,1,1017,92
LL-19,Enterobacteria phage T4,0,885,65
"N1-(7-chloroquinolin-4-yl)dodecane-1,12-diamine",Achromobacter sp.,0,991,0
(E)-3-Decen-2-one,Obesumbacterium proteus,0,89,115
"6-(4-chlorophenyl)-1,3-dimethyl-5-[3-(4-methylphenyl)-1-phenyl-1H-pyrazol-4-yl]-1H,2H,3H,4H,5H,6H-pyrimido[4,5-d][1,3]diazine-2,4-dione",Enterobacter aerogenes,0,387,61
Dezocine,Streptococcus sobrinus,0,666,164
Gemifloxacin,Haemophilus influenzae,1,777,78
Nelfinavir,Streptococcus parasanguinis,0,1011,157
Ethylene glycol tetraacetic acid,Kocuria rhizophila,0,723,101
NA-CATH-ATRA1-ATRA1,Acinetobacter nosocomialis,0,998,3
Ribavirin,Burkholderia multivorans,0,1151,30
2-amino-imidazole/ triazole conjugate,Streptococcus mutans,1,235,155
Aminosalicylic Acid,Mycobacterium tuberculosis,1,433,113
cat-AGE-RK2,Aggregatibacter actinomycetemcomitans,0,1351,11
DJK6,Human herpesvirus 3,0,650,88
4-Chlorochalcone,Enteric bacteria and other eubacteria ,0,324,60
BisEDT-RIP,Streptococcus salivarius,0,490,161
Avibactam,Enterobacter cloacae,1,454,63
4-Benzyl-sulfonyl-5-hydroxy-3-chloro-2(5H)-furanone,Vibrio cholerae,0,320,175
3-oxo-C8-HSL,Streptococcus pneumoniae,0,303,158
Gemifloxacin,Haemophilus influenzae,1,777,78
Hesperidin,Yersinia enterocolitica,1,799,179
2-amino-4-chlorobenzoic acid,Eubacterium ramulus,0,231,72
Besifloxacin,Aggregatibacter actinomycetemcomitans,0,483,11
7-methoxyindole,Cronobacter sakazakii,0,407,51
Farnesol,Candida tropicalis,1,732,41
"5,8,11,14-Eicosatetraynoic acid",Cronobacter sakazakii,0,365,51
DispersinB-KSL-W wound gel,Enterococcus faecalis,0,687,66
4-nitro-cinnamaldehyde,Human herpesvirus 3,0,358,88
D-Leucine,Eubacterium ramulus,0,637,72
Zinc Dichloride,Pseudomonas aeruginosa,1,1329,125
kappa-Pyrosulfite,Human herpesvirus 3,0,1368,88
Cynarin,Pseudomonas aeruginosa,1,625,125
"F2,5,12W",Trueperella pyogenes,0,728,171
Cyanidin,Klebsiella pneumoniae,1,620,99
2-oxindole,Vibrio parahaemolyticus,0,243,177
Miconazole,Candida albicans,1,940,34
Tetracycline,Escherichia coli,1,1263,69
Gallic Acid,Staphylococcus aureus,1,769,141
Clindamycin ,Burkholderia pseudomallei,0,600,31
L-Aspartate,Staphylococcus aureus,1,866,141
1-(pyrazin-2-yl)ethan-1-one,Streptococcus sobrinus,0,129,164
Cadmium Ion,Human herpesvirus 5,0,515,90
D-Proline,Staphylococcus epidermis,1,640,147
3-Methoxychalcone,Haemophilus influenzae,1,287,78
para-toluidine,Pseudomonas aeruginosa,1,1385,125
Trimethoprim-sulfamethoxazole,Stenotrophomonas maltophilia,1,1288,151
RTA3,Human respiratory syncytial virus B,0,1143,94
"1,3-dimethyl-6-(4-methylphenyl)-5-[3-(4-methylphenyl)-1-phenyl-1H-pyrazol-4-yl]-1H,2H,3H,4H,5H,6H-pyrimido[4,5-d][1,3]diazine-2,4-dione",Varicella-zoster virus,0,117,172
3-Nitro-D-tyrosine,Staphylococcus epidermis,1,289,147
Enoxacin,Haemophilus influenzae,1,704,78
n-Hexane,Baker's yeast,0,1374,27
Ritonavir,Human immunodeficiency virus 1,1,1158,92
S-methyl- L-cysteine,Marinobacter hydrocarbonoclasticus,0,1171,107
Bac8C,Streptococcus mutans,1,463,155
N -(pyridin-3-yl-methylene)benzohydrazide,Streptococcus mutans,1,962,155
Ethyl acetate,Shewanella oneidensis,0,721,137
Myristoyl-DL-carnitine,Human parainfluenza virus type 2,0,953,93
"(2R)-2-amino-3-(2,3-dihydro-1H-inden-2-yl)propanoic acid",Streptomyces gordonii,0,41,165
Ceftobiprole,Streptococcus pneumoniae serotype 4,1,563,159
Ionic silver,Staphylococcus aureus,1,834,141
Salicylic acid,Pseudomonas aeruginosa,1,1181,125
4-tertiary butyl benzyl decyl beta-maltoside,Pseudomonas japonica,0,360,128
"2,4,5-Trifluorophenylalanine",Staphylococcus aureus,1,172,141
3-(2-Thienyl)alanine,Staphylococcus epidermis,1,268,147
Toremifene,Candida dubliniensis,1,1282,35
dF21-10K,Candida albicans,1,1360,34
Sulfamethizole,Candida parapsilosis,0,1230,39
Bacitracin,Candida albicans,1,466,34
Ephedrine,Candida glabrata,0,705,36
Meropenem,Coagulase- negative staphylococci,0,927,49
D-Proline,Candida glabrata,0,640,36
Cefpiramide,Firmicutes,0,557,73
Polysorbate 80,Stenotrophomonas maltophilia,1,1110,151
Benzyl decyl beta-maltoside,Lactobacillus fermenti,0,480,102
"3-{2-[(1S,2R,4aR,8aR)-1,2,4a,5-tetramethyl-1,2,3,4,4a,7,8,8a-octahydronaphthalen-1-yl]ethyl}-N-(3-fluorophenyl)-5-methylidene-2,5-dihydrofuran-2-amine",Streptococcus mutans,1,308,155
Cefalotin,Streptomyces sp. ,1,540,167
Clofazimine,Geobacillus kaustophilus,1,602,77
Picolinic acid,Streptococcus mutans,0,1099,155
3-(pyridin-3-yl)-5-(3-ethoxy-4-hydroxybenzylidene)-2-thioxothiazolidin-4-one,Staphylococcus epidermidis,1,276,146
Emodin,Pseudomonas aeruginosa,1,700,125
Chitosan,Staphylococcus aureus,1,573,141
Cerulenin,Escherichia coli,1,568,69
Norspermidine,Pseudomonas aeruginosa,1,1031,125
D-Asparagine,Staphylococcus epidermis,1,630,147
Penicillenol B1,Pseudomonas aeruginosa,1,1076,125
L-tryptophan,Salmonella enterica,1,878,133
"L-744,832",Enterobacteria phage T4,0,865,65
Glipizide,Bacillus subtilis,1,782,21
Delavirdine,Actinomyces oris,0,661,7
Brecanavir,Burkholderia cenocepacia,0,493,28
Fleroxacin,Coagulase- negative staphylococci,0,740,49
Toremifene,Staphylococcus epidermidis,1,1282,146
para-ethylaniline,Streptococcus salivarius,0,1384,161
Sinapic acid,Escherichia coli,1,1201,69
Indole,Pseudomonas aeruginosa,1,827,125
Pentamethoxyflavone,Pseudomonas fluorescens,0,1083,127
Human beta-defensin 3,Candida albicans,1,809,34
Besifloxacin,Haemophilus influenzae,1,483,78
NA-CATH-ATRA1-ATRA1,Salmonella enterica,0,998,133
Ciprofloxacin lactate,Helicobacter pylori ,0,591,82
5-(dibromomethylene)-3-(1-bromobutyl)-2(5H)-furanone,Staphylococcus chromogenes,0,369,144
2-Carbamoylphenylalanine,Staphylococcus aureus,1,215,141
"3-{2-[(1S,2R,4aR,8aR)-1,2,4a,5-tetramethyl-1,2,3,4,4a,7,8,8a-octahydronaphthalen-1-yl]ethyl}-N-(3-fluorophenyl)-5-methylidene-2,5-dihydrofuran-2-amine",Proteus mirabilis,1,308,121
Decyl beta-maltoside,Pseudomonas aeruginosa,1,660,125
Aciclovir,Micrococcus luteus,0,420,108
5-(dibromomethylene)-3-ethyl-2(5H)-furanone,Enterococcus faecalis,0,372,66
"2-(4,5-dibromo-1-methyl-1H-pyrrol-2-yl)-5-(2,4-dichlorophenyl)-1,3,4-oxadiazole",Vibrio parahaemolyticus,0,192,177
SP1,Klebsiella variicola,0,1177,100
Benzophenonyl decyl beta-maltoside,Propionibacterium acnes,0,478,120
4-Methyl benzyl dodecyl beta-maltoside,Shigella flexneri,0,337,138
Cefalotin,Streptococcus pneumoniae,1,540,158
Peptide 1,Stenotrophomonas maltophilia,0,1086,151
Amoxicillin,Listeria monocytogenes,1,435,104
Genistein,Eubacterium ramulus,1,778,72
Bactenecin,Human herpesvirus 3,0,467,88
(2E)-N-[3-(1H-indol-3-yl)propyl]-3-phenylprop-2-enamide,Geobacillus kaustophilus,0,40,77
Neomycin,Escherichia coli,1,1014,69
L-ornithine hydrochloride,Staphylococcus epidermis,1,876,147
"Dihydroxybenzoic Acid (2,3-DHBA)",Vibrio anguillarum,0,679,173
(1Z)-(2-phenylethylidene)-lambda4-sulfanyliumolate,Vibrio anguillarum,0,10,173
"N1-[7-(trifluoromethyl)quinolin-4-yl]dodecane-1,12-diamine",Clostridium leptum,0,994,45
3-Fluoro-DL-phenylalanine,Vibrio campbellii,0,282,174
Indole-3-acetaldehyde,Dihydropteroate synthase type-1,0,828,55
Amlodipine,Burkholderia thailandensis,0,434,32
NaCl,Providencia stuartii,0,1007,123
S6L3-33,Human immunodeficiency virus 1,0,1175,92
"5,8,11,14-Eicosatetraynoic acid",Candida albicans,1,365,34
M8-33,Bacillus anthracis,0,912,18
Amikacin,Escherichia coli,1,430,69
Competence Stimulating Peptide,Candida albicans,1,613,34
"1,3-dimethyl-6-(4-methylphenyl)-5-[3-(4-methylphenyl)-1-phenyl-1H-pyrazol-4-yl]-1H,2H,3H,4H,5H,6H-pyrimido[4,5-d][1,3]diazine-2,4-dione",Bacillus subtilis,1,117,21
"1-[2-(3-bromo-4-hydroxy-5-methoxyphenyl)-5-(3,4,5-trimethoxyphenyl)-1,3,4-oxadiazol-3(2H)-yl]ethanone",Porphyromonas gingivalis,0,134,119
Dapsone,Mycobacterium leprae,1,656,111
Tigecycline,Escherichia coli,1,1272,69
Dirithromycin,Enteric bacteria and other eubacteria,1,686,59
2-Methoxyhydroquinone,Escherichia coli ,0,223,70
3beta-Hydroxyolean-12-en-28-al 3-p-coumarate,Citrobacter freundii,0,309,43
Cefoperazone,Escherichia coli,1,551,69
Ertapenem,Candida krusei,0,711,38
"(5E)-5-hexylidene-1,3-thiazolidine-2,4-dione",Streptococcus parasanguinis,0,74,157
(2R)-2-amino-5-(1-nitrocarbamimidamido)pentanoic acid,Halomonas pacifica,0,49,81
Raltegravir,Human herpesvirus 4,0,1144,89
Cefonicid,Escherichia coli,1,550,69
Isosilybin A,Listeria ivanovii,0,845,103
epsilon-Polylysine,Staphylococcus epidermidis,0,1364,146
Ciprofloxacin lactate,Human herpesvirus 5,0,591,90
3-(4-fluorophenyl)-5-(3-ethoxy- 4-hydroxybenzylidene)-2-thioxothiazolidin-4-one,Staphylococcus aureus,1,273,141
Shikonin,Pichia anomala,0,1190,117
Cefpiramide,Staphylococcus aureus,1,557,141
Fluconazole,Candida albicans,1,743,34
Myristic acid,Proteus vulgaris,1,952,122
Yohimbine hydrochloride,Streptococcus sobrinus,0,1323,164
Rimantadine,Influenza A virus ,1,1157,95
den-SB056,Pseudomonas putida,0,1361,130
"1,3-dimethyl-6-(4-methylphenyl)-5-[3-(4-nitrophenyl)-1-phenyl-1H-pyrazol-4-yl]-1H,2H,3H,4H,5H,6H-pyrimido[4,5-d][1,3]diazine-2,4-dione",Micrococcus luteus,1,118,108
"(1R,2S,7R,3E,8E,11E)-2,18-diacetoxycembra-3,8,11,15(17)-tetraen-7-ol",Vibrio harveyi,1,6,176
(2E)-3-(3-hydroxy-4-methoxyphenyl)-1-phenylprop-2-en-1-one,Hepatitis C virus,0,34,86
Asperdiol,Influenza A virus ,0,446,95
6-Chlorooxindole,Streptococcus mitis,0,392,154
1-(4-methoxyphenyl)-3-p-tolyurea,Streptococcus mutans,1,127,155
"(5Z)-2-(1,1-dichloro-2-phenylethyl)-5-{[4-(trifluoromethyl)phenyl]methylidene}-1,3-oxazolidin-4-one",Staphylococcus aureus,1,78,141
NA10,Actinomyces oris,0,999,7
Cycloserine ,Escherichia coli,1,624,69
Cefapirin,Clostridium perfringens ,1,542,48
Hsn5 12-mer,Streptococcus mutans,1,808,155
Cefuroxime,Clostridium perfringens ,1,565,48
Ursolic acid,Pseudomonas aeruginosa,1,1303,125
Silver Ion,Proteus vulgaris,0,1192,122
C16G2,Streptococcus mutans,1,505,155
Epigallocatechin Gallate,Staphylococcus epidermidis,1,710,146
1-(6-aminopyridin-3-yl)ethan-1-one,Mycobacterium avium,0,128,110
Orange extract,Stenotrophomonas maltophilia,0,1049,151
Tetracycline,Propionibacterium acnes,0,1263,120
Butanol,Candida albicans,1,497,34
1-mesityl-3(4-nitrophenyl)urea,Streptococcus mutans,1,136,155
Streptorubin B,Hafnia paralvei,0,1217,80
Oseltamivir,Mycobacterium smegmatis,0,1051,112
"3,4-Dichloro-cinnamaldehyde",Bacteroides eggerthii,0,253,23
Gallic Acid,Hafnia alvei,0,769,79
Sm6(L3)2C,Enterococcus gallinarum,0,1206,68
Gentamicin,Escherichia coli,1,779,69
Cloxacillin,Listeria monocytogenes,1,606,104
Phloridzin,Bacteroides,0,1095,22
Glycomonoterpenes (G-citron),Streptococcus gordonii,0,786,153
DASamP1,Acinetobacter nosocomialis,0,647,3
Cecropin (1-7)-melittin A (2-9) amide,Human herpesvirus 1 ,0,534,87
Pivampicillin,Eubacterium ramulus,0,1104,72
Benzylpenicillin,Aeromonas hydrophila,0,481,9
Taurine,Staphylococcus saprophyticus,0,1246,150
Sulfadiazine ,Varicella-zoster virus,0,1225,172
S-ethyl-L-cysteine,Clostridium perfringens,0,1170,47
Menthol,Burkholderia pseudomallei,0,925,31
6-hydroxyflavone,Human parainfluenza virus type 2,0,398,93
Octyl gallate,Staphylococcus aureus,1,1043,141
"2-(4-Methoxyphenyl)-N-((2R,3R,4S,5S,6R)-2,4,5-trihydroxy-6-(hydroxymethyl)tetrahydro-2H-pyran-3-yl)acetamide",Pseudomonas aeruginosa,1,206,125
"2-bromo-4-methyl-6-(3,4,5-tribromo-1H-pyrrole-2-carbonyl)phenol",Staphylococcus chromogenes,0,236,144
Imipenem,Escherichia coli,1,822,69
Cyclacillin,Human immunodeficiency virus,0,621,91
Piperacillin,Streptococcus pneumoniae,1,1102,158
DJK5,Pseudomonas aeruginosa,1,649,125
"F2,5,12W",Serratia liquefaciens,0,728,135
Amprenavir,Human immunodeficiency virus 1,1,438,92
11(R)-hydroxy-12(20)-en-knightol acetate,Vibrio harveyi,1,148,176
"2,4-Dimethylphenylalanine",Staphylococcus epidermis,1,175,147
2-(5-Bromo-2-(2-chloroacetamido)phenyl )-2-oxo-N-( prop-2-yn-1-yl)acetamide,Mycobacterium leprae,0,209,111
Lfcin,Streptococcus gordonii,0,898,153
"1-[2-(3,5-dichlorophenyl)-5-(3,4,5-trimethoxyphenyl)-1,3,4-oxadiazol-3(2H)-yl]ethanone",Eubacterium ramulus,0,133,72
KD-13,Fusarium solani,0,853,75
Gatifloxacin,Streptococcus pneumoniae serotype 4,1,776,159
Cefditoren,Pseudomonas japonica,0,544,128
Piperacillin,Streptococcus sobrinus,0,1102,164
Cefapirin,Clostridium perfringens ,1,542,48
Cefoxitin,Streptococcus pneumoniae,1,556,158
lin-SB056,Pseudomonas aeruginosa,1,1370,125
Cefotiam,Clostridium perfringens ,1,555,48
Pefloxacin,Haemophilus influenzae,1,1070,78
Tea tree oil,Staphylococcus aureus,1,1249,141
Phloridzin,Streptococcus parasanguinis,0,1095,157
D-Tyrosine,Human immunodeficiency virus,0,642,91
"2,2 -Dipyridyl",Pseudomonas aeruginosa,1,168,125
7-formylindole,Streptococcus epidermidis,0,405,152
3-(Trifluoromethyl)phenylalanine,Campylobacter jejuni,0,275,33
Cefprozil,Streptococcus pneumoniae serotype 4,1,559,159
Erythromycin,Propionibacterium acnes,1,713,120
P10,Streptococcus salivarius,0,1057,161
Hexachlorophene,Staphlococcus aureus,0,801,140
Penicillenol A2,Burkholderia thailandensis,0,1075,32
"13-(2-chloro-8a-methyl-4a,8a-dihydroquinolin-3-yl)-3,3-dimethyl-1H,2H,3H,4H,6H,11H,13H-indazolo[1,2-b]phthalazine-1,6,11-trione",Candida albicans,1,155,34
4-Fluoro-D-phenylalanine,Bacillus amyloliquefaciens,0,330,17
Levofloxacin,Haemophilus influenzae,1,897,78
Propyl gallate,Enterococcus faecalis,1,1117,66
Saquinavir,Human immunodeficiency virus 1,1,1183,92
3-(3-fluorophenyl)-5-(3-ethoxy-4-hydroxybenzylidene)-2-thioxothiazolidin-4-one,Staphylococcus aureus,1,270,141
3-geranyl-1-(2-methylpropanoyl)phloroglucinol,Bacteroides uniformis,0,297,25
Linezolid,Staphylococcus aureus,1,901,141
2-Carbamoylphenylalanine,Candida dubliniensis,0,215,35
Pefloxacin ,Haemophilus influenzae,1,1071,78
alpha-costic acid,Candida albicans,1,1340,34
Cefixime,Listeria monocytogenes,1,547,104
CWR11,Listeria monocytogenes serotype 4a,0,514,105
2-(2-(2-Azidoacetamido)-5-nitrophenyl)-2-oxo-N-(prop-2-yn-1-yl)acetamide,Staphylococcus equorum,0,184,148
Ceftizoxime,Escherichia coli,1,562,69
Cefmetazole,Escherichia coli,1,549,69
3-Bromophenylalanine,Staphylococcus epidermis,1,278,147
Amoxicillin,Listeria monocytogenes,1,435,104
Decanediol,Providencia stuartii,0,659,123
Cerulenin,Escherichia coli,1,568,69
Lactoferricin B,Hafnia alvei,0,891,79
Ceftizoxime,Staphylococcus caprae,0,562,143
Sulfamethoxazole,Raoultella ornithinolytica,0,1231,131
CAMA,Francisella novicida,0,509,74
Fraxin,Pichia anomala,0,750,117
Eugenol,Escherichia coli,1,726,69
Mucobromic acid,Obesumbacterium proteus,0,947,115
"Phenol,2,4-bis(1,1-dimethylethyl)",Francisella novicida,0,1090,74
(Z)-4-bromo-5-(bromomethylene)-3-ethyl-2(5H)-furanone,Salmonella enterica,1,105,133
Minocycline,Propionibacterium acnes,1,942,120
Lomefloxacin,Haemophilus influenzae,1,904,78
Butyl gallate,Pseudomonas aeruginosa,1,502,125
"(5E)-5-hexylidene-1,3-thiazolidine-2,4-dione",Candida albicans,1,74,34
Nobiletin,Bacillus amyloliquefaciens,0,1025,17
3-chloro-5-hydroxy-4-[(4-methylphenylsulfonyl)]-2(5H)-furanone,Bacteroides fragilis,0,294,24
"N-(5-Methyl-1,2-oxazol-3-yl)butanamide",Pseudomonas aeruginosa,1,981,125
"2-(4,5-dibromo-1-methyl-1H-pyrrol-2-yl)-5-styryl-1,3,4-oxadiazole",Staphylococcus aureus,1,199,141
(Z)-4-bromo-5-(bromomethylene)-3-(1-bromobutyl)-2(5H)-furanone,Streptococcus parasanguinis,0,101,157
FV7,Streptococcus salivarius,0,731,161
Cycloserine ,Mycobacterium avium,1,624,110
Patulin,Marinobacter hydrocarbonoclasticus,1,1069,107
Levofloxacin,Haemophilus influenzae,1,897,78
4-bromo-5-(dibromomethylene)-3-ethyl-2(5H)-furanone,Clostridium bacilli,0,348,44
"4-Hydroxy-2,5-dimethyl-3(2H)-furanone",Pseudomonas aeruginosa,1,332,125
Ceftazidime,Pseudomonas aeruginosa,1,560,125
Ceftazidime hydrate,Burkholderia thailandensis,0,561,32
"3,4-Dichlorophenylalanine",Bacteroides eggerthii,0,254,23
cat-AGE-RK1,Achromobacter sp.,0,1350,0
"1,3-dimethyl-6-(4-methylphenyl)-5-[3-(4-methylphenyl)-1-phenyl-1H-pyrazol-4-yl]-1H,2H,3H,4H,5H,6H-pyrimido[4,5-d][1,3]diazine-2,4-dione",Cronobacter sakazakii,0,117,51
para-Benzoquinone,Serratia liquefaciens,0,1381,135
alpha-mangostin,Staphylococcus epidermidis,1,1341,146
Chlorhexidine,Listeria monocytogenes,0,575,104
Biphenyl,Halomonas pacifica,0,488,81
Picolinic acid,Pseudomonas aeruginosa,1,1099,125
Cefotaxime,Raoultella ornithinolytica,0,553,131
"(2E)-1-(3 ,4 -dimethoxyphenyl)-3-(2-naphthyl)-2-propen-1-one",Staphylococcus aureus,1,25,141
AAP2,Mycobacterium leprae,0,414,111
L-tryptophan,Aeromonas hydrophila,0,878,9
2-(2-(2-Chloroacetamido)-5-methylphenyl)-2-oxo-N-( prop-2-yn- 1-yl)acetamide,Achromobacter xylosoxidans,0,187,1
Pefloxacin,Haemophilus influenzae,1,1070,78
Sulfamerazine,Actinobacillus actinomycetemcomitans,0,1228,6
Luteolin,Proteus vulgaris,0,908,122
Butanol,Geobacillus kaustophilus,0,497,77
(2R)-2-amino-3-(thiophene-2-sulfinyl)propanoic acid,Actinomyces oris,1,44,7
14-alpha-lipoyl andrographolide,Human herpesvirus 5,0,162,90
NA-CATH-ATRA1-ATRA1,Bacillus amyloliquefaciens,0,998,17
Benzocaine,Streptococcus salivarius,0,477,161
Curcumin,Burkholderia multivorans,1,619,30
"3,5-Difluoro-dl-phenylalanine",Aggregatibacter actinomycetemcomitans,0,256,11
Besifloxacin,Streptococcus pneumoniae serotype 4,1,483,159
Azlocillin,Listeria monocytogenes,1,457,104
"N1-[7-(trifluoromethyl)quinolin-4-yl]dodecane-1,12-diamine",Pseudomonas fluorescens,0,994,127
Neomycin,Escherichia coli,1,1014,69
Rosmarinic acid,Aeromonas hydrophila,1,1159,9
Salicylic Acid,Klebsiella pneumoniae,1,1180,99
Copper sulfate,Burkholderia cepacia,1,614,29
1-(4-chlorophenyl)-3-p-tolyurea,Enterobacter aerogenes,0,125,61
nimesulide,Clostridium pasteurianum,0,1376,46
Olmesartran,Bacillus subtilis,1,1048,21
Clindamycin,Shigella flexneri,1,599,138
Pyrvinium pamoate,Streptococcus pyogenes,0,1126,160
LL-37,Pseudomonas aeruginosa,1,888,125
2-Chloro-DL-Phenylalanine,Bacteroides fragilis,0,216,24
Mucochloric acid,Proteus mirabilis,0,948,121
Sodium sulfate,Eubacterium ramulus,0,1209,72
(2E)-1-(4 -methoxyphenyl)-3-(2-naphthyl)-2-propen-1-one,Enterococcus faecalis,1,28,66
"3,3-dimethyl-13-{[1,2,3,4]tetrazolo[1,5-a]quinolin-4-yl}-2H,4H,13H-indazolo[1,2-b]phthalazine-1,6,11-trione",Pseudomonas aeruginosa,1,250,125
2(5H)-furanone,Aeromonas hydrophila,1,167,9
Baicalein,Burkholderia multivorans,1,468,30
Ciprofloxacin ,Mycobacterium avium,0,592,110
3-(2-Thienyl)alanine,Halomonas pacifica,0,268,81
Zanamivir,Influenza A virus ,1,1325,95
5-fluoroindole,Human respiratory syncytial virus B,0,384,94
"3,5-Diiodotyrosine",Staphylococcus aureus,1,257,141
Tomentosin,Pseudomonas libaniensis,0,1281,129
cov-GK7-NH2,Porphyromonas gingivalis,1,1355,119
Silver sulphate,Listeria monocytogenes serotype 4a,0,1198,105
Orange extract,Streptococcus sanguinis,0,1049,162
Chlorhexidine acetate,Streptococcus mutans,1,576,155
Fusidic Acid,Staphylococcus epidermidis,0,761,146
Bis[(4-methylphenyl)methyl] disulfide,Enterobacter cloacae,0,491,63
"Butane-1,4-diamine",Dihydropteroate synthase type-1,0,496,55
(RW)2-NH2,Klebsiella pneumoniae,0,95,99
Aloe Vera Gel,Achromobacter sp.,0,427,0
Cloxacillin,Clostridium perfringens ,1,606,48
"3-{2-[(1S,2R,4aR,8aR)-1,2,4a,5-tetramethyl-1,2,3,4,4a,7,8,8a-octahydronaphthalen-1-yl]ethyl}-N-(3-fluorophenyl)-5-methylidene-2,5-dihydrofuran-2-amine",Enteric bacteria and other eubacteria ,0,308,60
Butoconazole nitrate,Serratia liquefaciens,0,501,135
Gallocatechin,Eikenella corrodens,1,772,58
"3,5-Dimethyl benzyl dodecyl beta-maltoside",Pseudomonas aeruginosa,1,258,125
cis-Stillbene,Staphylococcus aureus,1,1354,141
Gallocatechin,Citrobacter freundii,0,772,43
BMAP-28,Arthrobacter sp. ,0,461,14
"(2E)-1-(3 ,5 -dimethoxyphenyl)-3-(2-naphthyl)-2-propen-1-one",Hafnia paralvei,0,26,80
Epigallocatechin Gallate,Staphylococcus epidermidis,1,710,146
Tannic acid,Trichophyton mentagrophytes,0,1245,170
Micafungin,Pseudomonas aeruginosa,1,939,125
Penicillic acid,Lysinibacillus sphaericus,0,1080,106
Amikacin,Escherichia coli,1,430,69
3-geranyl-1-(2-methylpropanoyl)phloroglucinol,Schistosoma,0,297,134
methanesulfonylbenzene,Enterobacteria phage T4,0,1373,65
SP1,Staphylococcus aureus,1,1177,141
Moxifloxacin,Haemophilus influenzae,1,945,78
KT2,Listeria ivanovii,0,856,103
"3,4-Dichloro-5-[(4-methylphenylsulfonyl)]-2(5H)-furanone",Pseudomonas aeruginosa,0,252,125
M8G2,Bacteroides uniformis,0,913,25
Sulfacytine,Escherichia coli,1,1223,69
Tipranavir ,Human immunodeficiency virus,1,1277,91
Di-MB-LF11-322,Streptococcus epidermidis,0,668,152
Titanium dioxide,Bacteroides eggerthii,0,1278,23
"2-(4,5-dibromo-1-methyl-1H-pyrrol-2-yl)-5-(2,4-dichlorophenyl)-1,3,4-oxadiazole",Staphylococcus aureus,1,192,141
Pentagalloylglucose,Serratia liquefaciens,0,1082,135
7-hydroxyindole,Bacteroides eggerthii,0,406,23
Cefprozil,Streptococcus pneumoniae serotype 4,1,559,159
cyclophosphamide,Human herpesvirus 4,0,1358,89
Zotepine,Morganella morganii,0,1334,109
Tazobactam,Citrobacter freundii,0,1247,43
Fleroxacin,Haemophilus influenzae,1,740,78
L-pipecolic acid,Bacteroides fragilis,0,877,24
Chrysin,Hafnia paralvei,0,580,80
Penicillenol A1,Staphylococcus aureus,1,1074,141
3-(3-fluorophenyl)-5-(3-ethoxy-4-hydroxybenzylidene)-2-thioxothiazolidin-4-one,Staphylococcus aureus,1,270,141
2-Hydroxychalcone,Staphylococcus epidermis,0,220,147
GW-9662,Schistosoma,0,768,134
Cerulenin ,Escherichia coli,1,569,69
3-Nitrophenylalanine,Staphylococcus epidermis,1,290,147
"Trimethyl[3-({33-[2-(trimethylazaniumyl)ethoxy]-10,15,20,25,27,29,31,34-octakis[3-(trimethylazaniumyl)propoxy]hexacyclo[21.2.2.2,.2,.2,.2]pentatriaconta-1(25),3,5,8,10,13,15,18,20,23,26,28,30,32,34-pentadecaen-4-yl}oxy)propyl]azanium decabromide",Staphylococcus aureus,1,1293,141
Furanone C-30,Streptococcus mutans,1,753,155
Toremifene,Candida glabrata,1,1282,36
Darunavir,Acinetobacter nosocomialis,0,658,3
3-(pyridin-3-yl)-5-(3-ethoxy-4-hydroxybenzylidene)-2-thioxothiazolidin-4-one,Staphylococcus aureus,1,276,141
"(1R,2S,7R,3E,11E)-2,18-diacetoxycembra-3,8(19),11,15(17)-tetraen-7-ol",Vibrio harveyi,1,5,176
4-Chlorochalcone,Haemophilus influenzae,1,324,78
Cidofovir,Staphlococcus aureus,0,584,140
NA8H,Achromobacter xylosoxidans,0,1002,1
epsilon-Polylysine,Candida guiliermondi,0,1364,37
Dalbavancin,Staphylococcus epidermidis,1,653,146
Carbonyl cyanide m-chlorophenylhydrazone,Escherichia coli,1,524,69
N-(2-Pyrimidinyl)butanamide,Clostridium leptum,0,973,45
Telithromycin,Enteric bacteria and other eubacteria,1,1254,59
Cefapirin,Clostridium perfringens ,1,542,48
"1-(2,4-dichlorophenyl)-2-(1H-imidazol-1-yl)ethyl (2E)-3-phenylprop-2-enoate",Mycobacterium tuberculosis,0,119,113
Thonzonium bromide,Vibrio vulnificus,0,1269,178
7-fluoroindole,Pseudoalteromonas sp.,0,403,124
NA8H,Candida albicans,1,1002,34
Chrysin,Edwardsiella tarda,0,580,56
Lymecycline,Escherichia coli,1,909,69
"(5Z)-2-(1,1-dichloro-3,3-dimethylbutyl)-5-[(3-methoxyphenyl)methylidene]-1,3-oxazolidin-4-one",Escherichia coli O6:H1 (strain CFT073 / ATCC 700928 / UPEC),0,80,71
Sertaconazole nitrate,Candida albicans,1,1189,34
Adamantane dodecyl beta-maltoside,Staphylococcus haemolyticus,0,421,149
"Ethane-1,2-diamine",Serratia marcescens,1,720,136
2-amino-4-chlorobenzoic acid,Burkholderia cenocepacia,1,231,28
Sm6(L1)2C,Pseudomonas putida,0,1204,130
Menthol,Hepatitis B virus F,0,925,84
Diclofenac sodium,Bacillus anthracis,0,675,18
Chlorpromazine,Eggerthella lenta,0,578,57
"(2E)-1-(1,3-benzodioxol-5-yl)-3-(2-chloro-quinolin-3-yl)-2-propen-1-one",Pseudomonas aeruginosa,1,17,125
Polysorbate 80,Stenotrophomonas maltophilia,1,1110,151
Chrysin,Human herpesvirus 3,0,580,88
Micafungin,Pseudomonas aeruginosa,1,939,125
(2R)-2-amino-3-[(4-chlorophenyl)methanesulfinyl]propanoic acid,Actinomyces oris,1,45,7
Rhein,Clostridium pasteurianum,0,1149,46
Lipoic acid,Pseudomonas aeruginosa,1,902,125
Miconazole,Candida albicans,1,940,34
3-Nitro-D-tyrosine,Mycobacterium smegmatis,0,289,112
LF11-322,Thermus thermophilus ,0,881,169
Butanol,Enterobacter cloacae,0,497,63
IG-19,Aeromonas hydrophila,0,816,9
Palivizumab,Hepatitis B virus F,0,1064,84
Furanone-5,Enterococcus faecium,0,757,67
Amphotericin B,Candida albicans,1,436,34
Hexameric peptide,Salmonella Typhi,0,802,132
Tyrphostin AG1478,Hepatitis C Virus ,0,1297,85
Silver nanowires,Aeromonas hydrophila,0,1195,9
Pyrimidinedione,Streptococcus pneumoniae,1,1124,158
2-(2-(2-Chloroacetamido)-5-fluorophenyl)-2-oxo-N-( prop-2-yn-1-yl)acetamide,Escherichia coli,1,186,69
4-tertiary butyl benzyl dodecyl beta-maltoside,Streptococcus salivarius,0,361,161
4-tertiary butyl benzyl decyl beta-maltoside,Influenza B virus,0,360,96
3-(2-Naphthyl)alanine,Staphylococcus epidermis,1,265,147
2-(2-(2-Chloroacetamido)-5-nitrophenyl)-2-oxo-N-( prop-2-yn-1-yl)acetamide,Staphylococcus chromogenes,0,188,144
Emtricitabine,Human immunodeficiency virus 1,1,701,92
Asperdiol,Human herpesvirus 3,0,446,88
Voriconazole,Amycolatopsis orientalis,0,1319,12
Silver nanoparticles,Staphylococcus aureus,1,1194,141
Meropenem,Staphylococcus equorum,0,927,148
C6-HSL,Staphylococcus aureus,0,507,141
Lomefloxacin,Burkholderia pseudomallei,0,904,31
trans-2-Pentenal,Streptococcus sanguis,0,1390,163
Oleanolic Acid,Aspergillus niger,0,1045,16
Myristic acid,Pseudomonas aeruginosa,1,952,125
Cycloserine,Mycobacterium avium,1,623,110
Glipizide,Campylobacter jejuni,0,782,33
Sulfalene,Providencia stuartii,0,1227,123
Gemifloxacin,Haemophilus influenzae,1,777,78
Sage oil,Staphylococcus haemolyticus,0,1179,149
Myxinidin1,Listeria monocytogenes,1,956,104
Sulfamethizole,Escherichia coli,1,1230,69
(Z)-3-(bromomethylene) isobenzofuran-1(3H)-one,Burkholderia multivorans,0,99,30
Mustard oil,Burkholderia cenocepacia,0,949,28
Zanamivir,Influenza A virus ,1,1325,95
"Dihydroxybenzoic Acid (2,4-DHBA)",Proteus vulgaris,0,680,122
Pivmecillinam,Vibrio campbellii,0,1105,174
2-Hydroxychalcone,Candida glabrata,0,220,36
Amantadine,Influenza A virus ,1,429,95
3-(pyridin-3-yl)-5-(3-ethoxy-4-hydroxybenzylidene)-2-thioxothiazolidin-4-one,Staphylococcus epidermidis,1,276,146
2-(5-Bromo-2-(2-chloroacetamido)phenyl )-2-oxo-N-( prop-2-yn-1-yl)acetamide,Streptococcus mitis,0,209,154
Dezocine,Haemophilus influenzae,1,666,78
Phloretin,Raoultella ornithinolytica,0,1094,131
Nitrofural,Escherichia coli,1,1022,69
"13-(2-chloro-6-methylquinolin-3-yl)-3,3-dimethyl-1H,2H,3H,4H,6H,11H,13H-indazolo[1,2-b]phthalazine-1,6,11-trione",Staphylococcus haemolyticus,0,152,149
"(2E)-1-(2 ,4 ,5 -trimethoxyphenyl)-3-(2-chloro-6-methoxy-quinolin-3-yl)-2-propen-1-one",Streptococcus salivarius,0,19,161
Sulfamethoxazole,Streptococcus epidermidis,0,1231,152
O-Methyl-D-tyrosine,Staphylococcus epidermis,1,1037,147
Toremifene,Clostridium pasteurianum,0,1282,46
Ajoene,Listeria ivanovii,0,423,103
"(2E)-1-(3 ,5 -dimethoxyphenyl)-3-(2-naphthyl)-2-propen-1-one",Proteus mirabilis,0,26,121
LL-37,Candida albicans,1,888,34
Nelfinavir,Human immunodeficiency virus,1,1011,91
Bevirimat,Clostridium pasteurianum,0,486,46
Bromohexylmaleic anhydride,Bacillus licheniformis,0,494,20
Asperdiol,Aeromonas sobria,0,446,10
Cidofovir,Francisella novicida,0,584,74
Neomycin,Enteric bacteria and other eubacteria,1,1014,59
Magainin-I,Cryptococcus neoformans,1,919,52
Myxinidin2,Actinoplanes missouriensis,0,957,8
14-Glycinyl andrographolide hydrochloride,Candida guiliermondi,0,161,37
Micafungin,Pseudomonas aeruginosa,1,939,125
Triclosan ,Bacillus anthracis,1,1285,18
Baicalein,Burkholderia multivorans,1,468,30
Oxyresveratrol,Human respiratory syncytial virus B,0,1055,94
Diphenyl disulphide,Enterococcus gallinarum,0,684,68
Silver nitrate,Staphylococcus aureus,1,1196,141
2-(5-Chloro-2-(2-chloroacetamido)phenyl )-2-oxo-N-( prop-2-yn-1-yl)acetamide,Klebsiella pneumoniae,0,210,99
L-Aspartate,Staphylococcus saprophyticus,1,866,150
Zidovudine,Human immunodeficiency virus 1,1,1327,92
Nelfinavir,Human immunodeficiency virus,1,1011,91
4-Methylphenylalanine,Acinetobacter sp.,0,338,5
3-Fluoro-DL-phenylalanine,Staphylococcus aureus,1,282,141
"(5E)-5-decylidene-1,3-thiazolidine-2,4-dione",Baker's yeast,0,72,27
"F2,5,12W",Streptococcus sanguinis,0,728,162
Oxacillin,Streptococcus pneumoniae,1,1052,158
3-[(prop-2-ene-1-sulfinyl)sulfanyl]prop-1-ene,Vibrio vulnificus,0,291,178
Oleic Acid,Acinetobacter baumannii,0,1046,2
"2-(4,5-dibromo-1-methyl-1H-pyrrol-2-yl)-5-(ethylthio)-1,3,4-oxadiazole",Enterococcus faecium,0,194,67
C16-33,Streptococcus sanguinis,1,504,162
Emtricitabine,Human immunodeficiency virus 1,1,701,92
(5-nitrofuran-2-yl)methyl (2E)-3-phenylprop-2-enoate,Candida albicans,1,71,34
RK-25,Candida tropicalis,0,1139,41
"(2E)-1-(2 ,5 -dimethoxyphenyl)-3-(2-naphthyl)-2-propen-1-one",Pseudomonas aeruginosa,1,22,125
"3,4-Dichloro-5-[(4-methylphenylsulfonyl)]-2(5H)-furanone",Bacillus subtilis,1,252,21
"1-[2-(naphthalen-1-yl)-5-(3,4,5-trimethoxyphenyl)-1,3,4-oxadiazol-3(2H)-yl]ethanone",Streptococcus mutans,1,135,155
Piperacillin,Streptococcus pneumoniae,1,1102,158
Ferrous,Escherichia coli ,0,735,70
Rifalazil,Obesumbacterium proteus,0,1153,115
BMAP-28,Candida krusei,1,461,38
Norspermidine,Eikenella corrodens,0,1031,58
"(5Z)-2-tert-butyl-5-{[3-(trifluoromethyl)phenyl]methylidene}-1,3-oxazolidin-4-one",Eubacterium ramulus,0,86,72
Lopinavir,Human immunodeficiency virus 1,1,905,92
Myxinidin3,Pseudomonas aeruginosa,1,958,125
3-(pyridin-3-yl)-5-(3-ethoxy-4-hydroxybenzylidene)-2-thioxothiazolidin-4-one,Staphylococcus aureus,1,276,141
Protamine sulphate,Hepatitis C virus,0,1118,86
3-(3-fluorophenyl)-5-(3-ethoxy-4-hydroxybenzylidene)-2-thioxothiazolidin-4-one,Staphylococcus aureus,1,270,141
Rifampicin,Escherichia coli,1,1154,69
3-(pyridin-3-yl)-5-(3-ethoxy-4-hydroxybenzylidene)-2-thioxothiazolidin-4-one,Enterococcus faecium,1,276,67
Meticillin,Micrococcus luteus,0,936,108
"14-dehydroxy-11,12-didehydroandrographolide- 3,19-bis(succinic acid) potasium sodium salt",Thermus thermophilus,0,163,168
D-Histidine,Bacteroides fragilis,0,635,24
"(2S)-2-amino-3-(1,3-thiazol-4-yl)propanoic acid",Staphylococcus epidermis,1,52,147
KD-13,Neisseria gonorrhoeae,0,853,114
Bac8C,Hafnia alvei,0,463,79
Cefaclor,Listeria monocytogenes,1,537,104
3-(4-fluorophenyl)-5-(3-(allyloxy)-4-hydroxybenzylidene)-2-thioxothiazolidin-4-one,Staphylococcus aureus,1,272,141
Besifloxacin,Haemophilus influenzae,1,483,78
Voriconazole,Desulfovibrio africanus,0,1319,54
Ofloxacin,Haemophilus influenzae,1,1044,78
Butanol,Vibrio cholerae,0,497,175
alpha-pinene,Pichia anomala,1,1342,117
"(10R,11R)-Hydnocarpin D",Staphylococcus aureus,1,2,141
Moxifloxacin ,Trichophyton mentagrophytes,0,946,170
D-Aspartate,Staphylococcus aureus,1,631,141
3-(pyridin-3-yl)-5-(3-ethoxy-4-hydroxybenzylidene)-2-thioxothiazolidin-4-one,Staphylococcus epidermidis,1,276,146
Cyclacillin,Proteus mirabilis,0,621,121
Azlocillin,Clostridium perfringens ,1,457,48
Esculin hydrate,Burkholderia multivorans,1,717,30
Piperacillin,Shewanella oneidensis,0,1102,137
3-(2-Thienyl)alanine,Staphylococcus aureus,1,268,141
Tenofovir,Human immunodeficiency virus 1,1,1256,92
5-(dibromomethylene)-3-ethyl-2(5H)-furanone,Salmonella enterica,1,372,133
3-fluoroaniline,Corynebacterium ammoniagenes,0,295,50
S-(4-tolyl)-L-cysteine,Streptococcus sanguis,1,1167,163
Cefmenoxime,Escherichia coli,1,548,69
Nitrofurantoin,Lactobacillus fermenti,0,1023,102
"N-((1E)-{4-ethoxy-3-[(8-oxo-1,5,6,8-tetrahydro-2H-1,5-methanopyrido[1,2-a][1,5]diazocin-3(4H)-yl)methyl]phenyl}methylene)-3,4,5-trihydroxybenzohydrazide",Haemophilus influenzae,0,965,78
Aztreonam,Citrobacter freundii,1,458,43
Zidovudine,Human immunodeficiency virus 1,1,1327,92
CSP,Staphylococcus chromogenes,0,512,144
Lomefloxacin,Haemophilus influenzae,1,904,78
Kaempherol,Baker's yeast,0,857,27
Oxantel,Providencia stuartii,0,1053,123
RK-25,Streptococcus pneumoniae serotype 4,0,1139,159
Emodin,Acinetobacter baumannii,0,700,2
4-bromo-5-(bromomethylene)-3-(1-(2-(2-(2-azidoethoxy)ethoxy)ethoxy)butyl)-2(5H)-furanone,Staphylococcus equorum,0,342,148
"(10S,11S)-Hydnocarpin D",Staphylococcus aureus,1,3,141
Epigallocatechin Gallate,Staphylococcus epidermidis,1,710,146
Nisin,Staphylococcus aureus,1,1020,141
2-(2-(2-Azidoacetamido)-5-fluorophenyl)-2-oxo-N-( prop-2-yn-1-yl)acetamide,Staphylococcus haemolyticus,0,182,149
Fluconazole,Candida albicans,1,743,34
Hamamelitannin,Staphylococcus chromogenes,1,794,144
Clove oil,Escherichia coli,1,605,69
Zalcitabine,Providencia stuartii,0,1324,123
N -(pyridin-3-yl-methylene)benzohydrazide,Enterococcus faecalis,1,962,66
Octadecyl gallate,Streptococcus sanguinis,0,1041,162
11(R)-hydroxy-12(20)-en-knightal,Listeria monocytogenes,0,147,104
"(5E)-5-hexylidene-1,3-thiazolidine-2,4-dione",Streptococcus mitis,0,74,154
Pseudomonas Quinolone Signal,Hafnia alvei,0,1120,79
Sulfadiazine ,Plasmodium falciparum,1,1225,118
Quercetin,Streptococcus salivarius,0,1127,161
Shikonin,Pseudomonas aeruginosa,1,1190,125
2-Nitro-cinnamaldehyde,Vibrio cholerae,1,224,175
CGP-37157,Candida albicans,1,510,34
Atazanavir,Human immunodeficiency virus,1,449,91
Penicillenol B1,Marinobacter hydrocarbonoclasticus,0,1076,107
D-2-Methylphenylalanine,Human respiratory syncytial virus B,0,627,94
Amlodipine,Clostridium leptum,0,434,45
Sulfadoxine,Propionibacterium acnes,0,1226,120
2-(2-(2-Chloroacetamido)-5-fluorophenyl)-2-oxo-N-( prop-2-yn-1-yl)acetamide,Enterococcus faecium,0,186,67
Virstatin,Arthrobacter sp. ,0,1315,14
Tyrosol,Acinetobacter oleiovorans,0,1295,4
"2-(4,5-dibromo-1-methyl-1H-pyrrol-2yl)-5-(4-nitrophenyl)-1,3,4-oxadiazole",Acinetobacter sp.,0,200,5
4H-tomentosin,Propionibacterium acnes,0,362,120
Cathelicidin,Staphylococcus equorum,0,533,148
"2-(4-Chlorophenyl)-5-(4,5-dibromo-1-methyl-1H-pyrrol-2-yl)-1,3,4-oxadiazole",Aeromonas hydrophila,0,203,9
Catechin gallate,Eikenella corrodens,1,532,58
Mezlocillin,Escherichia coli,1,938,69
Trovafloxacin,Haemophilus influenzae,1,1294,78
6-Gingerol,Streptococcus sanguis,0,393,163
Vancomycin,Staphylococcus aureus,1,1307,141
"1-{2-[(E)-2-[3,5-bis(trifluoromethyl)phenyl]ethenyl]-4-phenylquinolin-3-yl}ethan-1-one",Klebsiella planticola,1,142,98
3-(4-fluorophenyl)-5-(3-(allyloxy)-4-hydroxybenzylidene)-2-thioxothiazolidin-4-one,Staphylococcus aureus,1,272,141
Methacycline,Enteric bacteria and other eubacteria,1,929,59
Cefonicid,Escherichia coli,1,550,69
(1E)-1-{[(1E)-prop-1-ene-1-sulfinyl]sulfanyl}prop-1-ene,Mycobacterium leprae,0,4,111
3-(pyridin-3-yl)-5-(3-ethoxy-4-hydroxybenzylidene)-2-thioxothiazolidin-4-one,Staphylococcus aureus,1,276,141
Dicloxacillin,Streptococcus pneumoniae,1,676,158
Quinizarin,Candida tropicalis,0,1131,41
Arbekacin,Escherichia coli,1,445,69
5-Fluorouracil,Pseudomonas aeruginosa,1,380,125
"13-(2-chloro-8a-methyl-4a,8a-dihydroquinolin-3-yl)-3,3-dimethyl-1H,2H,3H,4H,6H,11H,13H-indazolo[1,2-b]phthalazine-1,6,11-trione",Hafnia alvei,0,155,79
Hexameric peptide,Kocuria rhizophila,0,802,101
BMAP-18,Streptococcus parasanguinis,0,459,157
L-Aspartate,Staphylococcus aureus,1,866,141
Pyrimidinedione,Staphylococcus aureus,1,1124,141
Decyl beta-maltoside,Staphylococcus caprae,0,660,143
Cerulenin,Escherichia coli,1,568,69
Silver sulfadiazine,Vibrio campbellii,0,1197,174
C8-HSL,Staphylococcus equorum,0,508,148
"N1-[7-(trifluoromethyl)quinolin-4-yl]dodecane-1,12-diamine",Streptococcus mutans,0,994,155
"Triethyl[3-({33-[2-(triethylazaniumyl)ethoxy]-10,15,20,25,27,29,31,34-octakis[3-(triethylazaniumyl)propoxy]hexacyclo[21.2.2.2.2.2.2]pentatriaconta-1(25),3,5,8,10,13,15,18,20,23,26,28,30,32,34-pentadecaen-4-yl}oxy)propyl]azanium decabromide",Staphylococcus aureus,1,1287,141
Carvacrol,Staphylococcus cohnii,0,529,145
Copper sulfate,Staphylococcus aureus,1,614,141
Ampicillin,Mycobacterium leprae,0,437,111
5-fluorooxiindole,Burkholderia multivorans,0,385,30
6-MO-LF11-227,Influenza B virus,0,395,96
Ertapenem,Escherichia coli,1,711,69
Gemifloxacin,Haemophilus influenzae,1,777,78
BMAP-28,Bacillus anthracis,0,461,18
Amantadine,Influenza A virus ,1,429,95
"1-{2-[(E)-2-[3,5-bis(trifluoromethyl)phenyl]ethenyl]-4-phenylquinolin-3-yl}ethan-1-one",Listeria monocytogenes,0,142,104
Nevirapine,Enterobacteria phage T4,0,1017,65
den-SB056-1,Dengue Virus Type 2,0,1362,53
LL-31,Burkholderia cepacia,0,887,29
"1-(2-Chloroacetyl)-5-methylindoline-2,3-dione",Candida spp.,0,120,40
Tet-26,Cryptococcus neoformans,0,1262,52
"N-((1E)-{4-ethoxy-3-[(8-oxo-1,5,6,8-tetrahydro-2H-1,5-methanopyrido[1,2-a][1,5]diazocin-3(4H)-yl)methyl]phenyl}methylene)-3,4,5-trihydroxybenzohydrazide",Acinetobacter baumannii,1,965,2
Thimerosal,Candida albicans,1,1267,34
(2S)-2-amino-3-(tert-butylsulfanyl)propanoic acid,Listeria ivanovii,0,54,103
HE4,Streptococcus sanguinis,0,793,162
Ofloxacin,Haemophilus influenzae,1,1044,78
4-Benzoylphenylalanine,Marinobacter hydrocarbonoclasticus,0,319,107
ZnO nanoparticles,Pseudomonas aeruginosa,1,1333,125
6-fluoroindole,Trueperella pyogenes,0,397,171
Voriconazole,Lactobacillus fermenti,0,1319,102
IG-25,Pseudomonas chlororaphis,0,817,126
Linalool,Acinetobacter baumannii,1,900,2
Zanamivir,Influenza A virus ,1,1325,95
Pyrimethamine,Plasmodium falciparum,1,1123,118
Peptide 1037,Pseudomonas aeruginosa,1,1087,125
Enoxacin,Haemophilus influenzae,1,704,78
2-Nitro-cinnamaldehyde,Vibrio vulnificus,1,224,178
Norspermidine,Escherichia coli,1,1031,69
3-Nitro-D-tyrosine,Clostridium pasteurianum,0,289,46
Decyl beta-maltoside,Pantoea agglomerans,0,660,116
Nevirapine,Human immunodeficiency virus 1,1,1017,92
"5-(4,5-dibromo-1-methyl-1H-pyrrol-2-yl)-1,3,4-oxadiazole-2-thiol",Staphylococcus aureus,1,367,141
Rosoxacin,Human respiratory syncytial virus B,0,1160,94
Fosamprenavir,Human immunodeficiency virus 1,1,746,92
3-Methoxy-D-Phenylalanine,Staphylococcus aureus,1,286,141
ZnO nanoparticles,Pseudomonas aeruginosa,1,1333,125
2-(2-(2-Chloroacetamido)-5-methylphenyl)-2-oxo-N-( prop-2-yn- 1-yl)acetamide,Listeria monocytogenes serotype 4a,0,187,105
Trimethyl(3-{4-[3-(trimethylazaniumyl)propoxy]phenoxy}propyl)azanium dibromide,Enterococcus faecalis,1,1290,66
Listerine,Staphylococcus epidermis,0,903,147
Pelargonidin,Acinetobacter oleiovorans,0,1072,4
para-ethylaniline,Pseudomonas aeruginosa,1,1384,125
Imipenem,Escherichia coli,1,822,69
Cyclacillin,Pseudomonas aeruginosa,0,621,125
Phloridzin,Achromobacter sp.,0,1095,0
(E)-Chalcone,Listeria monocytogenes serotype 4a,0,90,105
Ciprofloxacin,Aeromonas sobria,0,590,10
Trimethyl(3-{4-[3-(trimethylphosphaniumyl)propoxy]phenoxy}propyl)phosphanium dibromide,Aquifex aeolicus,0,1291,13
Azithromycin,Escherichia coli ,1,456,70
"2,5-bis(4,5-dibromo-1-methyl-1H-pyrrol-2-yl)-1,3,4-oxadiazole",Staphylococcus aureus,1,177,141
Pseudomonas Quinolone Signal,Streptococcus mutans,1,1120,155
(1Z)-(2-phenylethylidene)-lambda4-sulfanyliumolate,Streptococcus sanguinis,0,10,162
nimesulide,Vibrio campbellii,0,1376,174
Hydrogen peroxide,Pseudomonas aeruginosa,1,811,125
Pefloxacin,Haemophilus influenzae,1,1070,78
"1,3-bis[3-chloro-5-(1,3-dichloropropane-2-yloxy)-2(5H)-furanone-4-ylsulfonyl]propane",Streptococcus sanguis,0,115,163
L-Phenylalanine-L-Lysine,Enteric bacteria and other eubacteria ,0,871,60
Rosmarinic acid,Pseudomonas japonica,0,1159,128
2-Methoxy-4-propylphenol,Pseudomonas aeruginosa,0,221,125
Piperacillin-Tazobactam,Candida spp.,1,1103,40
"2,3-Dehydrosilybin",Yersinia enterocolitica,0,170,179
Gemifloxacin,Haemophilus influenzae,1,777,78
Hypericin,Aeromonas hydrophila,0,812,9
"(2E)-1-(2 ,4 ,5 -trimethoxyphenyl)-3-(2-chloro-quinolin-3-yl)-2-propen-1-one",Staphylococcus aureus,1,20,141
4-nitro-cinnamaldehyde,Vibrio vulnificus,1,358,178
Oseltamivir,Influenza A virus ,1,1051,95
Cefalotin,Dengue Virus Type 2,0,540,53
Octadecyl gallate,Staphylococcus aureus,1,1041,141
Sulfamoxole,Bacillus cereus,0,1232,19
Rifampicin,Mycobacterium avium,0,1154,110
Nerolidol,Streptococcus sanguis,0,1015,163
Protocatechuic acid,Hepatitis C virus,0,1119,86
L-Phenylalanine,Vibrio campbellii,0,869,174
Gatifloxacin,Streptococcus pneumoniae serotype 4,1,776,159
Gentamicin,Escherichia coli,1,779,69
Cloxacillin,Helicobacter pylori ,0,606,82
Hinokitiol,Pseudomonas aeruginosa,0,804,125
3-(4-fluorophenyl)-5-(3-ethoxy- 4-hydroxybenzylidene)-2-thioxothiazolidin-4-one,Pseudomonas aeruginosa,1,273,125
1-{2-[(E)-2-(4-hydroxy-3-methoxyphenyl)ethenyl]-4-phenylquinolin-3-yl}ethan-1-one,Candida glabrata,0,140,36
Cloxacillin,Listeria monocytogenes,1,606,104
7P-AC,Serratia marcescens,0,410,136
Timolol,Pseudomonas japonica,0,1274,128
Clomocycline,Enteric bacteria and other eubacteria,1,603,59
Ceftobiprole,Staphylococcus aureus,1,563,141
"1-[2-(3,5-dichlorophenyl)-5-(3,4,5-trimethoxyphenyl)-1,3,4-oxadiazol-3(2H)-yl]ethanone",Staphlococcus aureus,0,133,140
Cycloserine ,Serratia liquefaciens,0,624,135
Tigecycline,Escherichia coli,1,1272,69
"N1-(7-chloroquinolin-4-yl)dodecane-1,12-diamine",Salmonella Typhi,0,991,132
Penicillic acid,Bacteroides vulgatus,0,1080,26
Cefotaxime,Streptococcus parasanguinis,0,553,157
Palmitoyl-DL-carnitine,Pseudomonas aeruginosa,1,1066,125
Oxytetracycline,Escherichia coli,1,1056,69
Cloxacillin,Streptococcus pneumoniae serotype 4,1,606,159
2-amino-6-fluorobenzoic acid,Burkholderia cenocepacia,1,234,28
5 alpha-Epoxyalantolactone,Staphylococcus cohnii,0,363,145
"5,7,8,4-Tetramethoxyflavone",Bacillus cereus,0,364,19
Heptadecanoic acid,Pseudoalteromonas sp.,0,796,124
5-Fluorouracil,Pseudomonas aeruginosa,1,380,125
Sm6(L2)B33,Yersinia enterocolitica,0,1205,179
Methylthiopropylamine,Serratia marcescens,0,935,136
Lemon oil,Clostridium leptum,0,896,45
Rutin,Candida albicans,0,1163,34
Aloe Vera Gel,Clostridium bacilli,1,427,44
Isobutanol,Burkholderia cenocepacia,0,837,28
Cinoxacin,Haemophilus influenzae,1,589,78
N-(4-Bromobenzylidene)benzohydrazide,Pseudomonas japonica,0,976,128
Orange extract,Staphylococcus aureus,0,1049,141
Wheat bran,Corynebacterium ammoniagenes,0,1321,50
Oxytetracycline,Escherichia coli,1,1056,69
Tet-20,Staphylococcus haemolyticus,0,1260,149
Phenyl-arginine-b-naphthylamide,Gardnerella vaginalis,0,1092,76
BMAP-28,Pseudomonas aeruginosa,1,461,125
Brecanavir,Burkholderia cepacia,0,493,29
Pseudomonas Quinolone Signal,Lactobacillus fermenti,0,1120,102
Tenofovir,Cronobacter sakazakii,0,1256,51
Phylloseptin-1,Listeria monocytogenes serotype 4a,0,1098,105
CSP-C16,Acinetobacter oleiovorans,0,513,4
Clove oil,Escherichia coli,1,605,69
Cefixime,Staphylococcus aureus,1,547,141
Bismuth oxide nanoparticle,Porphyromonas gingivalis,0,492,119
Aztreonam,Bacillus subtilis,1,458,21
Ciprofloxacin,Staphylococcus saprophyticus,0,590,150
Tipranavir ,Human immunodeficiency virus,1,1277,91
"N-(4,5-Dihydro-1,3-thiazol-2-yl)butanamide",Clostridium bacilli,0,975,44
Atazanavir,Human immunodeficiency virus 1,1,449,92
Chromate,Haemophilus influenzae,0,579,78
Pefloxacin,Haemophilus influenzae,1,1070,78
Salicylic acid,Pseudomonas aeruginosa,1,1181,125
Ciprofloxacin,Haemophilus influenzae,1,590,78
Emtricitabine,Human immunodeficiency virus 1,1,701,92
Bromohexylmaleic anhydride,Salmonella enterica,1,494,133
Metronidazole,Helicobacter pylori ,1,937,82
Flavonoids 3,Francisella novicida,0,738,74
Ciprofloxacin ,Haemophilus influenzae,1,592,78
Rutaecarpine,Eikenella corrodens,0,1162,58
N-(4-Pyridinyl)butanamide,Human parainfluenza virus type 2,0,979,93
4-Methylphenylalanine,Salmonella Typhi,0,338,132
"(1R,3S,7R,8S,11S,12R)-3-hydroxy-1,4,8-trimethyl-12-(propan-2-yl)tricyclo[9.3.0.0]tetradec-4-en-6-one",Pseudomonas aeruginosa,1,8,125
"1,3-dim-tolyurea",Streptococcus mutans,1,116,155
"2-(4-methoxyphenyl)-N-(3-{[2-(4-methoxyphenyl)ethyl]imino}-1,4-dihydro-2-quinox alinylidene)ethanamine",Streptococcus epidermidis,0,207,152
Ferulic Acid,Human herpesvirus 1 ,0,736,87
Esculetin,Burkholderia cenocepacia,1,715,28
Pseudomonas Quinolone Signal,Staphylococcus haemolyticus,0,1120,149
Tipranavir ,Human immunodeficiency virus,1,1277,91
Toremifene,Pseudomonas aeruginosa,1,1282,125
SMAP-29,Pseudomonas aeruginosa,1,1176,125
Myxinidin,Eubacterium ramulus,0,955,72
4-nitropyridine N -oxide,Enterobacter aerogenes,0,359,61
Triclosan ,Escherichia coli,1,1285,69
"5,8,11,14-Eicosatetraynoic acid",Staphylococcus capitis,0,365,142
3-(3-fluorophenyl)-5-(3-ethoxy-4-hydroxybenzylidene)-2-thioxothiazolidin-4-one,Pseudomonas aeruginosa,1,270,125
Nisin,Staphylococcus aureus,1,1020,141
"(5Z)-2-(1,1-dichloro-3,3-dimethylbutyl)-5-{[4-(trifluoromethyl)phenyl]methylidene}-1,3-oxazolidin-4-one",Staphylococcus aureus,1,81,141
Levofloxacin,Haemophilus influenzae,1,897,78
Tellurite,Achromobacter sp.,0,1255,0
2-amino-6-fluorobenzoic acid,Burkholderia multivorans,1,234,30
sorivudine,Bacteroides vulgatus,1,1388,26
RT2,Escherichia coli,1,1142,69
4-nitro-cinnamaldehyde,Streptococcus parasanguinis,0,358,157
N-decanoyl-L- homoserine benzyl ester,Salmonella Typhi,0,990,132
Ethyl gallate,Staphylococcus aureus,1,722,141
Genistein,Cronobacter sakazakii,0,778,51
Niclosamide,Pseudomonas aeruginosa,1,1019,125
2-(2-Thienylsulfonyl)ethanethioamide,Vibrio anguillarum,1,190,173
2-amino-3-(propane-1-sulfinyl)propanoic acid,Streptococcus salivarius,0,230,161
Moxifloxacin,Haemophilus influenzae,1,945,78
Tipranavir,Human immunodeficiency virus 1,1,1276,92
Furanone C-30,Aspergillus niger,0,753,16
Sulfisoxazole,Escherichia coli,1,1236,69
Ethylenediametetraacetic acid,Listeria monocytogenes,1,724,104
Ceftobiprole,Escherichia coli,1,563,69
Benzalacetone,Pseudomonas chlororaphis,0,471,126
Oseltamivir,Influenza A virus ,1,1051,95
"1-[2-(2,4-dichlorophenyl)-5-(3,4,5-trimethoxyphenyl)-1,3,4-oxadiazol-3(2H)-yl]ethanone",Streptococcus mutans,1,131,155
"2-(4,5-dibromo-1-methyl-1H-pyrrol-2-yl)-5-(methylthio)-1,3,4-oxadiazole",Staphylococcus aureus,1,195,141
2- geranyloxy-1-(2-methylbutanoyl)phloroglucinol,Staphylococcus aureus,1,178,141
Butein,Staphylococcus capitis,0,498,142
4-Iodo-d-phenylalanine,Mycobacterium avium,0,334,110
Ciprofloxacin,Haemophilus influenzae,1,590,78
Hydnocarpin D,Aggregatibacter actinomycetemcomitans,0,810,11
Garlic extract,Staphylococcus capitis,0,775,142
Hetacillin,Streptococcus pneumoniae,1,800,158
"(2E)-1-(2 ,4 ,5 -trimethoxyphenyl)-3-(2-chloro-6-methoxy-quinolin-3-yl)-2-propen-1-one",Pseudomonas libaniensis,0,19,129
cat-AGE-RK2,Staphylococcus aureus,1,1351,141
Indole,Pseudomonas aeruginosa,1,827,125
"N-((2R,3R,4S,5S,6R)-2,4,5-Trihydroxy-6-(hydroxymethyl)tetrahydro-2H-pyran-3-yl)dodecanamide",Vibrio anguillarum,0,967,173
Micafungin,Bacillus anthracis,0,939,18
Cinoxacin,Haemophilus influenzae,1,589,78
beta-6-20-G3K6,Pseudomonas fluorescens,0,1344,127
Cefditoren,Clostridium perfringens ,1,544,48
Sanguinarine,Escherichia coli,0,1182,69
Trimethyl(3-{4-[3-(trimethylphosphaniumyl)propoxy]phenoxy}propyl)phosphanium dibromide,Burkholderia thailandensis,0,1291,32
"(2R)-2-amino-3-(2,3-dihydro-1H-inden-2-yl)propanoic acid",Staphylococcus aureus,1,41,141
Norgestimate,Human herpesvirus 4,0,1029,89
Nitazoxanide ,Candida dubliniensis,0,1021,35
Di-MB-LF11-215,Proteus vulgaris,0,667,122
"(5Z)-2-(1,1-dichloro-7-methyloctyl)-5-{[4-(trifluoromethyl)phenyl]methylidene}-1,3-oxazolidin-4-one",Serratia marcescens,0,82,136
Ribavirin,Influenza A virus ,1,1151,95
Telithromycin,Enterobacter ludwigi,0,1254,64
Epicatechin,Bacteroides uniformis,0,706,25
"(10R,11R)-Hydnocarpin D",Gardnerella vaginalis,0,2,76
Cefadroxil,Streptococcus pneumoniae,1,538,158
trans-Resveratrol,Dihydropteroate synthase type-1,0,1392,55
Vidarabine,Human herpesvirus 1 ,1,1312,87
Didanosine,Human immunodeficiency virus 1,1,678,92
"2,4-Dichlorophenylalanine",Klebsiella pneumoniae,0,173,99
Norspermidine,Pseudomonas aeruginosa,1,1031,125
Vancomycin,Human immunodeficiency virus 1,0,1307,92
Cefacetrile,Escherichia coli,1,536,69
Tioconazole,Influenza A virus ,0,1275,95
Dodecyl beta-maltoside,Trichophyton mentagrophytes,0,690,170
5-(dibromomethylene)-3-(1-bromobutyl)-2(5H)-furanone,Trueperella pyogenes,0,369,171
"N-(6-tert-butyl-2,3-dihydro- 2-methylpyridazin-4-yl)-5-chlorothiophene-2-carbohydrazide",Pseudomonas japonica,0,982,128
Zinc Dichloride,Streptococcus oralis,0,1329,156
Cefepime ,Escherichia coli,1,546,69
Coladonin,Streptomyces rubiginosus,0,609,166
Cefalotin,Streptomyces sp. ,1,540,167
Titanium dioxide,Escherichia coli O6:H1 (strain CFT073 / ATCC 700928 / UPEC),0,1278,71
3-Carbamoylphenylalanine,Proteus mirabilis,0,279,121
Cephaloglycin,Geobacillus kaustophilus,0,567,77
Terpinene-4-ol,Salmonella enterica,0,1258,133
N-(4-Morpholinyl)butanamide,Aquifex aeolicus,0,978,13
4-nitropyridine N -oxide,Influenza B virus,0,359,96
"2-bromo-4-methyl-6-(3,4,5-tribromo-1H-pyrrole-2-carbonyl)phenol",Thermus thermophilus,0,236,168
Silver nanoparticles,Candida albicans,1,1194,34
Novobiocin,Staphylococcus aureus,1,1032,141
Aminocyclopropane,Enteric bacteria and other eubacteria ,0,432,60
Ciprofloxacin,Haemophilus influenzae,1,590,78
Neohesperidin,Pseudomonas libaniensis,0,1013,129
Trovafloxacin,Haemophilus influenzae,1,1294,78
Metronidazole,Helicobacter pylori ,1,937,82
5-(dibromomethylene)-3-(1-bromobutyl)-2(5H)-furanone,Pantoea agglomerans,0,369,116
Azithromycin,Streptococcus oralis,0,456,156
5-(dibromomethylene)-3-(1-bromobutyl)-2(5H)-furanone,Trichophyton mentagrophytes,0,369,170
Moxifloxacin,Haemophilus influenzae,1,945,78
"2-(4-Chlorophenyl)-5-(4,5-dibromo-1-methyl-1H-pyrrol-2-yl)-1,3,4-oxadiazole",Staphylococcus aureus,1,203,141
Rimantadine,Influenza A virus ,1,1157,95
Econazole,Streptococcus mutans,1,694,155
12-hydroxy decyl beta-maltose,Human herpesvirus 3,0,149,88
Indol AHL,Actinoplanes missouriensis,0,826,8
"2-geranyloxy-4,6-dihydroxybenzophenone",Staphylococcus aureus,1,241,141
5-Fluorocytosine,Candida albicans,1,379,34
Bacalin hydrate,Enterobacter cloacae,0,464,63
"1,3-dimethyl-6-(4-methylphenyl)-5-[3-(4-methylphenyl)-1-phenyl-1H-pyrazol-4-yl]-1H,2H,3H,4H,5H,6H-pyrimido[4,5-d][1,3]diazine-2,4-dione",Staphylococcus aureus,1,117,141
Cefonicid,Streptococcus mutans,0,550,155
Imperatorin,Streptococcus pyogenes,0,823,160
D-LL-37,Enterococcus gallinarum,0,636,68
Kojic acid,Mycobacterium avium,0,861,110
Silver Ion,Pseudomonas aeruginosa,1,1192,125
Enfuvirtide,Human immunodeficiency virus 1,1,703,92
3-(4-fluorophenyl)-5-(3-ethoxy- 4-hydroxybenzylidene)-2-thioxothiazolidin-4-one,Staphylococcus aureus,1,273,141
3-(4-fluorophenyl)-5-(3-ethoxy- 4-hydroxybenzylidene)-2-thioxothiazolidin-4-one,Enterococcus gallinarum,1,273,68
Silver nitrate,Pseudomonas putida,0,1196,130
CSP,Streptococcus gordonii,1,512,153
Linalool,Acinetobacter baumannii,1,900,2
Amphotericin B,Salmonella enterica,0,436,133
3-(4-Pyridinyl)alanine,Eggerthella lenta,0,271,57
Hamamelitannin,Vibrio vulnificus,0,794,178
Demeclocycline,Escherichia coli,1,663,69
Pefloxacin,Haemophilus influenzae,1,1070,78
Amikacin disulfate salt,Aquifex aeolicus,0,431,13
Penicillin G,Listeria monocytogenes,1,1081,104
"2-(4-Chlorophenyl)-N-((2R,3R,4S,5S,6R)-2,4,5-trihydroxy-6-(hydroxymethyl)tetrahydro-2H-pyran-3-yl)acetamide",Clostridium leptum,0,204,45
Hinokitiol,Candida guiliermondi,1,804,37
Cefotaxime,Streptococcus pneumoniae,1,553,158
Pefloxacin,Haemophilus influenzae,1,1070,78
"N-(1,3-Thiazol-2-yl)butanamide",Pseudomonas aeruginosa,1,970,125
2-amino-3-(3-nitrophenyl)propanoic acid,Pseudomonas chlororaphis,0,227,126
Trovafloxacin,Haemophilus influenzae,1,1294,78
Indolicidin,Enteric bacteria and other eubacteria,0,833,59
Rufloxacin,Burkholderia cepacia,0,1161,29
Myrrh oil,Aggregatibacter actinomycetemcomitans,0,954,11
Cinoxacin,Haemophilus influenzae,1,589,78
"4-Phenyl-N-((2R,3R,4S,5S,6R)-2,4,5-trihydroxy-6-(hydroxymethyl)tetrahydro-2H-pyran-3-yl)butanamide",Firmicutes,0,340,73
(2E)-1-(5-clorotiophen-2-yl)-3-(3-methoxy-4-benzyloxi-phenyl)-2-propen-1-one,Citrobacter freundii,0,29,43
C16G2,Streptococcus sanguinis,1,505,162
Pentamethoxyflavone,Cryptococcus neoformans,0,1083,52
Ethylenediametetraacetic acid,Listeria monocytogenes,1,724,104
4-nitropyridine N -oxide,Burkholderia cenocepacia,1,359,28
Clary sage,Acinetobacter sp.,0,596,5
Avermectin B1a,Candida albicans,1,453,34
Aciclovir,Varicella-zoster virus,1,420,172
Sorbitol,Actinoplanes missouriensis,1,1210,8
Enoxacin,Haemophilus influenzae,1,704,78
Pefloxacin,Haemophilus influenzae,1,1070,78
"(2S,3R,4S,5S,6R)-6-(Acetoxymethyl)-3-octanamidotetrahydro-2H-pyran-2,4,5-triyl triacetate",Shewanella oneidensis,0,67,137
Tangeretin,Geobacillus kaustophilus,0,1243,77
Thymol,Candida tropicalis,0,1270,41
Sulfanilamide,Schistosoma,0,1233,134
7-methoxyindole,Staphylococcus epidermis,0,407,147
LL-37,Pseudomonas aeruginosa,1,888,125
Penicillic acid,Enterobacter aerogenes,0,1080,61
Sinefungin,Actinoplanes missouriensis,0,1202,8
"3,5-Difluoro-dl-phenylalanine",Trueperella pyogenes,0,256,171
Micafungin,Pseudomonas aeruginosa,1,939,125
Tazobactam,Aspergillus fumigatus,0,1247,15
Umbelliferone,Escherichia coli,1,1298,69
4-dimethyl-amino-cinnamaldehyde,Vibrio vulnificus,1,353,178
"(5E)-5-dodecylidene-1,3-thiazolidine-2,4-dione",Candida albicans,1,73,34
Hinokitiol,Candida glabrata,1,804,36
Esculentin,Pseudomonas aeruginosa,1,714,125
Metronidazole,Fusarium solani,0,937,75
"(10R,11R)-Hydnocarpin D",Gardnerella vaginalis,0,2,76
Desipramine,Aquifex aeolicus,1,665,13
Sulfalene,Plasmodium falciparum,1,1227,118
Myristoyl-DL-carnitine,Pseudomonas aeruginosa,1,953,125
Chrysophsin-1,Human herpesvirus 3,0,582,88
Sinensetin,Escherichia coli,1,1203,69
Butein,Haemophilus influenzae,1,498,78
Betulinic acid,Acinetobacter baumannii,0,485,2
Stilbene,Escherichia coli,1,1215,69
Propanol,Raoultella ornithinolytica,0,1116,131
Avibactam,Escherichia coli,1,454,69
4-Bromo-D-phenylalanine,Candida parapsilosis,0,322,39
Ephedrine,Mycobacterium avium,0,705,110
"(1R,2S,7R,8R)-2,18-diacetoxyasperdiol",Mycobacterium leprae,0,7,111
4-hydroxy coumarin,Corynebacterium ammoniagenes,0,355,50
Ivalin,Candida albicans,1,849,34
Phosphate,Pseudomonas putida,0,1096,130
Paromomycin ,Helicobacter pylori ,0,1068,82
Djenkolic acid,Actinomyces oris,1,689,7
Erythromycin,Edwardsiella tarda,0,713,56
2-(2-(2-Azidoacetamido)-5-fluorophenyl)-2-oxo-N-( prop-2-yn-1-yl)acetamide,Human herpesvirus 1 ,0,182,87
Indole-3-carboxyaldehyde,Human respiratory syncytial virus B,0,831,94
Cefprozil,Streptococcus pneumoniae serotype 4,1,559,159
Miconazole,Candida albicans,1,940,34
Pivampicillin,Baker's yeast,0,1104,27
Autoinducer-2,Porphyromonas gingivalis,0,452,119
Meropenem,Cryptococcus neoformans,0,927,52
Carabrol,Geobacillus kaustophilus,0,522,77
L-Aspartate,Staphylococcus chromogenes,1,866,144
Azlocillin,Clostridium perfringens ,1,457,48
Aciclovir,Haemophilus influenzae,0,420,78
Cefuroxime,Listeria monocytogenes,1,565,104
Capreomycin,Mycobacterium tuberculosis,1,521,113
7-hydroxyindole,Neisseria gonorrhoeae,0,406,114
"(2E)-1-(3 ,4 -dimethoxyphenyl)-3-(2-naphthyl)-2-propen-1-one",Streptococcus mutans,1,25,155
3-(4-fluorophenyl)-5-(3-ethoxy- 4-hydroxybenzylidene)-2-thioxothiazolidin-4-one,Staphylococcus aureus,1,273,141
4-Benzoylphenylalanine,Staphylococcus equorum,0,319,148
2-Hydroxychalcone,Haemophilus influenzae,1,220,78
Meropenem,Bacteroides eggerthii,0,927,23
"4-Fluoro-(S)-4,5-Dihydroxypentane-2,3-dione",Vibrio harveyi,1,328,176
D-Citrulline,Staphylococcus epidermis,1,633,147
(2-{[(2-phenylethyl)sulfanyl]sulfinyl}ethyl)benzene,Shigella flexneri,0,15,138
Phosphate,Klebsiella planticola,0,1096,98
Neohesperidin,Enterococcus faecium,0,1013,67
7P-AC,Staphylococcus epidermidis,1,410,146
Oxantel,Bacillus licheniformis,0,1053,20
Cefalotin,Escherichia coli,1,540,69
4-Hydroxychalcone,Vibrio vulnificus,0,333,178
14-Glycinyl andrographolide hydrochloride,Vibrio vulnificus,0,161,178
Gatifloxacin,Haemophilus influenzae,0,776,78
6-Amino Penicillinic acid,Streptococcus mutans,1,388,155
Telithromycin,Enteric bacteria and other eubacteria,1,1254,59
Sulfamethazine,Escherichia coli,1,1229,69
Glycomonoterpenes (G-citral),Vibrio cholerae,1,785,175
Doripenem,Staphylococcus aureus,1,692,141
3-Methoxy-D-Phenylalanine,Staphylococcus chromogenes,0,286,144
Fosamprenavir,Human immunodeficiency virus 1,1,746,92
3-(Trifluoromethyl)phenylalanine,Staphylococcus epidermis,1,275,147
Sulfadiazine,Plasmodium falciparum,1,1224,118
Diterpene phytol,Pseudomonas aeruginosa,1,688,125
Lomefloxacin,Haemophilus influenzae,1,904,78
Penicillenol B2,Serratia liquefaciens,0,1077,135
N-Acetylcysteine,Staphylococcus aureus,1,984,141
Penicillenol B2,Candida albicans,1,1077,34
Levofloxacin,Haemophilus influenzae,1,897,78
Gentamicin,Candida albicans,0,779,34
Ethylene glycol tetraacetic acid,Candida dubliniensis,0,723,35
TZD-C8,Pseudomonas fluorescens,0,1241,127
5-Chloroindole,Pseudomonas aeruginosa,1,378,125
(2R)-2-amino-3-phenylmethanesulfinylpropanoic acid,Streptococcus sanguinis,0,47,162
Rosmarinic acid,Aeromonas hydrophila,1,1159,9
S-(4-tolyl)-L-cysteine,Influenza B virus ,0,1167,97
G10KHc,Bacteroides uniformis,0,764,25
4-(2-methybutyryl)-4H-tomentosin,Candida albicans,1,313,34
Flucloxacillin,Clostridium perfringens ,1,742,48
Thymol,Bacillus anthracis,0,1270,18
4-Iodo-d-phenylalanine,Schistosoma,0,334,134
Carbonyl cyanide m-chlorophenylhydrazone,Shewanella oneidensis,0,524,137
3-Iodotyrosine,Enterococcus gallinarum,0,285,68
Baicalin,Propionibacterium acnes,0,469,120
"5-(4,5-dibromo-1-methyl-1H-pyrrol-2-yl)-1,3,4-oxadiazole-2-thiol",Pseudomonas aeruginosa,1,367,125
Ferric chloride,Burkholderia thailandensis,0,734,32
Sulfadiazine,Achromobacter xylosoxidans,0,1224,1
Limonene,Geobacillus kaustophilus,0,899,77
(2R)-2-amino-3-[(4-methylphenyl)methanesulfinyl]propanoic acid,Streptococcus mutans,1,46,155
Ceftazidime,Streptococcus pneumoniae,1,560,158
"N 3-(2-thienylcarbonyl)-4-bromo-1,5-dimethyl-1H-pyrazole-3-carbohydrazide",Edwardsiella tarda,0,964,56
BMAP-27,Mycobacterium leprae,0,460,111
L-tryptophan,Vibrio vulnificus,1,878,178
2-amino-4-chlorobenzoic acid,Bacteroides fragilis,0,231,24
Streptomycin,Staphylococcus aureus,1,1216,141
Bromohexylmaleic anhydride,Streptococcus oralis,0,494,156
"14,15,29,30-Tetrahydro-5H,20H-dibenzo[h,s]bis([1,2,3]triazolo)[5,1-c:5_,1_-n][1,4,7,12,15,18]hexaazacyclodocosine-6,12,13,21,27,28(7H,22H)-hexaone",Pseudomonas aeruginosa,1,160,125
(2S)-2-amino-4-bromopent-4-enoic acid,Staphylococcus aureus,1,55,141
Phenoxymethylpenicillin,Human herpesvirus 5,0,1091,90
3-Nitrophenylalanine,Staphylococcus aureus,1,290,141
1-(4-chlorophenyl)-3-m-tolyurea,Streptococcus mutans,1,124,155
Ciprofloxacin lactate,Escherichia coli,1,591,69
Catechin,Vibrio parahaemolyticus,0,531,177
Thonzonium bromide,Chromobacterium violaceum,0,1269,42
Azlocillin,Listeria monocytogenes,1,457,104
Oxytetracycline,Escherichia coli,1,1056,69
1-(4-methoxyphenyl)-3-m-tolyurea,Streptococcus mitis,0,126,154
"1-{6-nitro-4-phenyl-2-[(E)-2-(3,4,5-trimethoxyphenyl)ethenyl]quinolin-3-yl}ethan-1-one",Escherichia coli,1,144,69
Enoxacin,Haemophilus influenzae,1,704,78
2-amino-6-chlorobenzoic acid,Burkholderia multivorans,1,233,30
2-(2-(2-Azidoacetamido)-5-nitrophenyl)-2-oxo-N-(prop-2-yn-1-yl)acetamide,Hepatitis C virus,0,184,86
NRC-16,Pseudomonas aeruginosa,1,1003,125
Isoliquiritigenin,Haemophilus influenzae,1,841,78
Oxacillin,Streptococcus pneumoniae,1,1052,158
"(5Z)-2-(1,1-dichloro-3,3-dimethylbutyl)-5-{[4-(trifluoromethyl)phenyl]methylidene}-1,3-oxazolidin-4-one",Schistosoma,0,81,134
N -[(3-chloro-isoquinolin-4-yl)methylene] benzohydrazide,Raoultella ornithinolytica,0,963,131
Imipenem,Escherichia coli,1,822,69
Norpinguisone,Aspergillus fumigatus,0,1030,15
Anthranilate,Salmonella enterica,1,442,133
Hesperetin,Thermus thermophilus ,0,798,169
Penicillenol B2,Pseudomonas aeruginosa,1,1077,125
7-Bicyclic brominated furanones,Streptococcus sanguis,0,399,163
LL-37,Acinetobacter baumannii,1,888,2
Atazanavir,Human immunodeficiency virus 1,1,449,92
N-(2-oxothiolan-3-yl)butanamide,Hepatitis B virus D,0,974,83
Kaempherol,Trueperella pyogenes,0,857,171
2-amino-6-chlorobenzoic acid,Enterobacter cloacae,0,233,63
2-(2-Thienylsulfonyl)ethanethioamide,Vibrio vulnificus,1,190,178
Toremifene,Candida albicans,1,1282,34
2-Cyano-D-phenylalanine,Clostridium perfringens,0,217,47
4-Hydroxychalcone,Gardnerella vaginalis,0,333,76
Cefalonium,Listeria monocytogenes,1,539,104
Phylloseptin-1,Staphylococcus aureus,1,1098,141
N-Acetylcysteine,Coagulase- negative staphylococci,1,984,49
Esculin hydrate,Desulfovibrio africanus,0,717,54
"(5E)-5-hexylidene-1,3-thiazolidine-2,4-dione",Aspergillus fumigatus,0,74,15
Amprenavir,Enterobacter cloacae,0,438,63
Ginger oil,Candida krusei,0,781,38
"L-744,832",Micrococcus luteus,0,865,108
Pefloxacin,Haemophilus influenzae,1,1070,78
RK-19,Burkholderia pseudomallei,1,1138,31
2-Hexylmaleic anhydride,Salmonella enterica,1,219,133
Trovafloxacin,Haemophilus influenzae,1,1294,78
Framycetin,Escherichia coli,1,749,69
"1,3-dimethyl-6-(4-methylphenyl)-5-[3-(4-nitrophenyl)-1-phenyl-1H-pyrazol-4-yl]-1H,2H,3H,4H,5H,6H-pyrimido[4,5-d][1,3]diazine-2,4-dione",Streptococcus salivarius,0,118,161
5-fluoroindole,Neisseria gonorrhoeae,0,384,114
N -(5-bromo-2-hydroxy-benzylidene)benzohydrazide,Staphylococcus aureus,1,961,141
BisEDT-RIP,Clostridium perfringens ,0,490,48
L-Canavanine,Burkholderia cenocepacia,1,867,28
Indinavir,Human immunodeficiency virus,1,824,91
Tellurite,Enteric bacteria and other eubacteria ,0,1255,60
Epigallocatechin Gallate,Staphylococcus epidermidis,1,710,146
Fusidic Acid,Salmonella Typhi,1,761,132
"(2E)-1-(3 ,4 ,5 -trimethoxyphenyl)-3-(2-naphthyl)-2-propen-1-one",Actinoplanes missouriensis,0,24,8
Aspirin,Candida albicans,1,448,34
(2R)-2-amino-5-(1-nitrocarbamimidamido)pentanoic acid,Clostridium leptum,0,49,45
Methacycline,Enteric bacteria and other eubacteria,1,929,59
faropenem medoxomil,Bacillus amyloliquefaciens,0,1366,17
Cyanidin,Firmicutes,0,620,73
Indole,Escherichia coli,1,827,69
Titanium dioxide,Pseudomonas chlororaphis,0,1278,126
Telekin,Citrobacter freundii,0,1253,43
3-(4-fluorophenyl)-5-(3-(allyloxy)-4-hydroxybenzylidene)-2-thioxothiazolidin-4-one,Staphylococcus epidermidis,1,272,146
p-Coumaric acid,Firmicutes,0,1379,73
Diphenyl disulphide,Staphylococcus equorum,0,684,148
"N-(5-Methyl-1,2-oxazol-3-yl)butanamide",Burkholderia thailandensis,0,981,32
Cefalotin,Clostridium perfringens ,1,540,48
(2R)-2-amino-6-acetamidohexanoic acid,Enterobacter cancerogenus,0,50,62
Dicloxacillin,Streptococcus pneumoniae,1,676,158
Elliptophenone A,Staphylococcus aureus,1,699,141
Lemon,Bacillus cereus,1,895,19
2-Methoxy-4-propylphenol,Streptococcus sobrinus,0,221,164
Bevirimat,Streptococcus mutans,0,486,155
L-Tyrosine,Staphylococcus aureus,1,872,141
prop-2-ene-1-SO-thioperoxol,Bacillus anthracis,0,1387,18
"(5Z)-2-(1,1-dichlorobut-3-yn-1-yl)-5-{[4-(trifluoromethyl)phenyl]methylidene}-1,3-oxazolidin-4-one",Bacillus cereus,0,83,19
Epigallocatechin Gallate,Pseudomonas japonica,1,710,128
"(2S,3R,4S,5S,6R)-6-(Acetoxymethyl)-3-(2-(4-chlorophenyl)acetamido)tetrahydro-2H-pyran-2,4,5-triyl triacetate",Hepatitis C virus,0,59,86
Bacampicillin,Clostridium perfringens ,1,465,48
Cefuroxime,Clostridium perfringens ,1,565,48
Phenyl-arginine-b-naphthylamide,Clostridium leptum,0,1092,45
Penicillenol B2,Staphylococcus aureus,1,1077,141
(2R)-2-amino-3-[(4-chlorophenyl)methanesulfinyl]propanoic acid,Clostridium bacilli,0,45,44
Cobalt Ion,Hepatitis B virus D,0,608,83
Ertapenem,Escherichia coli,1,711,69
DiHydroxyBenzoFuran,Staphylococcus aureus,1,669,141
alpha-mangostin,Streptomyces rubiginosus,0,1341,166
Pivampicillin,Clostridium perfringens ,1,1104,48
Teichoplanin,Dengue Virus Type 2,0,1250,53
Esculin hydrate,Thermus thermophilus,0,717,168
K4-S4,Streptococcus mutans,1,851,155
4-Chlorochalcone,Kocuria rhizophila,0,324,101
Clove oil,Pseudomonas aeruginosa,1,605,125
S-ethyl-L-cysteine,Streptococcus sanguis,1,1170,163
Rifabutin,Escherichia coli,1,1152,69
1-{2-[(E)-2-(4-chlorophenyl)ethenyl]-4-phenylquinolin-3-yl}ethan-1-one,Escherichia coli,1,139,69
Thiophenone TF101,Escherichia coli,1,1268,69
Psoralen,Candida krusei,0,1121,38
Avermectin B1a,Human herpesvirus 4,0,453,89
Methyl gallate,Enterococcus faecalis,1,933,66
Zeaxanthin,Aspergillus niger,0,1326,16
Pefloxacin,Haemophilus influenzae,1,1070,78
Anidulafungin,Aspergillus niger,1,439,16
Furanone-3,Enterobacter cancerogenus,0,756,62
Ceftazidime,Pseudomonas aeruginosa,1,560,125
Mustard oil,Serratia liquefaciens,0,949,135
Furanone-8,Vibrio anguillarum,0,759,173
"(E)-1-[6-[(3-acetyl-2,4,6-trihydroxy-5-methylphenyl)methyl]-5,7-dihydroxy-2,2-dimethyl-2H-1-benzopyran-8-yl]-3-phenyl-2-propen-1-one",Bacillus subtilis,0,88,21
Bedaquiline,Mycobacterium tuberculosis,1,470,113
3-(4-fluorophenyl)-5-(3-(allyloxy)-4-hydroxybenzylidene)-2-thioxothiazolidin-4-one,Staphylococcus epidermidis,1,272,146
K4-S4,Raoultella ornithinolytica,0,851,131
Latamoxef,Escherichia coli,1,894,69
Amantadine,Influenza A virus ,1,429,95
"(2S,3R,4S,5S,6R)-6-(Acetoxymethyl)-3-(2-(4-fluorophenyl)acetamido)tetrahydro-2H-pyran-2,4,5-triyl triacetate",Actinoplanes missouriensis,0,60,8
Aztreonam,Bacillus subtilis,1,458,21
Mezlocillin,Streptococcus pneumoniae,1,938,158
Cecropin B,Vibrio harveyi,0,535,176
Ribavirin,Influenza A virus ,1,1151,95
N-Decanoyl cyclopentylamide,Hepatitis C Virus ,0,985,85
Dodecyl beta-maltoside,Haemophilus influenzae,0,690,78
5-Fluorouracil,Pseudomonas aeruginosa,1,380,125
Cefoperazone,Pseudomonas aeruginosa,1,551,125
Amantadine,Influenza A virus ,1,429,95
FV7,Escherichia coli,1,731,69
Dapsone,Mycobacterium leprae,1,656,111
N-Acetylcysteine,Coagulase- negative staphylococci,1,984,49
4-Ethylcatechol,Acinetobacter nosocomialis,0,326,3
Fleroxacin,Haemophilus influenzae,1,740,78
Alexidine dihydrochloride,Candida albicans,1,425,34
N-[5-(6-amino-9H-purin-9-yl)-4-hydroxy-2-(hydroxymethyl)oxolan-3-yl]-3-(4-methoxyphenyl)propanamide,Staphylococcus epidermis,0,989,147
5-fluorooxiindole,Enterococcus gallinarum,0,385,68
Sulfamethizole,Escherichia coli,1,1230,69
Merimepodib,Streptococcus epidermidis,0,926,152
Cefotiam,Listeria monocytogenes,1,555,104
Lomefloxacin,Haemophilus influenzae,1,904,78
D-2-aminoadipic acid,Staphylococcus epidermis,1,628,147
4-fluoroindole,Acinetobacter baumannii,0,354,2
Gemifloxacin,Haemophilus influenzae,1,777,78
3-Carbamoylphenylalanine,Staphylococcus cohnii,0,279,145
Zidovudine,Human immunodeficiency virus 1,1,1327,92
Resveratrol,Pseudomonas aeruginosa,1,1148,125
Moxifloxacin,Mycobacterium avium,1,945,110
Ertapenem,Haemophilus influenzae,1,711,78
Vanillylacetone,Pseudomonas aeruginosa,1,1310,125
Azithromycin,Pseudomonas aeruginosa,1,456,125
S-OSIP108,Thermus thermophilus ,0,1168,169
LL-25,Candida guiliermondi,0,886,37
Penicillic acid,Streptococcus sobrinus,0,1080,164
Citral,Cronobacter sakazakii,1,593,51
Dimethyl Sulfoxide,Pseudomonas aeruginosa,1,682,125
Rifampicin,Escherichia coli,1,1154,69
(Z)-4-bromo-5-(bromomethylene)-3-(1-bromobutyl)-2(5H)-furanone,Salmonella enterica,1,101,133
Pefloxacin ,Enteric bacteria and other eubacteria,0,1071,59
Cefalotin,Aspergillus niger,0,540,16
Clomocycline,Enteric bacteria and other eubacteria,1,603,59
12-methyltetradecanoic acid,Pseudomonas aeruginosa,1,150,125
"(2R)-2-amino-3-(2,3-dihydro-1H-inden-2-yl)propanoic acid",Pseudomonas chlororaphis,0,41,126
Quinine,Streptomyces sp. ,0,1130,167
Myristoyl-DL-carnitine,Bacillus cereus,0,953,19
3-(4-fluorophenyl)-5-(3-(allyloxy)-4-hydroxybenzylidene)-2-thioxothiazolidin-4-one,Enterococcus faecalis,1,272,66
Curcumin,Edwardsiella tarda,0,619,56
Sulfisoxazole ,Human herpesvirus 4,0,1237,89
Rifalazil,Escherichia coli,1,1153,69
"2-(4,5-dibromo-1-methyl-1H-pyrrol-2-yl)-5-(methylthio)-1,3,4-oxadiazole",Pseudomonas aeruginosa,1,195,125
L-Phenylalanine-L-Lysine,Thermus thermophilus ,0,871,169
Chlorhexidine acetate,Raoultella ornithinolytica,0,576,131
Cefamandole,Lactobacillus fermenti,0,541,102
"(2E)-1-(2 ,4 ,5 -trimethoxyphenyl)-3-(2-chloro-6-methoxy-quinolin-3-yl)-2-propen-1-one",Staphylococcus aureus,1,19,141
Benzalacetone,Hafnia paralvei,0,471,80
Doxycycline,Escherichia coli,1,693,69
Aceroside VIII,Pseudomonas japonica,0,417,128
Ceftazidime,Burkholderia pseudomallei,1,560,31
Chitosan,Escherichia coli,1,573,69
cyclo(Trp-Ser),Providencia stuartii,0,1357,123
Biphenyl,Pantoea agglomerans,0,488,116
"3,3-dimethyl-13-{[1,2,3,4]tetrazolo[1,5-a]quinolin-4-yl}-2H,4H,13H-indazolo[1,2-b]phthalazine-1,6,11-trione",Aeromonas hydrophila,0,250,9
DD13,Staphylococcus aureus,1,648,141
RK-31,Salmonella enterica,0,1140,133
Epigallocatechin Gallate,Staphylococcus epidermidis,1,710,146
Nitrofurantoin ,Hepatitis C virus,0,1024,86
"1,3-dim-tolyurea",Streptococcus mutans,1,116,155
"2-(4,5-dibromo-1-methyl-1H-pyrrol-2-yl)-5-(ethylthio)-1,3,4-oxadiazole",Vibrio vulnificus,0,194,178
alpha-pinene,Escherichia coli,0,1342,69
Ciprofloxacin ,Firmicutes,0,592,73
Rimantadine,Influenza A virus ,1,1157,95
Benzbromarone,Mycobacterium leprae,0,474,111
alpha-Defensin-3,Corynebacterium ammoniagenes,0,1336,50
Trimethyl(3-{4-[3-(trimethylazaniumyl)propoxy]phenoxy}propyl)azanium dibromide,Staphylococcus aureus,1,1290,141
Lomefloxacin,Haemophilus influenzae,1,904,78
Bismuth oxide nanoparticle,Candida krusei,0,492,38
Cefotaxime,Streptococcus pneumoniae,1,553,158
Rimantadine,Pseudomonas libaniensis,0,1157,129
"(5E)-5-undecylidene-1,3-thiazolidine-2,4-dione",Eikenella corrodens,0,76,58
Norgestimate,Staphylococcus aureus,1,1029,141
S-OSIP108,Human respiratory syncytial virus B,0,1168,94
Oxytetracycline,Bacillus cereus,0,1056,19
Itraconazole,Hafnia paralvei,0,848,80
Citral,Candida albicans,0,593,34
L-cysteic acid,Actinomyces oris,1,874,7
"2-(5-(4,5-dibromo-1-methyl-1H-pyrrol-2-yl)-1,3,4-oxadiazole-2-yl)phenol",Staphylococcus epidermidis,0,208,146
Sage oil,Streptococcus salivarius,0,1179,161
Farnesol,Streptococcus gordonii,0,732,153
Raltegravir,Schistosoma,0,1144,134
Ethylene glycol tetraacetic acid,Staphylococcus aureus,1,723,141
Dezocine,Haemophilus influenzae,1,666,78
Rimantadine,Influenza A virus ,1,1157,95
epsilon-Polylysine,Mycobacterium smegmatis,0,1364,112
Polyethyleneimine,Candida albicans,1,1108,34
TMC-151s C,Micrococcus luteus,0,1240,108
Curcumin,Streptococcus oralis,0,619,156
Dichloromethane,Pseudomonas putida,0,673,130
Fosfomycin,Staphylococcus equorum,0,748,148
"F2,5,12W",Vibrio anguillarum,0,728,173
Clotrimazole,Schistosoma,0,604,134
1-{2-[(E)-2-(4-hydroxy-3-methoxyphenyl)ethenyl]-4-phenylquinolin-3-yl}ethan-1-one,Micrococcus luteus,1,140,108
Neomycin,Escherichia coli,1,1014,69
Pefloxacin,Haemophilus influenzae,1,1070,78
Indole,Escherichia coli,1,827,69
3-(3-fluorophenyl)-5-(3-ethoxy-4-hydroxybenzylidene)-2-thioxothiazolidin-4-one,Staphylococcus aureus,1,270,141
2-Fluoro-L-phenylalanine,Streptococcus pneumoniae serotype 4,0,218,159
Eugenol,Staphylococcus aureus,1,726,141
epsilon-Polylysine,Enterobacter aerogenes,0,1364,61
Enoxacin,Haemophilus influenzae,1,704,78
Cefoxitin,Listeria monocytogenes,1,556,104
Fluconazole,Candida albicans,1,743,34
Fraxin,Stenotrophomonas maltophilia,1,750,151
Tellurite,Candida tropicalis,0,1255,41
Clove oil,Pseudomonas aeruginosa,1,605,125
(2S)-2-amino-3-(4-tert-butylphenyl)propanoic acid,Achromobacter sp.,0,53,0
cat-AGE-RK1,Staphylococcus aureus,1,1350,141
Thiazolidinedione-8,Acinetobacter nosocomialis,0,1266,3
"1,3-dimethyl-6-(4-methylphenyl)-5-[3-(4-nitrophenyl)-1-phenyl-1H-pyrazol-4-yl]-1H,2H,3H,4H,5H,6H-pyrimido[4,5-d][1,3]diazine-2,4-dione",Escherichia coli O6:H1 (strain CFT073 / ATCC 700928 / UPEC),0,118,71
Terpinene-4-ol,Salmonella Typhi,0,1258,132
Piperacillin,Candida albicans,0,1102,34
Enoxacin,Haemophilus influenzae,1,704,78
NA8,Schistosoma,0,1001,134
Myricitrin,Human herpesvirus 4,0,951,89
Triclosan ,Helicobacter pylori ,1,1285,82
Tipranavir ,Human immunodeficiency virus,1,1277,91
"2-(4-Chlorophenyl)-N-((2R,3R,4S,5S,6R)-2,4,5-trihydroxy-6-(hydroxymethyl)tetrahydro-2H-pyran-3-yl)acetamide",Pseudomonas aeruginosa,1,204,125
S-propyl-L-cysteine,Mycobacterium tuberculosis,0,1174,113
4-Nitro-D-phenylalanine,Achromobacter sp.,0,339,0
NRC-16,Pseudomonas aeruginosa,1,1003,125
Cefalotin,Clostridium perfringens ,1,540,48
Zanamivir,Influenza A virus ,1,1325,95
"N1-[7-(trifluoromethyl)quinolin-4-yl]ethane-1,2-diamine",Streptomyces sp. ,0,995,167
Penicillic acid,Pseudomonas aeruginosa,1,1080,125
Penicillenol B1,Coagulase- negative staphylococci,0,1076,49
Melittin,Pseudomonas aeruginosa,1,923,125
Asperdiol,Vibrio harveyi,1,446,176
MUC7 12-mer-D,Bacteroides fragilis,0,914,24
Lys-a1,Enterobacter cloacae,0,910,63
Moxifloxacin,Haemophilus influenzae,1,945,78
Epigallocatechin Gallate,Staphylococcus aureus,1,710,141
Pefloxacin ,Haemophilus influenzae,1,1071,78
"(2E)-1-(2 ,4 ,5 -trimethoxyphenyl)-3-(2-naphthyl)-2-propen-1-one",Pantoea agglomerans,0,21,116
Sinapic acid,Human immunodeficiency virus,0,1201,91
(R)-2-Amino-3-biphenyl-3-yl-propionic acid,Human herpesvirus 1 ,0,92,87
3-(4-fluorophenyl)-5-(3-(allyloxy)-4-hydroxybenzylidene)-2-thioxothiazolidin-4-one,Staphylococcus epidermidis,1,272,146
"1,3-dimethyl-6-(4-methylphenyl)-5-[3-(4-nitrophenyl)-1-phenyl-1H-pyrazol-4-yl]-1H,2H,3H,4H,5H,6H-pyrimido[4,5-d][1,3]diazine-2,4-dione",Eikenella corrodens,0,118,58
7-methoxyindole,Human herpesvirus 3,0,407,88
Oxytetracycline,Enteric bacteria and other eubacteria,1,1056,59
"1-{6-nitro-4-phenyl-2-[(E)-2-(3,4,5-trimethoxyphenyl)ethenyl]quinolin-3-yl}ethan-1-one",Vibrio vulnificus,0,144,178
Daclatasvir,Hepatitis C Virus ,1,651,85
dF21-10K,Hepatitis B virus F,0,1360,84
Pelargonidin,Actinomyces oris,0,1072,7
Chlorpromazine,Hepatitis B virus D,0,578,83
Luteolin,Escherichia coli,1,908,69
Cefpiramide,Escherichia coli,1,557,69
"L-744,832",Vibrio parahaemolyticus,0,865,177
IG-19,Halomonas pacifica,0,816,81
3-(4-Pyridinyl)alanine,Firmicutes,0,271,73
Diterpene phytol,Pseudoalteromonas sp.,0,688,124
IG-19,Burkholderia pseudomallei,1,816,31
Epigallocatechin Gallate,Aspergillus fumigatus,0,710,15
Ofloxacin,Haemophilus influenzae,1,1044,78
3-geranyl-1-(2-methylpropanoyl)phloroglucinol,Staphylococcus aureus,1,297,141
Benzylpenicillin,Stenotrophomonas maltophilia,0,481,151
SQ109,Mycobacterium tuberculosis,1,1178,113
Na-Benzoate,Streptococcus mitis,0,1004,154
Human beta-defensin 3,Staphylococcus epidermidis,1,809,146
BisEDT-RIP,Francisella novicida,0,490,74
Framycetin,Enteric bacteria and other eubacteria,1,749,59
N -(3-nitro-4-hydroxy-benzylidene)benzohydrazide,Staphylococcus epidermidis,1,959,146
"2-(4,5-dibromo-1-methyl-1H-pyrrol-2yl)-5-(4-nitrophenyl)-1,3,4-oxadiazole",Pseudomonas aeruginosa,1,200,125
Pleurocidin,Campylobacter jejuni,0,1107,33
Zalcitabine,Listeria ivanovii,0,1324,103
Cadmium Ion,Klebsiella planticola,0,515,98
Benzoylperoxide,Staphylococcus caprae,0,479,143
Quinizarin,Klebsiella planticola,0,1131,98
Hsn5 12-mer,Campylobacter jejuni,0,808,33
Rosoxacin,Escherichia coli,1,1160,69
1-(4-amino-2-hydroxyphenyl)ethan-1-one,Pseudomonas aeruginosa,1,123,125
D-Methionine,Streptococcus gordonii,0,638,153
Hetacillin,Streptococcus pneumoniae,1,800,158
Arbekacin,Aquifex aeolicus,0,445,13
Cycloserine ,Escherichia coli,1,624,69
"2,4-Dimethylphenylalanine",Staphylococcus aureus,1,175,141
Magainin-II,Pseudomonas aeruginosa,1,920,125
Ceftizoxime,Escherichia coli,1,562,69
"3,3-Diphenyl-D-alanine",Clostridium perfringens,0,246,47
Raspberry KAS 434,Bacillus amyloliquefaciens,1,1145,17
Resorcinol,Chromobacterium violaceum,0,1147,42
Na-Propionate,Yersinia enterocolitica,0,1005,179
Mucobromic acid,Hepatitis B virus D,0,947,83
"3,5-dibromotyrosined",Escherichia coli,0,259,69
NA8,Streptococcus sanguinis,0,1001,162
LF11-322,Lactobacillus fermenti,0,881,102
Dicloxacillin,Streptococcus pneumoniae,1,676,158
Elemental silver,Candida tropicalis,0,697,41
Lipoic acid,Pseudomonas aeruginosa,1,902,125
Methylthiopropylamine,Aggregatibacter actinomycetemcomitans,0,935,11
"(5Z)-2-(1,1-dichloro-3,3-dimethylbutyl)-5-{[4-(trifluoromethyl)phenyl]methylidene}-1,3-oxazolidin-4-one",Aquifex aeolicus,0,81,13
"1-{2-[(E)-2-[3,5-bis(trifluoromethyl)phenyl]ethenyl]-4-phenylquinolin-3-yl}ethan-1-one",Escherichia coli,1,142,69
2-bromohexanoic acid,Cronobacter sakazakii,0,238,51
3-Hydroxyphenylalanine,Staphylococcus epidermis,1,283,147
"N1-[7-(trifluoromethyl)quinolin-4-yl]ethane-1,2-diamine",Serratia marcescens,1,995,136
Fusidic acid,Staphylococcus aureus,1,762,141
Benzophenonyl decyl beta-maltoside,Bacteroides uniformis,0,478,25
Mustard oil,Streptococcus mitis,0,949,154
Ciprofloxacin,Haemophilus influenzae,1,590,78
"1-(2,4-dichlorophenyl)-2-(1H-imidazol-1-yl)ethyl (2E)-3-phenylprop-2-enoate",Arthrobacter sp. ,0,119,14
faropenem medoxomil,Dihydropteroate synthase type-1,0,1366,55
5-Fluorouracil,Pseudomonas aeruginosa,1,380,125
4-bromoaniline,Aspergillus niger,0,349,16
Fusidic Acid,Salmonella Typhi,1,761,132
Oleanolic Acid,Mycobacterium leprae,0,1045,111
Latamoxef,Escherichia coli,1,894,69
L-Phenylalanine,Firmicutes,0,869,73
"(2S,3R,4S,5S,6R)-6-(Acetoxymethyl)-3-(3-oxohexanamido)tetrahydro-2H-pyran-2,4,5-triyl triacetate",Streptococcus sanguinis,0,62,162
4-Ethylcatechol,Escherichia coli,1,326,69
4-bromo-5-(bromomethylene)-3-(1-( 2-propynyloxy)butyl)-2(5H)-furanone,Influenza B virus ,0,341,97
Cefalonium,Pseudomonas japonica,0,539,128
Nerolidol,Candida albicans,1,1015,34
Clarithromycin,Staphylococcus capitis,0,595,142
Aciclovir,Varicella-zoster virus,1,420,172
Ciprofloxacin,Staphylococcus aureus,1,590,141
Flavone,Influenza B virus ,0,737,97
Cinnamaldehyde,Burkholderia cenocepacia,1,585,28
Tobramycin,Enteric bacteria and other eubacteria,1,1279,59
Pefloxacin,Haemophilus influenzae,1,1070,78
Daclatasvir,Amycolatopsis orientalis,0,651,12
Diazepam,Candida albicans,1,670,34
Oleanolic Acid,Staphylococcus aureus,1,1045,141
"1-(2-Chloroacetyl)-5-methylindoline-2,3-dione",Influenza A virus ,0,120,95
3-geranyl-1-(2-methylbutanoyl)phloroglucinol,Vibrio parahaemolyticus,0,296,177
Demeclocycline,Trichophyton mentagrophytes,0,663,170
Econazole nitrate,Enteric bacteria and other eubacteria,0,695,59
Ephedrine,Pseudomonas aeruginosa,1,705,125
Bergamottin,Streptococcus pneumoniae serotype 4,0,482,159
2-amino-imidazole/ triazole conjugate,Enterococcus gallinarum,0,235,68
"N1-[7-(trifluoromethyl)quinolin-4-yl]ethane-1,2-diamine",Burkholderia multivorans,0,995,30
LL-37,Raoultella ornithinolytica,0,888,131
16P-AC,Staphylococcus epidermidis,1,165,146
Dezocine,Haemophilus influenzae,1,666,78
Levofloxacin,Haemophilus influenzae,1,897,78
Citropin 1.1,Clostridium pasteurianum,0,594,46
Indole-3-acetaldehyde,Pseudomonas aeruginosa,1,828,125
Latamoxef,Escherichia coli,1,894,69
Fluconazole,Acinetobacter oleiovorans,0,743,4
Cefepime ,Porphyromonas gingivalis,0,546,119
"13-(2-chloro-7-methoxyquinolin-3-yl)-3,3-dimethyl-1H,2H,3H,4H,6H,11H,13H-indazolo[1,2-b]phthalazine-1,6,11-trione",Candida albicans,1,153,34
"Phenol,2,4-bis(1,1-dimethylethyl)",Gardnerella vaginalis,0,1090,76
Tet-20,Pseudomonas aeruginosa,1,1260,125
Grepafloxacin,Bacillus anthracis,0,788,18
5-Fluorouracil,Desulfovibrio africanus,0,380,54
D-Citrulline,Shigella flexneri,0,633,138
Cefotaxime,Trichophyton mentagrophytes,0,553,170
Verapamil,Vibrio vulnificus,0,1311,178
Tetracycline,Escherichia coli,1,1263,69
(1Z)-(prop-2-en-1-ylidene)-lambda4-sulfanyliumolate,Streptococcus sanguis,1,11,163
Clindamycin,Propionibacterium acnes,1,599,120
2-Carbamoylphenylalanine,Staphylococcus aureus,1,215,141
3-(4-Pyridinyl)alanine,Staphylococcus epidermis,1,271,147
Sennidin A,Streptococcus mutans,1,1188,155
Gemifloxacin,Cronobacter sakazakii,0,777,51
Indole-3-acetic acid,Vibrio campbellii,1,830,174
Ofloxacin,Haemophilus influenzae,1,1044,78
4-(Aminomethyl)-D-phenylalanine,Staphylococcus epidermis,1,315,147
4-Fluoro-D-phenylalanine,Staphylococcus epidermis,1,330,147
Epigallocatechin Gallate,Vibrio parahaemolyticus,0,710,177
Hydnocarpin D,Mycobacterium smegmatis,0,810,112
Ellagic Acid,Staphylococcus aureus,1,698,141
(Z)-4-bromo-5-(bromomethylene)-3-methylfuran-2(5H)-one,Thermus thermophilus,0,107,168
Silybin,Bacillus anthracis,0,1199,18
Dezocine,Haemophilus influenzae,1,666,78
Diphenyl methane,Clostridium perfringens,0,685,47
Lopinavir,Hepatitis C virus,0,905,86
"(5S)-1,7-bis(4-hydroxyphenyl)-5-O-_-D- apiofuranosyl(1 _ 6)-_-D-glucopyranosyloxyheptan-3-one",Candida parapsilosis,0,77,39
Chrysin,Escherichia coli,1,580,69
LL-37,Aggregatibacter actinomycetemcomitans,1,888,11
5-Fluorouracil,Pseudomonas aeruginosa,1,380,125
Tigecycline,Escherichia coli,1,1272,69
Rosmarinic acid,Burkholderia multivorans,0,1159,30
D-Leucine,Eggerthella lenta,0,637,57
"2-geranyloxy-4,6-dihydroxybenzophenone",Staphylococcus caprae,0,241,143
Kaurenoic acid,Burkholderia cepacia,0,859,29
2-(2-(2-Chloroacetamido)phenyl )-2-oxo-N-( prop-2-yn-1-yl )acetamide,Clostridium leptum,0,189,45
Farnesol,Candida albicans,1,732,34
"Dihydroxybenzoic Acid (2,4-DHBA)",Achromobacter xylosoxidans,0,680,1
Dolutegravir,Human immunodeficiency virus 1,1,691,92
CSP,Aggregatibacter actinomycetemcomitans,0,512,11
Cefepime,Candida spp.,1,545,40
Pelargonidin,Staphylococcus capitis,0,1072,142
RTA3,Burkholderia pseudomallei,1,1143,31
(Z)-5-(chloromethylene) furan-2(5H)-one,Enterobacteria phage T4,0,109,65
Besifloxacin,Schistosoma,0,483,134
Nitazoxanide ,Marinobacter hydrocarbonoclasticus,0,1021,107
N-Nonanoyl-cyclopentylamide,Serratia marcescens,1,987,136
Cefaclor,Clostridium perfringens ,1,537,48
12-methyltetradecanoic acid,Streptococcus mutans,0,150,155
2C-4,Mycobacterium smegmatis,0,245,112
Rimantadine,Influenza A virus ,1,1157,95
Moxifloxacin ,Proteus vulgaris,0,946,122
Desipramine,Firmicutes,0,665,73
den-SB056,Pseudomonas aeruginosa,1,1361,125
Bifonazole,Influenza B virus,0,487,96
Rilpivirine,Micrococcus luteus,0,1156,108
KSL-W,Streptococcus sanguinis,0,855,162
Tomentosin,Clostridium leptum,0,1281,45
Triclosan,Staphylococcus chromogenes,0,1284,144
3-Methoxy-D-Phenylalanine,Proteus mirabilis,0,286,121
trans-2-dodecenoic acid,Achromobacter xylosoxidans,0,1391,1
Cefuroxime,Clostridium perfringens ,1,565,48
Zinc Dichloride,Gardnerella vaginalis,0,1329,76
Trovafloxacin,Burkholderia pseudomallei,0,1294,31
Zinc sulfate,Enterobacter aerogenes,0,1332,61
Farnesol,Candida albicans,1,732,34
Acetycholine,Candida albicans,1,419,34
4-Fluoro-2-methyl-D-phenylalanine,Staphylococcus aureus,1,329,141
PG-1,Human herpesvirus 1 ,0,1060,87
Chlorhexidine,Citrobacter freundii,0,575,43
Clindamycin,Enteric bacteria and other eubacteria,1,599,59
Micafungin,Pseudomonas aeruginosa,1,939,125
Ribavirin,Influenza A virus ,1,1151,95
Sulfadiazine,Plasmodium falciparum,1,1224,118
Telekin,Halomonas pacifica,0,1253,81
Cefixime,Enteric bacteria and other eubacteria,0,547,59
Ribavirin,Geobacillus kaustophilus,0,1151,77
Luteolin,Acinetobacter sp.,0,908,5
14-alpha-lipoyl andrographolide,Serratia liquefaciens,0,162,135
Hamamelitannin,Staphylococcus aureus,1,794,141
Norspermidine,Vibrio vulnificus,0,1031,178
Niclosamide,Amycolatopsis orientalis,0,1019,12
Phosphorylserine,Candida dubliniensis,0,1097,35
Norgestimate,Staphylococcus aureus,1,1029,141
Ofloxacin,Haemophilus influenzae,1,1044,78
"2-(4,5-dibromo-1-methyl-1H-pyrrol-2-yl)-5-(4-methoxyphenyl)-1,3,4-oxadiazole",Obesumbacterium proteus,0,193,115
Zinc sulfate,Desulfovibrio africanus,0,1332,54
3-(Trifluoromethyl)phenylalanine,Mycobacterium avium,0,275,110
Chloramphenicol,Escherichia coli,1,574,69
Saquinavir,Human immunodeficiency virus,1,1183,91
3-oxo-C8-HSL,Propionibacterium acnes,0,303,120
Magainin-II,Candida glabrata,0,920,36
Cinoxacin,Haemophilus influenzae,1,589,78
Autoinducer-2,Actinoplanes missouriensis,0,452,8
Fleroxacin,Haemophilus influenzae,1,740,78
"N-((1E)-{4-ethoxy-3-[(8-oxo-1,5,6,8-tetrahydro-2H-1,5-methanopyrido[1,2-a][1,5]diazocin-3(4H)-yl)methyl]phenyl}methylene)-3,4,5-trihydroxybenzohydrazide",Listeria monocytogenes,0,965,104
Thymol,Escherichia coli,1,1270,69
Quinupristin,Enteric bacteria and other eubacteria,1,1133,59
GL13K,Pseudomonas aeruginosa,1,766,125
Aniline,Pseudomonas aeruginosa,1,440,125
HA14-1,Varicella-zoster virus,0,790,172
"3-(2-Furylmethyl)-2-{[(5-hydroxy-1H-pyrazol-3-yl)methyl]sulfanyl}-3,5,6,7-tetrahydro-4H-cyclopenta[4,5]thieno[2,3-d]pyrimidin-4-one",Acinetobacter nosocomialis,0,263,3
Rufloxacin,Human immunodeficiency virus,0,1161,91
4-(Aminomethyl)-D-phenylalanine,Hepatitis C Virus ,0,315,85
Yohimbine hydrochloride,Vibrio parahaemolyticus,0,1323,177
Cerulenin ,Escherichia coli,1,569,69
Merimepodib,Streptococcus pyogenes,1,926,160
Pro-Gly,Pseudomonas aeruginosa,1,1114,125
Pivampicillin,Clostridium perfringens ,1,1104,48
C6-HSL,Serratia liquefaciens,1,507,135
Amantadine,Influenza A virus ,1,429,95
"2-(2-chloro-5-fluorophenyl)-5-(4,5-dibromo-1-methyl-1H-pyrrol-2-yl)-1,3,4-oxadiazole",Clostridium bacilli,0,191,44
Benzoylperoxide,Staphylococcus caprae,0,479,143
"3,3-Diphenyl-D-alanine",Bacillus cereus,0,246,19
4-(Trifluoromethyl)-D-phenylalanine,Staphylococcus epidermis,1,316,147
2-(Aminomethyl)-L-phenylalanine,Bacteroides eggerthii,0,211,23
Quinupristin,Escherichia coli ,1,1133,70
Imperatorin,Enterobacter cloacae,0,823,63
Orange extract,Human respiratory syncytial virus B,0,1049,94
Anidulafungin,Aspergillus niger,1,439,16
Clavulanate ,Staphylococcus aureus,1,598,141
"3,5-Diiodotyrosine",Staphylococcus epidermis,1,257,147
D-LL-37,Staphylococcus aureus,1,636,141
L-fucose cluster,Lysinibacillus sphaericus,0,875,106
1-(4-chlorophenyl)-3-p-tolyurea,Streptococcus mutans,1,125,155
Ferrous,Bacillus cereus,0,735,19
lin-SB056,Staphylococcus epidermidis,1,1370,146
L- K6L9,Streptococcus mutans,0,862,155
Oxiconazole nitrate,Kocuria rhizophila,0,1054,101
"(2S,3R,4S,5S,6R)-6-(Acetoxymethyl)-3-(2-(4-chlorophenyl)acetamido)tetrahydro-2H-pyran-2,4,5-triyl triacetate",Human herpesvirus 3,0,59,88
Rimantadine,Influenza A virus ,1,1157,95
Teichoplanin,Candida dubliniensis,0,1250,35
Na-Pyrosulfite,Vibrio harveyi,0,1006,176
Bergamottin,Escherichia coli,1,482,69
Gentamicin ,Baker's yeast,0,780,27
3-tetradecanoylthiotetronic,Staphylococcus aureus,1,305,141
Ferric chloride,Klebsiella pneumoniae,1,734,99
Cefpiramide,Escherichia coli,1,557,69
Esomeprazole,Burkholderia cepacia,0,718,29
Epigallocatechin,Burkholderia multivorans,0,709,30
Tetrameric peptide,Citrobacter freundii,0,1264,43
3-(2-Naphthyl)-D-alanine,Bacillus cereus,0,264,19
5-Bromoindole,Escherichia coli ,0,376,70
"(2S,3R,4S,5S,6R)-6-(Acetoxymethyl)-3-(2-(4-chlorophenyl)acetamido)tetrahydro-2H-pyran-2,4,5-triyl triacetate",Streptomyces gordonii,0,59,165
Clioquinol,Human herpesvirus 3,0,601,88
Clindamycin,Pseudomonas fluorescens,0,599,127
Trovafloxacin,Haemophilus influenzae,1,1294,78
Acetohydroxamic Acid,Proteus mirabilis,1,418,121
"(2E)-1-(2 ,4 ,5 -trimethoxyphenyl)-3-(2-chloro-6-methoxy-quinolin-3-yl)-2-propen-1-one",Pseudomonas aeruginosa,1,19,125
Tigecycline,Escherichia coli,1,1272,69
"2,4,5-Trifluorophenylalanine",Streptococcus sanguinis,0,172,162
(2R)-2-amino-3-[(4-chlorophenyl)methanesulfinyl]propanoic acid,Streptococcus sanguis,1,45,163
"(5E)-5-dodecylidene-1,3-thiazolidine-2,4-dione",Acinetobacter nosocomialis,0,73,3
Ribavirin,Influenza A virus ,1,1151,95
"4,5-dihydroxy-2,3-pentanedione",Candida albicans,1,311,34
Vancomycin,Staphylococcus aureus,1,1307,141
Ferric chloride,Pseudomonas aeruginosa,0,734,125
Mezlocillin,Lactobacillus fermenti,0,938,102
Tobramycin,Escherichia coli,1,1279,69
Lymecycline,Escherichia coli,1,909,69
Rosoxacin,Aquifex aeolicus,0,1160,13
Ciprofloxacin,Haemophilus influenzae,1,590,78
beta-Defensin-3,Cryptococcus neoformans,1,1347,52
Tannic acid,Staphylococcus capitis,0,1245,142
Zalcitabine,Human immunodeficiency virus 1,1,1324,92
N -(3-nitro-4-hydroxy-benzylidene)benzohydrazide,Streptococcus mutans,1,959,155
Sulfisoxazole ,Acinetobacter baumannii,0,1237,2
4-Benzyl-sulfonyl-5-hydroxy-3-chloro-2(5H)-furanone,Actinomyces oris,0,320,7
trans-2-Pentenal,Enterobacter cloacae,0,1390,63
Benzoylperoxide,Propionibacterium acnes,1,479,120
"(2E)-1-(2 ,4 ,5 -trimethoxyphenyl)-3-(2-naphthyl)-2-propen-1-one",Pantoea agglomerans,0,21,116
Trimethyl(3-{4-[3-(trimethylazaniumyl)propoxy]phenoxy}propyl)azanium dibromide,Bacillus anthracis,0,1290,18
Chlorpromazine,Proteus vulgaris,0,578,122
"2-(4,5-dibromo-1-methyl-1H-pyrrol-2-yl)-5-(pyridin-4-yl)-1,3,4-oxadiazole",Burkholderia cepacia,0,197,29
Micafungin,Pseudomonas aeruginosa,1,939,125
Kojic acid,Pseudomonas aeruginosa,1,861,125
11(R)-hydroxy-12(20)-en-knightal,Streptococcus mitis,0,147,154
Ciprofloxacin ,Haemophilus influenzae,1,592,78
6-hydroxyflavone,Obesumbacterium proteus,0,398,115
"3-{2-[(1S,2R,4aR,8aR)-1,2,4a,5-tetramethyl-1,2,3,4,4a,7,8,8a-octahydronaphthalen-1-yl]ethyl}-N-(3-fluorophenyl)-5-methylidene-2,5-dihydrofuran-2-amine",Firmicutes,0,308,73
"4-(2-(5-(4,5-dibromo-1-methyl-1H-pyrrol-2-yl)-1,3,4-oxadiazol-2-yl)vinyl)-2-methoxyphenol",Pichia anomala,0,312,117
Arbekacin,Escherichia coli,1,445,69
2-geranyloxy-1-(2-methylpropanoyl)phloroglucinol,Candida spp.,0,240,40
Isothiocyanate,Klebsiella pneumoniae,0,847,99
4-bromo-5-(bromomethylene)-3-(1-acetoxybutyl)-2(5H)-furanone,Candida tropicalis,0,343,41
3-(pyridin-3-yl)-5-(3-ethoxy-4-hydroxybenzylidene)-2-thioxothiazolidin-4-one,Enterococcus faecalis,1,276,66
"(2-(4-chlorophenyl)- 4-{[(6-methyl-2-pyridinyl)amino]methylene}-1,3-oxazol- 5(4H)-one)",Vibrio parahaemolyticus,0,13,177
Moxifloxacin,Haemophilus influenzae,1,945,78
Allicin,Bacteroides vulgatus,0,426,26
Pentagalloylglucose,Staphylococcus aureus,1,1082,141
4-Acetamido-D-phenylalanine,Burkholderia multivorans,0,317,30
1-(pyrazin-2-yl)ethan-1-one,Pseudomonas aeruginosa,1,129,125
Ofloxacin,Haemophilus influenzae,1,1044,78
5-Fluorouracil,Pseudomonas aeruginosa,1,380,125
Hetacillin,Streptococcus pneumoniae,1,800,158
Telithromycin,Enteric bacteria and other eubacteria,1,1254,59
2-geranyloxy-1-(2-methylpropanoyl)phloroglucinol,Listeria monocytogenes,0,240,104
Myristoyl-DL-carnitine,Vibrio vulnificus,0,953,178
Nitrofurantoin,Escherichia coli,1,1023,69
NA-CATH,Staphylococcus aureus,1,997,141
Nisin,Human immunodeficiency virus,0,1020,91
5-(dibromomethylene)-3-butyl-2(5H)-furanone,Obesumbacterium proteus,0,371,115
Ertapenem,Haemophilus influenzae,1,711,78
Trovafloxacin,Haemophilus influenzae,1,1294,78
Streptorubin B,Staphylococcus aureus,1,1217,141
Isoniazid ,Mycobacterium tuberculosis,1,842,113
Enoxacin,Haemophilus influenzae,1,704,78
Bromophenyl AHL,Escherichia coli O6:H1 (strain CFT073 / ATCC 700928 / UPEC),0,495,71
Rifalazil,Providencia stuartii,0,1153,123
Quercetin,Enterobacter aerogenes,0,1127,61
"(2R,3E)-2-Amino-4-phenyl-3-butenoic acid",Neisseria gonorrhoeae,0,51,114
5-(dibromomethylene)-3-hexyl-2(5H)-furanone,Salmonella enterica,1,373,133
Palivizumab,Shewanella oneidensis,0,1064,137
3-chloro-5-hydroxy-4-[(4-methylphenylsulfonyl)]-2(5H)-furanone,Proteus mirabilis,0,294,121
Cerulenin ,Escherichia coli,1,569,69
1-(pyrazin-2-yl)ethan-1-one,Streptomyces gordonii,0,129,165
Lorazepam,Bacillus subtilis,0,906,21
Apigenin,Escherichia coli,1,443,69
3-(4-fluorophenyl)-5-(3-(allyloxy)-4-hydroxybenzylidene)-2-thioxothiazolidin-4-one,Staphylococcus aureus,1,272,141
"2-(4,5-dibromo-1-methyl-1H-pyrrol-2-yl)-5-phenyl-1,3,4-oxadiazole",Candida parapsilosis,0,198,39
Lemon,Raoultella ornithinolytica,0,895,131
Telaprevir ,Eggerthella lenta,0,1252,57
"4-(2-(5-(4,5-dibromo-1-methyl-1H-pyrrol-2-yl)-1,3,4-oxadiazol-2-yl)vinyl)-2-methoxyphenol",Pseudomonas aeruginosa,1,312,125
Cefoxitin,Streptococcus pneumoniae,1,556,158
(2E)-N-[3-(1H-imidazol-1-yl)propyl]-3-phenylprop-2-enamide,Eubacterium ramulus,0,39,72
C16-33,Candida glabrata,0,504,36
NA8,Hepatitis B virus D,0,1001,83
Amoxicillin,Clostridium perfringens ,1,435,48
Trovafloxacin,Haemophilus influenzae,1,1294,78
(2E)-N-[3-(1H-indol-3-yl)propyl]-3-phenylprop-2-enamide,Salmonella Typhi,0,40,132
D-tert-Leucine,Vibrio campbellii,0,645,174
"4 alpha, 5 alpha-epoxy-10 alpha, 14H-1-epi-inuviscolide",Candida albicans,1,310,34
1-{2-[(E)-2-(4-hydroxy-3-methoxyphenyl)ethenyl]-4-phenylquinolin-3-yl}ethan-1-one,Klebsiella planticola,1,140,98
Rhein,Vibrio campbellii,0,1149,174
Butanol,Enterococcus faecalis,0,497,66
Pefloxacin ,Haemophilus influenzae,1,1071,78
Amprenavir,Streptococcus pneumoniae,0,438,158
(R)-2-Amino-3-biphenyl-3-yl-propionic acid,Vibrio cholerae,0,92,175
IDR-1018,Pseudomonas aeruginosa,1,814,125
S-OSIP108,Candida albicans,1,1168,34
Gallic Acid,Candida krusei,0,769,38
3-Carbamoylphenylalanine,Staphylococcus epidermis,1,279,147
Usnic acid,Influenza B virus,0,1304,96
(2-{[(2-phenylethyl)sulfanyl]sulfinyl}ethyl)benzene,Pichia anomala,0,15,117
Moxifloxacin,Candida albicans,1,945,34
NA12,Candida albicans,1,1000,34
Apigenin,Vibrio harveyi,1,443,176
Cefixime,Haemophilus influenzae,1,547,78
Hetacillin,Enteric bacteria and other eubacteria,0,800,59
5-(dibromomethylene)-3-(1-acetoxyethyl)-2(5H)-furanone,Salmonella enterica,1,368,133
Vancomycin,Staphylococcus aureus,1,1307,141
"1-[2-(3-bromo-4-hydroxy-5-methoxyphenyl)-5-(3,4,5-trimethoxyphenyl)-1,3,4-oxadiazol-3(2H)-yl]ethanone",Pseudomonas aeruginosa,1,134,125
"(5S)-1,7-bis(4-hydroxyphenyl)-5-O-_-D- apiofuranosyl(1 _ 6)-_-D-glucopyranosyloxyheptan-3-one",Staphylococcus equorum,0,77,148
Myxinidin1,Clostridium leptum,0,956,45
Tigecycline,Enteric bacteria and other eubacteria,1,1272,59
Streptomycin,Escherichia coli,1,1216,69
Gemifloxacin,Haemophilus influenzae,1,777,78
Azlocillin,Vibrio cholerae,0,457,175
"Benzenesul-fonamide,4-amino-N-methyl-N-[3-(3,4,7,8-tetrahydro-2,4-dioxo-2H-thiopyrano[4,3-d]pyrimidin-1(5H)-yl)propyl",Bacteroides,0,475,22
faropenem medoxomil,Aeromonas sobria,0,1366,10
Limonene,Pichia anomala,1,899,117
"(2E)-1-(3 ,5 -dimethoxyphenyl)-3-(2-naphthyl)-2-propen-1-one",Enterococcus faecalis,1,26,66
Cephalexin,Streptococcus pneumoniae,1,566,158
Cefaclor,Clostridium perfringens ,1,537,48
NA8,Mycobacterium leprae,0,1001,111
4-Br-PHL,Pseudomonas aeruginosa,1,321,125
SQ109,Human immunodeficiency virus 1,0,1178,92
14-Glycinyl andrographolide hydrochloride,Streptomyces sp. ,0,161,167
(1E)-1-{[(1E)-prop-1-ene-1-sulfinyl]sulfanyl}prop-1-ene,Streptococcus mutans,1,4,155
G10KHc,Staphylococcus aureus,0,764,141
trans-Resveratrol,Staphylococcus aureus,1,1392,141
nimesulide,Cronobacter sakazakii,0,1376,51
Esculin hydrate,Campylobacter jejuni,0,717,33
3-(4-fluorophenyl)-5-(3-ethoxy- 4-hydroxybenzylidene)-2-thioxothiazolidin-4-one,Staphylococcus epidermidis,1,273,146
Scrambled LL-37,Candida krusei,0,1185,38
(furan-2-yl)methyl (2E)-3-phenylprop-2-enoate,Streptococcus pneumoniae,0,112,158
"2-geranyloxy-4,6-dihydroxybenzophenone",Staphylococcus aureus,1,241,141
Trovafloxacin,Haemophilus influenzae,1,1294,78
Zinc sulfate,Marinobacter hydrocarbonoclasticus,0,1332,107
Sage oil,Thermus thermophilus ,0,1179,169
Carnitine hydrochloride,Klebsiella pneumoniae,0,527,99
Metronidazole,Helicobacter pylori ,1,937,82
Levofloxacin,Haemophilus influenzae,1,897,78
methanesulfonylbenzene,Pseudomonas aeruginosa,1,1373,125
N -(pyridin-3-yl-methylene)benzohydrazide,Pseudomonas chlororaphis,0,962,126
Lomefloxacin,Haemophilus influenzae,1,904,78
D-Phenylalanine,Staphylococcus epidermis,1,639,147
Rifabutin,Escherichia coli,1,1152,69
OSIP108,Candida albicans,1,1040,34
Cefixime,Streptococcus mutans,1,547,155
N -(3-nitro-4-hydroxy-benzylidene)benzohydrazide,Streptococcus pneumoniae,0,959,158
Tipranavir,Klebsiella planticola,0,1276,98
Pefloxacin,Haemophilus influenzae,1,1070,78
5-Fluorouracil,Pseudomonas aeruginosa,1,380,125
phys-GL13K,Streptococcus parasanguinis,0,1386,157
2C-4,Serratia liquefaciens,0,245,135
(Z)-4-bromo-5-(bromomethylene)-3-ethyl-2(5H)-furanone,Vibrio parahaemolyticus,0,105,177
kappa-Pyrosulfite,Staphylococcus equorum,0,1368,148
Chrysophsin-1,Pseudomonas putida,0,582,130
Ritonavir,Human immunodeficiency virus 1,1,1158,92
Posaconazole,Candida albicans,1,1111,34
Eugenol,Staphylococcus aureus,1,726,141
Ceftriaxone,Streptococcus pneumoniae,1,564,158
Fusidic Acid,Thermus thermophilus,1,761,168
3-(3-fluorophenyl)-5-(3-ethoxy-4-hydroxybenzylidene)-2-thioxothiazolidin-4-one,Enterococcus faecalis,1,270,66
"2-Benzyl-5-(4,5-dibromo-1-methyl-1H-pyrrol-2-yl)-1,3,4-oxadiazole",Staphylococcus aureus,1,214,141
4-(Aminomethyl)-D-phenylalanine,Geobacillus kaustophilus,0,315,77
Cefalonium,Aeromonas sobria,0,539,10
D-tert-Leucine,Candida parapsilosis,0,645,39
4-bromo-5-(bromomethylene)-3-(1-(2-(2-(2-azidoethoxy)ethoxy)ethoxy)butyl)-2(5H)-furanone,Enterobacter cloacae,0,342,63
Gatifloxacin,Streptococcus pneumoniae serotype 4,1,776,159
Teichoplanin,Streptococcus epidermidis,0,1250,152
Dibenzyl sulphide,Burkholderia thailandensis,0,672,32
KT2,Geobacillus kaustophilus,0,856,77
"(2S,3R,4S,5S,6R)-6-(Acetoxymethyl)-3-butyramidotetrahydro-2H-pyran-2,4,5-triyl triacetate",Aquifex aeolicus,0,64,13
4-tertiary butyl benzyl dodecyl beta-maltoside,Vibrio harveyi,0,361,176
Carnitine hydrochloride,Pseudomonas libaniensis,0,527,129
"1-{2-[(E)-2-[3,5-bis(trifluoromethyl)phenyl]ethenyl]-4-phenylquinolin-3-yl}ethan-1-one",Pseudomonas aeruginosa,1,142,125
"(2S,3R,4S,5S,6R)-6-(Acetoxymethyl)-3-decanamidotetrahydro-2H-pyran-2,4,5-triyl triacetate",Acinetobacter nosocomialis,0,65,3
DispersinB-KSL-W wound gel,Klebsiella pneumoniae,1,687,99
2-(2-(2-Chloroacetamido)-5-fluorophenyl)-2-oxo-N-( prop-2-yn-1-yl)acetamide,Pseudomonas aeruginosa,1,186,125
"(5Z)-2-(1,1-dichloro-3,3-dimethylbutyl)-5-[(3-methoxyphenyl)methylidene]-1,3-oxazolidin-4-one",Bacteroides uniformis,0,80,25
"(Z)-5-decylidenethiazolidine-2,4-dione",Francisella novicida,0,110,74
Cefprozil,Streptococcus pneumoniae serotype 4,1,559,159
(2R)-2-amino-3-[(4-methylphenyl)methanesulfinyl]propanoic acid,Obesumbacterium proteus,0,46,115
"2-bromo-4-methyl-6-(3,4,5-tribromo-1H-pyrrole-2-carbonyl)phenol",Staphylococcus aureus,1,236,141
Fraxin,Bacteroides fragilis,0,750,24
Daptomycin,Staphylococcus aureus,1,657,141
Gemifloxacin,Haemophilus influenzae,1,777,78
Verapamil,Actinomyces oris,0,1311,7
Epicatechin,Chromobacterium violaceum,0,706,42
NA-CATH,Enterococcus faecalis,0,997,66
AFP1,Lactobacillus fermenti,0,415,102
Dezocine,Haemophilus influenzae,1,666,78
Losartran,Dengue Virus Type 2,0,907,53
"(5Z)-2-(1,1-dichlorobut-3-yn-1-yl)-5-{[4-(trifluoromethyl)phenyl]methylidene}-1,3-oxazolidin-4-one",Staphylococcus aureus,1,83,141
Clozapine,Candida albicans,1,607,34
Vidarabine,Human herpesvirus 4,1,1312,89
Cinnamaldehyde,Vibrio harveyi,1,585,176
1-methyl-4-({[(4-methylphenyl)methyl]disulfanyl}methyl)benzene,Fusarium solani,0,138,75
Ibuprofen,Desulfovibrio africanus,0,819,54
Nobiletin,Mycobacterium tuberculosis,0,1025,113
Vancomycin,Staphylococcus chromogenes,1,1307,144
NA10,Mycobacterium tuberculosis,0,999,113
Tazobactam ,Bacteroides eggerthii,0,1248,23
Nystatin,Candida albicans,1,1033,34
7-hydroxyindole,Achromobacter xylosoxidans,0,406,1
Cycloserine,Mycobacterium avium,1,623,110
Vancomycin,Staphylococcus aureus,1,1307,141
"2-bromo-4-methyl-6-(3,4,5-tribromo-1H-pyrrole-2-carbonyl)phenol",Acinetobacter sp.,0,236,5
Irinotecan,Proteus vulgaris,0,835,122
Hinokitiol,Candida parapsilosis,1,804,39
Amantadine,Influenza A virus ,1,429,95
6-Gingerol,Coagulase- negative staphylococci,0,393,49
beta-Defensin-3,Morganella morganii,0,1347,109
(2R)-2-amino-5-(1-nitrocarbamimidamido)pentanoic acid,Staphylococcus aureus,1,49,141
Erythromycin,Enteric bacteria and other eubacteria ,1,713,60
DispersinB-KSL-W wound gel,Acinetobacter baumannii,1,687,2
Penicillenol C1,Pseudomonas aeruginosa,1,1078,125
Carnitine hydrochloride,Streptococcus mutans,1,527,155
12-methyltetradecanoic acid,Cronobacter sakazakii,0,150,51
NaCl,Kocuria rhizophila,0,1007,101
Pefloxacin,Providencia stuartii,0,1070,123
trans-2-Pentenal,Vibrio cholerae,1,1390,175
"(2E)-N -(2 -hydroxy-5 -bromo-benzilidene)-3,4,5-trimethoxybenzohydrazide",Burkholderia cenocepacia,0,37,28
"2-(4-methoxyphenyl)-N-(3-{[2-(4-methoxyphenyl)ethyl]imino}-1,4-dihydro-2-quinox alinylidene)ethanamine",Cronobacter sakazakii,0,207,51
7-methoxyindole,Aeromonas hydrophila,0,407,9
5-Fluorouracil,Pseudomonas aeruginosa,1,380,125
Polysorbate 80,Staphylococcus haemolyticus,0,1110,149
Cyclobutanamine,Staphylococcus caprae,0,622,143
Pefloxacin,Haemophilus influenzae,1,1070,78
3-(4-fluorophenyl)-5-(3-(allyloxy)-4-hydroxybenzylidene)-2-thioxothiazolidin-4-one,Staphylococcus aureus,1,272,141
Bac8C,Micrococcus luteus,0,463,108
Pefloxacin,Haemophilus influenzae,1,1070,78
R-Thanatin,Pseudomonas chlororaphis,0,1136,126
4-tertiary butyl benzyl dodecyl beta-maltoside,Pseudomonas aeruginosa,1,361,125
(RW)2-NH2,Escherichia coli,1,95,69
Lactoferricin B,Candida albicans,1,891,34
Pivampicillin,Hafnia alvei,0,1104,79
16P-AC,Streptococcus pneumoniae,0,165,158
Lymecycline,Escherichia coli,1,909,69
Phenanthrene,Escherichia coli,1,1088,69
Cloxacillin,Vibrio vulnificus,0,606,178
Ketoconazole,Candida albicans,1,860,34
Norspermidine,Pseudomonas aeruginosa,1,1031,125
Nafcillin,Streptococcus pneumoniae,1,1008,158
Ciprofloxacin,Haemophilus influenzae,1,590,78
Ethylene glycol tetraacetic acid,Staphylococcus aureus,1,723,141
Ganciclovir,Desulfovibrio africanus,0,774,54
Ethambutol,Mycobacterium tuberculosis,1,719,113
Doripenem,Lysinibacillus sphaericus,0,692,106
2(5H)-furanone,Pantoea agglomerans,0,167,116
D-2-Methylphenylalanine,Staphylococcus epidermis,1,627,147
(2R)-2-amino-3-(thiophene-2-sulfinyl)propanoic acid,Staphylococcus epidermis,0,44,147
Human beta-defensin 3,Staphylococcus epidermidis,1,809,146
Norgestimate,Staphylococcus aureus,1,1029,141
R-FV-I16,Baker's yeast,0,1135,27
"(2S,3R,4S,5S,6R)-6-(Acetoxymethyl)-3-(2-(4-fluorophenyl)acetamido)tetrahydro-2H-pyran-2,4,5-triyl triacetate",Pseudomonas aeruginosa,1,60,125
Catechin,Baker's yeast,0,531,27
Pefloxacin,Haemophilus influenzae,1,1070,78
Doxycycline,Francisella novicida,0,693,74
Epigallocatechin Gallate,Staphylococcus aureus,1,710,141
Vancomycin,Staphylococcus caprae,1,1307,143
Sorbitol,Actinoplanes missouriensis,1,1210,8
"N-(5-Methyl-1,2-oxazol-3-yl)butanamide",Sphingomonas sp. Ibu-2,0,981,139
D-Cystine,Staphylococcus epidermis,1,634,147
N -(pyridin-3-yl-methylene)benzohydrazide,Bacteroides vulgatus,0,962,26
6-MO-LF11-227,Aspergillus fumigatus,0,395,15
Pefloxacin ,Haemophilus influenzae,1,1071,78
R-FV-I16,Bacteroides fragilis,0,1135,24
(R)-2-amino-3-cyclopentylpropanoic acid,Staphylococcus aureus,1,94,141
"2-(4,5-dibromo-1-methyl-1H-pyrrol-2-yl)-5-(2,4-dichlorophenyl)-1,3,4-oxadiazole",Pseudomonas aeruginosa,1,192,125
Nitrofurantoin,Escherichia coli,1,1023,69
Ciprofloxacin,Haemophilus influenzae,1,590,78
S-(2-thiazoyl)-L-cysteine,Mycobacterium avium,0,1165,110
Latamoxef,Bacteroides vulgatus,0,894,26
Isoniazid ,Mycobacterium tuberculosis,1,842,113
Ampicillin,Thermus thermophilus,0,437,168
S-ethyl-L-cysteine,Streptococcus mutans,1,1170,155
Meropenem,Pseudomonas aeruginosa,1,927,125
N-(2-Pyridinyl)butanamide,Eggerthella lenta,0,972,57
Cidofovir,Human herpesvirus 5,1,584,90
LL-19,Burkholderia pseudomallei,1,885,31
Sulbactam,Staphylococcus aureus,1,1220,141
1-{2-[(E)-2-(4-hydroxy-3-methoxyphenyl)ethenyl]-4-phenylquinolin-3-yl}ethan-1-one,Streptococcus parasanguinis,0,140,157
6-MO-LF11-322,Acinetobacter oleiovorans,0,396,4
Erythromycin,Escherichia coli ,1,713,70
(2E)-1-(3 -methoxyphenyl)-3-(2-naphthyl)-2-propen-1-one,Pseudomonas aeruginosa,1,27,125
HE12,Staphylococcus aureus,1,792,141
Clozapine,Candida guiliermondi,0,607,37
(E)-3-Decen-2-one,Bacteroides vulgatus,0,89,26
Pentagalloylglucose,Pseudomonas aeruginosa,1,1082,125
14-alpha-lipoyl andrographolide,Enteric bacteria and other eubacteria,0,162,59
Carboxymethyl chitosan,Influenza B virus ,0,525,97
"1,1,6,6,7,7-hexahydroxy-5,5-diisopropyl-3,3-dimethyl-2,2-binaphthalene-8,8-dicarbaldehyde",Acinetobacter baumannii,1,113,2
Cinnamic acid,Hafnia paralvei,0,587,80
Imipenem,Bacillus subtilis,1,822,21
"4,5-dihydroxy-2,3-pentanedione",Staphylococcus epidermis,0,311,147
(Z)-4-bromo-5-(bromomethylene)-3-(1-bromoethyl)-2(5H)-furanone,Acinetobacter sp.,0,102,5
Fleroxacin,Haemophilus influenzae,1,740,78
O-Methyl-D-tyrosine,Aggregatibacter actinomycetemcomitans,0,1037,11
Sulfisoxazole ,Escherichia coli,1,1237,69
4-Chlorochalcone,Haemophilus influenzae,1,324,78
3-Nitro-D-tyrosine,Clostridium perfringens,0,289,47
(2R)-2-amino-3-(2-phenylethanesulfinyl)propanoic acid,Proteus vulgaris,0,42,122
4-Bromo-D-phenylalanine,Staphylococcus epidermis,1,322,147
Peptide 1037,Clostridium pasteurianum,0,1087,46
Curcumin,Pseudomonas chlororaphis,0,619,126
Amantadine,Influenza A virus ,1,429,95
Dicyclohexylamine,Burkholderia multivorans,0,677,30
3-(4-fluorophenyl)-5-(3-ethoxy- 4-hydroxybenzylidene)-2-thioxothiazolidin-4-one,Acinetobacter oleiovorans,0,273,4
digoxin,Aspergillus niger,0,1363,16
"1-{2-[(E)-2-[3,5-bis(trifluoromethyl)phenyl]ethenyl]-4-phenylquinolin-3-yl}ethan-1-one",Bacillus subtilis,1,142,21
4-Methoxychalcone,Haemophilus influenzae,1,336,78
Phosphate,Escherichia coli,1,1096,69
Elliptophenone A,Staphylococcus epidermidis,1,699,146
Wheat bran,Proteus vulgaris,0,1321,122
Enoxacin,Haemophilus influenzae,1,704,78
Trovafloxacin,Haemophilus influenzae,1,1294,78
Myxinidin,Pseudomonas aeruginosa,1,955,125
alpha-Longipinene,Morganella morganii,0,1338,109
Caffeine,Clostridium bacilli,0,517,44
Cinnamaldehyde,Burkholderia multivorans,1,585,30
"2-(4,5-dibromo-1-methyl-1H-pyrrol-2-yl)-5-(2,4-dichlorophenyl)-1,3,4-oxadiazole",Candida spp.,0,192,40
Ibuprofen,Eikenella corrodens,0,819,58
Tomentosin,Cryptococcus neoformans,0,1281,52
Vitamin E,Helicobacter pylori ,0,1317,82
Glipizide,Human immunodeficiency virus,0,782,91
Sulfamerazine,Escherichia coli,1,1228,69
MUC7 12-mer-D,Halomonas pacifica,0,914,81
"(2E)-1-(3 ,4 ,5 -trimethoxyphenyl)-3-(2-naphthyl)-2-propen-1-one",Amycolatopsis orientalis,0,24,12
Ofloxacin,Haemophilus influenzae,1,1044,78
Tazobactam,Salmonella Typhi,1,1247,132
Pyrimethamine,Plasmodium falciparum,1,1123,118
L-cysteic acid,Streptococcus mutans,1,874,155
Bacampicillin,Clostridium perfringens ,1,465,48
"(5E)-5-octylidene-1,3-thiazolidine-2,4-dione",Candida albicans,1,75,34
Streptomycin,Pseudomonas aeruginosa,1,1216,125
Limonene,Escherichia coli,1,899,69
Palivizumab,Human herpesvirus 4,0,1064,89
Gemifloxacin,Haemophilus influenzae,1,777,78
3-Methoxy-D-Phenylalanine,Aquifex aeolicus,0,286,13
Ketoconazole,Candida albicans,1,860,34
hLF1-11,Streptomyces gordonii,0,1367,165
Lorazepam,Staphlococcus aureus,0,906,140
7-hydroxyindole,Corynebacterium ammoniagenes,0,406,50
Competence Stimulating Peptide,Aeromonas hydrophila,0,613,9
Coprinuslactone,Staphylococcus chromogenes,0,615,144
Epigallocatechin Gallate,Burkholderia multivorans,1,710,30
Ceftazidime,Candida albicans,0,560,34
"2,4-Dimethylphenylalanine",Raoultella ornithinolytica,0,175,131
Trimethoxyflavone,Vibrio harveyi,1,1289,176
LF11-227,Bacillus licheniformis,0,880,20
"1,3-dimethyl-6-(4-methylphenyl)-5-[3-(4-nitrophenyl)-1-phenyl-1H-pyrazol-4-yl]-1H,2H,3H,4H,5H,6H-pyrimido[4,5-d][1,3]diazine-2,4-dione",Streptococcus salivarius,0,118,161
Dicinnamyl,Staphylococcus aureus,1,674,141
Clary sage oil,Clostridium perfringens,0,597,47
"(R)-2,3-Diaminopropanoic acid",Vibrio vulnificus,0,91,178
2-(2-(2-Chloroacetamido)-5-methylphenyl)-2-oxo-N-( prop-2-yn- 1-yl)acetamide,Pseudomonas aeruginosa,1,187,125
"(10R,11R)-Hydnocarpin D",Candida dubliniensis,0,2,35
Imipenem,Staphylococcus aureus,1,822,141
"2-(4-Chlorophenyl)-5-(4,5-dibromo-1-methyl-1H-pyrrol-2-yl)-1,3,4-oxadiazole",Streptococcus epidermidis,1,203,152
Lemon,Pichia anomala,1,895,117
1-{2-[(E)-2-(4-chlorophenyl)ethenyl]-4-phenylquinolin-3-yl}ethan-1-one,Pseudomonas aeruginosa,1,139,125
Daclatasvir,Dihydropteroate synthase type-1,0,651,55
Gemifloxacin,Haemophilus influenzae,1,777,78
RNAIII-inhibiting Peptide,Edwardsiella tarda,0,1141,56
Trovafloxacin,Haemophilus influenzae,1,1294,78
Norgestimate,Aggregatibacter actinomycetemcomitans,0,1029,11
(Z)-3-bromo-5-(bromomethylene) furan-2(5H)-one,Staphylococcus epidermidis,1,100,146
Zinc sulfate,Escherichia coli,1,1332,69
3-(4-fluorophenyl)-5-(3-(allyloxy)-4-hydroxybenzylidene)-2-thioxothiazolidin-4-one,Staphylococcus aureus,1,272,141
D-Aspartate,Candida parapsilosis,0,631,39
(2E)-3-(4-Hydroxy-3-methoxyphenyl)-1-phenyl-2-propen-1-one,Haemophilus influenzae,1,35,78
Palivizumab,Human respiratory syncytial virus B,1,1064,94
"4-(2-(5-(4,5-dibromo-1-methyl-1H-pyrrol-2-yl)-1,3,4-oxadiazol-2-yl)vinyl)-2-methoxyphenol",Streptococcus pneumoniae serotype 4,0,312,159
Virginiamycin M1,Enterobacter cloacae,0,1314,63
Carabrone,Streptococcus pyogenes,0,523,160
"2-(4,5-dibromo-1-methyl-1H-pyrrol-2yl)-5-(4-nitrophenyl)-1,3,4-oxadiazole",Enterobacter aerogenes,0,200,61
Levofloxacin,Haemophilus influenzae,1,897,78
Pyrimethamine,Plasmodium falciparum,1,1123,118
Sulfisoxazole ,Pantoea agglomerans,0,1237,116
Octyl gallate,Pseudomonas aeruginosa,1,1043,125
Metronidazole,Helicobacter pylori ,1,937,82
Arbekacin,Escherichia coli,1,445,69
4-(Trifluoromethyl)-D-phenylalanine,Streptococcus epidermidis,0,316,152
Niacinamide,Pseudomonas aeruginosa,1,1018,125
Fluconazole,Candida albicans,1,743,34
cyclo(Trp-Ser),Serratia marcescens,0,1357,136
"2-(4-methoxyphenyl)-N-(3-{[2-(4-methoxyphenyl)ethyl]imino}-1,4-dihydro-2-quinox alinylidene)ethanamine",Pseudoalteromonas sp.,0,207,124
2-methoxy-cinnamaldehyde,Vibrio anguillarum,1,242,173
5-Bromoindole,Pseudomonas aeruginosa,1,376,125
Cefpiramide,Halomonas pacifica,0,557,81
(2-{[(2-phenylethyl)sulfanyl]sulfinyl}ethyl)benzene,Klebsiella planticola,0,15,98
"2-(4,5-dibromo-1-methyl-1H-pyrrol-2-yl)-5-phenyl-1,3,4-oxadiazole",Pseudomonas aeruginosa,1,198,125
(2R)-2-amino-3-(benzenesulfinyl)propanoic acid,Acinetobacter baumannii,0,43,2
Azithromycin,Enteric bacteria and other eubacteria ,1,456,60
Heptadecanoic acid,Bacteroides uniformis,0,796,25
Acetohydroxamic Acid,Enterobacter aerogenes,1,418,61
Penicillic acid,Kocuria rhizophila,0,1080,101
Toremifene,Candida krusei,1,1282,38
Tyrosol,Staphlococcus aureus,0,1295,140
6-Aminoflavone,Escherichia coli,1,389,69
Eugenol,Candida tropicalis,0,726,41
"(2E)-1-(2 ,4 ,5 -trimethoxyphenyl)-3-(2-naphthyl)-2-propen-1-one",Staphylococcus epidermidis,1,21,146
"(2E)-1-(2 ,4 ,5 -trimethoxyphenyl)-3-(2-naphthyl)-2-propen-1-one",Pseudomonas aeruginosa,1,21,125
Trovafloxacin,Haemophilus influenzae,1,1294,78
Pentanol,Streptococcus salivarius,0,1084,161
Ciprofloxacin,Haemophilus influenzae,1,590,78
Phosphorylserine,Staphylococcus epidermis,1,1097,147
4-bromo-5-(bromomethylene)-3-butyl-2(5H)- furanone,Raoultella ornithinolytica,0,345,131
Telithromycin,Enteric bacteria and other eubacteria,1,1254,59
Dezocine,Haemophilus influenzae,1,666,78
3-(pyridin-3-yl)-5-(3-ethoxy-4-hydroxybenzylidene)-2-thioxothiazolidin-4-one,Enterococcus faecalis,1,276,66
3-oxo-C6-HSL,Aeromonas sobria,1,302,10
Phosphate,Escherichia coli,1,1096,69
"N1-[7-(trifluoromethyl)quinolin-4-yl]dodecane-1,12-diamine",Clostridium pasteurianum,0,994,46
Gatifloxacin,Streptococcus pneumoniae serotype 4,1,776,159
13-methyltetradecanoic acid,Sphingomonas sp. Ibu-2,0,157,139
(2E)-3-(3-hydroxy-4-methoxyphenyl)-1-phenylprop-2-en-1-one,Influenza A virus ,0,34,95
Tet-213,Pseudomonas aeruginosa,1,1261,125
Epigallocatechin Gallate,Burkholderia multivorans,1,710,30
Enoxacin,Haemophilus influenzae,1,704,78
6-MO-LF11-215,Pseudomonas aeruginosa,1,394,125
"(2S,3R,4S,5S,6R)-6-(Acetoxymethyl)-3-(2-(4-bromophenyl)acetamido)tetrahydro-2H-pyran-2,4,5-triyl triacetate",Pseudomonas aeruginosa,1,58,125
Curcumin,Citrobacter freundii,1,619,43
Octameric peptide,Dihydropteroate synthase type-1,0,1042,55
Holothuroidin 2,Pseudomonas chlororaphis,0,807,126
Desipramine,Streptococcus gordonii,0,665,153
"2-(4,5-dibromo-1-methyl-1H-pyrrol-2-yl)-5-(2,4-dichlorophenyl)-1,3,4-oxadiazole",Staphylococcus aureus,1,192,141
(2E)-3-(3-hydroxy-4-methoxyphenyl)-1-phenylprop-2-en-1-one,Haemophilus influenzae,1,34,78
Silver sulfadiazine,Pseudomonas fluorescens,0,1197,127
Limonene,Streptococcus pyogenes,1,899,160
"1-[2-(3,5-dichlorophenyl)-5-(3,4,5-trimethoxyphenyl)-1,3,4-oxadiazol-3(2H)-yl]ethanone",Aeromonas sobria,0,133,10
Butenafine hydrochloride,Vibrio cholerae,0,499,175
Uracil,Escherichia coli ,1,1301,70
beta-Defensin-3,Human herpesvirus 4,0,1347,89
Oxytetracycline,Escherichia coli,1,1056,69
Dirithromycin,Candida krusei,0,686,38
"5-(4,5-dibromo-1-methyl-1H-pyrrol-2-yl)-1,3,4-oxadiazole-2-thiol",Streptococcus epidermidis,1,367,152
D-galactose cluster,Pseudomonas aeruginosa,1,643,125
Zinc Dichloride,Trueperella pyogenes,0,1329,171
Quinizarin,Corynebacterium ammoniagenes,0,1131,50
3-(pyridin-3-yl)-5-(3-ethoxy-4-hydroxybenzylidene)-2-thioxothiazolidin-4-one,Staphylococcus epidermidis,1,276,146
Dalbavancin,Burkholderia cenocepacia,0,653,28
N-(2-Pyridinyl)butanamide,Pseudomonas aeruginosa,1,972,125
Olmesartran,Streptococcus pneumoniae serotype 4,0,1048,159
Ganciclovir,Human herpesvirus 1 ,1,774,87
"(2S,3R,4S,5S,6R)-6-(Acetoxymethyl)-3-(2-(4-(trifluoromethyl)phenyl)acetamido)tetrahydro-2H-pyran-2,4,5-triyltriacetate",Staphylococcus saprophyticus,0,57,150
Cycloserine,Porphyromonas gingivalis,0,623,119
Clomocycline,Enteric bacteria and other eubacteria,1,603,59
Trovafloxacin,Haemophilus influenzae,1,1294,78
Telaprevir ,Hepatitis C Virus ,0,1252,85
"5,8,11,14-Eicosatetraynoic acid",Candida albicans,1,365,34
"2-(4,5-dibromo-1-methyl-1H-pyrrol-2-yl)-5-(phenylthio)-1,3,4-oxadiazole",Staphylococcus aureus,1,196,141
Adefovir Dipivoxil,Hepatitis B virus D,1,422,83
7P-AC,Candida krusei,0,410,38
Mezlocillin,Human herpesvirus 5,0,938,90
Gemifloxacin,Haemophilus influenzae,1,777,78
4-Fluoro-D-phenylalanine,Staphylococcus aureus,1,330,141
Isosilybin A,Candida glabrata,0,845,36
3-Iodotyrosine,Clostridium perfringens,0,285,47
Azithromycin,Escherichia coli ,1,456,70
Ferric chloride,Acinetobacter sp.,0,734,5
Sulfalene,Plasmodium falciparum,1,1227,118
D-Cystine,Enterobacter ludwigi,0,634,64
Fluconazole,Shigella flexneri,0,743,138
RK-19,Streptococcus pyogenes,0,1138,160
1-(4-methoxyphenyl)-3-m-tolyurea,Streptococcus mutans,1,126,155
1-(pyridin-4-yl)ethan-1-one,Pseudomonas aeruginosa,1,130,125
[(ethanesulfinyl)sulfanyl]ethane,Proteus mirabilis,0,1335,121
Furanone-2,Lysinibacillus sphaericus,0,755,106
sorivudine,Escherichia coli ,0,1388,70
"13-(2-chloroquinolin-3-yl)-3,3-dimethyl-1H,2H,3H,4H,6H,11H,13H-indazolo[1,2-b]phthalazine-1,6,11-trione",Actinoplanes missouriensis,0,156,8
Ssp (A4K-A11K),Eikenella corrodens,0,1212,58
Ribavirin,Dengue Virus Type 2,1,1151,53
3-(4-fluorophenyl)-5-(3-(allyloxy)-4-hydroxybenzylidene)-2-thioxothiazolidin-4-one,Enterococcus faecium,1,272,67
Pro-Gly,Stenotrophomonas maltophilia,0,1114,151
L-Canavanine,Burkholderia multivorans,1,867,30
"3,5-Difluoro-dl-phenylalanine",Yersinia enterocolitica,0,256,179
Tipranavir,Burkholderia multivorans,0,1276,30
Sanguinarine,Staphylococcus epidermidis,1,1182,146
M8G2,Actinoplanes missouriensis,0,913,8
G H12,Chromobacterium violaceum,0,763,42
Niacinamide,Escherichia coli,0,1018,69
Oxacillin,Clostridium perfringens ,1,1052,48
Hamamelitannin,Escherichia coli ,0,794,70
Erythromycin,Escherichia coli ,1,713,70
Rosmarinic acid,Human herpesvirus 1 ,0,1159,87
Benzocaine,Cryptococcus neoformans,0,477,52
Carboxymethyl chitosan,Pseudoalteromonas sp.,0,525,124
"2-(4,5-dibromo-1-methyl-1H-pyrrol-2-yl)-5-(ethylthio)-1,3,4-oxadiazole",Achromobacter xylosoxidans,0,194,1
beta-Defensin-1,Cryptococcus neoformans,1,1346,52
Tyrphostin 9,Pichia anomala,0,1296,117
2-amino-4-chlorobenzoic acid,Mycobacterium smegmatis,0,231,112
"1-{6-nitro-4-phenyl-2-[(E)-2-(3,4,5-trimethoxyphenyl)ethenyl]quinolin-3-yl}ethan-1-one",Bacillus subtilis,1,144,21
2(5H)-furanone,Streptococcus mitis,0,167,154
Ceforanide,Bacteroides fragilis,1,552,24
"N-((2R,3R,4S,5S,6R)-2,4,5-Trihydroxy-6-(hydroxymethyl)tetrahydro-2H-pyran-3-yl)octanamide",Pseudomonas aeruginosa,1,969,125
D-LL-37,Burkholderia thailandensis,1,636,32
Ferrous,Propionibacterium acnes,0,735,120
3-(2-Naphthyl)alanine,Staphylococcus aureus,1,265,141
Cefazolin,Escherichia coli,1,543,69
Adefovir Dipivoxil,Hepatitis B virus D,1,422,83
Scrambled LL-37,Marinobacter hydrocarbonoclasticus,0,1185,107
NA8,Pseudomonas libaniensis,0,1001,129
Azithromycin,Staphylococcus aureus,1,456,141
Isoeugenol,Burkholderia pseudomallei,0,839,31
Asperdiol acetate,Staphylococcus aureus,1,447,141
Zinc,Schistosoma,0,1328,134
Fusidic acid,Staphylococcus aureus,1,762,141
Cyclacillin,Clostridium perfringens ,1,621,48
Lomefloxacin,Haemophilus influenzae,1,904,78
"(2E)-1-(1,3-benzodioxol-5-yl)-3-[5-(2-nitro-phenyl)-furan-2-yl]-2-propen-1-one",Human herpesvirus 4,0,18,89
(2E)-1-(5-clorotiophen-2-yl)-3-(3-methoxy-4-benzyloxi-phenyl)-2-propen-1-one,Hepatitis B virus F,0,29,84
Sorbitol,Actinoplanes missouriensis,1,1210,8
PLF,Staphylococcus epidermidis,0,1061,146
Pyrogallol,Vibrio anguillarum,1,1125,173
Cycloserine ,Pseudomonas libaniensis,0,624,129
Cephaloglycin,Pseudomonas fluorescens,0,567,127
Silver Ion,Bacillus amyloliquefaciens,0,1192,17
Cefoperazone,Hepatitis C Virus ,0,551,85
OHC8HL,Burkholderia pseudomallei,1,1039,31
(RW)2-NH2,Actinomyces oris,0,95,7
"(2R,3E)-2-Amino-4-phenyl-3-butenoic acid",Staphylococcus aureus,1,51,141
(RW)4-NH2,Escherichia coli,1,97,69
(Z)-4-bromo-5-(bromomethylene)-3-butyl-2(5H)-furanone,Salmonella enterica,1,104,133
Erythromycin,Enteric bacteria and other eubacteria ,1,713,60
Hepcidin 20,Micrococcus luteus,0,795,108
Cefprozil,Streptococcus parasanguinis,0,559,157
Methyl indole-7-carboxylate,Pseudomonas aeruginosa,1,934,125
Netilmicin,Enteric bacteria and other eubacteria,1,1016,59
p-Coumaric acid,Pseudomonas aeruginosa,1,1379,125
Naringenin,Staphlococcus aureus,0,1009,140
4-Methylphenylalanine,Staphylococcus aureus,1,338,141
Monensin sodium salt,Fusarium solani,0,944,75
Ciprofloxacin,Haemophilus influenzae,1,590,78
Imipenem,Bacillus subtilis,1,822,21
Cefoxitin,Escherichia coli,1,556,69
(2S)-2-amino-4-bromopent-4-enoic acid,Staphylococcus epidermis,1,55,147
Trovafloxacin,Haemophilus influenzae,1,1294,78
Pseudomonas Quinolone Signal,Enterococcus faecium,0,1120,67
RK-19,Candida glabrata,0,1138,36
Abacavir,Human immunodeficiency virus 1,1,416,92
N -(pyridin-3-yl-methylene)benzohydrazide,Pseudomonas aeruginosa,1,962,125
Amikacin,Enteric bacteria and other eubacteria,1,430,59
N-(4-Bromobenzylidene)benzohydrazide,Streptococcus mutans,1,976,155
Lopinavir,Porphyromonas gingivalis,0,905,119
4-Nitro-D-phenylalanine,Bacillus subtilis,0,339,21
"2,4-Dimethylphenylalanine",Corynebacterium ammoniagenes,0,175,50
Emtricitabine,Human immunodeficiency virus 1,1,701,92
6-Gingerol,Pseudomonas aeruginosa,1,393,125
"(5E)-5-octylidene-1,3-thiazolidine-2,4-dione",Vibrio parahaemolyticus,0,75,177
5-Hydroxy-4-[(4-methylphenyl)sulfonyl]-3-chloro-2(5H)-furanone,Bacillus subtilis,1,381,21
Magainin-I,Staphylococcus aureus,1,919,141
Enoxacin,Haemophilus influenzae,1,704,78
4-chloro-7-(trifluoromethyl)quinoline,Pseudomonas aeruginosa,1,350,125
Clove oil,Streptococcus mutans,1,605,155
OSIP108,Candida albicans,1,1040,34
"N-((2R,3R,4S,5S,6R)-2,4,5-Trihydroxy-6-(hydroxymethyl)tetrahydro-2H-pyran-3-yl)dodecanamide",Pseudomonas aeruginosa,1,967,125
Ferulic Acid,Raoultella ornithinolytica,0,736,131
Asperdiol,Candida spp.,0,446,40
Rosmarinic acid,Pseudomonas aeruginosa,1,1159,125
Dezocine,Haemophilus influenzae,1,666,78
Cinoxacin,Haemophilus influenzae,1,589,78
Camphene,Burkholderia cenocepacia,0,520,28
Zidovudine,Fusarium solani,0,1327,75
Cycloserine ,Escherichia coli,1,624,69
C4-HSL,Hafnia alvei,1,506,79
2-(Trifluoromethyl)-D-phenylalanine,Staphylococcus epidermis,1,212,147
Chloramphenicol,Bacillus subtilis,1,574,21
Ciclopirox ethanolamine,Candida albicans,1,583,34
epsilon-viniferin,Escherichia coli,1,1365,69
Carminic acid,Influenza B virus ,0,526,97
Oxiconazole nitrate,Burkholderia cepacia,0,1054,29
"4-(5-(4,5-dibromo-1-methyl-1H-pyrrol-2-yl)-1,3,4-oxadiazole-2-yl)aniline",Staphylococcus aureus,1,314,141
"1-(3,5-dinitrophenyl)ethan-1-one",Acinetobacter baumannii,0,122,2
5-(dibromomethylene)-3-(1-acetoxyethyl)-2(5H)-furanone,Stenotrophomonas maltophilia,0,368,151
Levofloxacin,Haemophilus influenzae,1,897,78
D-Tyrosine,Streptomyces sp. ,0,642,167
ZnO nanoparticles,Pseudomonas aeruginosa,1,1333,125
2-amino-4-chlorobenzoic acid,Enterobacteria phage T4,0,231,65
Pefloxacin,Haemophilus influenzae,1,1070,78
Ciprofloxacin,Haemophilus influenzae,1,590,78
Cloxacillin,Streptococcus pneumoniae,1,606,158
3-Nitro-D-tyrosine,Pseudomonas libaniensis,0,289,129
4-(Aminomethyl)-D-phenylalanine,Enterococcus gallinarum,0,315,68
Enoxacin,Haemophilus influenzae,1,704,78
Levofloxacin,Haemophilus influenzae,1,897,78
OSIP108,Candida albicans,1,1040,34
4-Hydroxychalcone,Haemophilus influenzae,1,333,78
4-Hydroxy benzoate,Enterobacteria phage T4,0,331,65
Tet-20,Actinoplanes missouriensis,0,1260,8
Benzathine benzylpenicillin,Neisseria gonorrhoeae,1,473,114
Moxifloxacin,Haemophilus influenzae,1,945,78
14-Glycinyl andrographolide hydrochloride,Pseudoalteromonas sp.,0,161,124
2-(2-(2-Chloroacetamido)-5-fluorophenyl)-2-oxo-N-( prop-2-yn-1-yl)acetamide,Salmonella Typhi,0,186,132
Cefaclor,Listeria monocytogenes,1,537,104
(E)-3-Decen-2-one,Vibrio harveyi,1,89,176
Carboxymethyl chitosan,Staphylococcus aureus,1,525,141
Aceroside VIII,Aggregatibacter actinomycetemcomitans,0,417,11
Sulfamethazine,Escherichia coli,1,1229,69
Tyrosol,Candida albicans,1,1295,34
Oxiconazole nitrate,Burkholderia multivorans,0,1054,30
(furan-2-yl)methyl (2E)-3-phenylprop-2-enoate,Enterococcus faecium,0,112,67
Dezocine,Candida spp.,0,666,40
BMAP-28,Staphylococcus aureus,1,461,141
"3,3-dimethyl-13-{8-methyl-[1,2,3,4]tetrazolo[1,5-a]quinolin-4-yl}-1H,2H,3H,4H,6H,11H,13H-indazolo[1,2-b]phthalazine-1,6,11-trione",Lysinibacillus sphaericus,0,248,106
Lopinavir,Human immunodeficiency virus,1,905,91
Cloxacillin,Staphylococcus caprae,0,606,143
Hexachlorophene,Burkholderia thailandensis,0,801,32
Piperacillin,Listeria monocytogenes,1,1102,104
Furanone 56,Achromobacter xylosoxidans,0,752,1
R-FV-I16,Actinobacillus actinomycetemcomitans,0,1135,6
KSL-W,Candida albicans,1,855,34
Zinc sulfate,Burkholderia cepacia,1,1332,29
"1-[2-(3,5-dichlorophenyl)-5-(3,4,5-trimethoxyphenyl)-1,3,4-oxadiazol-3(2H)-yl]ethanone",Staphylococcus aureus,1,133,141
16P,Human herpesvirus 1 ,0,164,87
Fleroxacin,Haemophilus influenzae,1,740,78
Tannic acid,Enterococcus faecium,0,1245,67
Timolol,Obesumbacterium proteus,0,1274,115
Hexachlorophene,Bacteroides vulgatus,0,801,26
3-(pyridin-3-yl)-5-(3-ethoxy-4-hydroxybenzylidene)-2-thioxothiazolidin-4-one,Enterococcus faecalis,1,276,66
Kanamycin,Enteric bacteria and other eubacteria,1,858,59
Rutaecarpine,Clostridium perfringens ,0,1162,48
"9-hydroxy-2-propyl-4H-pyrido[1,2-a]pyrimidin-4-one",Burkholderia multivorans,0,412,30
(Z)-3-(bromomethylene) isobenzofuran-1(3H)-one,Staphylococcus epidermidis,1,99,146
7P-AC,Staphylococcus aureus,1,410,141
Pentagalloylglucose,Mycobacterium leprae,0,1082,111
"(2E)-1-(2 ,4 ,5 -trimethoxyphenyl)-3-(2-naphthyl)-2-propen-1-one",Enterococcus faecalis,1,21,66
Levofloxacin,Stenotrophomonas maltophilia,1,897,151
(2E)-1-(3 -methoxyphenyl)-3-(2-naphthyl)-2-propen-1-one,Acinetobacter oleiovorans,0,27,4
Tetracycline,Enteric bacteria and other eubacteria,1,1263,59
ZnO nanoparticles,Pseudomonas aeruginosa,1,1333,125
2-(2-(2-Chloroacetamido)phenyl )-2-oxo-N-( prop-2-yn-1-yl )acetamide,Escherichia coli,1,189,69
Ethambutol,Mycobacterium tuberculosis,1,719,113
CSP-C16,Streptococcus sanguinis,1,513,162
Ertapenem,Haemophilus influenzae,1,711,78
AAP2,Morganella morganii,0,414,109
"(2E)-1-(1,3-benzodioxol-5-yl)-3-[5-(2-nitro-phenyl)-furan-2-yl]-2-propen-1-one",Proteus mirabilis,0,18,121
Ofloxacin,Haemophilus influenzae,1,1044,78
Scrambled LL-37,Staphylococcus aureus,0,1185,141
Penicillenol B2,Streptococcus mitis,0,1077,154
FS8,Human respiratory syncytial virus B,0,730,94
Triclosan,Streptococcus sanguinis,0,1284,162
HE10,Desulfovibrio africanus,0,791,54
Butein,Haemophilus influenzae,1,498,78
Danthron,Salmonella Typhi,0,655,132
Cloxacillin,Dengue Virus Type 2,0,606,53
Tannic acid,Pseudomonas aeruginosa,1,1245,125
"3,3-dimethyl-13-{[1,2,3,4]tetrazolo[1,5-a]quinolin-4-yl}-2H,4H,13H-indazolo[1,2-b]phthalazine-1,6,11-trione",Streptococcus sanguinis,0,250,162
Lomefloxacin,Haemophilus influenzae,1,904,78
"4-Phenyl-N-((2R,3R,4S,5S,6R)-2,4,5-trihydroxy-6-(hydroxymethyl)tetrahydro-2H-pyran-3-yl)butanamide",Pseudomonas aeruginosa,1,340,125
N-[(3-chloro-isoquinolin-4-yl)methylene]benzohydrazide,Staphylococcus equorum,0,988,148
5-Bromoindole,Pseudomonas chlororaphis,0,376,126
Linezolid,Citrobacter freundii,0,901,43
Oxyresveratrol,Staphylococcus aureus,1,1055,141
(R)-2-Amino-3-biphenyl-3-yl-propionic acid,Baker's yeast,0,92,27
Atazanavir,Human immunodeficiency virus,1,449,91
Penicillenol C2,Burkholderia cepacia,0,1079,29
Moxifloxacin,Haemophilus influenzae,1,945,78
L-K6,Streptococcus mutans,1,868,155
Povidone Iodine,Staphylococcus aureus,1,1112,141
(1E)-1-{[(1E)-prop-1-ene-1-sulfinyl]sulfanyl}prop-1-ene,Proteus mirabilis,0,4,121
Epigallocatechin Gallate,Burkholderia cenocepacia,1,710,28
Heptamethoxyflavone,Hepatitis C virus,0,797,86
"Dihydroxybenzoic Acid (3,4-DHBA)",Eikenella corrodens,1,681,58
1-(pyrazin-2-yl)ethan-1-one,Trueperella pyogenes,0,129,171
Ethyl gallate,Streptococcus mutans,1,722,155
Norspermidine,Pseudomonas aeruginosa,1,1031,125
4-Chlorochalcone,Pseudoalteromonas sp.,0,324,124
Esomeprazole,Edwardsiella tarda,0,718,56
3-(Aminomethyl)-D-phenylalanine,Staphylococcus epidermis,1,274,147
Ofloxacin,Haemophilus influenzae,1,1044,78
"2-(4,5-dibromo-1-methyl-1H-pyrrol-2-yl)-5-(ethylthio)-1,3,4-oxadiazole",Candida guiliermondi,0,194,37
Ceftazidime,Pseudomonas aeruginosa,1,560,125
N-Decanoyl cyclopentylamide,Acinetobacter sp.,0,985,5
Ertapenem,Haemophilus influenzae,1,711,78
"1-[2-(3,5-dichlorophenyl)-5-(3,4,5-trimethoxyphenyl)-1,3,4-oxadiazol-3(2H)-yl]ethanone",Staphylococcus epidermidis,1,133,146
M8G2,Acinetobacter baumannii,0,913,2
GL13K,Streptococcus gordonii,1,766,153
AFP1,Pantoea agglomerans,0,415,116
3-Chlorotyrosine,Staphylococcus aureus,1,281,141
Dalbavancin,Influenza A virus ,0,653,95
Shikonin,Staphylococcus epidermis,0,1190,147
Dolutegravir,Human immunodeficiency virus 1,1,691,92
S-(2-Aminoethyl)-L-cysteine hydrochloride,Streptococcus mutans,1,1164,155
Curcumin,Pseudomonas japonica,1,619,128
Gatifloxacin,Streptococcus pneumoniae serotype 4,1,776,159
knightine,Staphylococcus aureus,1,1369,141
3-(pyridin-3-yl)-5-(3-ethoxy-4-hydroxybenzylidene)-2-thioxothiazolidin-4-one,Staphylococcus epidermidis,1,276,146
7-methylindole,Pseudomonas aeruginosa,1,408,125
Penicillenol C2,Pseudomonas fluorescens,0,1079,127
LF11-324,Pichia anomala,0,882,117
Moxifloxacin,Stenotrophomonas maltophilia,1,945,151
"3,3-dimethyl-13-{9-methyl-[1,2,3,4]tetrazolo[1,5-a]quinolin-4-yl}-1H,2H,3H,4H,6H,11H,13H-indazolo[1,2-b]phthalazine-1,6,11-trione",Staphylococcus epidermidis,0,249,146
Moxifloxacin,Haemophilus influenzae,1,945,78
Emtricitabine,Burkholderia cepacia,0,701,29
Darunavir,Human immunodeficiency virus,1,658,91
2(5H)-furanone,Mycobacterium avium,0,167,110
"3,5-Diiodotyrosine",Escherichia coli ,0,257,70
6-Chlorooxindole,Pseudomonas aeruginosa,1,392,125
Lopinavir,Human immunodeficiency virus 1,1,905,92
"2-geranyloxy-4,6-dihydroxybenzophenone",Vibrio cholerae,0,241,175
n-Hexane,Corynebacterium ammoniagenes,0,1374,50
cyclophosphamide,Firmicutes,1,1358,73
Furanone-8,Salmonella Typhi,0,759,132
TMC-151s C,Vibrio cholerae,0,1240,175
"2,4-Dichlorophenylalanine",Candida spp.,0,173,40
Clarithromycin,Shigella flexneri,1,595,138
Tobramycin,Enteric bacteria and other eubacteria,1,1279,59
Phenobarbitone,Candida albicans,1,1089,34
Dicloxacillin,Streptococcus pneumoniae,1,676,158
Cefpiramide,Escherichia coli,1,557,69
CSP,Streptococcus sanguinis,1,512,162
Furanone C-30,Pseudomonas aeruginosa,1,753,125
Usnic acid,Pseudomonas chlororaphis,0,1304,126
Camphene,Candida albicans,1,520,34
"(2E)-1-(3 ,4 -dimethoxyphenyl)-3-(2-naphthyl)-2-propen-1-one",Bacillus amyloliquefaciens,0,25,17
D-Tryptophan,Streptococcus pyogenes,0,641,160
Zinc oxide,Staphylococcus aureus,1,1331,141
D/L-Aspartate,Amycolatopsis orientalis,0,646,12
"2-(4,5-dibromo-1-methyl-1H-pyrrol-2-yl)-5-(phenylthio)-1,3,4-oxadiazole",Clostridium pasteurianum,0,196,46
Azithromycin,Escherichia coli ,1,456,70
Vitamin C,Escherichia coli,1,1316,69
Paromomycin ,Dengue Virus Type 2,0,1068,53
3-(4-fluorophenyl)-5-(3-(allyloxy)-4-hydroxybenzylidene)-2-thioxothiazolidin-4-one,Bacteroides uniformis,0,272,25
"(2E)-1-(3 ,5 -dimethoxyphenyl)-3-(2-naphthyl)-2-propen-1-one",Pseudomonas aeruginosa,1,26,125
Penciclovir,Streptococcus sanguinis,0,1073,162
2-bromohexanoic acid,Pseudomonas aeruginosa,1,238,125
2-amino-5-methoxy-5-oxopentanoic acid,Staphylococcus aureus,1,232,141
Palivizumab,Vibrio cholerae,0,1064,175
"2,5-bis(4,5-dibromo-1-methyl-1H-pyrrol-2-yl)-1,3,4-oxadiazole",Candida guiliermondi,0,177,37
Avibactam,Klebsiella pneumoniae,1,454,99
Bevirimat,Streptococcus salivarius,0,486,161
4-Ethylcatechol,Klebsiella variicola,0,326,100
(R)-2-amino-3-cyclopentylpropanoic acid,Staphylococcus epidermis,1,94,147
Moxifloxacin,Haemophilus influenzae,1,945,78
Tipranavir ,Human immunodeficiency virus,1,1277,91
Azithromycin,Enteric bacteria and other eubacteria ,1,456,60
D-tert-Leucine,Staphylococcus aureus,1,645,141
Dicloxacillin,Enteric bacteria and other eubacteria ,0,676,60
"(5E)-5-undecylidene-1,3-thiazolidine-2,4-dione",Aspergillus fumigatus,0,76,15
Sinensetin,Halomonas pacifica,0,1203,81
Thiazolidinedione-8,Kocuria rhizophila,0,1266,101
Silver sulfadiazine,Staphylococcus aureus,1,1197,141
LL-37,Aggregatibacter actinomycetemcomitans,1,888,11
Sulfamerazine,Escherichia coli,1,1228,69
Moxifloxacin,Eggerthella lenta,0,945,57
Furanone-5,Porphyromonas gingivalis,0,757,119
Cefalotin,Streptomyces sp. ,1,540,167
Pyrvinium pamoate,Plasmodium falciparum,0,1126,118
4-Hydroxy benzoate,Gardnerella vaginalis,0,331,76
Human beta-defensin 3,Hafnia alvei,0,809,79
Gemifloxacin,Human herpesvirus 3,0,777,88
"(5E)-5-decylidene-1,3-thiazolidine-2,4-dione",Klebsiella planticola,0,72,98
"2-(4-(Trifluoromethyl)phenyl)-N-((2R,3R,4S,5S,6R)-2,4,5-trihydroxy-6-(hydroxymethyl)tetrahydro-2H-pyran-3-yl)acetamide",Human herpesvirus 5,0,201,90
(Z)-3-(bromomethylene) isobenzofuran-1(3H)-one,Bacillus anthracis,0,99,18
Citropin 1.1,Staphylococcus aureus,1,594,141
Lamivudine,Human immunodeficiency virus 1,1,892,92
Ofloxacin,Haemophilus influenzae,1,1044,78
"(2E)-1-(3 ,4 -dimethoxyphenyl)-3-(2-naphthyl)-2-propen-1-one",Pseudomonas aeruginosa,1,25,125
Benzbromarone,Staphylococcus caprae,0,474,143
Minocycline,Enteric bacteria and other eubacteria,1,942,59
(Z)-4-bromo-5-(bromomethylene)-3-(1-bromoethyl)-2(5H)-furanone,Eggerthella lenta,0,102,57
2-phenylethane-1-SO-thioperoxol,Listeria monocytogenes,0,244,104
Gatifloxacin,Streptococcus pneumoniae serotype 4,1,776,159
"1-(2-Chloroacetyl)indoline-2,3-dione",Thermus thermophilus ,0,121,169
3-(3-fluorophenyl)-5-(3-ethoxy-4-hydroxybenzylidene)-2-thioxothiazolidin-4-one,Staphylococcus aureus,1,270,141
4-Chloro-2-fluoro-DL-phenylalanine,Staphylococcus epidermis,1,323,147
"3,5-dimethylaniline",Pseudomonas aeruginosa,1,260,125
LF11-227,Bacillus amyloliquefaciens,0,880,17
Reserpine,Streptococcus mutans,1,1146,155
Polyethyleneimine,Candida albicans,1,1108,34
Lysozyme,Salmonella enterica,0,911,133
Sinensetin,Escherichia coli,1,1203,69
Ticarcillin,Streptococcus gordonii,0,1271,153
(2E)-1-[4 -(1H-imidazol-1-yl)phenyl]-3-(2-naphthyl)-2-propen-1-one,Salmonella Typhi,0,30,132
Pyrimidinedione,Staphylococcus aureus,1,1124,141
Pentamethoxyflavone,Obesumbacterium proteus,0,1083,115
Vancomycin,Enterococcus faecium,1,1307,67
2-(2-(2-Azidoacetamido)-5-bromophenyl)-2-oxo-N-(prop-2-yn-1-yl)acetamide,Pseudomonas aeruginosa,1,181,125
3-(4-fluorophenyl)-5-(3-ethoxy- 4-hydroxybenzylidene)-2-thioxothiazolidin-4-one,Staphylococcus aureus,1,273,141
Aztreonam,Bacillus subtilis,1,458,21
CSP,Burkholderia cepacia,0,512,29
Sinefungin,Acinetobacter nosocomialis,0,1202,3
Ribavirin,Dengue Virus Type 2,1,1151,53
alpha-mangostin,Streptococcus mutans,0,1341,155
"2,4,5-Trifluorophenylalanine",Lysinibacillus sphaericus,0,172,106
3-(pyridin-3-yl)-5-(3-ethoxy-4-hydroxybenzylidene)-2-thioxothiazolidin-4-one,Staphylococcus aureus,1,276,141
LF11-215,Pseudomonas aeruginosa,1,879,125
Rosoxacin,Achromobacter sp.,0,1160,0
Capreomycin,Helicobacter pylori ,0,521,82
beta-Caryophyllene,Staphylococcus caprae,0,1345,143
faropenem medoxomil,Coagulase- negative staphylococci,0,1366,49
Ciprofloxacin ,Haemophilus influenzae,1,592,78
Silver sulphate,Staphylococcus aureus,1,1198,141
Epigallocatechin Gallate,Streptomyces gordonii,0,710,165
Silver nanoparticles,Pseudomonas aeruginosa,1,1194,125
6-Amino Penicillinic acid,Staphylococcus chromogenes,0,388,144
Oregano oil,Enterococcus faecalis,0,1050,66
"3-(2-Furylmethyl)-2-{[(5-hydroxy-1H-pyrazol-3-yl)methyl]sulfanyl}-3,5,6,7-tetrahydro-4H-cyclopenta[4,5]thieno[2,3-d]pyrimidin-4-one",Staphylococcus aureus,1,263,141
"(5Z)-2-(2,2-dimethylpropyl)-5-{[3-(trifluoromethyl)phenyl]methylidene}-1,3-oxazolidin-4-one",Eggerthella lenta,0,85,57
Ciprofloxacin,Providencia stuartii,1,590,123
L-Tyrosine,Bacteroides,0,872,22
Quercetin,Pseudomonas aeruginosa,1,1127,125
3-Nitro-D-tyrosine,Streptococcus pyogenes,0,289,160
Cefotetan,Arthrobacter sp. ,0,554,14
4-dimethyl-amino-cinnamaldehyde,Candida glabrata,0,353,36
Ertapenem,Serratia marcescens,0,711,136
3-tetradecanoylthiotetronic,Staphylococcus aureus,1,305,141
1-(4-chlorophenyl)-3-m-tolyurea,Pseudomonas libaniensis,0,124,129
Dolutegravir,Enterococcus faecalis,0,691,66
Uracil,Acinetobacter baumannii,0,1301,2
alpha-Defensin-3,Pseudomonas putida,0,1336,130
Gallic Acid,Eikenella corrodens,1,769,58
Clofazimine,Geobacillus kaustophilus,1,602,77
Fusidic acid,Staphylococcus aureus,1,762,141
Azithromycin,Burkholderia cenocepacia,1,456,28
kappa-Pyrosulfite,Propionibacterium acnes,0,1368,120
Dirithromycin,Enteric bacteria and other eubacteria,1,686,59
Atovaquone,Plasmodium falciparum,1,450,118
"N-((2R,3R,4S,5S,6R)-2,4,5-Trihydroxy-6-(hydroxymethyl)tetrahydro-2H-pyran-3-yl)hexanamide",Streptococcus sanguinis,0,968,162
3-(Aminomethyl)-D-phenylalanine,Cryptococcus neoformans,0,274,52
Ciprofloxacin,Escherichia coli,1,590,69
Cefadroxil,Enterococcus gallinarum,0,538,68
"2-(5-(4,5-dibromo-1-methyl-1H-pyrrol-2-yl)-1,3,4-oxadiazole-2-yl)phenol",Streptococcus epidermidis,1,208,152
Betulin,Citrobacter freundii,0,484,43
Benzathine Benzylpenicillin,Listeria monocytogenes,1,472,104
Atazanavir,Human immunodeficiency virus 1,1,449,92
Aztreonam,Bacillus subtilis,1,458,21
N-(2-oxothiolan-3-yl)butanamide,Eggerthella lenta,0,974,57
17-Deacetyl norgestimate,Staphylococcus aureus,1,166,141
"(10R,11R)-Hydnocarpin",Mycobacterium leprae,0,1,111
para-ethylaniline,Streptococcus mitis,0,1384,154
Didanosine,Influenza A virus ,0,678,95
Vitexin,Streptococcus gordonii,0,1318,153
faropenem medoxomil,Streptococcus pneumoniae serotype 4,1,1366,159
Ivalin,Burkholderia thailandensis,0,849,32
1-{2-[(E)-2-(4-methoxyphenyl)ethenyl]-4-phenylquinolin-3-yl}ethan-1-one,Bacillus subtilis,1,141,21
3-(4-fluorophenyl)-5-(3-ethoxy- 4-hydroxybenzylidene)-2-thioxothiazolidin-4-one,Staphylococcus epidermidis,1,273,146
(2-methyl-5-nitro-1H-imidazol-1-yl)methyl (2E)-3-phenylprop-2-enoate,Corynebacterium ammoniagenes,0,14,50
3-(2-Thienyl)-D-alanine,Enterobacter aerogenes,0,267,61
3-(4-fluorophenyl)-5-(3-(allyloxy)-4-hydroxybenzylidene)-2-thioxothiazolidin-4-one,Staphylococcus epidermidis,1,272,146
L-Canavanine,Achromobacter sp.,0,867,0
Cefpiramide,Pseudomonas aeruginosa,1,557,125
11(R)-hydroxy-12(20)-en-knightol acetate,Propionibacterium acnes,0,148,120
2-(5-Chloro-2-(2-chloroacetamido)phenyl )-2-oxo-N-( prop-2-yn-1-yl)acetamide,Listeria monocytogenes serotype 4a,0,210,105
Flucloxacillin,Clostridium perfringens ,1,742,48
Nisin,Staphylococcus aureus,1,1020,141
Enoxacin,Haemophilus influenzae,1,704,78
Polyethyleneimine,Staphylococcus aureus,1,1108,141
Pivampicillin,Clostridium perfringens ,1,1104,48
Penicillenol C2,Pseudomonas aeruginosa,1,1079,125
(Z)-4-bromo-5-(bromomethylene)-3-methylfuran-2(5H)-one,Pseudomonas aeruginosa,1,107,125
"(5Z)-2-(2,2-dimethylpropyl)-5-{[3-(trifluoromethyl)phenyl]methylidene}-1,3-oxazolidin-4-one",Staphylococcus aureus,1,85,141
"1-[2-(3-bromo-4-hydroxy-5-methoxyphenyl)-5-(3,4,5-trimethoxyphenyl)-1,3,4-oxadiazol-3(2H)-yl]ethanone",Staphylococcus aureus,1,134,141
N -[(3-chloro-isoquinolin-4-yl)methylene] benzohydrazide,Burkholderia thailandensis,0,963,32
Ertapenem,Haemophilus influenzae,1,711,78
Ribavirin,Influenza A virus ,1,1151,95
Penciclovir,Achromobacter xylosoxidans,0,1073,1
alpha-pinene,Baker's yeast,0,1342,27
Cinoxacin,Haemophilus influenzae,1,589,78
"(2S,3R,4S,5S,6R)-6-(Acetoxymethyl)-3-octanamidotetrahydro-2H-pyran-2,4,5-triyl triacetate",Aggregatibacter actinomycetemcomitans,0,67,11
"1,3-dimethyl-6-(4-methylphenyl)-5-[3-(4-nitrophenyl)-1-phenyl-1H-pyrazol-4-yl]-1H,2H,3H,4H,5H,6H-pyrimido[4,5-d][1,3]diazine-2,4-dione",Klebsiella variicola,0,118,100
L-Tyrosine,Enterobacter cancerogenus,0,872,62
"Benzenesul-fonamide,4-amino-N-methyl-N-[3-(3,4,7,8-tetrahydro-2,4-dioxo-2H-thiopyrano[4,3-d]pyrimidin-1(5H)-yl)propyl",Pseudomonas aeruginosa,1,475,125
Pefloxacin ,Haemophilus influenzae,1,1071,78
Levofloxacin,Haemophilus influenzae,1,897,78
Tellurite,Human respiratory syncytial virus B,0,1255,94
"(5Z)-2-tert-butyl-5-{[3-(trifluoromethyl)phenyl]methylidene}-1,3-oxazolidin-4-one",Mycobacterium smegmatis,0,86,112
YC-1 compound,Cryptococcus neoformans,0,1322,52
"2-(4,5-dibromo-1-methyl-1H-pyrrol-2-yl)-5-phenyl-1,3,4-oxadiazole",Aquifex aeolicus,0,198,13
Rosmarinic acid,Eubacterium ramulus,0,1159,72
Benzalacetone,Achromobacter xylosoxidans,0,471,1
Besifloxacin,Haemophilus influenzae,1,483,78
"2,5-bis(4,5-dibromo-1-methyl-1H-pyrrol-2-yl)-1,3,4-oxadiazole",Human herpesvirus 1 ,0,177,87
Rhodomyrtone,Propionibacterium acnes,1,1150,120
8-fluoroquinoline,Pseudomonas aeruginosa,1,411,125
Rutaecarpine,Burkholderia pseudomallei,0,1162,31
S6L3-33,Streptococcus pneumoniae,0,1175,158
Dicloxacillin,Listeria monocytogenes,1,676,104
Indole,Burkholderia multivorans,1,827,30
Aztreonam,Citrobacter freundii,1,458,43
Flavonoids 7,Mycobacterium tuberculosis,0,739,113
Vidarabine,Human herpesvirus 1 ,1,1312,87
Daptomycin,Human herpesvirus 5,0,657,90
Sorbitol,Actinoplanes missouriensis,1,1210,8
2-Methoxy-4-propylphenol,Hepatitis B virus F,0,221,84
MUC7 20-mer,Streptococcus mutans,1,917,155
Myxinidin1,Staphylococcus epidermidis,0,956,146
Grepafloxacin,Helicobacter pylori ,0,788,82
Methanol,Propionibacterium acnes,0,930,120
(R)-2-Amino-3-biphenyl-3-yl-propionic acid,Staphylococcus epidermis,1,92,147
C16-33,Mycobacterium avium,0,504,110
CSP-C16,Clostridium leptum,0,513,45
Macromomycin B,Dihydropteroate synthase type-1,0,918,55
Micafungin,Halomonas pacifica,0,939,81
"1-[2-(2,4-dichlorophenyl)-5-(3,4,5-trimethoxyphenyl)-1,3,4-oxadiazol-3(2H)-yl]ethanone",Enterococcus faecalis,1,131,66
"1-(2-Chloroacetyl)-5-methylindoline-2,3-dione",Sphingomonas sp. Ibu-2,0,120,139
N-decanoyl-L- homoserine benzyl ester,Aspergillus fumigatus,0,990,15
Cefepime,Pseudomonas aeruginosa,1,545,125
Dicyclohexylamine,Pantoea agglomerans,0,677,116
4-bromo-5-(bromomethylene)-3-butyl-2(5H)- furanone,Shewanella oneidensis,0,345,137
Copper sulfate,Staphylococcus epidermidis,1,614,146
Monensin sodium salt,Firmicutes,0,944,73
3-(3-fluorophenyl)-5-(3-ethoxy-4-hydroxybenzylidene)-2-thioxothiazolidin-4-one,Enterococcus faecium,1,270,67
Polymyxin B,Stenotrophomonas maltophilia,1,1109,151
Nelfinavir,Human immunodeficiency virus,1,1011,91
Evodiamine,Enteric bacteria and other eubacteria,0,727,59
Rutin,Acinetobacter baumannii,0,1163,2
DJK6,Acinetobacter baumannii,1,650,2
Sulfisoxazole,Escherichia coli,1,1236,69
"2-(2-chloro-5-fluorophenyl)-5-(4,5-dibromo-1-methyl-1H-pyrrol-2-yl)-1,3,4-oxadiazole",Bacillus subtilis,0,191,21
Ethambutol,Mycobacterium tuberculosis,1,719,113
3-(3-fluorophenyl)-5-(3-ethoxy-4-hydroxybenzylidene)-2-thioxothiazolidin-4-one,Staphylococcus epidermidis,1,270,146
Isoconazole,Candida albicans,1,838,34
Clioquinol,Morganella morganii,0,601,109
Norbgugaine 12,Pseudomonas aeruginosa,1,1027,125
(2R)-2-amino-3-[(4-methylphenyl)methanesulfinyl]propanoic acid,Kocuria rhizophila,0,46,101
S-(2-Aminoethyl)-L-cysteine hydrochloride,Streptococcus gordonii,0,1164,153
(2E)-1-(4 -methoxyphenyl)-3-(2-naphthyl)-2-propen-1-one,Streptococcus mutans,1,28,155
"2-(4,5-dibromo-1-methyl-1H-pyrrol-2-yl)-5-styryl-1,3,4-oxadiazole",Enterobacter ludwigi,0,199,64
Cerulenin ,Coagulase- negative staphylococci,0,569,49
Oxytetracycline,Staphylococcus aureus,0,1056,141
Cloxacillin,Clostridium perfringens ,1,606,48
Indole-7-carboxylic acid,Pseudomonas aeruginosa,1,832,125
Competence Stimulating Peptide,Streptomyces gordonii,1,613,165
DispersinB-KSL-W wound gel,Coagulase- negative staphylococci,1,687,49
Levofloxacin,Haemophilus influenzae,1,897,78
phys-GL13K,Neisseria gonorrhoeae,0,1386,114
Ceforanide,Propionibacterium acnes,0,552,120
NA-CATH,Bacteroides,0,997,22
alpha-tocopherol,Enterobacter cancerogenus,0,1343,62
Djenkolic acid,Vibrio cholerae,0,689,175
Scopoletin,Escherichia coli,1,1184,69
Ertapenem,Haemophilus influenzae,1,711,78
Nitrofurantoin,Escherichia coli,1,1023,69
Betulinic acid,Klebsiella planticola,0,485,98
Monensin sodium salt,Human immunodeficiency virus 1,0,944,92
Lorazepam,Candida albicans,1,906,34
Cefazolin,Escherichia coli,1,543,69
Benzylpenicillin,Acinetobacter baumannii,0,481,2
Nerolidol,Clostridium leptum,0,1015,45
Apigenin,Human immunodeficiency virus 1,0,443,92
"4-(5-(4,5-dibromo-1-methyl-1H-pyrrol-2-yl)-1,3,4-oxadiazole-2-yl)aniline",Staphylococcus aureus,1,314,141
HE10,Staphylococcus aureus,1,791,141
Curcumin,Pseudomonas aeruginosa,1,619,125
2-methoxy-cinnamaldehyde,Human immunodeficiency virus,0,242,91
Gallocatechin gallate,Vibrio cholerae,0,773,175
8-fluoroquinoline,Escherichia coli,0,411,69
OHC10HL,Burkholderia pseudomallei,1,1038,31
Isoconazole,Bacillus cereus,0,838,19
Doxycycline,Enteric bacteria and other eubacteria,1,693,59
Fluconazole,Candida albicans,1,743,34
Sulfamoxole,Burkholderia cenocepacia,0,1232,28
Isoniazid ,Mycobacterium tuberculosis,1,842,113
3-(3-Pyridinyl)alanine,Staphylococcus aureus,1,269,141
Demeclocycline,Escherichia coli,1,663,69
S-carboxylmethyl-L-cysteine,Streptococcus mutans,1,1169,155
Pentamethoxyflavone,Streptococcus pyogenes,0,1083,160
Hetacillin,Enterococcus gallinarum,0,800,68
Zidovudine,Varicella-zoster virus,0,1327,172
Pantaprazole,Human herpesvirus 3,0,1067,88
Taurine,Streptococcus pneumoniae,0,1246,158
Nitazoxanide ,Streptomyces gordonii,0,1021,165
Anidulafungin,Aspergillus niger,1,439,16
Furanone C-30,Bacteroides vulgatus,0,753,26
Sulfisoxazole,Escherichia coli,1,1236,69
Furanone-2,Candida guiliermondi,0,755,37
Scrambled LL-37,Aggregatibacter actinomycetemcomitans,1,1185,11
TMB-8,Human immunodeficiency virus,0,1239,91
Fleroxacin,Haemophilus influenzae,1,740,78
Ampicillin,Streptococcus pneumoniae,1,437,158
Pyrimidinedione,Staphylococcus aureus,1,1124,141
Ethylenediametetraacetic acid,Listeria monocytogenes,1,724,104
(E)-Chalcone,Pseudomonas aeruginosa,0,90,125
n-Hexane,Streptococcus pneumoniae serotype 4,0,1374,159
Benzathine Benzylpenicillin,Streptococcus mitis,0,472,154
Emtricitabine,Human immunodeficiency virus 1,1,701,92
5-(dibromomethylene)-3-(1-bromobutyl)-2(5H)-furanone,Enterococcus faecalis,0,369,66
beta-Pinene,Helicobacter pylori ,0,1348,82
Ciprofloxacin,Morganella morganii,1,590,109
Epigallocatechin Gallate,Eikenella corrodens,1,710,58
Cefpiramide,Pseudomonas aeruginosa,1,557,125
Myristoyl-DL-carnitine,Proteus mirabilis,0,953,121
Palmitic acid,Human herpesvirus 1 ,0,1065,87
3-(4-fluorophenyl)-5-(3-(allyloxy)-4-hydroxybenzylidene)-2-thioxothiazolidin-4-one,Staphylococcus aureus,1,272,141
Furanone,Staphylococcus cohnii,0,751,145
Saquinavir,Human immunodeficiency virus,1,1183,91
"(2E)-1-(2 ,5 -dimethoxyphenyl)-3-[2,5-dimethyl-1-(3-trifluoromethyl-phenyl)-1H-pirrol-3-yl]-2-propen-1-one",Streptococcus mutans,1,23,155
L-pipecolic acid,Staphylococcus epidermis,1,877,147
(5-nitrofuran-2-yl)methyl (2E)-3-phenylprop-2-enoate,Stenotrophomonas maltophilia,0,71,151
Cloxacillin,Clostridium perfringens ,1,606,48
Tomentosin,Klebsiella variicola,0,1281,100
Dapsone,Bacillus cereus,0,656,19
3-Iodotyrosine,Staphylococcus epidermis,1,285,147
6-Chloroindole,Staphlococcus aureus,0,391,140
Pyrvinium pamoate,Candida albicans,1,1126,34
D-tert-Leucine,Candida spp.,0,645,40
Vidarabine,Human herpesvirus 1 ,1,1312,87
Tetracycline,Escherichia coli,1,1263,69
Dibenzyl disulphide,Streptococcus sanguis,1,671,163
N-Acetylcysteine,Candida krusei,0,984,38
Epicatechin,Eikenella corrodens,1,706,58
"3,5-dibromotyrosined",Staphylococcus epidermis,1,259,147
Cefonicid,Escherichia coli,1,550,69
Diphenyl diselenide,Candida albicans,1,683,34
den-SB056-1,Eikenella corrodens,0,1362,58
"5,8,11,14-Eicosatetraynoic acid",Candida albicans,1,365,34
Ethylenediametetraacetic acid,Salmonella enterica,0,724,133
Curcumin,Vibrio harveyi,1,619,176
"4-(5-(4,5-dibromo-1-methyl-1H-pyrrol-2-yl)-1,3,4-oxadiazole-2-yl)aniline",Pseudomonas fluorescens,0,314,127
3-(pyridin-3-yl)-5-(3-ethoxy-4-hydroxybenzylidene)-2-thioxothiazolidin-4-one,Enterococcus faecalis,1,276,66
Latamoxef,Influenza B virus,0,894,96
"2-(4-Fluorophenyl)-N-((2R,3R,4S,5S,6R)-2,4,5-trihydroxy-6-(hydroxymethyl)tetrahydro-2H-pyran-3-yl)acetamide",Streptococcus parasanguinis,0,205,157
Copper sulfate,Campylobacter jejuni,0,614,33
3-(Aminomethyl)-D-phenylalanine,Clostridium perfringens ,0,274,48
Carnitine hydrochloride,Actinomyces oris,1,527,7
Benzoylperoxide,Coagulase- negative staphylococci,0,479,49
alpha-Pinene,Halomonas pacifica,0,1339,81
Tet-213,Listeria monocytogenes serotype 4a,0,1261,105
Gatifloxacin,Streptococcus pneumoniae serotype 4,1,776,159
Nerolidol,Enteric bacteria and other eubacteria ,0,1015,60
C6-HSL,Hafnia alvei,1,507,79
1-(4-methoxyphenyl)-3-m-tolyurea,Streptococcus mutans,1,126,155
Benzathine benzylpenicillin,Staphylococcus saprophyticus,0,473,150
2-phenylethane-1-SO-thioperoxol,Actinomyces oris,1,244,7
Cefmetazole,Listeria monocytogenes,1,549,104
Quinupristin,Enteric bacteria and other eubacteria,1,1133,59
Betulin,Bacillus amyloliquefaciens,1,484,17
"(2E)-1-(3 ,4 -dimethoxyphenyl)-3-(2-naphthyl)-2-propen-1-one",Actinomyces oris,0,25,7
Anidulafungin,Aspergillus niger,1,439,16
Hamamelitannin,Staphylococcus cohnii,1,794,145
5- hydroxyethyl-3-tetradecanoyltetramic acid,Staphylococcus haemolyticus,0,366,149
"(2E)-1-(3 ,4 ,5 -trimethoxyphenyl)-3-(2-naphthyl)-2-propen-1-one",Pseudomonas aeruginosa,1,24,125
Ceftazidime,Streptococcus pneumoniae,1,560,158
Atovaquone,Bacteroides,0,450,22
"2-bromo-4-methyl-6-(3,4,5-tribromo-1H-pyrrole-2-carbonyl)phenol",Escherichia coli O6:H1 (strain CFT073 / ATCC 700928 / UPEC),0,236,71
Linezolid,Streptococcus mitis,0,901,154
Aceroside VIII,Pseudomonas aeruginosa,1,417,125
Furanone-6,Salmonella enterica,1,758,133
Cloxacillin,Escherichia coli ,1,606,70
Dolutegravir,Human immunodeficiency virus 1,1,691,92
"2-bromo-4-methyl-6-(3,4,5-tribromo-1H-pyrrole-2-carbonyl)phenol",Streptococcus pneumoniae serotype 4,0,236,159
RK-31,Clostridium bacilli,0,1140,44
Indole-3-carboxyaldehyde,Acinetobacter nosocomialis,0,831,3
Latamoxef,Vibrio cholerae,0,894,175
Siamycin I,Enterococcus faecalis,1,1191,66
"(5Z)-2-(1,1-dichloro-7-methyloctyl)-5-{[4-(trifluoromethyl)phenyl]methylidene}-1,3-oxazolidin-4-one",Staphylococcus aureus,1,82,141
beta-6-20-G3K6,Candida tropicalis,0,1344,41
4-Methoxychalcone,Haemophilus influenzae,1,336,78
3-oxo-C8-HSL,Pseudomonas aeruginosa,0,303,125
BMAP-28,Candida parapsilosis,0,461,39
Nerolidol,Klebsiella pneumoniae,0,1015,99
Quercetin Dihydrate,Aeromonas sobria,0,1128,10
Propanol,Trichophyton mentagrophytes,0,1116,170
6-Amino Penicillinic acid,Staphylococcus aureus,1,388,141
"Dihydroxybenzoic Acid (2,3-DHBA)",Yersinia enterocolitica,0,679,179
Atovaquone,Plasmodium falciparum,1,450,118
3-hexyl-5-bromomethylene-2(5H)-furanone,Aspergillus fumigatus,0,299,15
Glycomonoterpenes (G-citron),Vibrio cholerae,1,786,175
Resveratrol,Burkholderia cenocepacia,1,1148,28
Gemifloxacin,Haemophilus influenzae,1,777,78
Oseltamivir,Influenza A virus ,1,1051,95
Oseltamivir,Influenza A virus ,1,1051,95
Pyrimethamine,Plasmodium falciparum,1,1123,118
Adefovir Dipivoxil,Hepatitis B virus D,1,422,83
Trovafloxacin,Haemophilus influenzae,1,1294,78
"1-(2-Chloroacetyl)-5-methylindoline-2,3-dione",Baker's yeast,0,120,27
Ofloxacin,Haemophilus influenzae,1,1044,78
Azithromycin,Mycobacterium avium,1,456,110
Peptide 1,Streptococcus parasanguinis,0,1086,157
RK-19,Proteus mirabilis,0,1138,121
"Dihydroxybenzoic Acid (2,3-DHBA)",Enterococcus faecium,0,679,67
Norgestimate,Staphylococcus epidermidis,1,1029,146
N-[(3-chloro-isoquinolin-4-yl)methylene]benzohydrazide,Staphylococcus epidermidis,1,988,146
D-Tyrosine,Staphylococcus aureus,1,642,141
Diterpene phytol,Enterobacter cancerogenus,0,688,62
Miconazole,Candida albicans,1,940,34
Pentagalloylglucose,Staphylococcus aureus,1,1082,141
"3,4-Dichloro-5-[(1,3-dichloropropan-2-yloxy)]-2(5H)-furanone",Fusarium solani,0,251,75
Trimethyl(3-{4-[3-(trimethylphosphaniumyl)propoxy]phenoxy}propyl)phosphanium dibromide,Staphylococcus aureus,1,1291,141
Bergamottin,Thermus thermophilus ,0,482,169
4-Fluoro-2-methyl-D-phenylalanine,Candida dubliniensis,0,329,35
3-(pyridin-3-yl)-5-(3-ethoxy-4-hydroxybenzylidene)-2-thioxothiazolidin-4-one,Staphylococcus aureus,1,276,141
Cobalt Ion,Cronobacter sakazakii,0,608,51
Menthol,Listeria monocytogenes serotype 4a,0,925,105
Hydnocarpin D,Staphylococcus aureus,1,810,141
Nystatin,Mycobacterium tuberculosis,0,1033,113
Cycloserine ,Escherichia coli,1,624,69
Moxifloxacin,Haemophilus influenzae,1,945,78
Tannic acid,Aquifex aeolicus,0,1245,13
Norgestimate,Candida parapsilosis,0,1029,39
Pyrazinamide,Clostridium perfringens ,0,1122,48
"3,3-dimethyl-13-{9-methyl-[1,2,3,4]tetrazolo[1,5-a]quinolin-4-yl}-1H,2H,3H,4H,6H,11H,13H-indazolo[1,2-b]phthalazine-1,6,11-trione",Vibrio anguillarum,0,249,173
Zinc oxide,Escherichia coli,1,1331,69
epsilon-viniferin,Actinomyces oris,0,1365,7
NA12,Streptococcus salivarius,0,1000,161
Fluconazole,Candida albicans,1,743,34
3-(4-fluorophenyl)-5-(3-(allyloxy)-4-hydroxybenzylidene)-2-thioxothiazolidin-4-one,Enterococcus faecalis,1,272,66
"(2E)-1-(1 ,3 -benzodioxol-5-yl)-3-(2-naphthyl)-2-propen-1-one",Staphylococcus aureus,1,16,141
"3,4-Dimethoxychalcone",Bacteroides vulgatus,0,255,26
Hesperidin,Staphylococcus aureus,1,799,141
"5,7,8,4-Tetramethoxyflavone",Bacillus cereus,0,364,19
Myxinidin1,Sphingomonas sp. Ibu-2,0,956,139
Flavone,Clostridium perfringens ,0,737,48
Cefpiramide,Pseudomonas aeruginosa,1,557,125
(R)-2-amino-3-cyclohexylpropanoic acid,Burkholderia cenocepacia,0,93,28
Clove oil,Pseudomonas aeruginosa,1,605,125
Josamycin,Haemophilus influenzae,1,850,78
5-bromomethylene-2 (5H)-furanone,Klebsiella pneumoniae,0,382,99
cat-AGE-RK2,Escherichia coli,1,1351,69
Hetacillin,Streptococcus pneumoniae,1,800,158
(2S)-2-amino-3-(4-tert-butylphenyl)propanoic acid,Aspergillus fumigatus,0,53,15
Aminosalicylic Acid,Fusarium solani,0,433,75
Hexameric peptide,Bacillus anthracis,0,802,18
Norspermidine,Pseudomonas aeruginosa,1,1031,125
Trimethyl(3-{4-[3-(trimethylazaniumyl)propoxy]phenoxy}propyl)azanium dibromide,Francisella novicida,0,1290,74
1-{6-nitro-4-phenyl-2-[(E)-2-[4-(trifluoromethoxy)phenyl]ethenyl]quinolin-3-yl}ethan-1-one,Staphylococcus aureus,1,145,141
L-4-Carbamoylphenylalanine,Enterococcus gallinarum,0,864,68
digoxin,Thermus thermophilus,0,1363,168
Timolol,Obesumbacterium proteus,0,1274,115
Dicloxacillin,Listeria monocytogenes,1,676,104
Cefoxitin,Listeria monocytogenes,1,556,104
"2-(4-methoxyphenyl)-N-(3-{[2-(4-methoxyphenyl)ethyl]imino}-1,4-dihydro-2-quinox alinylidene)ethanamine",Streptococcus sanguinis,1,207,162
YC-1 compound,Staphylococcus equorum,0,1322,148
(Z)-4-bromo-5-(bromomethylene)-3-methylfuran-2(5H)-one,Pseudomonas putida,0,107,130
Baicalein,Burkholderia cenocepacia,1,468,28
Azithromycin,Enteric bacteria and other eubacteria ,1,456,60
Oseltamivir,Influenza A virus ,1,1051,95
"(E)-1-[6-[(3-acetyl-2,4,6-trihydroxy-5-methylphenyl)methyl]-5,7-dihydroxy-2,2-dimethyl-2H-1-benzopyran-8-yl]-3-phenyl-2-propen-1-one",Aeromonas sobria,0,88,10
O-LF11-227,Escherichia coli O6:H1 (strain CFT073 / ATCC 700928 / UPEC),0,1036,71
RK-25,Influenza B virus,0,1139,96
Pentagalloylglucose,Pseudomonas japonica,0,1082,128
Fleroxacin,Clostridium bacilli,0,740,44
4-dimethyl-amino-cinnamaldehyde,Vibrio anguillarum,1,353,173
Butyl gallate,Staphylococcus epidermidis,1,502,146
Indole-3-acetamide,Pseudomonas libaniensis,0,829,129
Pentanol,Klebsiella variicola,0,1084,100
Amantadine,Influenza A virus ,1,429,95
Sulfadoxine,Plasmodium falciparum,1,1226,118
den-SB056,Staphylococcus epidermidis,1,1361,146
Indole-7-carboxylic acid,Hafnia alvei,0,832,79
Atovaquone,Plasmodium falciparum,1,450,118
Norspermidine,Staphylococcus epidermis,0,1031,147
Tet-26,Pseudomonas aeruginosa,1,1262,125
Cefoperazone,Thermus thermophilus ,0,551,169
3-(3-fluorophenyl)-5-(3-ethoxy-4-hydroxybenzylidene)-2-thioxothiazolidin-4-one,Staphylococcus aureus,1,270,141
Lymecycline,Streptococcus pneumoniae,0,909,158
Simeprevir,Hepatitis C virus,1,1200,86
Ephedrine,Clostridium leptum,0,705,45
Butenafine hydrochloride,Influenza A virus ,0,499,95
Ch_GG_Nt-Dhvar5,Bacteroides,0,571,22
Abacavir,Human immunodeficiency virus 1,1,416,92
Uracil,Human herpesvirus 1 ,1,1301,87
Cloxacillin,Escherichia coli O6:H1 (strain CFT073 / ATCC 700928 / UPEC),1,606,71
Levofloxacin,Haemophilus influenzae,1,897,78
"2-(4,5-dibromo-1-methyl-1H-pyrrol-2-yl)-5-(pyridin-4-yl)-1,3,4-oxadiazole",Streptococcus epidermidis,1,197,152
Farnesol,Candida dubliniensis,1,732,35
Benzathine Benzylpenicillin,Listeria monocytogenes,1,472,104
Salicylic acid,Vibrio cholerae,0,1181,175
Ceftazidime,Pseudomonas aeruginosa,1,560,125
Cefepime,Influenza B virus ,0,545,97
Nystatin,Listeria monocytogenes serotype 4a,0,1033,105
Posaconazole,Human respiratory syncytial virus B,0,1111,94
Ciprofloxacin,Helicobacter pylori ,0,590,82
Peptide 1037,Klebsiella variicola,0,1087,100
Gatifloxacin,Streptococcus pneumoniae serotype 4,1,776,159
Sulfamethoxazole,Escherichia coli,1,1231,69
Atazanavir,Human immunodeficiency virus 1,1,449,92
"N-((2R,3R,4S,5S,6R)-2,4,5-Trihydroxy-6-(hydroxymethyl)tetrahydro-2H-pyran-3-yl)dodecanamide",Influenza B virus,0,967,96
Efavirenz,Human immunodeficiency virus 1,1,696,92
Palmitic acid,Escherichia coli,1,1065,69
Oseltamivir,Influenza A virus ,1,1051,95
Asperdiol,Pseudomonas aeruginosa,1,446,125
cov-GL13K,Candida dubliniensis,0,1356,35
Levofloxacin,Haemophilus influenzae,1,897,78
11(R)-hydroxy-12(20)-en-knightol acetate,Staphylococcus aureus,1,148,141
Calanolide A,Streptomyces sp. ,0,518,167
Ciprofloxacin ,Haemophilus influenzae,1,592,78
Amoxicillin,Clostridium perfringens ,1,435,48
Penicillenol C2,Staphylococcus aureus,1,1079,141
N-(4-Morpholinyl)butanamide,Human herpesvirus 5,0,978,90
Undecyl beta-maltoside,Bacteroides eggerthii,0,1300,23
Caffeic Acid,Staphylococcus saprophyticus,0,516,150
Sorbitol,Arthrobacter sp. ,1,1210,14
Siamycin I,Enterobacter aerogenes,0,1191,61
Gemifloxacin,Haemophilus influenzae,1,777,78
N-(4-hydroxy-2-methylphenyl)-3-oxododecanamide,Halomonas pacifica,0,980,81
"Trimethyl[2-({10,15,20,24,26,29,31,33,34-nonakis[3-(trimethylphosphaniumyl)propoxy]hexacyclo[21.2.2.2,.2,.2,.2]pentatriaconta-1(25),3(35),4,6(34),8,10,13,15,18,20,23,26,28,30,32-pentadecaen-4-yl}oxy)ethyl]phosphanium decabromide",Klebsiella pneumoniae,0,1292,99
Dapsone,Mycobacterium leprae,1,656,111
Ceftazidime,Pseudomonas aeruginosa,1,560,125
4-Chloro-2-fluoro-DL-phenylalanine,Streptomyces gordonii,0,323,165
Na-Pyrosulfite,Escherichia coli,1,1006,69
3-(pyridin-3-yl)-5-(3-ethoxy-4-hydroxybenzylidene)-2-thioxothiazolidin-4-one,Staphylococcus aureus,1,276,141
RNAIII-inhibiting Peptide,Staphylococcus aureus,1,1141,141
"1,3-dimethyl-6-(4-methylphenyl)-5-[3-(4-nitrophenyl)-1-phenyl-1H-pyrazol-4-yl]-1H,2H,3H,4H,5H,6H-pyrimido[4,5-d][1,3]diazine-2,4-dione",Eikenella corrodens,0,118,58
"2-(4,5-dibromo-1-methyl-1H-pyrrol-2-yl)-5-styryl-1,3,4-oxadiazole",Staphylococcus aureus,1,199,141
Netilmicin,Escherichia coli,1,1016,69
Sucrose,Campylobacter jejuni,1,1219,33
Ertapenem,Haemophilus influenzae,1,711,78
Betulin,Thermus thermophilus,0,484,168
Ribavirin,Influenza A virus ,1,1151,95
IDR-1018,Acinetobacter baumannii,1,814,2
Rifabutin,Escherichia coli,1,1152,69
"F2,5,12W",Staphylococcus epidermidis,1,728,146
3-(1-Naphthyl)-D-Alanine,Vibrio cholerae,0,261,175
16P-AC,Vibrio campbellii,0,165,174
"3,4-Dichloro-cinnamaldehyde",Burkholderia multivorans,0,253,30
3-tetradecanoylthiotetronic,Staphylococcus aureus,1,305,141
Cycloserine ,Escherichia coli,1,624,69
"1-[2-(2,4-dichlorophenyl)-5-(3,4,5-trimethoxyphenyl)-1,3,4-oxadiazol-3(2H)-yl]ethanone",Pichia anomala,0,131,117
Vanillylacetone,Enterococcus gallinarum,0,1310,68
2-amino-4-chlorobenzoic acid,Staphylococcus capitis,0,231,142
3-Bromophenylalanine,Burkholderia cenocepacia,0,278,28
Ellagic Acid,Burkholderia cepacia,0,698,29
Dibenzyl disulphide,Actinomyces oris,1,671,7
(1E)-1-{[(1E)-prop-1-ene-1-sulfinyl]sulfanyl}prop-1-ene,Aggregatibacter actinomycetemcomitans,0,4,11
(E)-3-Decen-2-one,Serratia liquefaciens,0,89,135
Arbekacin,Candida guiliermondi,0,445,37
NA-CATH,Burkholderia thailandensis,1,997,32
"3-{2-[(1S,2R,4aR,8aR)-1,2,4a,5-tetramethyl-1,2,3,4,4a,7,8,8a-octahydronaphthalen-1-yl]ethyl}-N-(3-fluorophenyl)-5-methylidene-2,5-dihydrofuran-2-amine",Staphylococcus aureus,1,308,141
(2E)-1-[4 -(1H-imidazol-1-yl)phenyl]-3-(2-naphthyl)-2-propen-1-one,Streptococcus mutans,1,30,155
Ethambutol,Influenza B virus,0,719,96
Vancomycin,Staphylococcus cohnii,1,1307,145
Enoxacin,Haemophilus influenzae,1,704,78
Kanamycin,Escherichia coli,1,858,69
Epigallocatechin Gallate,Eikenella corrodens,1,710,58
Gatifloxacin,Streptococcus pneumoniae serotype 4,1,776,159
2(5H)-furanone,Enteric bacteria and other eubacteria ,0,167,60
Vanillin,Corynebacterium ammoniagenes,0,1309,50
Lymecycline,Helicobacter pylori ,0,909,82
Chromate,Burkholderia cepacia,0,579,29
Cycloserine,Escherichia coli,1,623,69
NA12,Pseudoalteromonas sp.,0,1000,124
MUC7 12-mer-L4,Kocuria rhizophila,0,916,101
Amlodipine,Bacillus subtilis,1,434,21
Dibenzyl disulphide,Pseudomonas aeruginosa,1,671,125
Linezolid,Enteric bacteria and other eubacteria,1,901,59
Ciprofloxacin ,Haemophilus influenzae,1,592,78
Furanone C-30,Pseudomonas aeruginosa,1,753,125
NaCl,Klebsiella planticola,0,1007,98
Cecropin B,Pseudomonas aeruginosa,1,535,125
Clindamycin,Shigella flexneri,1,599,138
Carabrone,Human herpesvirus 5,0,523,90
4-Fluoro-D-phenylalanine,Influenza B virus,0,330,96
(2Z)-N-hexyl-2-hydroxy-3-[4-(trifluoromethyl)phenyl]prop-2-enamide,Thermus thermophilus ,0,68,169
Rhodomyrtone,Propionibacterium acnes,1,1150,120
GW 5074,Enterobacter cancerogenus,0,767,62
Cefprozil,Streptococcus pneumoniae serotype 4,1,559,159
Enoxacin,Bacillus subtilis,0,704,21
"(2E)-1-(3 ,4 ,5 -trimethoxyphenyl)-3-(2-naphthyl)-2-propen-1-one",Human herpesvirus 1 ,0,24,87
Dapsone,Plasmodium falciparum,0,656,118
"2,4-Dinitro-D-phenylalanine",Varicella-zoster virus,0,176,172
Neohesperidin,Influenza A virus ,0,1013,95
Cefotetan,Staphylococcus equorum,0,554,148
Clioquinol,Vibrio vulnificus,0,601,178
Aloe-emodin,Enterobacter cloacae,0,428,63
Isoconazole,Pseudomonas japonica,0,838,128
Garlic extract,Influenza B virus ,0,775,97
Teichoplanin,Campylobacter jejuni,0,1250,33
Pefloxacin ,Haemophilus influenzae,1,1071,78
Fraxin,Fusarium solani,0,750,75
Erythromycin,Escherichia coli ,1,713,70
Tigecycline,Human herpesvirus 1 ,0,1272,87
Hetacillin,Streptococcus pneumoniae,1,800,158
Rutin,Staphylococcus haemolyticus,0,1163,149
BMAP-27,Pseudomonas aeruginosa,1,460,125
4-bromo-5-(dibromomethylene)-3-(1-acetoxyoethyl)-2(5H)-furanone,Salmonella enterica,1,346,133
"Ethane-1,2-diamine",Vibrio parahaemolyticus,0,720,177
Sm6(L1)2C,Mycobacterium tuberculosis,0,1204,113
Pivmecillinam,Clostridium perfringens ,1,1105,48
3-(4-fluorophenyl)-5-(3-(allyloxy)-4-hydroxybenzylidene)-2-thioxothiazolidin-4-one,Staphylococcus aureus,1,272,141
Quercetin-3-O-glucuronide,Staphylococcus aureus,1,1129,141
Mezlocillin,Streptococcus pneumoniae,1,938,158
Epicatechin,Streptomyces sp. ,0,706,167
3-(4-fluorophenyl)-5-(3-ethoxy- 4-hydroxybenzylidene)-2-thioxothiazolidin-4-one,Staphylococcus aureus,1,273,141
N-[(3-chloro-isoquinolin-4-yl)methylene]benzohydrazide,Listeria monocytogenes serotype 4a,0,988,105
Fleroxacin,Haemophilus influenzae,1,740,78
Esculin hydrate,Vibrio campbellii,0,717,174
Heptamethoxyflavone,Staphylococcus epidermis,0,797,147
Ciprofloxacin,Haemophilus influenzae,1,590,78
"1,3-dimethyl-6-(4-methylphenyl)-5-[3-(4-nitrophenyl)-1-phenyl-1H-pyrazol-4-yl]-1H,2H,3H,4H,5H,6H-pyrimido[4,5-d][1,3]diazine-2,4-dione",Burkholderia multivorans,0,118,30
sorivudine,Mycobacterium tuberculosis,0,1388,113
Olive oil,Actinobacillus actinomycetemcomitans,0,1047,6
Clioquinol,Candida albicans,1,601,34
Nodakenetin,Bacteroides eggerthii,0,1026,23
4-Bromo-D-phenylalanine,Pseudomonas fluorescens,0,322,127
Gentamicin ,Escherichia coli,1,780,69
Methylthiopropylamine,Hafnia paralvei,0,935,80
Cefalotin,Clostridium perfringens ,1,540,48
Lymecycline,Geobacillus kaustophilus,0,909,77
Aniline,Acinetobacter sp.,0,440,5
"(2-(4-chlorophenyl)- 4-{[(6-methyl-2-pyridinyl)amino]methylene}-1,3-oxazol- 5(4H)-one)",Plasmodium falciparum,0,13,118
digoxin,Staphylococcus saprophyticus,0,1363,150
Silver nanoparticles,Pseudomonas aeruginosa,1,1194,125
Pa-MAP,Pseudomonas aeruginosa,0,1063,125
Cefalonium,Listeria monocytogenes,1,539,104
Tipranavir,Human immunodeficiency virus 1,1,1276,92
"2-(2-chloro-5-fluorophenyl)-5-(4,5-dibromo-1-methyl-1H-pyrrol-2-yl)-1,3,4-oxadiazole",Streptococcus epidermidis,1,191,152
Ritonavir,Aeromonas sobria,0,1158,10
Niacinamide,Pseudomonas aeruginosa,1,1018,125
Allicin,Proteus mirabilis,1,426,121
Cerulenin ,Escherichia coli,1,569,69
HE10,Eikenella corrodens,0,791,58
Propyl gallate,Staphylococcus cohnii,0,1117,145
Myxinidin1,Staphylococcus aureus,1,956,141
4-Fluoro-D-phenylalanine,Candida spp.,0,330,40
D-Cystine,Pseudomonas chlororaphis,0,634,126
Enoxacin,Haemophilus influenzae,1,704,78
Quinupristin,Escherichia coli ,1,1133,70
Clove oil,Obesumbacterium proteus,0,605,115
Ceftizoxime,Edwardsiella tarda,0,562,56
Amphotericin B,Candida albicans,1,436,34
(RW)4D,Escherichia coli,1,98,69
Ch Dhvar5 ads,Burkholderia thailandensis,0,570,32
Cinoxacin,Haemophilus influenzae,1,589,78
N-(4-hydroxy-2-methylphenyl)-3-oxododecanamide,Porphyromonas gingivalis,1,980,119
Fosfomycin,Escherichia coli,1,748,69
Timolol,Hepatitis B virus D,0,1274,83
Thiophenone TF101,Escherichia coli,1,1268,69
7-hydroxyindole,Pseudomonas aeruginosa,1,406,125
Azithromycin,Aspergillus fumigatus,0,456,15
"(1R,3S,7R,8S,11S,12R)-3-hydroxy-1,4,8-trimethyl-12-(propan-2-yl)tricyclo[9.3.0.0]tetradec-4-en-6-one",Candida krusei,0,8,38
PTP-7,Clostridium leptum,0,1062,45
Epigallocatechin Gallate,Halomonas pacifica,0,710,81
Sorbitol,Bacteroides vulgatus,0,1210,26
Tet-213,Staphylococcus aureus,1,1261,141
VS2,Streptococcus mutans,0,1305,155
2-amino-4-chlorobenzoic acid,Burkholderia multivorans,1,231,30
Gemifloxacin,Haemophilus influenzae,1,777,78
Efavirenz,Human immunodeficiency virus 1,1,696,92
Cloxacillin,Clostridium perfringens ,1,606,48
Chlorhexidine acetate,Pseudomonas aeruginosa,0,576,125
Ceforanide,Bacteroides fragilis,1,552,24
Methyl gallate,Staphylococcus epidermidis,1,933,146
Enoxacin,Klebsiella variicola,0,704,100
Octyl gallate,Pseudomonas chlororaphis,0,1043,126
"octane-1,8-diamine",Hepatitis C Virus ,0,1378,85
Peptide 1037,Desulfovibrio africanus,0,1087,54
"(2R,3E)-2-Amino-4-phenyl-3-butenoic acid",Shewanella oneidensis,0,51,137
"octane-1,8-diamine",Achromobacter sp.,0,1378,0
Gallium cation,Citrobacter freundii,0,771,43
Menthol,Aeromonas hydrophila,1,925,9
Salicylic Acid,Candida albicans,1,1180,34
Enfuvirtide,Human immunodeficiency virus 1,1,703,92
Cloxacillin,Listeria monocytogenes,1,606,104
OSIP108,Candida albicans,1,1040,34
Sennidin A,Klebsiella variicola,0,1188,100
Thymol,Marinobacter hydrocarbonoclasticus,0,1270,107
"N-(1,3-Thiazol-2-yl)butanamide",Streptococcus sanguinis,0,970,162
Enoxacin,Haemophilus influenzae,1,704,78
Apigenin,Lysinibacillus sphaericus,0,443,106
Heptadecanoic acid,Klebsiella planticola,0,796,98
Autoinducer-2,Staphylococcus epidermidis,1,452,146
ZnO nanoparticles,Pseudomonas aeruginosa,1,1333,125
3-Methoxychalcone,Bacteroides vulgatus,0,287,26
Telekin,Candida albicans,1,1253,34
(Z)-4-bromo-5-(bromomethylene)-3-(1-bromoethyl)-2(5H)-furanone,Enterobacteria phage T4,0,102,65
"(1R,2S,7R,3E,11E)-2,18-diacetoxycembra-3,8(19),11,15(17)-tetraen-7-ol",Pseudomonas aeruginosa,1,5,125
"(5S)-1,7-bis(4-hydroxyphenyl)-5-O-_-D- apiofuranosyl(1 _ 6)-_-D-glucopyranosyloxyheptan-3-one",Pseudomonas aeruginosa,1,77,125
1-{6-nitro-4-phenyl-2-[(E)-2-[4-(trifluoromethoxy)phenyl]ethenyl]quinolin-3-yl}ethan-1-one,Dihydropteroate synthase type-1,0,145,55
Pefloxacin,Haemophilus influenzae,1,1070,78
"4-(2-(5-(4,5-dibromo-1-methyl-1H-pyrrol-2-yl)-1,3,4-oxadiazol-2-yl)vinyl)-2-methoxyphenol",Staphylococcus aureus,1,312,141
Flavonoids 7,Vibrio harveyi,1,739,176
Trimethyl(3-{4-[3-(trimethylazaniumyl)propoxy]phenoxy}propyl)azanium dibromide,Desulfovibrio africanus,0,1290,54
cov-GL13K,Clostridium perfringens ,0,1356,48
Cefotaxime,Acinetobacter baumannii,1,553,2
Benzalacetone,Vibrio harveyi,1,471,176
Eucarobustol E,Francisella novicida,0,725,74
Esculin hydrate,Staphylococcus equorum,0,717,148
"3-(2-Furylmethyl)-2-{[(5-hydroxy-1H-pyrazol-3-yl)methyl]sulfanyl}-3,5,6,7-tetrahydro-4H-cyclopenta[4,5]thieno[2,3-d]pyrimidin-4-one",Enterococcus gallinarum,0,263,68
Dezocine,Haemophilus influenzae,1,666,78
CGP-37157,Candida albicans,1,510,34
L-2-Bromophenylalanine,Staphylococcus epidermis,1,863,147
3-(3-fluorophenyl)-5-(3-ethoxy-4-hydroxybenzylidene)-2-thioxothiazolidin-4-one,Staphylococcus aureus,1,270,141
Ganciclovir,Human herpesvirus 1 ,1,774,87
2-(2-(2-Chloroacetamido)-5-nitrophenyl)-2-oxo-N-( prop-2-yn-1-yl)acetamide,Pseudomonas japonica,0,188,128
3-(4-fluorophenyl)-5-(3-(allyloxy)-4-hydroxybenzylidene)-2-thioxothiazolidin-4-one,Staphylococcus aureus,1,272,141
Lymecycline,Escherichia coli,1,909,69
Gemifloxacin,Haemophilus influenzae,1,777,78
Sennidin A,Pseudomonas libaniensis,0,1188,129
KSL-W,Actinobacillus actinomycetemcomitans,0,855,6
Cyanidin,Pseudomonas aeruginosa,1,620,125
"2-(4,5-dibromo-1-methyl-1H-pyrrol-2-yl)-5-phenyl-1,3,4-oxadiazole",Staphylococcus epidermis,0,198,147
3-Chloro-5-[(2-chloroethoxy)]-4-[(4-methylphenylsulfanyl)]-2(5H)-furanone,Hepatitis C Virus ,0,280,85
"1-[2-(3-bromo-4-hydroxy-5-methoxyphenyl)-5-(3,4,5-trimethoxyphenyl)-1,3,4-oxadiazol-3(2H)-yl]ethanone",Candida spp.,0,134,40
"3,5-dibromotyrosined",Bacteroides,0,259,22
Cynarin,Streptomyces rubiginosus,0,625,166
Cefixime,Haemophilus influenzae,1,547,78
Cycloserine,Escherichia coli,1,623,69
Mezlocillin,Clostridium perfringens ,1,938,48
Chrysophanol,Stenotrophomonas maltophilia,1,581,151
CGP-37157,Listeria ivanovii,0,510,103
Oxytetracycline,Enteric bacteria and other eubacteria,1,1056,59
L-Aspartate,Staphylococcus aureus,1,866,141
2-oxindole,Amycolatopsis orientalis,0,243,12
"1,3-dim-tolyurea",Streptococcus mutans,1,116,155
Quinolin-8-ol,Human respiratory syncytial virus B,0,1132,94
Cephaloglycin,Pseudomonas libaniensis,0,567,129
Cefmenoxime,Clostridium perfringens ,1,548,48
"2-Benzyl-5-(4,5-dibromo-1-methyl-1H-pyrrol-2-yl)-1,3,4-oxadiazole",Pseudomonas aeruginosa,1,214,125
"N-((2R,3R,4S,5S,6R)-2,4,5-Trihydroxy-6-(hydroxymethyl)tetrahydro-2H-pyran-3-yl)butyramide",Pseudomonas aeruginosa,1,966,125
Zanamivir,Influenza A virus ,1,1325,95
Pyrimethamine,Plasmodium falciparum,1,1123,118
BMAP-28,Staphylococcus aureus,1,461,141
Norspermidine,Staphylococcus caprae,0,1031,143
Asperdiol,Pseudomonas putida,0,446,130
N-(4-Bromobenzylidene)benzohydrazide,Staphylococcus aureus,1,976,141
7-nitroindole,Campylobacter jejuni,0,409,33
Eugenol,Trichophyton mentagrophytes,0,726,170
4-Ethylcatechol,Mycobacterium avium,0,326,110
Oxantel,Porphyromonas gingivalis,1,1053,119
Fusidic acid,Staphylococcus aureus,1,762,141
3-(Trifluoromethyl)phenylalanine,Streptococcus oralis,0,275,156
Cefoperazone,Escherichia coli,1,551,69
1-methyl-4-({[(4-methylphenyl)methyl]disulfanyl}methyl)benzene,Firmicutes,0,138,73
3-(4-fluorophenyl)-5-(3-ethoxy- 4-hydroxybenzylidene)-2-thioxothiazolidin-4-one,Staphylococcus aureus,1,273,141
Carboxymethyl chitosan,Staphylococcus epidermidis,1,525,146
Phloretin,Escherichia coli,1,1094,69
Latamoxef,Bacillus subtilis,1,894,21
3-(pyridin-3-yl)-5-(3-ethoxy-4-hydroxybenzylidene)-2-thioxothiazolidin-4-one,Staphylococcus aureus,1,276,141
Ursolic Acid,Staphylococcus aureus,1,1302,141
Cathelicidin,Aggregatibacter actinomycetemcomitans,1,533,11
Lamivudine,Hepatitis B virus F,1,892,84
Clavulanate ,Yersinia enterocolitica,0,598,179
3-(3-Pyridinyl)alanine,Staphylococcus aureus,1,269,141
Tigecycline,Escherichia coli,1,1272,69
Isothiocyanate,Mycobacterium smegmatis,0,847,112
"(5S)-1,7-bis(4-hydroxyphenyl)-5-O-_-D- apiofuranosyl(1 _ 6)-_-D-glucopyranosyloxyheptan-3-one",Baker's yeast,0,77,27
Pyrimethamine,Plasmodium falciparum,1,1123,118
nitrazepam,Human immunodeficiency virus 1,0,1377,92
Phenyl-arginine-b-naphthylamide,Lactobacillus fermenti,0,1092,102
"(Z)-5-octylidenethiazolidine-2,4-dione",Candida krusei,0,111,38
4H-tomentosin,Candida albicans,1,362,34
n-Hexane,Staphylococcus aureus,1,1374,141
"4,5-dihydroxy-2,3-pentanedione",Staphylococcus caprae,0,311,143
Apramycin,Bacteroides,0,444,22
Avibactam,Marinobacter hydrocarbonoclasticus,0,454,107
Ertapenem,Haemophilus influenzae,1,711,78
Mezlocillin,Clostridium perfringens ,1,938,48
Quercetin,Staphylococcus epidermis,0,1127,147
Furanone C-30,Pseudomonas aeruginosa,1,753,125
(2E)-3-(3-hydroxy-4-methoxyphenyl)-1-phenylprop-2-en-1-one,Haemophilus influenzae,1,34,78
Curcumin,Mycobacterium leprae,0,619,111
"(Z)-5-decylidenethiazolidine-2,4-dione",Plasmodium falciparum,0,110,118
"2-(4,5-dibromo-1-methyl-1H-pyrrol-2-yl)-5-phenyl-1,3,4-oxadiazole",Clostridium perfringens ,0,198,48
Ertapenem,Haemophilus influenzae,1,711,78
Fluconazole,Candida albicans,1,743,34
Propyl gallate,Streptococcus mutans,1,1117,155
Pefloxacin,Haemophilus influenzae,1,1070,78
Azithromycin,Raoultella ornithinolytica,0,456,131
2-Hexylmaleic anhydride,Mycobacterium avium,0,219,110
Emodin,Streptococcus salivarius,0,700,161
(2E)-1-[4 -(1H-imidazol-1-yl)phenyl]-3-(3-methoxy-4-benzyloxi-phenyl)-2-propen-1-one,Streptococcus mutans,1,31,155
Auranofin,Candida albicans,1,451,34
Clofazimine,Staphylococcus equorum,0,602,148
Ciprofloxacin,Haemophilus influenzae,1,590,78
Polyethyleneimine,Staphylococcus epidermis,1,1108,147
LL-37,Staphylococcus epidermidis,1,888,146
Amprenavir,Human immunodeficiency virus 1,1,438,92
RTA3,Human herpesvirus 4,0,1143,89
TMB-8,Klebsiella planticola,0,1239,98
2-amino-3-(3-nitrophenyl)propanoic acid,Coagulase- negative staphylococci,0,227,49
Eugenol,Staphylococcus aureus,1,726,141
Fleroxacin,Thermus thermophilus ,0,740,169
trans-2-Nonenal,Varicella-zoster virus,0,1389,172
"1,2,3,4-Tetrahydroisoquinoline-3-carboxylic acid",Listeria monocytogenes serotype 4a,0,114,105
Lomefloxacin,Haemophilus influenzae,1,904,78
"Triethyl[3-({33-[2-(triethylazaniumyl)ethoxy]-10,15,20,25,27,29,31,34-octakis[3-(triethylazaniumyl)propoxy]hexacyclo[21.2.2.2.2.2.2]pentatriaconta-1(25),3,5,8,10,13,15,18,20,23,26,28,30,32,34-pentadecaen-4-yl}oxy)propyl]azanium decabromide",Serratia marcescens,0,1287,136
2-(2-(2-Azidoacetamido)-5-fluorophenyl)-2-oxo-N-( prop-2-yn-1-yl)acetamide,Candida krusei,0,182,38
Trimethoprim-sulfamethoxazole,Streptococcus parasanguinis,0,1288,157
Imazalil,Amycolatopsis orientalis,0,821,12
LL13-37,Pseudomonas aeruginosa,1,889,125
Rifapentine ,Streptococcus oralis,0,1155,156
Coumarin,Candida tropicalis,0,616,41
S-phenyl-L-cysteine sulfoxide,Plasmodium falciparum,0,1173,118
2-(2-(2-Chloroacetamido)-5-methylphenyl)-2-oxo-N-( prop-2-yn- 1-yl)acetamide,Mycobacterium leprae,0,187,111
Uracil,Mycobacterium smegmatis,0,1301,112
FS8,Hepatitis B virus F,0,730,84
Propanol,Eggerthella lenta,0,1116,57
Esculetin,Burkholderia cenocepacia,1,715,28
Aspirin,Candida glabrata,0,448,36
"Triethyl[3-({33-[2-(triethylazaniumyl)ethoxy]-10,15,20,25,27,29,31,34-octakis[3-(triethylazaniumyl)propoxy]hexacyclo[21.2.2.2.2.2.2]pentatriaconta-1(25),3,5,8,10,13,15,18,20,23,26,28,30,32,34-pentadecaen-4-yl}oxy)propyl]azanium decabromide",Thermus thermophilus,0,1287,168
NA8,Bacteroides,0,1001,22
Clary sage oil,Streptococcus mutans,0,597,155
Esomeprazole,Streptococcus sanguinis,0,718,162
cat-AGE-RK1,Staphylococcus haemolyticus,0,1350,149
6-Chlorooxindole,Micrococcus luteus,0,392,108
Cefoxitin,Escherichia coli,1,556,69
NA12,Bacillus cereus,0,1000,19
S-methyl- L-cysteine,Bacillus amyloliquefaciens,0,1171,17
2-Chloro-DL-Phenylalanine,Pseudoalteromonas sp.,0,216,124
Ethambutol,Mycobacterium tuberculosis,1,719,113
Caspofungin,Pantoea agglomerans,0,530,116
VSL2,Staphylococcus chromogenes,0,1306,144
17-Deacetyl norgestimate,Klebsiella pneumoniae,0,166,99
Sulfacetamide,Acinetobacter baumannii,0,1222,2
"(2S,3R,4S,5S,6R)-6-(Acetoxymethyl)-3-(2-(4-bromophenyl)acetamido)tetrahydro-2H-pyran-2,4,5-triyl triacetate",Enterococcus gallinarum,0,58,68
Norspermidine,Pseudomonas aeruginosa,1,1031,125
Ssp (A4K-A11K),Streptococcus mutans,1,1212,155
"4-Fluoro-(S)-4,5-Dihydroxypentane-2,3-dione",Vibrio vulnificus,0,328,178
Pivmecillinam,Clostridium perfringens ,1,1105,48
Phenytoin,Candida albicans,1,1093,34
Cloxacillin,Streptococcus pneumoniae,1,606,158
Phenoxymethylpenicillin,Staphylococcus aureus,1,1091,141
Glycomonoterpenes (G-citral),Hafnia alvei,0,785,79
Fluconazole,Candida albicans,1,743,34
Pefloxacin ,Haemophilus influenzae,1,1071,78
5-Fluorouracil,Pseudomonas aeruginosa,1,380,125
3-(3-Pyridinyl)alanine,Bacillus cereus,0,269,19
"2-(2,4-difluorophenyl)-1,3-bis(1H-1,2,4-triazol-1-yl)propan-2-yl (2E)-3-phenylprop-2-enoate",Enteric bacteria and other eubacteria,0,180,59
hLF1-11,Candida albicans,1,1367,34
Curcumin,Vibrio parahaemolyticus,1,619,177
"3,4-Dichloro-5-[(4-methylphenylsulfonyl)]-2(5H)-furanone",Clostridium bacilli,0,252,44
Lys-a1,Burkholderia thailandensis,0,910,32
Cefonicid,Escherichia coli,1,550,69
"4-Hydroxy-2,5-dimethyl-3(2H)-furanone",Acinetobacter sp.,0,332,5
BS-34,Proteus mirabilis,0,462,121
Dezocine,Haemophilus influenzae,1,666,78
Apigenin,Arthrobacter sp. ,0,443,14
Dirithromycin,Enteric bacteria and other eubacteria,1,686,59
Cefepime ,Escherichia coli,1,546,69
"(2E)-1-(1,3-benzodioxol-5-yl)-3-[5-(2-nitro-phenyl)-furan-2-yl]-2-propen-1-one",Clostridium perfringens ,0,18,48
Gatifloxacin,Streptococcus pneumoniae serotype 4,1,776,159
Amikacin,Enteric bacteria and other eubacteria,1,430,59
Terconazole,Influenza B virus ,0,1257,97
"(2S,3R,4S,5S,6R)-6-(Acetoxymethyl)-3-(2-(4-chlorophenyl)acetamido)tetrahydro-2H-pyran-2,4,5-triyl triacetate",Bacteroides uniformis,0,59,25
Enoxacin,Aspergillus niger,0,704,16
Norgestimate,Staphylococcus aureus,1,1029,141
"5,8,11,14-Eicosatetraynoic acid",Amycolatopsis orientalis,0,365,12
Nelfinavir,Human immunodeficiency virus,1,1011,91
Cefoxitin,Streptococcus pneumoniae,1,556,158
Pentamethoxyflavone,Vibrio harveyi,1,1083,176
"(2E)-1-(2 ,4 ,5 -trimethoxyphenyl)-3-(2-chloro-6-methoxy-quinolin-3-yl)-2-propen-1-one",Enterococcus faecalis,1,19,66
Ceftazidime,Escherichia coli,1,560,69
"3,5-Diiodotyrosine",Candida krusei,0,257,38
Rhodomyrtone,Propionibacterium acnes,1,1150,120
Cefaclor,Clostridium perfringens ,1,537,48
Polyethyleneimine,Clostridium perfringens,0,1108,47
Ceftobiprole,Salmonella enterica,0,563,133
N-[(3-chloro-isoquinolin-4-yl)methylene]benzohydrazide,Staphylococcus aureus,1,988,141
Cloxacillin,Varicella-zoster virus,0,606,172
Quercetin,Clostridium perfringens,0,1127,47
Crocin,Achromobacter sp.,0,618,0
Sodium Chloride,Pseudomonas fluorescens,1,1207,127
(1Z)-(2-phenylethylidene)-lambda4-sulfanyliumolate,Streptococcus sanguis,1,10,163
3-(3-fluorophenyl)-5-(3-ethoxy-4-hydroxybenzylidene)-2-thioxothiazolidin-4-one,Staphylococcus aureus,1,270,141
beta-Defensin-1,Candida tropicalis,0,1346,41
Cinnamaldehyde,Coagulase- negative staphylococci,0,585,49
D-glutamine,Bacteroides fragilis,0,644,24
3-(4-fluorophenyl)-5-(3-(allyloxy)-4-hydroxybenzylidene)-2-thioxothiazolidin-4-one,Staphylococcus aureus,1,272,141
Amphotericin B,Candida albicans,1,436,34
Enoxacin,Haemophilus influenzae,1,704,78
Micafungin,Staphylococcus cohnii,0,939,145
Norfloxacin,Human immunodeficiency virus 1,0,1028,92
Azithromycin,Pseudomonas aeruginosa,1,456,125
ZnO nanoparticles,Geobacillus kaustophilus,0,1333,77
N-[5-(6-amino-9H-purin-9-yl)-4-hydroxy-2-(hydroxymethyl)oxolan-3-yl]-3-(4-methoxyphenyl)propanamide,Morganella morganii,0,989,109
Ch Dhvar5 ads,Staphylococcus aureus,1,570,141
"2,3,4,5,6-Pentafluoro-L-phenylalanine",Staphylococcus aureus,1,169,141
Ritonavir,Human herpesvirus 4,0,1158,89
"(10R,11R)-Hydnocarpin",Staphylococcus aureus,1,1,141
Shikonin,Staphylococcus saprophyticus,0,1190,150
Gentamicin,Enterococcus faecium,0,779,67
Tyrosol,Acinetobacter nosocomialis,0,1295,3
Lymecycline,Escherichia coli,1,909,69
Ribavirin,Influenza A virus ,1,1151,95
Ciprofloxacin,Stenotrophomonas maltophilia,1,590,151
Posaconazole,Candida albicans,1,1111,34
"Dihydroxybenzoic Acid (2,4-DHBA)",Clostridium bacilli,0,680,44
alpha-Defensin-3,Clostridium pasteurianum,0,1336,46
Allicin,Proteus mirabilis,1,426,121
6-fluoroindole,Influenza A virus ,0,397,95
Bis[(4-methylphenyl)methyl] disulfide,Human herpesvirus 5,0,491,90
14-Glycinyl andrographolide hydrochloride,Escherichia coli ,0,161,70
LF11-322,Hepatitis B virus F,0,881,84
Caspofungin,Candida albicans,1,530,34
4-Amino-D-phenylalanine,Burkholderia multivorans,0,318,30
4-Hydroxychalcone,Klebsiella planticola,0,333,98
Zanamivir,Influenza A virus ,1,1325,95
Danthron,Thermus thermophilus,0,655,168
Tyrosol,Obesumbacterium proteus,0,1295,115
"(5Z)-2-(1,1-dichloropropyl)-5-{[4-(trifluoromethyl)phenyl]methylidene}-1,3-oxazolidin-4-one",Staphylococcus epidermidis,0,84,146
Levofloxacin,Haemophilus influenzae,1,897,78
Na-Propionate,Hafnia alvei,0,1005,79
Apigenin,Escherichia coli,1,443,69
Penicillenol B1,Burkholderia cepacia,0,1076,29
3-Carbamoylphenylalanine,Staphylococcus aureus,1,279,141
Gemifloxacin,Haemophilus influenzae,1,777,78
N -(3-nitro-4-hydroxy-benzylidene)benzohydrazide,Providencia stuartii,0,959,123
Cefuroxime,Hepatitis B virus D,0,565,83
methanesulfonylbenzene,Candida spp.,0,1373,40
Phosphate,Escherichia coli,1,1096,69
D-Cystine,Staphylococcus aureus,1,634,141
Cefoperazone,Propionibacterium acnes,0,551,120
"L-744,832",Escherichia coli O6:H1 (strain CFT073 / ATCC 700928 / UPEC),0,865,71
Ethylene glycol tetraacetic acid,Enterobacteria phage T4,0,723,65
"Dihydroxybenzoic Acid (2,4-DHBA)",Streptococcus pneumoniae serotype 4,0,680,159
Zanamivir,Influenza B virus,1,1325,96
Naringin,Vibrio harveyi,1,1010,176
Ribavirin,Human parainfluenza virus type 2,1,1151,93
4-hydroxy coumarin,Escherichia coli,1,355,69
D-Citrulline,Staphylococcus aureus,1,633,141
Rimantadine,Influenza A virus ,1,1157,95
S-(2-Aminoethyl)-L-cysteine hydrochloride,Streptococcus sanguis,1,1164,163
cyclo(Trp-Ser),Pseudoalteromonas sp.,0,1357,124
Isohydnocarpin,Staphylococcus aureus,1,840,141
Penicillenol C2,Enterococcus faecalis,0,1079,66
Ethylene glycol tetraacetic acid,Staphylococcus aureus,1,723,141
Zeaxanthin,Streptococcus pyogenes,0,1326,160
Metronidazole,Serratia marcescens,0,937,136
Cathelicidin,Aggregatibacter actinomycetemcomitans,1,533,11
3-Hydroxyphenylalanine,Staphylococcus epidermidis,0,283,146
Fleroxacin,Haemophilus influenzae,1,740,78
Niclosamide,Staphylococcus haemolyticus,0,1019,149
"(2E)-1-(3 ,4 ,5 -trimethoxyphenyl)-3-(2-naphthyl)-2-propen-1-one",Staphylococcus aureus,1,24,141
DASamP1,Staphylococcus capitis,0,647,142
Pa-MAP,Escherichia coli,1,1063,69
3-(pyridin-3-yl)-5-(3-ethoxy-4-hydroxybenzylidene)-2-thioxothiazolidin-4-one,Staphylococcus epidermidis,1,276,146
Linalool,Acinetobacter baumannii,1,900,2
"Bis-O-acetyl-4,5-dihydroxy-2,3-pentanedione",Pantoea agglomerans,0,489,116
Prolificin A,Enterobacter cloacae,0,1115,63
Sorbitol,Actinoplanes missouriensis,1,1210,8
2-Chloro-DL-Phenylalanine,Baker's yeast,0,216,27
Niacinamide,Pseudomonas aeruginosa,1,1018,125
Palmitic acid,Pseudomonas aeruginosa,1,1065,125
Sage oil,Staphylococcus haemolyticus,0,1179,149
"14-dehydroxy-11,12-didehydroandrographolide- 3,19-bis(succinic acid) potasium sodium salt",Pseudomonas aeruginosa,1,163,125
Tomentosin,Trichophyton mentagrophytes,0,1281,170
Silver nanoparticles,Aquifex aeolicus,0,1194,13
Fluconazole,Candida albicans,1,743,34
"1,3-dimethyl-6-(4-methylphenyl)-5-[3-(4-methylphenyl)-1-phenyl-1H-pyrazol-4-yl]-1H,2H,3H,4H,5H,6H-pyrimido[4,5-d][1,3]diazine-2,4-dione",Staphylococcus aureus,1,117,141
3-[(prop-2-ene-1-sulfinyl)sulfanyl]prop-1-ene,Streptococcus mutans,1,291,155
"(2S,3R,4S,5S,6R)-3-(2-(1H-Indol-3-yl)acetamido)-6-(acetoxymethyl)tetrahydro-2H-pyran-2,4,5-triyl triacetate",Enterococcus faecium,0,56,67
Quercetin,Vibrio harveyi,1,1127,176
Ciprofloxacin,Haemophilus influenzae,1,590,78
N-(4-Bromobenzylidene)benzohydrazide,Aspergillus fumigatus,0,976,15
5-(dibromomethylene)-3-(1-bromobutyl)-2(5H)-furanone,Bacillus cereus,0,369,19
D-Leucine,Bacillus subtilis,0,637,21
5-(dibromomethylene)-3-(1-bromoethyl)-2(5H)-furanone,Providencia stuartii,0,370,123
Ertapenem,Haemophilus influenzae,1,711,78
PG-1,Streptococcus sanguinis,0,1060,162
Fluconazole,Bacillus licheniformis,0,743,20
Neoeriocitrin,Vibrio harveyi,1,1012,176
Miconazole,Candida albicans,1,940,34
Tipranavir,Actinomyces oris,0,1276,7
4-hydroxy coumarin,Helicobacter pylori ,0,355,82
"(R)-2,3-Diaminopropanoic acid",Staphylococcus capitis,0,91,142
Chloramphenicol,Streptococcus epidermidis,0,574,152
"N1-[7-(trifluoromethyl)quinolin-4-yl]octane-1,8-diamine",Obesumbacterium proteus,0,996,115
Imipenem,Staphylococcus aureus,1,822,141
"14,15,29,30-Tetrahydro-5H,20H-dibenzo[h,s]bis([1,2,3]triazolo)[5,1-c:5_,1_-n][1,4,7,12,15,18]hexaazacyclodocosine-6,12,13,21,27,28(7H,22H)-hexaone",Staphylococcus haemolyticus,0,160,149
Silver nitrate,Kocuria rhizophila,1,1196,101
"2-(4-(Trifluoromethyl)phenyl)-N-((2R,3R,4S,5S,6R)-2,4,5-trihydroxy-6-(hydroxymethyl)tetrahydro-2H-pyran-3-yl)acetamide",Staphlococcus aureus,0,201,140
Curcumin,Dihydropteroate synthase type-1,0,619,55
Bismuth oxide nanoparticle,Streptococcus mitis,0,492,154
LL-37,Aggregatibacter actinomycetemcomitans,1,888,11
Zinc oxide,Pseudomonas aeruginosa,1,1331,125
Rifampicin,Escherichia coli,1,1154,69
Uracil,Escherichia coli,1,1301,69
Hinokitiol,Enterococcus faecium,0,804,67
NaCl,Campylobacter jejuni,1,1007,33
Evodiamine,Escherichia coli,0,727,69
Sulfadoxine,Desulfovibrio africanus,0,1226,54
"(Z)-5-decylidenethiazolidine-2,4-dione",Aspergillus fumigatus,0,110,15
Ceftizoxime,Bacillus cereus,0,562,19
Patulin,Bacteroides uniformis,0,1069,25
S-(2-thienyl)-L-cysteine,Human immunodeficiency virus 1,0,1166,92
digoxin,Streptococcus parasanguinis,0,1363,157
"(2E)-1-(3 ,4 -dimethoxyphenyl)-3-(2-naphthyl)-2-propen-1-one",Staphylococcus epidermidis,1,25,146
Hypericin,Streptococcus mutans,1,812,155
Chloroxine,Streptococcus parasanguinis,0,577,157
"(2S,3R,4S,5S,6R)-6-(Acetoxymethyl)-3-octanamidotetrahydro-2H-pyran-2,4,5-triyl triacetate",Pseudomonas aeruginosa,1,67,125
"4-Fluoro-(S)-4,5-Dihydroxypentane-2,3-dione",Providencia stuartii,0,328,123
L-Aspartate,Staphylococcus aureus,1,866,141
Isobutanol,Enterococcus faecium,0,837,67
C8-HSL,Streptococcus gordonii,0,508,153
Saquinavir,Human immunodeficiency virus 1,1,1183,92
LL-13,Burkholderia pseudomallei,1,884,31
1-(pyrazin-2-yl)ethan-1-one,Aspergillus fumigatus,0,129,15
Cefotetan,Aspergillus fumigatus,0,554,15
Cecropin (1-7)-melittin A (2-9) amide,Enterobacter aerogenes,0,534,61
Norgestimate,Pantoea agglomerans,0,1029,116
6-Bicyclic brominated furanones,Pseudomonas aeruginosa,1,390,125
Cerulenin,Escherichia coli,1,568,69
"Trimethyl[3-({33-[2-(trimethylazaniumyl)ethoxy]-10,15,20,25,27,29,31,34-octakis[3-(trimethylazaniumyl)propoxy]hexacyclo[21.2.2.2,.2,.2,.2]pentatriaconta-1(25),3,5,8,10,13,15,18,20,23,26,28,30,32,34-pentadecaen-4-yl}oxy)propyl]azanium decabromide",Streptococcus oralis,0,1293,156
1-(4-chlorophenyl)-3-p-tolyurea,Varicella-zoster virus,0,125,172
(Z)-3-(bromomethylene) isobenzofuran-1(3H)-one,Marinobacter hydrocarbonoclasticus,0,99,107
Praziquantel,Escherichia coli ,0,1113,70
GL13K,Sphingomonas sp. Ibu-2,0,766,139
Zanamivir,Influenza B virus,1,1325,96
D-Aspartic acid,Staphylococcus aureus,1,632,141
Fenclonine,Staphylococcus capitis,0,733,142
trans-Stillbene,Morganella morganii,0,1393,109
Gatifloxacin,Streptococcus pneumoniae serotype 4,1,776,159
(2E)-3-(4-Hydroxy-3-methoxyphenyl)-1-phenyl-2-propen-1-one,Streptomyces gordonii,0,35,165
2-(2-(2-Chloroacetamido)-5-methylphenyl)-2-oxo-N-( prop-2-yn- 1-yl)acetamide,Stenotrophomonas maltophilia,0,187,151
Esculin hydrate,Burkholderia multivorans,1,717,30
hLF1-11,Corynebacterium ammoniagenes,0,1367,50
"(2E)-1-(2 ,5 -dimethoxyphenyl)-3-(2-naphthyl)-2-propen-1-one",Vibrio harveyi,0,22,176
Pefloxacin ,Corynebacterium ammoniagenes,0,1071,50
Cefotaxime,Acinetobacter oleiovorans,0,553,4
Linezolid,Enteric bacteria and other eubacteria,1,901,59
2-Hydroxychalcone,Haemophilus influenzae,1,220,78
Imipenem,Staphylococcus aureus,1,822,141
"(5E)-5-undecylidene-1,3-thiazolidine-2,4-dione",Candida albicans,1,76,34
Apramycin,Enteric bacteria and other eubacteria,1,444,59
Framycetin,Hepatitis B virus D,0,749,83
"3,4-Dichloro-cinnamaldehyde",Vibrio cholerae,1,253,175
7-methylindole,Raoultella ornithinolytica,0,408,131
Indole-3-acetaldehyde,Achromobacter xylosoxidans,0,828,1
D-Asparagine,Escherichia coli O6:H1 (strain CFT073 / ATCC 700928 / UPEC),0,630,71
Sulfadoxine,Plasmodium falciparum,1,1226,118
Cefixime,Raoultella ornithinolytica,0,547,131
(2S)-2-amino-4-bromopent-4-enoic acid,Vibrio vulnificus,0,55,178
Terpinene-4-ol,Bacteroides uniformis,0,1258,25
Copper sulfate,Enterobacter ludwigi,0,614,64
C4-HSL,Serratia liquefaciens,1,506,135
"1-[2-(2-nitrophenyl)-5-phenyl-1,3,4-oxadiazol-3(2H)-yl]ethanone",Staphylococcus aureus,1,132,141
Colistin sodium methanesulfonate,Burkholderia thailandensis,0,611,32
1-(4-methoxyphenyl)-3-p-tolyurea,Streptococcus mutans,1,127,155
VS2,Pseudomonas fluorescens,0,1305,127
2-(2-(2-Azidoacetamido)-5-nitrophenyl)-2-oxo-N-(prop-2-yn-1-yl)acetamide,Acinetobacter sp.,0,184,5
Abacavir,Lactobacillus fermenti,0,416,102
"2,4-Difluorophenylalanine",Acinetobacter oleiovorans,0,174,4
L-pipecolic acid,Staphylococcus aureus,1,877,141
Ofloxacin,Haemophilus influenzae,1,1044,78
(2E)-1-[4-(4-nitrophenyl)piperazin-1-yl]-3-phenylprop-2-en-1-one,Candida tropicalis,0,33,41
Silver Ion,Staphylococcus aureus,0,1192,141
Ticarcillin,Bacillus cereus,0,1271,19
Zinc sulfate,Pseudomonas aeruginosa,1,1332,125
4-Methylphenylalanine,Staphylococcus aureus,1,338,141
17-Deacetyl norgestimate,Kocuria rhizophila,0,166,101
Tioconazole,Candida albicans,1,1275,34
Trovafloxacin,Haemophilus influenzae,1,1294,78
Quinupristin,Coagulase- negative staphylococci,0,1133,49
Meticillin,Streptococcus pneumoniae,1,936,158
(2E)-1-(3 -methoxyphenyl)-3-(2-naphthyl)-2-propen-1-one,Staphylococcus aureus,1,27,141
Benzylpenicillin,Staphylococcus aureus,1,481,141
Triclosan,Streptococcus mutans,1,1284,155
Carabrone,Candida albicans,1,523,34
2-Cyano-D-phenylalanine,Pseudomonas aeruginosa,0,217,125
Brecanavir,Clostridium perfringens ,0,493,48
Ciprofloxacin,Haemophilus influenzae,1,590,78
ZnO nanoparticles,Pseudomonas aeruginosa,1,1333,125
Eucarobustol E,Candida albicans,1,725,34
Nitrofural,Streptococcus parasanguinis,0,1022,157
4-Iodo-d-phenylalanine,Staphylococcus epidermis,1,334,147
Sulfacetamide,Escherichia coli,1,1222,69
Hamamelitannin,Pseudomonas aeruginosa,1,794,125
Amphotericin B,Serratia marcescens,0,436,136
Silver sulfadiazine,Staphylococcus aureus,1,1197,141
Rutin,Burkholderia thailandensis,0,1163,32
Cefmenoxime,Clostridium perfringens ,1,548,48
Clarithromycin,Shigella flexneri,1,595,138
"Butane-1,4-diamine",Pichia anomala,0,496,117
"2-(4,5-dibromo-1-methyl-1H-pyrrol-2-yl)-5-(phenylthio)-1,3,4-oxadiazole",Streptococcus epidermidis,1,196,152
(Z)-4-bromo-5-(bromomethylene)-3-hexyl-2(5H)-furanone,Staphylococcus haemolyticus,0,106,149
"(2E)-1-(1,3-benzodioxol-5-yl)-3-[5-(2-nitro-phenyl)-furan-2-yl]-2-propen-1-one",Staphylococcus aureus,1,18,141
Zinc Dichloride,Staphylococcus haemolyticus,0,1329,149
Framycetin,Escherichia coli,1,749,69
Cefmetazole,Escherichia coli,1,549,69
"1-[2-(3-bromo-4-hydroxy-5-methoxyphenyl)-5-(3,4,5-trimethoxyphenyl)-1,3,4-oxadiazol-3(2H)-yl]ethanone",Staphylococcus epidermidis,1,134,146
Furanone C-30,Helicobacter pylori ,0,753,82
Tyrphostin AG1478,Staphylococcus saprophyticus,0,1297,150
"Phenol,2,4-bis(1,1-dimethylethyl)",Baker's yeast,0,1090,27
Hesperetin,Clostridium bacilli,0,798,44
Cinoxacin,Pseudoalteromonas sp.,0,589,124
Cyclacillin,Clostridium perfringens ,1,621,48
"2-(2-chloro-5-fluorophenyl)-5-(4,5-dibromo-1-methyl-1H-pyrrol-2-yl)-1,3,4-oxadiazole",Staphylococcus aureus,1,191,141
Nelfinavir,Streptococcus oralis,0,1011,156
IG-13,Burkholderia multivorans,0,815,30
Cinoxacin,Mycobacterium tuberculosis,0,589,113
Ampicillin,Listeria monocytogenes,1,437,104
Trimethoxyflavone,Hepatitis C Virus ,0,1289,85
Ciprofloxacin,Haemophilus influenzae,1,590,78
Rifampicin,Enteric bacteria and other eubacteria,0,1154,59
2-Nitro-cinnamaldehyde,Shigella flexneri,0,224,138
4-nitropyridine N -oxide,Streptomyces rubiginosus,0,359,166
Gemifloxacin,Haemophilus influenzae,1,777,78
Neoeriocitrin,Edwardsiella tarda,0,1012,56
Penicillenol B1,Candida albicans,1,1076,34
Micafungin,Pseudomonas aeruginosa,1,939,125
Coumarin,Pseudomonas aeruginosa,1,616,125
1-{2-[(E)-2-(4-hydroxy-3-methoxyphenyl)ethenyl]-4-phenylquinolin-3-yl}ethan-1-one,Escherichia coli,1,140,69
N-(4-Hydroxyphenyl)butanamide,Pseudomonas aeruginosa,1,977,125
Dicloxacillin,Listeria monocytogenes,1,676,104
Vitexin,Pseudomonas aeruginosa,1,1318,125
Diphenyl disulphide,Streptococcus mutans,1,684,155
Levofloxacin,Haemophilus influenzae,1,897,78
Cefpodoxime,Enterobacter cloacae,0,558,63
"5-decyl-1,3-thiazolidine-2,4-dione",Staphylococcus chromogenes,0,383,144
"(2E)-1-(2 ,5 -dimethoxyphenyl)-3-(2-naphthyl)-2-propen-1-one",Streptococcus mutans,1,22,155
"2-geranyloxy-4,6-dihydroxybenzophenone",Staphylococcus epidermidis,1,241,146
Taurine,Neisseria gonorrhoeae,0,1246,114
Undecanoic acid,Escherichia coli,1,1299,69
Heptamethoxyflavone,Vibrio harveyi,1,797,176
6-Chlorooxindole,Schistosoma,0,392,134
Tyrosol,Porphyromonas gingivalis,0,1295,119
(Z)-3-bromo-5-(bromomethylene) furan-2(5H)-one,Human herpesvirus 1 ,0,100,87
1-(6-aminopyridin-3-yl)ethan-1-one,Micrococcus luteus,0,128,108
L-tryptophan,Pseudoalteromonas sp.,0,878,124
2-amino-6-chlorobenzoic acid,Burkholderia cenocepacia,1,233,28
S-phenyl-L-cysteine sulfoxide,Aspergillus fumigatus,0,1173,15
Trovafloxacin,Streptococcus epidermidis,0,1294,152
(2E)-1-(4 -methoxyphenyl)-3-(2-naphthyl)-2-propen-1-one,Pseudomonas aeruginosa,1,28,125
Dicyclohexylamine,Trueperella pyogenes,0,677,171
Darunavir,Enterococcus faecium,0,658,67
5-Fluorouracil,Pseudomonas aeruginosa,1,380,125
5-Fluorouracil,Pseudomonas aeruginosa,1,380,125
Zinc Nitrate,Trueperella pyogenes,0,1330,171
NA-CATH,Burkholderia multivorans,0,997,30
Gentamicin,Escherichia coli,1,779,69
L-Tyrosine,Staphylococcus aureus,1,872,141
"5-Chloro-1-(2-chloroacetyl)indoline-2,3-dione",Cryptococcus neoformans,0,377,52
"1-[2-(2,4-dichlorophenyl)-5-(3,4,5-trimethoxyphenyl)-1,3,4-oxadiazol-3(2H)-yl]ethanone",Staphylococcus aureus,1,131,141
Polyethyleneimine,Clostridium bacilli,0,1108,44
Amoxicillin,Clostridium perfringens ,1,435,48
Betulin,Serratia marcescens,1,484,136
p-nitrophenyl glycerol,Pseudoalteromonas sp.,0,1380,124
"F2,5,12W",Pseudomonas putida,0,728,130
Epigallocatechin Gallate,Staphylococcus epidermidis,1,710,146
(Z)-4-bromo-5-(bromomethylene)-3-butyl-2(5H)-furanone,Lactobacillus fermenti,0,104,102
Cinoxacin,Haemophilus influenzae,1,589,78
4-bromo-5-(bromomethylene)-3-(1-( 2-propynyloxy)butyl)-2(5H)-furanone,Human herpesvirus 5,0,341,90
Cephaloglycin,Influenza B virus ,0,567,97
Sulfamethizole,Yersinia enterocolitica,0,1230,179
Acetohydroxamic Acid,Pseudomonas putida,0,418,130
Tobramycin,Pseudomonas aeruginosa,1,1279,125
Moxifloxacin,Haemophilus influenzae,1,945,78
lin-SB056-1,Plasmodium falciparum,0,1371,118
5-(dibromomethylene)-3-(1-bromobutyl)-2(5H)-furanone,Amycolatopsis orientalis,0,369,12
3-Nitro-D-tyrosine,Staphylococcus aureus,1,289,141
Oleic Acid,Candida guiliermondi,0,1046,37
Rifabutin,Bacteroides uniformis,0,1152,25
Gatifloxacin,Streptococcus pneumoniae serotype 4,1,776,159
Fosamprenavir,Human immunodeficiency virus 1,1,746,92
Sulfadoxine,Plasmodium falciparum,1,1226,118
P15-CSP,Eubacterium ramulus,0,1058,72
Ssp (A4K-A11K),Bacillus licheniformis,0,1212,20
5- hydroxyethyl-3-tetradecanoyltetramic acid,Staphylococcus aureus,1,366,141
3-(4-fluorophenyl)-5-(3-ethoxy- 4-hydroxybenzylidene)-2-thioxothiazolidin-4-one,Micrococcus luteus,0,273,108
Clary sage,Bacillus cereus,1,596,19
Povidone Iodine,Staphylococcus aureus,1,1112,141
Cephaloglycin,Hafnia alvei,0,567,79
Olmesartran,Burkholderia thailandensis,0,1048,32
"13-(2-chloro-6-methylquinolin-3-yl)-3,3-dimethyl-1H,2H,3H,4H,6H,11H,13H-indazolo[1,2-b]phthalazine-1,6,11-trione",Streptococcus mitis,0,152,154
Dezocine,Kocuria rhizophila,0,666,101
alpha-Defensin-3,Cryptococcus neoformans,1,1336,52
Azidocillin,Streptococcus pneumoniae,1,455,158
Betulin,Obesumbacterium proteus,1,484,115
Butein,Klebsiella pneumoniae,0,498,99
Atazanavir,Vibrio campbellii,0,449,174
DispersinB-KSL-W wound gel,Aquifex aeolicus,0,687,13
Pefloxacin,Haemophilus influenzae,1,1070,78
"3,3-dimethyl-13-{9-methyl-[1,2,3,4]tetrazolo[1,5-a]quinolin-4-yl}-1H,2H,3H,4H,6H,11H,13H-indazolo[1,2-b]phthalazine-1,6,11-trione",Shigella flexneri,0,249,138
Cefuroxime,Clostridium perfringens ,1,565,48
Furanone F202,Staphlococcus aureus,0,754,140
Cefpiramide,Pseudomonas aeruginosa,1,557,125
Eugenol,Staphylococcus aureus,1,726,141
Betulinic acid,Influenza A virus ,0,485,95
3-(2-Thienyl)-D-alanine,Staphylococcus aureus,1,267,141
(Z)-3-bromo-5-(bromomethylene) furan-2(5H)-one,Edwardsiella tarda,0,100,56
Piperacillin,Listeria monocytogenes,1,1102,104
"(2S,3R,4S,5S,6R)-6-(Acetoxymethyl)-3-(2-(4-chlorophenyl)acetamido)tetrahydro-2H-pyran-2,4,5-triyl triacetate",Klebsiella variicola,0,59,100
N -(3-nitro-4-hydroxy-benzylidene)benzohydrazide,Enterobacter cancerogenus,0,959,62
Tet-26,Bacteroides,0,1262,22
"13-(2-chloroquinolin-3-yl)-3,3-dimethyl-1H,2H,3H,4H,6H,11H,13H-indazolo[1,2-b]phthalazine-1,6,11-trione",Shewanella oneidensis,0,156,137
LL-31,Burkholderia pseudomallei,1,887,31
Aminocyclopropane,Staphylococcus epidermis,0,432,147
3-(pyridin-3-yl)-5-(3-ethoxy-4-hydroxybenzylidene)-2-thioxothiazolidin-4-one,Staphylococcus epidermidis,1,276,146
Ciprofloxacin,Haemophilus influenzae,1,590,78
beta-Defensin-3,Clostridium pasteurianum,0,1347,46
Triclosan ,Helicobacter pylori ,1,1285,82
Fosamprenavir,Human immunodeficiency virus 1,1,746,92
3-(3-Pyridinyl)alanine,Proteus vulgaris,0,269,122
5-Fluorouracil,Pseudomonas aeruginosa,1,380,125
13-methyltetradecanoic acid,Burkholderia multivorans,0,157,30
S-(2-thienyl)-L-cysteine,Streptomyces rubiginosus,0,1166,166
3-chloro-5-hydroxy-4-[(4-methylphenylsulfonyl)]-2(5H)-furanone,Candida guiliermondi,0,294,37
BMAP-18,Mycobacterium tuberculosis,0,459,113
1-(4-chlorophenyl)-3-m-tolyurea,Klebsiella pneumoniae,0,124,99
Hinokitiol,Enteric bacteria and other eubacteria ,0,804,60
3-oxo-C6-HSL,Serratia liquefaciens,1,302,135
"3-{2-[(1S,2R,4aR,8aR)-1,2,4a,5-tetramethyl-1,2,3,4,4a,7,8,8a-octahydronaphthalen-1-yl]ethyl}-N-(3-fluorophenyl)-5-methylidene-2,5-dihydrofuran-2-amine",Influenza A virus ,0,308,95
Amikacin,Enteric bacteria and other eubacteria,1,430,59
Erythromycin,Escherichia coli ,1,713,70
Toremifene,Staphylococcus aureus,1,1282,141
Indolicidin,Influenza B virus,0,833,96
3-(4-fluorophenyl)-5-(3-(allyloxy)-4-hydroxybenzylidene)-2-thioxothiazolidin-4-one,Staphylococcus aureus,1,272,141
5-Fluorouracil,Pseudomonas aeruginosa,1,380,125
Atazanavir,Human immunodeficiency virus 1,1,449,92
Asperdiol,Clostridium leptum,0,446,45
Holothuroidin 2,Staphylococcus epidermidis,1,807,146
"(2E)-1-(1 ,3 -benzodioxol-5-yl)-3-(2-naphthyl)-2-propen-1-one",Streptococcus mutans,1,16,155
Pefloxacin,Haemophilus influenzae,1,1070,78
4-Chloro-2-fluoro-DL-phenylalanine,Vibrio campbellii,0,323,174
Coprinuslactone,Pseudomonas aeruginosa,1,615,125
"3,4-Dichloro-5-[(1,3-dichloropropan-2-yloxy)]-2(5H)-furanone",Obesumbacterium proteus,0,251,115
(E)-Chalcone,Human herpesvirus 3,0,90,88
Menthol,Arthrobacter sp. ,0,925,14
5-fluorooxiindole,Pseudomonas fluorescens,0,385,127
17-Deacetyl norgestimate,Staphylococcus aureus,1,166,141
4-chloroaniline,Cryptococcus neoformans,0,351,52
DJK5,Actinoplanes missouriensis,0,649,8
"(2E)-1-(2 ,4 ,5 -trimethoxyphenyl)-3-(2-chloro-quinolin-3-yl)-2-propen-1-one",Chromobacterium violaceum,0,20,42
Ampicillin,Pseudomonas aeruginosa,1,437,125
HA14-1,Yersinia enterocolitica,0,790,179
Anidulafungin,Streptococcus sanguis,0,439,163
16P,Staphylococcus epidermidis,1,164,146
4-Methyl benzyl dodecyl beta-maltoside,Listeria ivanovii,0,337,103
Curcumin,Pseudomonas aeruginosa,1,619,125
Indole,Coagulase- negative staphylococci,0,827,49
3-hydroxychalcone,Candida albicans,0,300,34
n-Hexane,Vibrio parahaemolyticus,0,1374,177
Thymol,Pseudomonas libaniensis,0,1270,129
D-Tyrosine,Acinetobacter baumannii,0,642,2
DJK6,Pseudomonas aeruginosa,1,650,125
Paromomycin ,Thermus thermophilus ,1,1068,169
(E)-Chalcone,Haemophilus influenzae,1,90,78
Neohesperidin,Vibrio harveyi,1,1013,176
Floxacillin ,Clostridium perfringens ,1,741,48
3-(4-fluorophenyl)-5-(3-ethoxy- 4-hydroxybenzylidene)-2-thioxothiazolidin-4-one,Enterococcus faecalis,1,273,66
"(2E)-1-(2 ,4 ,5 -trimethoxyphenyl)-3-(2-chloro-6-methoxy-quinolin-3-yl)-2-propen-1-one",Staphylococcus epidermidis,1,19,146
BMAP-28,Candida albicans,1,461,34
Sulfacytine,Escherichia coli,1,1223,69
Enalapril,Bacillus subtilis,1,702,21
Melittin,Pseudomonas aeruginosa,1,923,125
Hsn5 12-mer,Thermus thermophilus,0,808,168
Stavudine,Arthrobacter sp. ,0,1213,14
"octane-1,8-diamine",Marinobacter hydrocarbonoclasticus,0,1378,107
4-bromo-5-(bromomethylene)-3-(1-bromobutyl)-2(5H)-furanone,Streptococcus salivarius,0,344,161
Dichloromethane,Staphylococcus chromogenes,0,673,144
Quercetin,Aeromonas hydrophila,0,1127,9
Scrambled LL-37,Aggregatibacter actinomycetemcomitans,1,1185,11
Diphenyl diselenide,Campylobacter jejuni,0,683,33
Isoliquiritigenin,Haemophilus influenzae,1,841,78
Sulfathiazole,Human herpesvirus 4,0,1235,89
Cefuroxime,Listeria monocytogenes,1,565,104
Cefadroxil,Streptococcus pneumoniae,1,538,158
Oxacillin,Human herpesvirus 3,0,1052,88
5-Fluorouracil,Pseudomonas aeruginosa,1,380,125
Colistin sodium methanesulfonate,Escherichia coli,1,611,69
S-phenyl-L-cysteine sulfoxide,Halomonas pacifica,0,1173,81
Furanone-3,Firmicutes,0,756,73
epsilon-viniferin,Pseudomonas aeruginosa,1,1365,125
Zotepine,Human respiratory syncytial virus B,0,1334,94
3-Methyl-D-phenylalanine,Staphylococcus epidermis,1,288,147
Bromophenyl AHL,Clostridium perfringens ,0,495,48
Mitomycin C,Enterococcus faecium,0,943,67
Zinc Nitrate,Pseudomonas aeruginosa,1,1330,125
4-hydroxy coumarin,Propionibacterium acnes,0,355,120
Cefotaxime,Bacillus subtilis,1,553,21
Piperacillin,Influenza B virus,0,1102,96
"N 3-(2-thienylcarbonyl)-4-bromo-1,5-dimethyl-1H-pyrazole-3-carbohydrazide",Burkholderia cenocepacia,1,964,28
3-(4-fluorophenyl)-5-(3-(allyloxy)-4-hydroxybenzylidene)-2-thioxothiazolidin-4-one,Staphylococcus epidermidis,1,272,146
"(10S,11S)-Hydnocarpin D",Lysinibacillus sphaericus,0,3,106
Tobramycin,Haemophilus influenzae,0,1279,78
Coprinuslactone,Vibrio parahaemolyticus,0,615,177
1-(4-amino-2-hydroxyphenyl)ethan-1-one,Listeria ivanovii,0,123,103
Pyrimidinedione,Streptococcus pneumoniae,1,1124,158
"2-(5-(4,5-dibromo-1-methyl-1H-pyrrol-2-yl)-1,3,4-oxadiazole-2-yl)phenol",Human parainfluenza virus type 2,0,208,93
"(2S,3R,4S,5S,6R)-6-(Acetoxymethyl)-3-(2-(4-chlorophenyl)acetamido)tetrahydro-2H-pyran-2,4,5-triyl triacetate",Vibrio anguillarum,0,59,173
"2-(2,4-difluorophenyl)-1,3-bis(1H-1,2,4-triazol-1-yl)propan-2-yl (2E)-3-phenylprop-2-enoate",Geobacillus kaustophilus,0,180,77
"Trimethyl[2-({10,15,20,24,26,29,31,33,34-nonakis[3-(trimethylphosphaniumyl)propoxy]hexacyclo[21.2.2.2,.2,.2,.2]pentatriaconta-1(25),3(35),4,6(34),8,10,13,15,18,20,23,26,28,30,32-pentadecaen-4-yl}oxy)ethyl]phosphanium decabromide",Staphylococcus aureus,1,1292,141
L-tryptophan,Staphylococcus aureus,1,878,141
Cefpiramide,Pseudomonas aeruginosa,1,557,125
Virstatin,Acinetobacter nosocomialis,1,1315,3
Clary sage,Pichia anomala,1,596,117
Pleurocidin,Pseudomonas aeruginosa,1,1107,125
Hydrogen peroxide,Mycobacterium avium,0,811,110
2-amino-3-(3-chlorophenyl)propanoic acid,Staphylococcus epidermis,1,226,147
N-Acetylcysteine,Candida guiliermondi,0,984,37
Penicillenol C2,Streptococcus pneumoniae serotype 4,0,1079,159
3-Hydroxytyrosine,Hafnia paralvei,0,284,80
"3,3-dimethyl-13-{8-methyl-[1,2,3,4]tetrazolo[1,5-a]quinolin-4-yl}-1H,2H,3H,4H,6H,11H,13H-indazolo[1,2-b]phthalazine-1,6,11-trione",Pseudomonas aeruginosa,1,248,125
Fraxin,Pseudomonas aeruginosa,1,750,125
Epigallocatechin Gallate,Candida albicans,1,710,34
Isoriccardin C,Candida albicans,1,844,34
Ibuprofen,Streptomyces gordonii,0,819,165
Metronidazole,Helicobacter pylori ,1,937,82
Cefixime,Haemophilus influenzae,1,547,78
Vidarabine,Streptococcus epidermidis,0,1312,152
(1Z)-(2-phenylethylidene)-lambda4-sulfanyliumolate,Halomonas pacifica,0,10,81
"4-Fluoro-(S)-4,5-Dihydroxypentane-2,3-dione",Staphylococcus haemolyticus,0,328,149
Flucloxacillin,Clostridium perfringens ,1,742,48
Diphenyl methane,Staphylococcus aureus,1,685,141
"N1-[7-(trifluoromethyl)quinolin-4-yl]dodecane-1,12-diamine",Achromobacter xylosoxidans,0,994,1
Picolinic acid,Pseudomonas aeruginosa,1,1099,125
Sulfathiazole,Sphingomonas sp. Ibu-2,0,1235,139
3-(2-Thienyl)alanine,Francisella novicida,0,268,74
Carvacrol,Enterobacter cloacae,0,529,63
Furanone C-30,Pseudomonas aeruginosa,1,753,125
Clarithromycin,Shigella flexneri,1,595,138
Dichloromethane,Vibrio vulnificus,0,673,178
Tannic acid,Pseudomonas aeruginosa,1,1245,125
Coprinuslactone,Streptococcus sanguis,0,615,163
Caffeic Acid,Human herpesvirus 3,0,516,88
Curcumin,Enterobacter ludwigi,1,619,64
Phosphate,Pantoea agglomerans,0,1096,116
Nitrofurantoin,Escherichia coli,1,1023,69
4-(Aminomethyl)-D-phenylalanine,Staphylococcus aureus,1,315,141
Sulfisoxazole,Streptococcus mutans,0,1236,155
Olmesartran,Staphylococcus capitis,0,1048,142
Lomefloxacin,Haemophilus influenzae,1,904,78
Holothuroidin 1,Pseudomonas aeruginosa,1,806,125
Decanediol,Staphylococcus caprae,0,659,143
"6-(4-chlorophenyl)-1,3-dimethyl-5-[3-(4-methylphenyl)-1-phenyl-1H-pyrazol-4-yl]-1H,2H,3H,4H,5H,6H-pyrimido[4,5-d][1,3]diazine-2,4-dione",Fusarium solani,0,387,75
D-galactose cluster,Vibrio anguillarum,0,643,173
Dezocine,Listeria ivanovii,0,666,103
Benzathine Benzylpenicillin,Bacteroides fragilis,0,472,24
Indole-3-carboxyaldehyde,Pseudomonas aeruginosa,1,831,125
S-(2-thiazoyl)-L-cysteine,Helicobacter pylori ,0,1165,82
Benzylpenicillin,Candida guiliermondi,0,481,37
Flavonoids 3,Aquifex aeolicus,0,738,13
Protamine sulphate,Serratia liquefaciens,0,1118,135
RTA3,Streptococcus pyogenes,0,1143,160
1-{4-phenyl-2-[(E)-2-[4-(trifluoromethoxy)phenyl]ethenyl]quinolin-3-yl}ethan-1-one,Pseudomonas aeruginosa,1,143,125
L-Phenylalanine-D-Lysine,Clostridium perfringens,0,870,47
LL7-37,Candida krusei,0,890,38
N -(pyridin-3-yl-methylene)benzohydrazide,Streptomyces gordonii,0,962,165
Cefalotin,Streptococcus pneumoniae,1,540,158
Sm6(L1)2C,Streptococcus gordonii,0,1204,153
"octane-1,8-diamine",Arthrobacter sp. ,0,1378,14
Cycloserine ,Mycobacterium avium,1,624,110
Ciprofloxacin,Haemophilus influenzae,1,590,78
Cefmenoxime,Clostridium perfringens ,1,548,48
Brecanavir,Human immunodeficiency virus 1,1,493,92
6-Chloroindole,Pseudomonas aeruginosa,1,391,125
"(1-(4-chlorophenoxy)-3-[(4, 6-dimethyl-2-pyrimidinyl) thio]-2- propanol)",Vibrio harveyi,1,0,176
Hyperoside,Pseudomonas libaniensis,0,813,129
Levofloxacin,Haemophilus influenzae,1,897,78
Sulfadiazine ,Sphingomonas sp. Ibu-2,0,1225,139
"(Z)-5-octylidenethiazolidine-2,4-dione",Bacteroides vulgatus,0,111,26
L-cysteic acid,Klebsiella planticola,0,874,98
CGP-37157,Pseudomonas fluorescens,0,510,127
Curcumin,Vibrio vulnificus,1,619,178
L-Phenylalanine-L-Lysine,Haemophilus influenzae,0,871,78
3-(4-fluorophenyl)-5-(3-(allyloxy)-4-hydroxybenzylidene)-2-thioxothiazolidin-4-one,Staphylococcus epidermidis,1,272,146
3-(4-fluorophenyl)-5-(3-ethoxy- 4-hydroxybenzylidene)-2-thioxothiazolidin-4-one,Staphylococcus aureus,1,273,141
Vidarabine,Human herpesvirus 4,1,1312,89
Cefotiam,Listeria monocytogenes,1,555,104
Phenanthrene,Proteus mirabilis,1,1088,121
"2-(4-(Trifluoromethyl)phenyl)-N-((2R,3R,4S,5S,6R)-2,4,5-trihydroxy-6-(hydroxymethyl)tetrahydro-2H-pyran-3-yl)acetamide",Salmonella Typhi,0,201,132
C6-HSL,Pseudomonas chlororaphis,1,507,126
"1-{6-nitro-4-phenyl-2-[(E)-2-(3,4,5-trimethoxyphenyl)ethenyl]quinolin-3-yl}ethan-1-one",Pseudomonas aeruginosa,1,144,125
Fluconazole,Candida albicans,1,743,34
Cefotiam,Bacteroides vulgatus,0,555,26
"(2E)-1-(3 ,4 -dimethoxyphenyl)-3-(2-naphthyl)-2-propen-1-one",Propionibacterium acnes,0,25,120
Atazanavir,Human immunodeficiency virus 1,1,449,92
TMC-151s C,Varicella-zoster virus,0,1240,172
Saquinavir,Human immunodeficiency virus 1,1,1183,92
Cefoxitin,Listeria monocytogenes,1,556,104
Ertapenem,Haemophilus influenzae,1,711,78
Sage oil,Staphylococcus aureus,1,1179,141
LF11-215,Cronobacter sakazakii,0,879,51
Myxinidin,Cryptococcus neoformans,0,955,52
Clarithromycin,Mycobacterium avium,1,595,110
Nerolidol,Burkholderia multivorans,0,1015,30
Trimethoprim-sulfamethoxazole,Trichophyton mentagrophytes,0,1288,170
3-Nitro-D-tyrosine,Human herpesvirus 3,0,289,88
Oxacillin,Streptococcus pneumoniae,1,1052,158
Farnesol,Staphylococcus aureus,1,732,141
Syringic acid,Bacteroides,0,1238,22
Aspirin,Desulfovibrio africanus,0,448,54
Nafcillin,Streptococcus pneumoniae,1,1008,158
"5,8,11,14-Eicosatetraynoic acid",Enterococcus faecium,0,365,67
Levofloxacin,Haemophilus influenzae,1,897,78
G H12,Achromobacter sp.,0,763,0
2-Cyano-D-phenylalanine,Eikenella corrodens,0,217,58
OHC8HL,Burkholderia pseudomallei,1,1039,31
Esculentin,Schistosoma,0,714,134
Lopinavir,Human immunodeficiency virus 1,1,905,92
Isothiocyanate,Acinetobacter sp.,0,847,5
"D, L- K6L9",Achromobacter xylosoxidans,0,626,1
Ofloxacin,Haemophilus influenzae,1,1044,78
Cerulenin ,Raoultella ornithinolytica,0,569,131
4-bromo-5-(bromomethylene)-3-butyl-2(5H)- furanone,Bacillus subtilis,1,345,21
(2E)-1-(5-clorotiophen-2-yl)-3-(3-methoxy-4-benzyloxi-phenyl)-2-propen-1-one,Staphlococcus aureus,0,29,140
3-fluoroaniline,Cronobacter sakazakii,0,295,51
3-(3-fluorophenyl)-5-(3-ethoxy-4-hydroxybenzylidene)-2-thioxothiazolidin-4-one,Burkholderia thailandensis,0,270,32
(Z)-4-bromo-5-(bromomethylene)-3-butyl-2(5H)-furanone,Gardnerella vaginalis,0,104,76
2-methoxy-cinnamaldehyde,Proteus vulgaris,0,242,122
Furanone 56,Staphylococcus epidermidis,1,752,146
S-propyl-L-cysteine,Streptococcus mutans,1,1174,155
Norspermidine,Acinetobacter baumannii,1,1031,2
M8-33,Hepatitis C virus,0,912,86
Polymyxin B,Varicella-zoster virus,0,1109,172
Lopinavir,Clostridium perfringens,0,905,47
Zinc sulfate,Staphylococcus aureus,1,1332,141
Fosfomycin,Vibrio vulnificus,0,748,178
2-(2-(2-Azidoacetamido)-5-bromophenyl)-2-oxo-N-(prop-2-yn-1-yl)acetamide,Streptococcus parasanguinis,0,181,157
Cinnamaldehyde,Vibrio cholerae,1,585,175
Kaurenoic acid,Streptococcus mutans,1,859,155
Oregano oil,Staphylococcus aureus,1,1050,141
Nodakenetin,Staphylococcus capitis,0,1026,142
Sulfadoxine,Plasmodium falciparum,1,1226,118
Sage oil,Streptococcus pneumoniae,0,1179,158
Sulfisoxazole ,Baker's yeast,0,1237,27
Virginiamycin M1,Enterococcus faecium,1,1314,67
Lymecycline,Burkholderia cenocepacia,0,909,28
2-oxindole,Vibrio anguillarum,0,243,173
3-Chloro-5-[(2-chloroethoxy)]-4-[(4-methylphenylsulfanyl)]-2(5H)-furanone,Klebsiella variicola,0,280,100
Octameric peptide,Escherichia coli,1,1042,69
Fluconazole,Candida albicans,1,743,34
L-Aspartate,Staphylococcus aureus,1,866,141
Heptadecanoic acid,Staphylococcus chromogenes,0,796,144
"2-geranyloxy-4,6-dihydroxybenzophenone",Aeromonas hydrophila,0,241,9
Floxacillin ,Clostridium perfringens ,1,741,48
Indole,Pantoea agglomerans,1,827,116
Pyrazinamide,Pseudomonas putida,0,1122,130
Piperacillin-Tazobactam,Staphylococcus chromogenes,0,1103,144
Penicillenol A2,Staphylococcus aureus,1,1075,141
"(2E)-1-(2 ,4 ,5 -trimethoxyphenyl)-3-(2-chloro-quinolin-3-yl)-2-propen-1-one",Influenza B virus ,0,20,97
Calcium chloride,Aggregatibacter actinomycetemcomitans,0,519,11
"(1R,2S,7R,3E,11E)-2,18-diacetoxycembra-3,8(19),11,15(17)-tetraen-7-ol",Neisseria gonorrhoeae,0,5,114
Clioquinol,Streptococcus salivarius,0,601,161
(2E)-1-(5-clorotiophen-2-yl)-3-(3-methoxy-4-benzyloxi-phenyl)-2-propen-1-one,Staphylococcus aureus,1,29,141
IMB-2,Streptococcus mutans,1,818,155
Posaconazole,Candida albicans,1,1111,34
Catechin gallate,Cronobacter sakazakii,0,532,51
Penicillenol A1,Trueperella pyogenes,0,1074,171
L-pipecolic acid,Human herpesvirus 4,0,877,89
GW 5074,Acinetobacter nosocomialis,0,767,3
2-(2-(2-Azidoacetamido)-5-methylphenyl)-2-oxo-N-(prop-2-yn-1-yl)acetamide,Raoultella ornithinolytica,0,183,131
Voriconazole,Citrobacter freundii,0,1319,43
Clomocycline,Candida tropicalis,0,603,41
Gentamicin ,Escherichia coli,1,780,69
N-(4-Bromobenzylidene)benzohydrazide,Enterococcus faecalis,1,976,66
Abacavir,Pseudomonas japonica,0,416,128
Gatifloxacin,Streptococcus pneumoniae serotype 4,1,776,159
"1-[2-(3,5-dichlorophenyl)-5-(3,4,5-trimethoxyphenyl)-1,3,4-oxadiazol-3(2H)-yl]ethanone",Pseudomonas aeruginosa,1,133,125
(Z)-4-bromo-5-(bromomethylene)-3-ethyl-2(5H)-furanone,Dihydropteroate synthase type-1,0,105,55
D-Proline,Mycobacterium leprae,0,640,111
Cinnamaldehyde,Burkholderia multivorans,1,585,30
Josamycin,Haemophilus influenzae,1,850,78
Indole-3-acetic acid,Hepatitis C virus,0,830,86
2-bromodecanoic acid,Obesumbacterium proteus,0,237,115
4-dimethyl-amino-cinnamaldehyde,Enterococcus faecalis,0,353,66
"1-(2,4-dichlorophenyl)-2-(1H-imidazol-1-yl)ethyl (2E)-3-phenylprop-2-enoate",Dihydropteroate synthase type-1,0,119,55
IDR-1018,Salmonella enterica,1,814,133
(RW)4D,Human herpesvirus 4,0,98,89
4-nitropyridine N -oxide,Aspergillus niger,0,359,16
W-7 Hydrochloride,Pseudomonas libaniensis,0,1320,129
Ertapenem,Haemophilus influenzae,1,711,78
HE12,Aspergillus niger,0,792,16
Fenclonine,Staphylococcus epidermis,1,733,147
Spermine,Vibrio cholerae,1,1211,175
DJK6,Escherichia coli,1,650,69
Chloramphenicol,Streptococcus mitis,0,574,154
Acetohydroxamic Acid,Enterobacter aerogenes,1,418,61
"2-(4,5-dibromo-1-methyl-1H-pyrrol-2-yl)-5-(ethylthio)-1,3,4-oxadiazole",Pseudomonas aeruginosa,1,194,125
Nitrofurantoin,Escherichia coli,1,1023,69
Curcumin,Pseudomonas aeruginosa,1,619,125
Fleroxacin,Haemophilus influenzae,1,740,78
Esculin,Serratia liquefaciens,0,716,135
"2-bromo-4-methyl-6-(3,4,5-tribromo-1H-pyrrole-2-carbonyl)phenol",Influenza B virus,0,236,96
2-Chloro-DL-Phenylalanine,Raoultella ornithinolytica,0,216,131
2-amino-4-chlorobenzoic acid,Burkholderia multivorans,1,231,30
cis-2-dodecenoic acid,Candida albicans,1,1352,34
Cephaloglycin,Enterococcus faecalis,0,567,66
Methyl gallate,Gardnerella vaginalis,0,933,76
Oseltamivir,Vibrio parahaemolyticus,0,1051,177
Kojic acid,Pseudomonas aeruginosa,1,861,125
Cefapirin,Clostridium perfringens ,1,542,48
Indolicidin,Human respiratory syncytial virus B,0,833,94
Ferrous,Enterobacter ludwigi,0,735,64
Ceftizoxime,Streptococcus pyogenes,0,562,160
K4-S4,Proteus vulgaris,0,851,122
"2-(4,5-dibromo-1-methyl-1H-pyrrol-2-yl)-5-(pyridin-4-yl)-1,3,4-oxadiazole",Actinoplanes missouriensis,0,197,8
5 alpha-Epoxyalantolactone,Human immunodeficiency virus,0,363,91
7-fluoroindole,Pseudomonas aeruginosa,1,403,125
Imazalil,Human herpesvirus 3,0,821,88
Sertaconazole nitrate,Actinobacillus actinomycetemcomitans,0,1189,6
Sinapic acid,Amycolatopsis orientalis,0,1201,12
4-Bromo-D-phenylalanine,Hafnia alvei,0,322,79
Furanone C-30,Pseudomonas aeruginosa,1,753,125
"3,4-Dichlorophenylalanine",Staphylococcus epidermis,1,254,147
"1-[2-(naphthalen-1-yl)-5-(3,4,5-trimethoxyphenyl)-1,3,4-oxadiazol-3(2H)-yl]ethanone",Staphylococcus epidermidis,1,135,146
Enoxacin,Haemophilus influenzae,1,704,78
Malabaricone C,Amycolatopsis orientalis,0,921,12
Baicalein,Staphylococcus aureus,1,468,141
Diphenyl disulphide,Acinetobacter nosocomialis,0,684,3
Sulfadiazine ,Plasmodium falciparum,1,1225,118
Indirubin,Clostridium perfringens ,0,825,48
Vanillin,Aeromonas hydrophila,1,1309,9
2-(Aminomethyl)-L-phenylalanine,Providencia stuartii,0,211,123
(2E)-1-(5-clorotiophen-2-yl)-3-(3-methoxy-4-benzyloxi-phenyl)-2-propen-1-one,Streptococcus mutans,1,29,155
Oxytetracycline,Propionibacterium acnes,1,1056,120
3-(2-Furyl)-D-alanine,Enterococcus faecalis,0,262,66
Tomentosin,Stenotrophomonas maltophilia,0,1281,151
Orange extract,Yersinia enterocolitica,1,1049,179
R-Thanatin,Mycobacterium avium,0,1136,110
Fusidic Acid,Thermus thermophilus,1,761,168
Silver dihydrogen citrate,Mycobacterium avium,0,1193,110
4-bromo-5-(bromomethylene)-3-(1-bromobutyl)-2(5H)-furanone,Eubacterium ramulus,0,344,72
Rosoxacin,Escherichia coli,1,1160,69
1-(pyrazin-2-yl)ethan-1-one,Streptococcus gordonii,0,129,153
Timolol,Human respiratory syncytial virus B,0,1274,94
2-(2-(2-Chloroacetamido)-5-methylphenyl)-2-oxo-N-( prop-2-yn- 1-yl)acetamide,Escherichia coli,1,187,69
Gemifloxacin,Haemophilus influenzae,1,777,78
4-(2-methybutyryl)-4H-tomentosin,Human parainfluenza virus type 2,0,313,93
Ciprofloxacin ,Haemophilus influenzae,1,592,78
BMAP-28,Stenotrophomonas maltophilia,1,461,151
C6-HSL,Burkholderia cenocepacia,0,507,28
Levofloxacin,Haemophilus influenzae,1,897,78
Diphenyl disulphide,Vibrio vulnificus,0,684,178
"3,3-dimethyl-13-{9-methyl-[1,2,3,4]tetrazolo[1,5-a]quinolin-4-yl}-1H,2H,3H,4H,6H,11H,13H-indazolo[1,2-b]phthalazine-1,6,11-trione",Streptococcus parasanguinis,0,249,157
S-(4-tolyl)-L-cysteine,Clostridium leptum,0,1167,45
5-Fluorouracil,Pseudomonas aeruginosa,1,380,125
Cefmenoxime,Clostridium perfringens ,1,548,48
Cloxacillin,Escherichia coli,1,606,69
(E)-3-Decen-2-one,Vibrio cholerae,1,89,175
Fleroxacin,Haemophilus influenzae,1,740,78
Butoconazole,Candida albicans,1,500,34
Moxifloxacin,Haemophilus influenzae,1,945,78
"(2E)-1-(3 ,5 -dimethoxyphenyl)-3-(2-naphthyl)-2-propen-1-one",Candida parapsilosis,0,26,39
Ferric chloride,Mycobacterium avium,0,734,110
Cefixime,Haemophilus influenzae,1,547,78
Chromate,Streptococcus pneumoniae,0,579,158
13-methyltetradecanoic acid,Pseudomonas aeruginosa,1,157,125
Amantadine,Staphylococcus saprophyticus,0,429,150
"N-(1,3-Thiazol-2-yl)butanamide",Enteric bacteria and other eubacteria,0,970,59
Cerulenin,Enteric bacteria and other eubacteria,0,568,59
Dimethyl Sulfoxide,Pseudomonas aeruginosa,1,682,125
Clary sage,Mycobacterium avium,0,596,110
Mezlocillin,Clostridium perfringens ,1,938,48
Ceftazidime,Morganella morganii,1,560,109
N -(4-trifluoromethyl-benzylidene)benzohydrazide,Staphylococcus aureus,1,960,141
Na-Benzoate,Staphylococcus capitis,0,1004,142
"(2S,3R,4S,5S,6R)-6-(Acetoxymethyl)-3-(2-(4-(trifluoromethyl)phenyl)acetamido)tetrahydro-2H-pyran-2,4,5-triyltriacetate",Pseudomonas chlororaphis,0,57,126
"1-[2-(2-nitrophenyl)-5-phenyl-1,3,4-oxadiazol-3(2H)-yl]ethanone",Aeromonas sobria,0,132,10
4-Br-PHL,Clostridium perfringens,0,321,47
Pleurocidin,Escherichia coli,1,1107,69
Peptide 1037,Burkholderia cenocepacia,1,1087,28
L-4-Carbamoylphenylalanine,Raoultella ornithinolytica,0,864,131
4-bromo-5-(bromomethylene)-3-(1-bromobutyl)-2(5H)-furanone,Staphylococcus epidermidis,1,344,146
"1,2,3,4-Tetrahydroisoquinoline-3-carboxylic acid",Human herpesvirus 4,0,114,89
Butoconazole,Cryptococcus neoformans,0,500,52
Chrysophsin-1,Haemophilus influenzae,0,582,78
Atovaquone,Plasmodium falciparum,1,450,118
Vidarabine,Human herpesvirus 3,1,1312,88
"(Z)-5-octylidenethiazolidine-2,4-dione",Marinobacter hydrocarbonoclasticus,0,111,107
4-Benzyl-sulfonyl-5-hydroxy-3-chloro-2(5H)-furanone,Bacillus subtilis,1,320,21
Myricitrin,Bacillus licheniformis,0,951,20
"(2E)-1-(1,3-benzodioxol-5-yl)-3-(2-chloro-quinolin-3-yl)-2-propen-1-one",Staphylococcus aureus,1,17,141
Clofazimine,Geobacillus kaustophilus,1,602,77
(R)-2-amino-3-cyclopentylpropanoic acid,Staphylococcus aureus,1,94,141
3-chloro-5-hydroxy-4-[(4-methylphenylsulfonyl)]-2(5H)-furanone,Raoultella ornithinolytica,0,294,131
meta-toluidine,Streptococcus salivarius,0,1372,161
Bromophenyl AHL,Pseudomonas aeruginosa,1,495,125
3beta-Hydroxyolean-12-en-28-al 3-p-coumarate,Pseudomonas aeruginosa,1,309,125
Calanolide A,Human immunodeficiency virus 1,1,518,92
"(2E)-1-(2 ,4 ,5 -trimethoxyphenyl)-3-(2-chloro-6-methoxy-quinolin-3-yl)-2-propen-1-one",Enterococcus faecium,0,19,67
Enoxacin,Haemophilus influenzae,1,704,78
IG-19,Propionibacterium acnes,0,816,120
Clavulanate ,Staphylococcus aureus,1,598,141
Cyclacillin,Clostridium perfringens ,1,621,48
Timolol,Fusarium solani,0,1274,75
1-{4-phenyl-2-[(E)-2-[4-(trifluoromethoxy)phenyl]ethenyl]quinolin-3-yl}ethan-1-one,Klebsiella planticola,1,143,98
Tipranavir ,Varicella-zoster virus,0,1277,172
5-(dibromomethylene)-3-(1-acetoxyethyl)-2(5H)-furanone,Streptococcus gordonii,0,368,153
Emtricitabine,Human immunodeficiency virus 1,1,701,92
R-FV-I16,Clostridium pasteurianum,0,1135,46
N -(3-nitro-4-hydroxy-benzylidene)benzohydrazide,Enterococcus faecalis,1,959,66
"5-Bromo-1-(2-chloroacetyl)indoline-2,3-dione",Staphylococcus saprophyticus,0,375,150
4-nitro-cinnamaldehyde,Streptococcus mitis,0,358,154
Atovaquone,Plasmodium falciparum,1,450,118
PG-1,Shewanella oneidensis,0,1060,137
Anidulafungin,Staphylococcus epidermidis,0,439,146
Delavirdine,Human immunodeficiency virus 1,1,661,92
Ajoene,Desulfovibrio africanus,0,423,54
RK-25,Burkholderia pseudomallei,1,1139,31
4-Methylphenylalanine,Candida parapsilosis,0,338,39
Gatifloxacin,Streptococcus pneumoniae serotype 4,1,776,159
Cefonicid,Escherichia coli,1,550,69
(Z)-5-(chloromethylene) furan-2(5H)-one,Candida glabrata,0,109,36
"(5E)-5-decylidene-1,3-thiazolidine-2,4-dione",Baker's yeast,0,72,27
Vidarabine,Streptomyces sp. ,0,1312,167
Vitamin C,Staphylococcus capitis,0,1316,142
GL13K,Helicobacter pylori ,0,766,82
3-(1-Naphthyl)-D-Alanine,Acinetobacter oleiovorans,0,261,4
C6-HSL,Aeromonas sobria,1,507,10
4-dimethyl-amino-cinnamaldehyde,Clostridium pasteurianum,0,353,46
Flucloxacillin,Clostridium perfringens ,1,742,48
alpha-pinene,Human parainfluenza virus type 2,0,1342,93
Levofloxacin,Haemophilus influenzae,1,897,78
Hexachlorophene,Bacteroides uniformis,0,801,25
2(5H)-furanone,Pichia anomala,0,167,117
"2-(2,4-difluorophenyl)-1,3-bis(1H-1,2,4-triazol-1-yl)propan-2-yl (2E)-3-phenylprop-2-enoate",Candida albicans,1,180,34
"(2E)-5-[(1S,2R,4aR,8aR)-1,2,4a,5-tetramethyl-1,2,3,4,4a,7,8,8a-octahydronaphthalen-1-yl]-3-formylpent-2-enoic acid",Mycobacterium avium,0,36,110
Aztreonam,Bacillus subtilis,1,458,21
Phenanthrene,Serratia marcescens,1,1088,136
Brecanavir,Human immunodeficiency virus 1,1,493,92
2(5H)-furanone,Hafnia alvei,1,167,79
Cefotetan,Vibrio cholerae,0,554,175
3-chloro-5-hydroxy-4-[(4-methylphenylsulfonyl)]-2(5H)-furanone,Acinetobacter sp.,0,294,5
17-Deacetyl norgestimate,Amycolatopsis orientalis,0,166,12
Oseltamivir,Influenza A virus ,1,1051,95
D-Asparagine,Salmonella enterica,0,630,133
C12HSL,Haemophilus influenzae,0,503,78
"(2S,3R,4S,5S,6R)-6-(Acetoxymethyl)-3-(2-(4-(trifluoromethyl)phenyl)acetamido)tetrahydro-2H-pyran-2,4,5-triyltriacetate",Pseudomonas aeruginosa,1,57,125
Cerulenin,Escherichia coli,1,568,69
17-Deacetyl norgestimate,Staphylococcus epidermidis,1,166,146
Minocycline,Enteric bacteria and other eubacteria,1,942,59
Raspberry KAS 434,Pseudomonas libaniensis,1,1145,129
Hsn5 12-mer,Citrobacter freundii,0,808,43
Farnesol,Staphylococcus epidermidis,1,732,146
Benzbromarone,Candida albicans,1,474,34
Methyl eugenol,Proteus mirabilis,0,932,121
Pyrogallol,Mycobacterium tuberculosis,0,1125,113
(R)-2-Amino-3-biphenyl-3-yl-propionic acid,Streptococcus mutans,0,92,155
2-(2-(2-Chloroacetamido)-5-fluorophenyl)-2-oxo-N-( prop-2-yn-1-yl)acetamide,Streptococcus mutans,0,186,155
"6-(4-chlorophenyl)-1,3-dimethyl-5-[3-(4-methylphenyl)-1-phenyl-1H-pyrazol-4-yl]-1H,2H,3H,4H,5H,6H-pyrimido[4,5-d][1,3]diazine-2,4-dione",Obesumbacterium proteus,0,387,115
3-(4-fluorophenyl)-5-(3-(allyloxy)-4-hydroxybenzylidene)-2-thioxothiazolidin-4-one,Staphylococcus epidermidis,1,272,146
"6-(4-chlorophenyl)-1,3-dimethyl-5-[3-(4-methylphenyl)-1-phenyl-1H-pyrazol-4-yl]-1H,2H,3H,4H,5H,6H-pyrimido[4,5-d][1,3]diazine-2,4-dione",Cryptococcus neoformans,0,387,52
Teichoplanin,Staphylococcus aureus,1,1250,141
Ampicillin,Streptococcus pneumoniae,1,437,158
Hesperidin,Vibrio harveyi,1,799,176
L-Tyrosine,Varicella-zoster virus,0,872,172
4-Ethylguaiacol,Escherichia coli,1,327,69
Azidocillin,Streptococcus pneumoniae,1,455,158
Quercetin-3-O-glucuronide,Thermus thermophilus ,0,1129,169
Cefazolin,Escherichia coli,1,543,69
LL-37,Burkholderia pseudomallei,1,888,31
Cefonicid,Clostridium leptum,0,550,45
Telithromycin,Varicella-zoster virus,0,1254,172
TZD-C8,Vibrio parahaemolyticus,0,1241,177
Cefapirin,Clostridium perfringens ,1,542,48
"2,4-Dimethylphenylalanine",Morganella morganii,0,175,109
Thimerosal,Listeria ivanovii,0,1267,103
N-(4-hydroxy-2-methylphenyl)-3-oxododecanamide,Acinetobacter nosocomialis,0,980,3
"4,5-dihydroxy-2,3-pentanedione",Bacillus cereus,1,311,19
Levofloxacin,Enterobacteria phage T4,0,897,65
"(5Z)-2-(1,1-dichloro-2-phenylethyl)-5-{[4-(trifluoromethyl)phenyl]methylidene}-1,3-oxazolidin-4-one",Staphylococcus aureus,1,78,141
Tipranavir ,Human immunodeficiency virus,1,1277,91
Thymol,Proteus mirabilis,0,1270,121
2-(2-(2-Azidoacetamido)-5-nitrophenyl)-2-oxo-N-(prop-2-yn-1-yl)acetamide,Enterobacteria phage T4,0,184,65
Fusidic Acid,Escherichia coli,1,761,69
Shikonin,Acinetobacter nosocomialis,0,1190,3
DiHydroxyBenzoFuran,Staphylococcus epidermidis,1,669,146
Zeaxanthin,Candida spp.,0,1326,40
Fleroxacin,Candida glabrata,0,740,36
NRC-16,Pseudomonas aeruginosa,1,1003,125
Ertapenem,Haemophilus influenzae,1,711,78
Cobalt Ion,Chromobacterium violaceum,0,608,42
L-Phenylalanine-D-Lysine,Streptomyces gordonii,0,870,165
(2Z)-N-hexyl-2-hydroxy-3-[4-(trifluoromethyl)phenyl]prop-2-enamide,Mycobacterium smegmatis,0,68,112
Moxifloxacin,Haemophilus influenzae,1,945,78
3-(2-Naphthyl)-D-alanine,Staphylococcus epidermis,1,264,147
Darunavir,Marinobacter hydrocarbonoclasticus,0,658,107
17-Deacetyl norgestimate,Staphylococcus aureus,1,166,141
1-(pyrazin-2-yl)ethan-1-one,Vibrio parahaemolyticus,0,129,177
Ampicillin,Staphylococcus aureus,1,437,141
Catechin gallate,Vibrio campbellii,0,532,174
Cefadroxil,Streptococcus pneumoniae,1,538,158
Thiazolidinedione-8,Shigella flexneri,0,1266,138
Trovafloxacin,Haemophilus influenzae,1,1294,78
Cefpiramide,Pseudomonas aeruginosa,1,557,125
"2,5-bis(4,5-dibromo-1-methyl-1H-pyrrol-2-yl)-1,3,4-oxadiazole",Staphylococcus aureus,1,177,141
Clavulanate ,Staphylococcus aureus,1,598,141
Cefpodoxime,Bacillus subtilis,0,558,21
Indinavir,Human immunodeficiency virus 1,1,824,92
Tetracycline,Enteric bacteria and other eubacteria,1,1263,59
2-(Trifluoromethyl)-D-phenylalanine,Acinetobacter sp.,0,212,5
Tomentosin,Staphylococcus epidermis,0,1281,147
Furanone F202,Staphylococcus cohnii,0,754,145
VSL2,Candida guiliermondi,0,1306,37
Asperdiol acetate,Enterococcus faecalis,0,447,66
Gallic Acid,Aspergillus niger,0,769,16
3-(pyridin-3-yl)-5-(3-ethoxy-4-hydroxybenzylidene)-2-thioxothiazolidin-4-one,Staphylococcus chromogenes,0,276,144
Erythromycin,Sphingomonas sp. Ibu-2,0,713,139
3-(3-fluorophenyl)-5-(3-ethoxy-4-hydroxybenzylidene)-2-thioxothiazolidin-4-one,Staphylococcus epidermidis,1,270,146
Oxytetracycline,Enteric bacteria and other eubacteria,1,1056,59
(2S)-2-amino-4-bromopent-4-enoic acid,Bacillus amyloliquefaciens,0,55,17
Vanillic acid,Streptococcus mutans,0,1308,155
Carboxymethyl chitosan,Staphylococcus saprophyticus,0,525,150
Butyl gallate,Streptococcus mutans,1,502,155
4-methoxy-cinnamaldehyde,Pseudomonas japonica,0,357,128
2-amino-4-chlorobenzoic acid,Burkholderia cenocepacia,1,231,28
G H12,Gardnerella vaginalis,0,763,76
Cefditoren,Streptococcus pneumoniae,1,544,158
Aztreonam,Citrobacter freundii,1,458,43
"(E)-1-[6-[(3-acetyl-2,4,6-trihydroxy-5-methylphenyl)methyl]-5,7-dihydroxy-2,2-dimethyl-2H-1-benzopyran-8-yl]-3-phenyl-2-propen-1-one",Candida parapsilosis,0,88,39
ZnO nanoparticles,Pseudomonas aeruginosa,1,1333,125
Bacitracin,Streptococcus epidermidis,0,466,152
Telithromycin,Enteric bacteria and other eubacteria,1,1254,59
Fluconazole,Candida albicans,1,743,34
Penciclovir,Human herpesvirus 1 ,1,1073,87
N-(4-Bromobenzylidene)benzohydrazide,Mycobacterium smegmatis,0,976,112
Tomentosin,Staphlococcus aureus,0,1281,140
Limonene,Bacillus cereus,1,899,19
Atovaquone,Plasmodium falciparum,1,450,118
Bergamottin,Enteric bacteria and other eubacteria,0,482,59
Pyrazinamide,Mycobacterium tuberculosis,1,1122,113
trans-Stillbene,Trichophyton mentagrophytes,0,1393,170
Enoxacin,Haemophilus influenzae,1,704,78
Cefpiramide,Pseudomonas aeruginosa,1,557,125
Myxinidin1,Staphylococcus cohnii,0,956,145
5-(dibromomethylene)-3-(1-bromobutyl)-2(5H)-furanone,Salmonella enterica,1,369,133
Lomefloxacin,Haemophilus influenzae,1,904,78
nimesulide,Escherichia coli ,0,1376,70
Zanamivir,Influenza A virus ,1,1325,95
3-(4-fluorophenyl)-5-(3-(allyloxy)-4-hydroxybenzylidene)-2-thioxothiazolidin-4-one,Staphylococcus aureus,1,272,141
Ciprofloxacin,Escherichia coli,1,590,69
Hydrogen peroxide,Serratia marcescens,0,811,136
Sulfathiazole,Dihydropteroate synthase type-1,0,1235,55
4-bromo-5-(bromomethylene)-3-(1-acetoxybutyl)-2(5H)-furanone,Salmonella enterica,1,343,133
HA14-1,Desulfovibrio africanus,0,790,54
Clove oil,Aspergillus niger,0,605,16
MUC7 12-mer-L4,Clostridium perfringens,0,916,47
Tenofovir,Pseudomonas libaniensis,0,1256,129
Sodium Chloride,Pseudomonas chlororaphis,0,1207,126
Praziquantel,Propionibacterium acnes,0,1113,120
Ephedrine,Yersinia enterocolitica,0,705,179
Limonene,Streptococcus pyogenes,1,899,160
Indol AHL,Varicella-zoster virus,0,826,172
Quinolin-8-ol,Enterobacter ludwigi,0,1132,64
Rutin,Escherichia coli,1,1163,69
Malabaricone C,Pseudomonas aeruginosa,1,921,125
Meticillin,Streptococcus pneumoniae,1,936,158
Cecropin B,Staphylococcus epidermidis,0,535,146
Norspermidine,Vibrio anguillarum,0,1031,173
3-chloro-5-hydroxy-4-[(4-methylphenylsulfonyl)]-2(5H)-furanone,Acinetobacter nosocomialis,0,294,3
Ciprofloxacin,Haemophilus influenzae,1,590,78
Myxinidin3,Streptococcus oralis,0,958,156
"1,3-dim-tolyurea",Raoultella ornithinolytica,0,116,131
Propyl gallate,Staphylococcus epidermidis,1,1117,146
Darunavir,Human herpesvirus 3,0,658,88
"(5Z)-2-(1,1-dichlorobut-3-yn-1-yl)-5-{[4-(trifluoromethyl)phenyl]methylidene}-1,3-oxazolidin-4-one",Coagulase- negative staphylococci,0,83,49
"(2E)-5-[(1S,2R,4aR,8aR)-1,2,4a,5-tetramethyl-1,2,3,4,4a,7,8,8a-octahydronaphthalen-1-yl]-3-formylpent-2-enoic acid",Streptococcus mutans,1,36,155
3-geranyl-1-(2-methylbutanoyl)phloroglucinol,Staphylococcus aureus,1,296,141
L-fucose cluster,Aspergillus fumigatus,0,875,15
Levofloxacin,Haemophilus influenzae,1,897,78
4-tertiary butyl benzyl dodecyl beta-maltoside,Pseudomonas fluorescens,0,361,127
Quinupristin,Escherichia coli ,1,1133,70
"14-dehydroxy-11,12-didehydroandrographolide- 3,19-bis(succinic acid) potasium sodium salt",Amycolatopsis orientalis,0,163,12
4-fluoroindole,Pseudomonas aeruginosa,1,354,125
Gatifloxacin,Streptococcus pneumoniae serotype 4,1,776,159
Indinavir,Human immunodeficiency virus,1,824,91
Isoniazid ,Mycobacterium tuberculosis,1,842,113
LL-37,Staphylococcus aureus,1,888,141
Palmitic acid,Trueperella pyogenes,0,1065,171
Titanium dioxide,Staphylococcus haemolyticus,0,1278,149
"5,8,11,14-Eicosatetraynoic acid",Candida albicans,1,365,34
Levofloxacin,Haemophilus influenzae,1,897,78
Phosphate,Micrococcus luteus,0,1096,108
"3,5-dimethylaniline",Bacillus licheniformis,0,260,20
Silver nanoparticles,Candida guiliermondi,0,1194,37
Hepcidin 20,Burkholderia thailandensis,0,795,32
Fosamprenavir,Bacillus anthracis,0,746,18
4-dimethyl-amino-cinnamaldehyde,Sphingomonas sp. Ibu-2,0,353,139
6-hydroxyflavone,Vibrio harveyi,0,398,176
Hamamelitannin,Staphylococcus aureus,1,794,141
Naringin,Yersinia enterocolitica,1,1010,179
"4-(2-(5-(4,5-dibromo-1-methyl-1H-pyrrol-2-yl)-1,3,4-oxadiazol-2-yl)vinyl)-2-methoxyphenol",Mycobacterium leprae,0,312,111
Lanthanum chloride,Pseudomonas fluorescens,1,893,127
LF11-215,Bacillus anthracis,0,879,18
3-Nitrophenylalanine,Klebsiella pneumoniae,0,290,99
Trimethyl(3-{4-[3-(trimethylphosphaniumyl)propoxy]phenoxy}propyl)phosphanium dibromide,Enterococcus faecalis,1,1291,66
Methyl gallate,Staphylococcus aureus,1,933,141
Eugenol,Staphylococcus aureus,1,726,141
Cephaloglycin,Bacillus licheniformis,1,567,20
Tert-butanol,Arthrobacter sp. ,0,1259,14
3-Carbamoylphenylalanine,Burkholderia cepacia,0,279,29
D-tert-Leucine,Staphylococcus epidermis,1,645,147
Lemon,Clostridium perfringens ,0,895,48
KSL-W,Human immunodeficiency virus,0,855,91
Ticarcillin,Staphylococcus aureus,1,1271,141
NA8,Candida albicans,1,1001,34
"2-(4-Chlorophenyl)-5-(4,5-dibromo-1-methyl-1H-pyrrol-2-yl)-1,3,4-oxadiazole",Staphylococcus aureus,1,203,141
"2-Benzyl-5-(4,5-dibromo-1-methyl-1H-pyrrol-2-yl)-1,3,4-oxadiazole",Streptococcus epidermidis,1,214,152
"Triethyl[2-({10,15,20,24,26,29,31,33,34-nonakis[3-(triethylphosphaniumyl)propoxy]hexacyclo[21.2.2.2,.2,.2,.2]pentatriaconta-1(25),3(35),4,6(34),8,10,13,15,18,20,23,26,28,30,32-pentadecaen-4-yl}oxy)ethyl]phosphanium decabromide",Staphylococcus aureus,1,1286,141
Pa-MAP,Kocuria rhizophila,0,1063,101
Rosoxacin,Escherichia coli,1,1160,69
Sorbitol,Escherichia coli,1,1210,69
"Dihydroxybenzoic Acid (3,4-DHBA)",Geobacillus kaustophilus,0,681,77
Pivmecillinam,Mycobacterium avium,0,1105,110
3-hexyl-5-bromomethylene-2(5H)-furanone,Salmonella enterica,1,299,133
S-phenyl-L-cysteine sulfoxide,Lactobacillus fermenti,0,1173,102
Phylloseptin-1,Bacillus licheniformis,0,1098,20
"2,3-dihydroxybenzoic acid",Staphylococcus aureus,1,171,141
Quinupristin/dalfopristin,Burkholderia cepacia,0,1134,29
Furanone C-30,Streptococcus mutans,1,753,155
G H12,Halomonas pacifica,0,763,81
Ritonavir,Human immunodeficiency virus 1,1,1158,92
Posaconazole,Candida albicans,1,1111,34
Indinavir,Human immunodeficiency virus 1,1,824,92
LF11-322,Pseudomonas aeruginosa,1,881,125
O-LF11-227,Pseudomonas aeruginosa,1,1036,125
Azithromycin,Staphylococcus aureus,1,456,141
Toremifene,Candida albicans,1,1282,34
BMAP-28,Candida glabrata,1,461,36
N-Nonanoyl-cyclopentylamide,Gardnerella vaginalis,0,987,76
(2E)-N-[3-(1H-imidazol-1-yl)propyl]-3-phenylprop-2-enamide,Proteus vulgaris,0,39,122
Zotepine,Candida albicans,1,1334,34
Ciprofloxacin lactate,Human herpesvirus 1 ,0,591,87
2-(2-(2-Azidoacetamido)-5-methylphenyl)-2-oxo-N-(prop-2-yn-1-yl)acetamide,Klebsiella pneumoniae,0,183,99
Moxifloxacin,Haemophilus influenzae,1,945,78
Rutin,Vibrio harveyi,1,1163,176
den-SB056,Edwardsiella tarda,0,1361,56
Evodiamine,Campylobacter jejuni,1,727,33
Pefloxacin,Haemophilus influenzae,1,1070,78
Ofloxacin,Haemophilus influenzae,1,1044,78
Cathelicidin,Aggregatibacter actinomycetemcomitans,1,533,11
LL-31,Marinobacter hydrocarbonoclasticus,0,887,107
Timolol,Enterobacteria phage T4,1,1274,65
Pefloxacin,Obesumbacterium proteus,0,1070,115
"(2E)-1-(1,3-benzodioxol-5-yl)-3-(2-chloro-quinolin-3-yl)-2-propen-1-one",Dihydropteroate synthase type-1,0,17,55
Quinolin-8-ol,Serratia marcescens,1,1132,136
Streptorubin B,Escherichia coli ,0,1217,70
Zidovudine,Burkholderia cepacia,0,1327,29
4-chloroaniline,Hepatitis C Virus ,0,351,85
Eucarobustol E,Streptococcus pneumoniae,0,725,158
Cathelicidin,Aggregatibacter actinomycetemcomitans,1,533,11
Copper sulfate,Kocuria rhizophila,1,614,101
(3R)-4-(4-acetylphenyl)-3-aminobutan-2-one,Staphylococcus epidermis,1,69,147
"(5Z)-2-(1,1-dichloro-3,3-dimethylbutyl)-5-{[4-(trifluoromethyl)phenyl]methylidene}-1,3-oxazolidin-4-one",Bacillus licheniformis,0,81,20
Cefoxitin,Streptococcus pneumoniae,1,556,158
Simeprevir,Klebsiella pneumoniae,0,1200,99
4-Acetamido-D-phenylalanine,Stenotrophomonas maltophilia,0,317,151
Rutaecarpine,Campylobacter jejuni,1,1162,33
Pleurocidin,Porphyromonas gingivalis,0,1107,119
Ferulic Acid,Aspergillus niger,0,736,16
Tert-butanol,Candida albicans,1,1259,34
Levofloxacin,Haemophilus influenzae,1,897,78
"Triethyl[2-({10,15,20,24,26,29,31,33,34-nonakis[3-(triethylphosphaniumyl)propoxy]hexacyclo[21.2.2.2,.2,.2,.2]pentatriaconta-1(25),3(35),4,6(34),8,10,13,15,18,20,23,26,28,30,32-pentadecaen-4-yl}oxy)ethyl]phosphanium decabromide",Enterococcus faecalis,1,1286,66
para-Benzoquinone,Burkholderia multivorans,1,1381,30
Vancomycin,Amycolatopsis orientalis,1,1307,12
W-7 Hydrochloride,Burkholderia multivorans,0,1320,30
D/L-Aspartate,Candida dubliniensis,0,646,35
3-(pyridin-3-yl)-5-(3-ethoxy-4-hydroxybenzylidene)-2-thioxothiazolidin-4-one,Staphylococcus epidermidis,1,276,146
(Z)-4-bromo-5-(bromomethylene)-3-butyl-2(5H)-furanone,Firmicutes,0,104,73
Ellagic Acid,Enteric bacteria and other eubacteria ,0,698,60
Carvacrol,Chromobacterium violaceum,1,529,42
Nafcillin,Burkholderia cenocepacia,0,1008,28
O-LF11-215,Listeria ivanovii,0,1035,103
Dephnetin,Streptococcus pneumoniae serotype 4,0,664,159
Human beta-defensin 3,Staphylococcus aureus,1,809,141
OSIP108,Staphylococcus aureus,0,1040,141
alpha-Humulene,Helicobacter pylori ,0,1337,82
Lamivudine,Hepatitis B virus F,1,892,84
1010cys,Stenotrophomonas maltophilia,0,146,151
3-tetra- decanoyltetronic,Human herpesvirus 4,0,304,89
Sinefungin,Gardnerella vaginalis,0,1202,76
Ethylenediametetraacetic acid,Listeria monocytogenes,1,724,104
Eucarobustol E,Clostridium pasteurianum,0,725,46
(2R)-2-amino-6-acetamidohexanoic acid,Staphylococcus aureus,1,50,141
Calanolide A,Human immunodeficiency virus 1,1,518,92
L- K6L9,Hafnia paralvei,0,862,80
Myristic acid,Vibrio cholerae,1,952,175
PLF,Acinetobacter oleiovorans,0,1061,4
"3,3-dimethyl-13-{7-methyl-[1,2,3,4]tetrazolo[1,5-a]quinolin-4-yl}-1H,2H,3H,4H,6H,11H,13H-indazolo[1,2-b]phthalazine-1,6,11-trione",Sphingomonas sp. Ibu-2,0,247,139
L-carnosine,Streptococcus sanguis,1,873,163
Cefoperazone,Escherichia coli,1,551,69
Tomentosin,Aeromonas sobria,0,1281,10
Niacinamide,Pseudomonas aeruginosa,1,1018,125
Anidulafungin,Aspergillus niger,1,439,16
Cefadroxil,Streptococcus pneumoniae,1,538,158
Kaempherol,Escherichia coli,1,857,69
1-{2-[(E)-2-(4-chlorophenyl)ethenyl]-4-phenylquinolin-3-yl}ethan-1-one,Bacillus subtilis,1,139,21
3-Nitrophenylalanine,Varicella-zoster virus,0,290,172
N -(4-trifluoromethyl-benzylidene)benzohydrazide,Pseudomonas aeruginosa,1,960,125
"6-(4-chlorophenyl)-1,3-dimethyl-5-[3-(4-methylphenyl)-1-phenyl-1H-pyrazol-4-yl]-1H,2H,3H,4H,5H,6H-pyrimido[4,5-d][1,3]diazine-2,4-dione",Staphylococcus aureus,1,387,141
Penicillenol A1,Pseudomonas aeruginosa,1,1074,125
Farnesol,Staphylococcus epidermidis,1,732,146
Thonzonium bromide,Streptococcus sanguis,0,1269,163
3-chloro-5-hydroxy-4-[(4-methylphenylsulfonyl)]-2(5H)-furanone,Bacillus subtilis,1,294,21
Oxyresveratrol,Lactobacillus fermenti,0,1055,102
Dezocine,Haemophilus influenzae,1,666,78
2-(2-(2-Azidoacetamido)phenyl)-2-oxo-N-(prop-2-yn-1-yl)acetamide,Pseudomonas aeruginosa,1,185,125
Ssp (A4K-A11K),Obesumbacterium proteus,0,1212,115
Trimethoprim-sulfamethoxazole,Streptococcus sanguinis,0,1288,162
Meticillin,Staphylococcus chromogenes,0,936,144
Thonzonium bromide,Vibrio parahaemolyticus,0,1269,177
Peptide 1,Hafnia paralvei,0,1086,80
Ethambutol,Mycobacterium tuberculosis,1,719,113
"4-Hydroxy-2,5-dimethyl-3(2H)-furanone",Clostridium leptum,0,332,45
Ertapenem,Haemophilus influenzae,1,711,78
Azlocillin,Clostridium perfringens ,1,457,48
Macromomycin B,Helicobacter pylori ,0,918,82
Pefloxacin,Haemophilus influenzae,1,1070,78
Sulfadoxine,Plasmodium falciparum,1,1226,118
Cefazolin,Escherichia coli,1,543,69
2-amino-imidazole/ triazole conjugate,Staphlococcus aureus,0,235,140
Ciprofloxacin ,Haemophilus influenzae,1,592,78
Raspberry KAS 434,Hafnia paralvei,1,1145,80
Lactoferricin B,Chromobacterium violaceum,0,891,42
Cefotiam,Staphylococcus caprae,0,555,143
4-bromoaniline,Pseudomonas aeruginosa,1,349,125
Bacampicillin,Trueperella pyogenes,0,465,171
(Z)-5-(bromomethylene)-3-(hydroxymethyl]thiophen-2(5H)- one,Porphyromonas gingivalis,0,108,119
Ceftazidime,Providencia stuartii,1,560,123
Tetrazol-1-yl,Mycobacterium leprae,0,1265,111
Magainin-I,Acinetobacter sp.,0,919,5
"Trimethyl[3-({33-[2-(trimethylazaniumyl)ethoxy]-10,15,20,25,27,29,31,34-octakis[3-(trimethylazaniumyl)propoxy]hexacyclo[21.2.2.2,.2,.2,.2]pentatriaconta-1(25),3,5,8,10,13,15,18,20,23,26,28,30,32,34-pentadecaen-4-yl}oxy)propyl]azanium decabromide",Enterococcus faecalis,1,1293,66
Garlic extract,Hepatitis B virus F,0,775,84
Azithromycin,Pseudomonas aeruginosa,1,456,125
Phylloseptin-1,Klebsiella variicola,0,1098,100
6-MO-LF11-227,Staphylococcus capitis,0,395,142
Ciprofloxacin lactate,Streptococcus sanguis,0,591,163
Tigecycline,Burkholderia cepacia,0,1272,29
Ciprofloxacin ,Helicobacter pylori ,0,592,82
7-methoxyindole,Streptomyces rubiginosus,0,407,166
4-Benzyl-sulfonyl-5-hydroxy-3-chloro-2(5H)-furanone,Listeria ivanovii,0,320,103
Lys-a1,Streptococcus sobrinus,1,910,164
D-Tryptophan,Mycobacterium tuberculosis,0,641,113
Erythromycin,Pseudomonas putida,0,713,130
L-pipecolic acid,Staphylococcus aureus,1,877,141
N-(4-Pyridinyl)butanamide,Pseudomonas aeruginosa,1,979,125
Cefalotin,Escherichia coli,1,540,69
"N-(5-Methyl-1,2-oxazol-3-yl)butanamide",Bacillus anthracis,0,981,18
Pefloxacin,Haemophilus influenzae,1,1070,78
5- hydroxyethyl-3-tetradecanoyltetramic acid,Staphylococcus aureus,1,366,141
Danthron,Yersinia enterocolitica,0,655,179
"2-(4,5-dibromo-1-methyl-1H-pyrrol-2-yl)-5-(phenylthio)-1,3,4-oxadiazole",Mycobacterium smegmatis,0,196,112
Neohesperidin,Corynebacterium ammoniagenes,0,1013,50
Pefloxacin,Haemophilus influenzae,1,1070,78
Thonzonium bromide,Human immunodeficiency virus 1,0,1269,92
M8G2,Streptococcus sanguinis,1,913,162
Benzathine Benzylpenicillin,Listeria monocytogenes,1,472,104
Pefloxacin,Haemophilus influenzae,1,1070,78
Aminocyclopropane,Pseudomonas aeruginosa,1,432,125
"2,2 -Dipyridyl",Pseudomonas aeruginosa,1,168,125
Phenoxymethylpenicillin,Clostridium perfringens ,1,1091,48
digoxin,Clostridium bacilli,0,1363,44
Resveratrol,Cryptococcus neoformans,0,1148,52
3-(pyridin-3-yl)-5-(3-ethoxy-4-hydroxybenzylidene)-2-thioxothiazolidin-4-one,Staphylococcus epidermis,0,276,147
Ethambutol,Mycobacterium tuberculosis,1,719,113
Lorazepam,Clostridium perfringens,0,906,47
Isosilybin A,Thermus thermophilus ,0,845,169
Brecanavir,Neisseria gonorrhoeae,0,493,114
Hetacillin,Streptococcus pneumoniae,1,800,158
Linezolid,Dengue Virus Type 2,0,901,53
(5-nitrofuran-2-yl)methyl (2E)-3-phenylprop-2-enoate,Candida tropicalis,0,71,41
"3,5-dibromotyrosined",Mycobacterium avium,0,259,110
Levofloxacin,Haemophilus influenzae,1,897,78
Cloxacillin,Escherichia coli,1,606,69
Hetacillin,Streptococcus pneumoniae,1,800,158
Gatifloxacin,Streptococcus pneumoniae serotype 4,1,776,159
2-Cyano-D-phenylalanine,Amycolatopsis orientalis,0,217,12
Cerulenin,Halomonas pacifica,0,568,81
Paromomycin ,Streptomyces gordonii,0,1068,165
Amikacin disulfate salt,Escherichia coli,1,431,69
FS8,Listeria monocytogenes serotype 4a,0,730,105
Undecanoic acid,Proteus vulgaris,1,1299,122
SMAP-29,Stenotrophomonas maltophilia,1,1176,151
Doripenem,Escherichia coli,1,692,69
(2E)-1-[4-(3-nitropyridin-2-yl)piperazin-1-yl]-3-phenylprop-2-en-1-one,Vibrio campbellii,0,32,174
Sulfathiazole,Corynebacterium ammoniagenes,0,1235,50
CGP-37157,Candida albicans,1,510,34
Fluconazole,Candida albicans,1,743,34
Voriconazole,Candida albicans,1,1319,34
Diphenyl disulphide,Staphylococcus saprophyticus,0,684,150
Cefoxitin,Streptococcus pneumoniae,1,556,158
Furanone-2,Bacillus subtilis,0,755,21
Phenanthrene,Varicella-zoster virus,0,1088,172
"Trimethyl[3-({33-[2-(trimethylazaniumyl)ethoxy]-10,15,20,25,27,29,31,34-octakis[3-(trimethylazaniumyl)propoxy]hexacyclo[21.2.2.2,.2,.2,.2]pentatriaconta-1(25),3,5,8,10,13,15,18,20,23,26,28,30,32,34-pentadecaen-4-yl}oxy)propyl]azanium decabromide",Cryptococcus neoformans,0,1293,52
Gatifloxacin,Streptococcus pneumoniae serotype 4,1,776,159
Besifloxacin,Haemophilus influenzae,1,483,78
Moxifloxacin,Haemophilus influenzae,1,945,78
3-(2-Naphthyl)-D-alanine,Streptococcus pneumoniae,0,264,158
Tetracycline,Enteric bacteria and other eubacteria,1,1263,59
Methacycline,Actinomyces oris,0,929,7
6-MO-LF11-227,Halomonas pacifica,0,395,81
"2-(4-Chlorophenyl)-5-(4,5-dibromo-1-methyl-1H-pyrrol-2-yl)-1,3,4-oxadiazole",Kocuria rhizophila,0,203,101
Uracil,Escherichia coli ,1,1301,70
Penicillic acid,Achromobacter sp.,1,1080,0
P10,Staphylococcus aureus,1,1057,141
N-(4-Bromobenzylidene)benzohydrazide,Pseudomonas aeruginosa,1,976,125
NRC-16,Burkholderia cenocepacia,0,1003,28
N-[(3-chloro-isoquinolin-4-yl)methylene]benzohydrazide,Enterococcus faecalis,1,988,66
Pine needle oil,Streptomyces gordonii,0,1100,165
Carbonyl cyanide m-chlorophenylhydrazone,Burkholderia cenocepacia,0,524,28
epsilon-viniferin,Staphylococcus saprophyticus,0,1365,150
Moxifloxacin,Haemophilus influenzae,1,945,78
Ofloxacin,Haemophilus influenzae,1,1044,78
Chlorpromazine,Staphylococcus aureus,1,578,141
1-(pyridin-4-yl)ethan-1-one,Streptococcus sanguinis,0,130,162
Anidulafungin,Aspergillus niger,1,439,16
G10KHc,Bacillus anthracis,0,764,18
3-(pyridin-3-yl)-5-(3-ethoxy-4-hydroxybenzylidene)-2-thioxothiazolidin-4-one,Staphylococcus epidermidis,1,276,146
Isopropanol,Enterobacter cloacae,0,843,63
DiHydroxyBenzoFuran,Varicella-zoster virus,0,669,172
2-Fluoro-L-phenylalanine,Staphylococcus epidermis,1,218,147
LL-37,Francisella novicida,1,888,74
Furanone C-30,Streptococcus pneumoniae,0,753,158
Dezocine,Haemophilus influenzae,1,666,78
Silver dihydrogen citrate,Staphylococcus aureus,1,1193,141
Oleic Acid,Listeria monocytogenes serotype 4a,0,1046,105
Oregano oil,Trueperella pyogenes,0,1050,171
6-fluoroindole,Pseudomonas aeruginosa,1,397,125
1-(4-methoxyphenyl)-3-m-tolyurea,Streptococcus mutans,1,126,155
Norspermidine,Pseudomonas aeruginosa,1,1031,125
Ursolic acid,Vibrio harveyi,1,1303,176
Trovafloxacin,Haemophilus influenzae,1,1294,78
Lomefloxacin,Haemophilus influenzae,1,904,78
Oregano oil,Candida krusei,0,1050,38
Fosaphenytoin,Helicobacter pylori ,0,747,82
"4-(5-(4,5-dibromo-1-methyl-1H-pyrrol-2-yl)-1,3,4-oxadiazole-2-yl)aniline",Pseudomonas aeruginosa,1,314,125
Piperacillin,Streptococcus pneumoniae,1,1102,158
"N-((2R,3R,4S,5S,6R)-2,4,5-Trihydroxy-6-(hydroxymethyl)tetrahydro-2H-pyran-3-yl)butyramide",Influenza A virus ,0,966,95
Myricetin,Gardnerella vaginalis,0,950,76
S-phenyl-L-cysteine,Streptococcus mutans,1,1172,155
"(2S,3R,4S,5S,6R)-6-(Acetoxymethyl)-3-dodecanamidotetrahydro-2H-pyran-2,4,5-triyl triacetate",Neisseria gonorrhoeae,0,66,114
Itraconazole,Bacteroides eggerthii,0,848,23
Levofloxacin,Haemophilus influenzae,1,897,78
(2E)-1-[4-(4-nitrophenyl)piperazin-1-yl]-3-phenylprop-2-en-1-one,Candida albicans,1,33,34
D-Asparagine,Eubacterium ramulus,0,630,72
Raltegravir,Shewanella oneidensis,0,1144,137
Quinine,Plasmodium falciparum,1,1130,118
Ciprofloxacin,Haemophilus influenzae,1,590,78
FS8,Staphylococcus aureus,1,730,141
"2-(hexylsulfonyl)-4-(1H-1,2,3-triazol-1-yl)pyrimidine",Proteus vulgaris,0,213,122
Alexidine dihydrochloride,Streptococcus salivarius,0,425,161
"13-(2-chloroquinolin-3-yl)-3,3-dimethyl-1H,2H,3H,4H,6H,11H,13H-indazolo[1,2-b]phthalazine-1,6,11-trione",Candida albicans,1,156,34
Dezocine,Haemophilus influenzae,1,666,78
Esculin hydrate,Burkholderia cenocepacia,1,717,28
cyclo(Trp-Ser),Escherichia coli ,0,1357,70
Penicillin G,Influenza B virus ,0,1081,97
Erythromycin,Escherichia coli ,1,713,70
Calcium chloride,Pseudomonas fluorescens,1,519,127
4-Methoxychalcone,Candida parapsilosis,0,336,39
Delavirdine,Human immunodeficiency virus 1,1,661,92
"3,3-dimethyl-13-{8-methyl-[1,2,3,4]tetrazolo[1,5-a]quinolin-4-yl}-1H,2H,3H,4H,6H,11H,13H-indazolo[1,2-b]phthalazine-1,6,11-trione",Lysinibacillus sphaericus,0,248,106
Ofloxacin,Haemophilus influenzae,1,1044,78
Cadmium Ion,Streptomyces rubiginosus,0,515,166
Cinnamic Acid,Candida albicans,1,586,34
Penicillenol C1,Candida albicans,1,1078,34
2-oxindole,Pseudomonas aeruginosa,1,243,125
"(2E)-1-(3 ,5 -dimethoxyphenyl)-3-(2-naphthyl)-2-propen-1-one",Clostridium pasteurianum,0,26,46
"13-(2-chloro-6-methoxyquinolin-3-yl)-3,3-dimethyl-1H,2H,3H,4H,4aH,6H,11H,13H,13aH-indazolo[1,2-b]phthalazine-1,6,11-trione",Pseudomonas chlororaphis,0,151,126
Clove oil,Pseudomonas aeruginosa,1,605,125
Virstatin,Escherichia coli,0,1315,69
"Trimethyl[2-({10,15,20,24,26,29,31,33,34-nonakis[3-(trimethylphosphaniumyl)propoxy]hexacyclo[21.2.2.2,.2,.2,.2]pentatriaconta-1(25),3(35),4,6(34),8,10,13,15,18,20,23,26,28,30,32-pentadecaen-4-yl}oxy)ethyl]phosphanium decabromide",Enterococcus faecalis,1,1292,66
Resveratrol,Clostridium pasteurianum,0,1148,46
5-(dibromomethylene)-3-(1-bromoethyl)-2(5H)-furanone,Francisella novicida,0,370,74
Shikonin,Pseudomonas libaniensis,0,1190,129
Miconazole,Candida albicans,1,940,34
N-(2-Pyridinyl)butanamide,Enterococcus gallinarum,0,972,68
HE4,Pseudomonas japonica,0,793,128
LL-19,Vibrio harveyi,0,885,176
"13-(2-chloro-8a-methyl-4a,8a-dihydroquinolin-3-yl)-3,3-dimethyl-1H,2H,3H,4H,6H,11H,13H-indazolo[1,2-b]phthalazine-1,6,11-trione",Pseudomonas aeruginosa,1,155,125
Oseltamivir,Arthrobacter sp. ,0,1051,14
TZD-C8,Serratia liquefaciens,0,1241,135
Thiazolidinedione-8,Enterobacter aerogenes,0,1266,61
Sennidin A,Bacteroides uniformis,0,1188,25
D-Alanine,Staphylococcus epidermis,1,629,147
Sorbitol,Actinoplanes missouriensis,1,1210,8
Octyl gallate,Enterococcus faecalis,1,1043,66
LL13-37,Serratia liquefaciens,0,889,135
Zanamivir,Influenza B virus,1,1325,96
5-Fluorouracil,Pseudomonas aeruginosa,1,380,125
CRAMP,Streptococcus pneumoniae serotype 4,0,511,159
(RW)4-NH2,Candida glabrata,0,97,36
2-(2-(2-Chloroacetamido)-5-nitrophenyl)-2-oxo-N-( prop-2-yn-1-yl)acetamide,Escherichia coli,1,188,69
OSIP108,Candida glabrata,1,1040,36
Cadmium Ion,Pseudomonas libaniensis,0,515,129
Meta-bromo-thiolactone,Halomonas pacifica,0,928,81
"1-[2-(3,5-dichlorophenyl)-5-(3,4,5-trimethoxyphenyl)-1,3,4-oxadiazol-3(2H)-yl]ethanone",Candida krusei,0,133,38
"3-{2-[(1S,2R,4aR,8aR)-1,2,4a,5-tetramethyl-1,2,3,4,4a,7,8,8a-octahydronaphthalen-1-yl]ethyl}-N-(3-fluorophenyl)-5-methylidene-2,5-dihydrofuran-2-amine",Human immunodeficiency virus 1,0,308,92
Di-MB-LF11-215,Pseudomonas aeruginosa,1,667,125
Butyl gallate,Staphylococcus aureus,1,502,141
Coumarin,Escherichia coli,1,616,69
Heptadecanoic acid,Pichia anomala,0,796,117
Tipranavir,Human immunodeficiency virus 1,1,1276,92
"5,7,8,4-Tetramethoxyflavone",Vibrio harveyi,1,364,176
Indole-3-carboxyaldehyde,Bacteroides,0,831,22
Benzyl decyl beta-maltoside,Proteus vulgaris,0,480,122
(R)-2-amino-3-cyclohexylpropanoic acid,Staphylococcus aureus,1,93,141
Myxinidin1,Pseudoalteromonas sp.,0,956,124
Furanone-8,Salmonella enterica,1,759,133
Aciclovir,Human herpesvirus 1 ,1,420,87
lin-SB056,Burkholderia cenocepacia,0,1370,28
trans-2-Nonenal,Hafnia paralvei,0,1389,80
Pyrogallol,Proteus vulgaris,0,1125,122
6-Chlorooxindole,Clostridium perfringens ,0,392,48
3-(3-fluorophenyl)-5-(3-ethoxy-4-hydroxybenzylidene)-2-thioxothiazolidin-4-one,Staphylococcus aureus,1,270,141
3-hexyl-5-bromomethylene-2(5H)-furanone,Enteric bacteria and other eubacteria,0,299,59
5-bromomethylene-2 (5H)-furanone,Human herpesvirus 5,0,382,90
Pine needle oil,Staphylococcus aureus,1,1100,141
Vitexin,Human immunodeficiency virus,0,1318,91
N-Ethylacetanilide,Burkholderia cenocepacia,0,986,28
Ciprofloxacin,Pseudomonas aeruginosa,1,590,125
Raspberry KAS 434,Citrobacter freundii,0,1145,43
Methyl gallate,Streptococcus mutans,1,933,155
Erythromycin,Escherichia coli ,1,713,70
LL-25,Burkholderia pseudomallei,1,886,31
Posaconazole,Candida albicans,1,1111,34
Fosaphenytoin,Mycobacterium smegmatis,0,747,112
N-(2-Pyrimidinyl)butanamide,Human respiratory syncytial virus B,0,973,94
"13-(2-chloro-7-methoxyquinolin-3-yl)-3,3-dimethyl-1H,2H,3H,4H,6H,11H,13H-indazolo[1,2-b]phthalazine-1,6,11-trione",Pseudoalteromonas sp.,0,153,124
M8G2,Human parainfluenza virus type 2,0,913,93
Cefotaxime,Streptococcus pneumoniae,1,553,158
BMAP-28,Staphylococcus aureus,1,461,141
3-hexyl-4-bromo-5-methylene-2(5H)-furanone,Burkholderia multivorans,0,298,30
RK-19,Pseudomonas fluorescens,0,1138,127
"2,3-Dehydrosilybin",Staphylococcus aureus,1,170,141
Pro-Gly,Bacillus anthracis,0,1114,18
Fosamprenavir,Shigella flexneri,0,746,138
Nitrofurantoin,Escherichia coli,1,1023,69
Hamamelitannin,Eggerthella lenta,0,794,57
Sorbitol,Actinoplanes missouriensis,1,1210,8
hLF1-11,Influenza B virus,0,1367,96
Fosamprenavir,Human immunodeficiency virus 1,1,746,92
beta-Defensin-3,Helicobacter pylori ,0,1347,82
Ertapenem,Haemophilus influenzae,1,711,78
lin-SB056,Pseudomonas japonica,0,1370,128
Holothuroidin 1,Staphylococcus aureus,1,806,141
Gentamicin,Streptomyces sp. ,0,779,167
Atazanavir,Pseudomonas putida,0,449,130
Trovafloxacin,Acinetobacter oleiovorans,0,1294,4
3-Fluoro-DL-phenylalanine,Micrococcus luteus,0,282,108
Netilmicin,Bacillus anthracis,0,1016,18
Micafungin,Pseudomonas aeruginosa,1,939,125
Arbekacin,Streptococcus pneumoniae serotype 4,0,445,159
Sulfalene,Candida glabrata,0,1227,36
1-{4-phenyl-2-[(E)-2-[4-(trifluoromethoxy)phenyl]ethenyl]quinolin-3-yl}ethan-1-one,Bacillus subtilis,1,143,21
"3,3-dimethyl-13-{8-methyl-[1,2,3,4]tetrazolo[1,5-a]quinolin-4-yl}-1H,2H,3H,4H,6H,11H,13H-indazolo[1,2-b]phthalazine-1,6,11-trione",Candida albicans,1,248,34
5-Fluorouracil,Pseudomonas aeruginosa,1,380,125
Kanamycin,Enteric bacteria and other eubacteria,1,858,59
Amantadine,Influenza A virus ,1,429,95
Daidzein,Morganella morganii,0,652,109
3-(4-fluorophenyl)-5-(3-ethoxy- 4-hydroxybenzylidene)-2-thioxothiazolidin-4-one,Enterococcus faecalis,1,273,66
Hesperidin,Escherichia coli,1,799,69
5-Fluorouracil,Pseudomonas aeruginosa,1,380,125
4-bromo-5-(bromomethylene)-3-(1-bromobutyl)-2(5H)-furanone,Campylobacter jejuni,0,344,33
Oxacillin,Streptococcus pneumoniae,1,1052,158
beta-6-20-G3K6,Staphylococcus epidermidis,1,1344,146
(5Z)-4-Bromo-5-(bromomethylene)-3-butyl-2(5H)-furanone,Escherichia coli,1,87,69
Darunavir,Thermus thermophilus,0,658,168
"2,4,5-Trifluorophenylalanine",Acinetobacter sp.,0,172,5
Rifapentine ,Mycobacterium tuberculosis,1,1155,113
7-chloroindole,Actinoplanes missouriensis,0,401,8
Resveratrol,Burkholderia cenocepacia,1,1148,28
Pyrogallol,Vibrio vulnificus,1,1125,178
Cefmetazole,Staphylococcus aureus,1,549,141
Carvacrol,Streptococcus mutans,1,529,155
"13-(2-chloro-7-methylquinolin-3-yl)-3,3-dimethyl-1H,2H,3H,4H,6H,11H,13H-indazolo[1,2-b]phthalazine-1,6,11-trione",Clostridium bacilli,0,154,44
(2S)-2-amino-4-bromopent-4-enoic acid,Staphylococcus aureus,1,55,141
Micafungin,Pseudomonas aeruginosa,1,939,125
Pefloxacin,Haemophilus influenzae,1,1070,78
1-(4-chlorophenyl)-3-p-tolyurea,Vibrio cholerae,0,125,175
Penicillenol A2,Pseudomonas aeruginosa,1,1075,125
Oseltamivir,Influenza A virus ,1,1051,95
2-(2-(2-Chloroacetamido)-5-methylphenyl)-2-oxo-N-( prop-2-yn- 1-yl)acetamide,Dihydropteroate synthase type-1,0,187,55
beta-6-20-G3K6,Clostridium pasteurianum,0,1344,46
3-geranyl-1-(2-methylbutanoyl)phloroglucinol,Staphylococcus epidermidis,1,296,146
Cefpiramide,Escherichia coli,1,557,69
Oxacillin,Clostridium perfringens ,1,1052,48
Ibuprofen,Staphylococcus caprae,0,819,143
Caffeic Acid,Pseudomonas aeruginosa,1,516,125
16P-AC,Proteus vulgaris,0,165,122
Mucobromic acid,Human immunodeficiency virus 1,0,947,92
2-amino-3-(4-methylbenzenesulfinyl)propanoic acid,Streptococcus sanguis,1,228,163
PTP-7,Enterobacter cancerogenus,0,1062,62
(Z)-5-(chloromethylene) furan-2(5H)-one,Staphylococcus epidermidis,1,109,146
C16G2,Streptococcus gordonii,1,505,153
Cloxacillin,Clostridium perfringens ,1,606,48
"(2E)-N -(2 -hydroxy-5 -bromo-benzilidene)-3,4,5-trimethoxybenzohydrazide",Pseudomonas aeruginosa,1,37,125
Kaurenoic acid,Mycobacterium smegmatis,0,859,112
Nitrofurantoin,Escherichia coli,1,1023,69
PG-1,Pseudomonas libaniensis,0,1060,129
16P,Staphylococcus aureus,1,164,141
2-Carbamoylphenylalanine,Bacteroides eggerthii,0,215,23
2-(2-(2-Azidoacetamido)-5-methylphenyl)-2-oxo-N-(prop-2-yn-1-yl)acetamide,Bacteroides vulgatus,0,183,26
