drug_id,drug_name,microbe_id,microbe_name,label
544,Cefditoren,47,Clostridium perfringens,1
335,4-Methoxycarbonylphenylboronic acid,169,Vibrio campbellii,1
63,"(2S,3R,4S,5S,6R)-6-(Acetoxymethyl)-3-(3-oxooctanamido)tetrahydro-2H-pyran-2,4,5-triyl triacetate",43,Citrobacter freundii,0
1264,Titanium dioxide,67,Escherichia coli,1
956,N -[(3-chloro-isoquinolin-4-yl)methylene] benzohydrazide,51,Cryptococcus neoformans,0
479,Benzoylperoxide,116,Propionibacterium acnes,1
495,Bromophenyl AHL,121,Pseudomonas aeruginosa,1
149,12-hydroxy decyl beta-maltose,121,Pseudomonas aeruginosa,1
809,IG-13,96,Klebsiella variicola,0
244,2-phenylethane-1-SO-thioperoxol,7,Actinomyces oris,1
35,(2E)-3-(4-Hydroxy-3-methoxyphenyl)-1-phenyl-2-propen-1-one,75,Haemophilus influenzae,1
606,Colistin,172,Vibrio parahaemolyticus,0
1101,Polysorbate 80,137,Staphylococcus aureus,0
1306,Wheat bran,144,Staphylococcus equorum,0
1169,SQ109,109,Mycobacterium tuberculosis,1
679,Diphenyl disulphide,46,Clostridium pasteurianum,0
142,"1-{2-[(E)-2-[3,5-bis(trifluoromethyl)phenyl]ethenyl]-4-phenylquinolin-3-yl}ethan-1-one",35,Candida dubliniensis,0
764,Gallic Acid,40,Candida spp.,0
209,2-(5-Bromo-2-(2-chloroacetamido)phenyl )-2-oxo-N-( prop-2-yn-1-yl)acetamide,123,Pseudomonas fluorescens,0
336,4-Methoxychalcone,75,Haemophilus influenzae,1
742,Fosaphenytoin,94,Klebsiella planticola,0
1042,Oregano oil,168,Vibrio anguillarum,0
614,Crocin,121,Pseudomonas aeruginosa,1
1148,Rimantadine,30,Burkholderia multivorans,0
1248,Tet-213,137,Staphylococcus aureus,1
502,Butyl gallate,82,Hepatitis C Virus,0
1275,Trimethyl(3-{4-[3-(trimethylazaniumyl)propoxy]phenoxy}propyl)azanium dibromide,81,Hepatitis B virus F,0
1045,Oxantel,155,Streptococcus pneumoniae serotype 4,0
264,3-(2-Naphthyl)-D-alanine,137,Staphylococcus aureus,1
259,"3,5-dibromotyrosined",118,Proteus vulgaris,0
344,4-bromo-5-(bromomethylene)-3-(1-bromobutyl)-2(5H)-furanone,110,Neisseria gonorrhoeae,0
424,Albendazole,64,Enterococcus faecalis,0
159,"13-{8-methoxy-[1,2,3,4]tetrazolo[1,5-a]quinolin-4-yl}-3,3-dimethyl-1H,2H,3H,4H,6H,11H,13H-indazolo[1,2-b]phthalazine-1,6,11-trione",34,Candida albicans,1
24,"(2E)-1-(3 ,4 ,5 -trimethoxyphenyl)-3-(2-naphthyl)-2-propen-1-one",137,Staphylococcus aureus,1
861,L-Canavanine,28,Burkholderia cenocepacia,1
832,Isoconazole,86,Human herpesvirus 4,0
555,Cefoxitin,154,Streptococcus pneumoniae,1
1208,Streptorubin B,163,Streptomyces sp.,0
400,7-bromoindole,121,Pseudomonas aeruginosa,1
612,Coumarin,55,Edwardsiella tarda,1
1333,beta-Pinene,119,Providencia stuartii,0
51,"(2R,3E)-2-Amino-4-phenyl-3-butenoic acid",137,Staphylococcus aureus,1
801,Holothuroidin 2,137,Staphylococcus aureus,1
1059,Pantaprazole,21,Bacillus subtilis,1
1145,Rifampicin,67,Escherichia coli,1
1139,Resveratrol,30,Burkholderia multivorans,1
919,Menthol,9,Aeromonas hydrophila,1
929,Methylthiopropylamine,43,Citrobacter freundii,0
32,(2E)-1-[4-(3-nitropyridin-2-yl)piperazin-1-yl]-3-phenylprop-2-en-1-one,108,Mycobacterium smegmatis,0
369,5-(dibromomethylene)-3-(1-bromobutyl)-2(5H)-furanone,91,Human respiratory syncytial virus B,0
200,"2-(4,5-dibromo-1-methyl-1H-pyrrol-2yl)-5-(4-nitrophenyl)-1,3,4-oxadiazole",29,Burkholderia cepacia,0
1375,trans-2-Pentenal,170,Vibrio cholerae,1
699,Enoxacin,75,Haemophilus influenzae,1
850,KT2,63,Enterobacteria phage T4,0
253,"3,4-Dichloro-cinnamaldehyde",170,Vibrio cholerae,1
882,LL-37,137,Staphylococcus aureus,1
295,3-fluoroaniline,24,Bacteroides fragilis,0
1161,S-ethyl-L-cysteine,159,Streptococcus sanguis,1
111,"(Z)-5-octylidenethiazolidine-2,4-dione",116,Propionibacterium acnes,1
185,2-(2-(2-Azidoacetamido)phenyl)-2-oxo-N-(prop-2-yn-1-yl)acetamide,47,Clostridium perfringens,0
981,N-[(3-chloro-isoquinolin-4-yl)methylene]benzohydrazide,121,Pseudomonas aeruginosa,1
1257,Thymol,133,Shewanella oneidensis,0
538,Cefadroxil,154,Streptococcus pneumoniae,1
671,Dicloxacillin,73,Gardnerella vaginalis,0
759,G10KHc,121,Pseudomonas aeruginosa,1
890,Lemon oil,124,Pseudomonas japonica,0
971,N-(4-Morpholinyl)butanamide,65,Enterococcus faecium,0
387,"6-(4-chlorophenyl)-1,3-dimethyl-5-[3-(4-methylphenyl)-1-phenyl-1H-pyrazol-4-yl]-1H,2H,3H,4H,5H,6H-pyrimido[4,5-d][1,3]diazine-2,4-dione",21,Bacillus subtilis,1
1254,Thimerosal,132,Serratia marcescens,0
368,5-(dibromomethylene)-3-(1-acetoxyethyl)-2(5H)-furanone,129,Salmonella enterica,1
856,L- K6L9,121,Pseudomonas aeruginosa,1
1145,Rifampicin,93,Influenza B virus,0
170,"2,3-Dehydrosilybin",44,Clostridium bacilli,0
1273,Trimethoprim-sulfamethoxazole,147,Stenotrophomonas maltophilia,1
860,L-Aspartate,145,Staphylococcus haemolyticus,1
834,Isohydnocarpin,106,Mycobacterium avium,0
904,Lys-a1,151,Streptococcus mutans,1
284,3-Hydroxytyrosine,87,Human herpesvirus 5,0
752,Furanone-5,83,Hepatitis C virus,0
143,1-{4-phenyl-2-[(E)-2-[4-(trifluoromethoxy)phenyl]ethenyl]quinolin-3-yl}ethan-1-one,121,Pseudomonas aeruginosa,1
755,Furvina,121,Pseudomonas aeruginosa,1
1365,p-nitrophenyl glycerol,117,Proteus mirabilis,1
92,(R)-2-Amino-3-biphenyl-3-yl-propionic acid,39,Candida parapsilosis,0
492,Bismuth oxide nanoparticle,12,Amycolatopsis orientalis,0
1165,S-propyl-L-cysteine,151,Streptococcus mutans,1
475,"Benzenesul-fonamide,4-amino-N-methyl-N-[3-(3,4,7,8-tetrahydro-2,4-dioxo-2H-thiopyrano[4,3-d]pyrimidin-1(5H)-yl)propyl",2,Acinetobacter baumannii,1
186,2-(2-(2-Chloroacetamido)-5-fluorophenyl)-2-oxo-N-( prop-2-yn-1-yl)acetamide,85,Human herpesvirus 3,0
36,"(2E)-5-[(1S,2R,4aR,8aR)-1,2,4a,5-tetramethyl-1,2,3,4,4a,7,8,8a-octahydronaphthalen-1-yl]-3-formylpent-2-enoic acid",151,Streptococcus mutans,1
194,"2-(4,5-dibromo-1-methyl-1H-pyrrol-2-yl)-5-(ethylthio)-1,3,4-oxadiazole",63,Enterobacteria phage T4,0
1348,digoxin,56,Eggerthella lenta,1
656,Delavirdine,89,Human immunodeficiency virus 1,1
156,"13-(2-chloroquinolin-3-yl)-3,3-dimethyl-1H,2H,3H,4H,6H,11H,13H-indazolo[1,2-b]phthalazine-1,6,11-trione",120,Pseudoalteromonas sp.,0
676,"Dihydroxybenzoic Acid (3,4-DHBA)",57,Eikenella corrodens,1
737,Flucloxacillin,47,Clostridium perfringens,1
385,5-fluorooxiindole,121,Pseudomonas aeruginosa,1
502,Butyl gallate,137,Staphylococcus aureus,1
992,NA10,138,Staphylococcus capitis,0
327,4-Ethylguaiacol,67,Escherichia coli,1
457,Azlocillin,100,Listeria monocytogenes,1
115,"1,3-bis[3-chloro-5-(1,3-dichloropropane-2-yloxy)-2(5H)-furanone-4-ylsulfonyl]propane",21,Bacillus subtilis,1
56,"(2S,3R,4S,5S,6R)-3-(2-(1H-Indol-3-yl)acetamido)-6-(acetoxymethyl)tetrahydro-2H-pyran-2,4,5-triyl triacetate",121,Pseudomonas aeruginosa,1
182,2-(2-(2-Azidoacetamido)-5-fluorophenyl)-2-oxo-N-( prop-2-yn-1-yl)acetamide,121,Pseudomonas aeruginosa,1
1239,Telaprevir,83,Hepatitis C virus,1
16,"(2E)-1-(1 ,3 -benzodioxol-5-yl)-3-(2-naphthyl)-2-propen-1-one",121,Pseudomonas aeruginosa,1
1130,RK-25,165,Trichophyton mentagrophytes,0
1208,Streptorubin B,137,Staphylococcus aureus,1
258,"3,5-Dimethyl benzyl dodecyl beta-maltoside",121,Pseudomonas aeruginosa,1
688,Doxycycline,119,Providencia stuartii,0
288,3-Methyl-D-phenylalanine,118,Proteus vulgaris,0
1203,Ssp (A4K-A11K),151,Streptococcus mutans,1
590,Citral,105,Morganella morganii,0
1356,lin-SB056-1,142,Staphylococcus epidermidis,1
225,2-amino-3-(2-nitrophenyl)propanoic acid,94,Klebsiella planticola,0
432,Aminocyclopropane,173,Vibrio vulnificus,0
1043,Oseltamivir,43,Citrobacter freundii,0
775,Ginger oil,126,Pseudomonas putida,0
192,"2-(4,5-dibromo-1-methyl-1H-pyrrol-2-yl)-5-(2,4-dichlorophenyl)-1,3,4-oxadiazole",22,Bacteroides,0
600,Clotrimazole,82,Hepatitis C Virus,0
1292,Vancomycin,65,Enterococcus faecium,1
401,7-chloroindole,121,Pseudomonas aeruginosa,1
855,Kojic acid,25,Bacteroides uniformis,0
142,"1-{2-[(E)-2-[3,5-bis(trifluoromethyl)phenyl]ethenyl]-4-phenylquinolin-3-yl}ethan-1-one",4,Acinetobacter oleiovorans,0
339,4-Nitro-D-phenylalanine,137,Staphylococcus aureus,1
384,5-fluoroindole,3,Acinetobacter nosocomialis,0
1185,Silver nanoparticles,154,Streptococcus pneumoniae,0
21,"(2E)-1-(2 ,4 ,5 -trimethoxyphenyl)-3-(2-naphthyl)-2-propen-1-one",64,Enterococcus faecalis,1
264,3-(2-Naphthyl)-D-alanine,35,Candida dubliniensis,0
382,5-bromomethylene-2 (5H)-furanone,10,Aeromonas sobria,1
151,"13-(2-chloro-6-methoxyquinolin-3-yl)-3,3-dimethyl-1H,2H,3H,4H,4aH,6H,11H,13H,13aH-indazolo[1,2-b]phthalazine-1,6,11-trione",121,Pseudomonas aeruginosa,1
1204,Stavudine,89,Human immunodeficiency virus 1,1
1227,Syringic acid,67,Escherichia coli,1
196,"2-(4,5-dibromo-1-methyl-1H-pyrrol-2-yl)-5-(phenylthio)-1,3,4-oxadiazole",150,Streptococcus mitis,0
679,Diphenyl disulphide,151,Streptococcus mutans,1
912,Macromomycin B,170,Vibrio cholerae,1
800,Holothuroidin 1,144,Staphylococcus equorum,0
118,"1,3-dimethyl-6-(4-methylphenyl)-5-[3-(4-nitrophenyl)-1-phenyl-1H-pyrazol-4-yl]-1H,2H,3H,4H,5H,6H-pyrimido[4,5-d][1,3]diazine-2,4-dione",104,Micrococcus luteus,1
266,3-(2-Pyridinyl)alanine,137,Staphylococcus aureus,1
23,"(2E)-1-(2 ,5 -dimethoxyphenyl)-3-[2,5-dimethyl-1-(3-trifluoromethyl-phenyl)-1H-pirrol-3-yl]-2-propen-1-one",121,Pseudomonas aeruginosa,1
565,Cephalexin,21,Bacillus subtilis,1
761,GL13K,63,Enterobacteria phage T4,0
65,"(2S,3R,4S,5S,6R)-6-(Acetoxymethyl)-3-decanamidotetrahydro-2H-pyran-2,4,5-triyl triacetate",52,Dengue Virus Type 2,0
634,D-Phenylalanine,66,Enterococcus gallinarum,0
708,Erythromycin,83,Hepatitis C virus,0
543,Cefazolin,168,Vibrio anguillarum,0
1029,O-Methyl-D-tyrosine,137,Staphylococcus aureus,1
688,Doxycycline,121,Pseudomonas aeruginosa,1
662,Di-MB-LF11-215,161,Streptomyces gordonii,0
413,A-3,97,Kocuria rhizophila,0
143,1-{4-phenyl-2-[(E)-2-[4-(trifluoromethoxy)phenyl]ethenyl]quinolin-3-yl}ethan-1-one,21,Bacillus subtilis,1
1200,Sodium sulfate,103,Marinobacter hydrocarbonoclasticus,0
882,LL-37,71,Francisella novicida,1
111,"(Z)-5-octylidenethiazolidine-2,4-dione",136,Staphlococcus aureus,0
153,"13-(2-chloro-7-methoxyquinolin-3-yl)-3,3-dimethyl-1H,2H,3H,4H,6H,11H,13H-indazolo[1,2-b]phthalazine-1,6,11-trione",121,Pseudomonas aeruginosa,1
1104,Praziquantel,46,Clostridium pasteurianum,0
1313,Zinc,67,Escherichia coli,1
137,1-methanesulfonyl-4-methylbenzene,121,Pseudomonas aeruginosa,1
1318,ZnO nanoparticles,121,Pseudomonas aeruginosa,1
1008,Nerolidol,34,Candida albicans,1
922,Meta-bromo-thiolactone,106,Mycobacterium avium,0
814,Idoxuridine,92,Influenza A virus,0
1157,S-(2-thienyl)-L-cysteine,151,Streptococcus mutans,1
532,Catechin gallate,13,Aquifex aeolicus,0
745,Fraxin,147,Stenotrophomonas maltophilia,1
888,Latamoxef,156,Streptococcus pyogenes,0
1127,R-Thanatin,39,Candida parapsilosis,0
232,2-amino-5-methoxy-5-oxopentanoic acid,171,Vibrio harveyi,0
649,Dalfopristin,65,Enterococcus faecium,1
925,Methyl benzethonium chloride,34,Candida albicans,1
652,Daptomycin,137,Staphylococcus aureus,1
1137,Reserpine,151,Streptococcus mutans,1
821,Indole,67,Escherichia coli,1
490,BisEDT-RIP,137,Staphylococcus aureus,1
680,Diphenyl methane,86,Human herpesvirus 4,0
266,3-(2-Pyridinyl)alanine,46,Clostridium pasteurianum,0
1049,P10,152,Streptococcus oralis,0
676,"Dihydroxybenzoic Acid (3,4-DHBA)",167,Varicella-zoster virus,0
410,7P-AC,76,Hafnia alvei,0
255,"3,4-Dimethoxychalcone",128,Salmonella Typhi,0
1163,S-phenyl-L-cysteine,7,Actinomyces oris,1
1147,Rilpivirine,38,Candida krusei,0
693,Ellagic Acid,137,Staphylococcus aureus,1
904,Lys-a1,157,Streptococcus salivarius,1
882,LL-37,20,Bacillus licheniformis,0
547,Cefmenoxime,67,Escherichia coli,1
397,6-fluoroindole,116,Propionibacterium acnes,0
207,"2-(4-methoxyphenyl)-N-(3-{[2-(4-methoxyphenyl)ethyl]imino}-1,4-dihydro-2-quinox alinylidene)ethanamine",151,Streptococcus mutans,1
811,IG-25,111,Obesumbacterium proteus,0
1023,Norspermidine,21,Bacillus subtilis,1
682,DispersinB-KSL-W wound gel,48,Coagulase- negative staphylococci,1
228,2-amino-3-(4-methylbenzenesulfinyl)propanoic acid,14,Arthrobacter sp.,0
1264,Titanium dioxide,98,Lactobacillus fermenti,0
241,"2-geranyloxy-4,6-dihydroxybenzophenone",137,Staphylococcus aureus,1
395,6-MO-LF11-227,92,Influenza A virus,0
1129,RK-19,155,Streptococcus pneumoniae serotype 4,0
961,"N-((2R,3R,4S,5S,6R)-2,4,5-Trihydroxy-6-(hydroxymethyl)tetrahydro-2H-pyran-3-yl)hexanamide",164,Thermus thermophilus,0
615,Curcumin,117,Proteus mirabilis,1
541,Cefamandole,34,Candida albicans,0
421,Adamantane dodecyl beta-maltoside,121,Pseudomonas aeruginosa,1
366,5- hydroxyethyl-3-tetradecanoyltetramic acid,90,Human parainfluenza virus type 2,0
1268,Toremifene,34,Candida albicans,1
60,"(2S,3R,4S,5S,6R)-6-(Acetoxymethyl)-3-(2-(4-fluorophenyl)acetamido)tetrahydro-2H-pyran-2,4,5-triyl triacetate",121,Pseudomonas aeruginosa,1
647,Daidzein,67,Escherichia coli,1
774,Gentamicin,67,Escherichia coli,1
73,"(5E)-5-dodecylidene-1,3-thiazolidine-2,4-dione",34,Candida albicans,1
498,Butein,75,Haemophilus influenzae,1
1116,Pyrogallol,113,Pichia anomala,0
5,"(1R,2S,7R,3E,11E)-2,18-diacetoxycembra-3,8(19),11,15(17)-tetraen-7-ol",77,Hafnia paralvei,0
413,A-3,110,Neisseria gonorrhoeae,0
363,5 alpha-Epoxyalantolactone,34,Candida albicans,1
1362,nitrazepam,112,Pantoea agglomerans,0
1135,Raltegravir,89,Human immunodeficiency virus 1,1
1129,RK-19,90,Human parainfluenza virus type 2,0
1338,cis-4-Hydroxy-L-proline,79,Helicobacter pylori,0
1354,knightine,46,Clostridium pasteurianum,0
1124,Quinupristin,76,Hafnia alvei,0
932,Mezlocillin,101,Listeria monocytogenes serotype 4a,0
319,4-Benzoylphenylalanine,137,Staphylococcus aureus,1
1112,Psoralen,121,Pseudomonas aeruginosa,1
747,Furanone 56,136,Staphlococcus aureus,0
926,Methyl eugenol,69,Eubacterium ramulus,0
1136,Raspberry KAS 434,17,Bacillus amyloliquefaciens,1
665,Diazepam,20,Bacillus licheniformis,0
500,Butoconazole,111,Obesumbacterium proteus,0
1277,"Trimethyl[2-({10,15,20,24,26,29,31,33,34-nonakis[3-(trimethylphosphaniumyl)propoxy]hexacyclo[21.2.2.2,.2,.2,.2]pentatriaconta-1(25),3(35),4,6(34),8,10,13,15,18,20,23,26,28,30,32-pentadecaen-4-yl}oxy)ethyl]phosphanium decabromide",124,Pseudomonas japonica,0
1317,Zinc sulfate,29,Burkholderia cepacia,1
1308,Yohimbine hydrochloride,34,Candida albicans,1
364,"5,7,8,4-Tetramethoxyflavone",171,Vibrio harveyi,1
897,Listerine,6,Actinobacillus actinomycetemcomitans,0
1283,Umbelliferone,58,Enteric bacteria and other eubacteria,0
564,Cefuroxime,45,Clostridium leptum,0
397,6-fluoroindole,174,Yersinia enterocolitica,0
602,Cloxacillin,100,Listeria monocytogenes,1
135,"1-[2-(naphthalen-1-yl)-5-(3,4,5-trimethoxyphenyl)-1,3,4-oxadiazol-3(2H)-yl]ethanone",121,Pseudomonas aeruginosa,1
226,2-amino-3-(3-chlorophenyl)propanoic acid,143,Staphylococcus epidermis,1
94,(R)-2-amino-3-cyclopentylpropanoic acid,6,Actinobacillus actinomycetemcomitans,0
1336,cat-AGE-RK2,137,Staphylococcus aureus,1
263,"3-(2-Furylmethyl)-2-{[(5-hydroxy-1H-pyrazol-3-yl)methyl]sulfanyl}-3,5,6,7-tetrahydro-4H-cyclopenta[4,5]thieno[2,3-d]pyrimidin-4-one",129,Salmonella enterica,1
106,(Z)-4-bromo-5-(bromomethylene)-3-hexyl-2(5H)-furanone,149,Streptococcus gordonii,0
873,LF11-215,121,Pseudomonas aeruginosa,1
214,"2-Benzyl-5-(4,5-dibromo-1-methyl-1H-pyrrol-2-yl)-1,3,4-oxadiazole",107,Mycobacterium leprae,0
1201,Sorbitol,8,Actinoplanes missouriensis,1
175,"2,4-Dimethylphenylalanine",170,Vibrio cholerae,0
191,"2-(2-chloro-5-fluorophenyl)-5-(4,5-dibromo-1-methyl-1H-pyrrol-2-yl)-1,3,4-oxadiazole",121,Pseudomonas aeruginosa,1
1070,Penicillenol C2,121,Pseudomonas aeruginosa,1
677,Dimethyl Sulfoxide,121,Pseudomonas aeruginosa,1
527,Carnitine hydrochloride,159,Streptococcus sanguis,1
527,Carnitine hydrochloride,14,Arthrobacter sp.,0
1324,alpha-Pinene,67,Escherichia coli,1
461,BMAP-28,38,Candida krusei,1
833,Isoeugenol,67,Escherichia coli,1
748,Furanone C-30,121,Pseudomonas aeruginosa,1
454,Avibactam,1,Achromobacter xylosoxidans,0
932,Mezlocillin,47,Clostridium perfringens,1
551,Ceforanide,158,Streptococcus sanguinis,0
492,Bismuth oxide nanoparticle,34,Candida albicans,1
139,1-{2-[(E)-2-(4-chlorophenyl)ethenyl]-4-phenylquinolin-3-yl}ethan-1-one,104,Micrococcus luteus,1
243,2-oxindole,121,Pseudomonas aeruginosa,1
711,Esculin,48,Coagulase- negative staphylococci,0
960,"N-((2R,3R,4S,5S,6R)-2,4,5-Trihydroxy-6-(hydroxymethyl)tetrahydro-2H-pyran-3-yl)dodecanamide",121,Pseudomonas aeruginosa,1
230,2-amino-3-(propane-1-sulfinyl)propanoic acid,170,Vibrio cholerae,0
668,Dichloromethane,137,Staphylococcus aureus,1
554,Cefotiam,47,Clostridium perfringens,1
1086,Phloridzin,107,Mycobacterium leprae,0
82,"(5Z)-2-(1,1-dichloro-7-methyloctyl)-5-{[4-(trifluoromethyl)phenyl]methylidene}-1,3-oxazolidin-4-one",137,Staphylococcus aureus,1
237,2-bromodecanoic acid,121,Pseudomonas aeruginosa,1
192,"2-(4,5-dibromo-1-methyl-1H-pyrrol-2-yl)-5-(2,4-dichlorophenyl)-1,3,4-oxadiazole",121,Pseudomonas aeruginosa,1
778,Glycinamide hydrochloride,151,Streptococcus mutans,1
604,Cobalt Ion,86,Human herpesvirus 4,0
604,Cobalt Ion,121,Pseudomonas aeruginosa,1
1300,Virstatin,78,Halomonas pacifica,0
159,"13-{8-methoxy-[1,2,3,4]tetrazolo[1,5-a]quinolin-4-yl}-3,3-dimethyl-1H,2H,3H,4H,6H,11H,13H-indazolo[1,2-b]phthalazine-1,6,11-trione",132,Serratia marcescens,0
684,Djenkolic acid,104,Micrococcus luteus,0
30,(2E)-1-[4 -(1H-imidazol-1-yl)phenyl]-3-(2-naphthyl)-2-propen-1-one,137,Staphylococcus aureus,1
743,Fosfomycin,67,Escherichia coli,1
852,Kanamycin,58,Enteric bacteria and other eubacteria,1
1092,Pinguisenol,121,Pseudomonas aeruginosa,1
58,"(2S,3R,4S,5S,6R)-6-(Acetoxymethyl)-3-(2-(4-bromophenyl)acetamido)tetrahydro-2H-pyran-2,4,5-triyl triacetate",109,Mycobacterium tuberculosis,0
235,2-amino-imidazole/ triazole conjugate,151,Streptococcus mutans,1
367,"5-(4,5-dibromo-1-methyl-1H-pyrrol-2-yl)-1,3,4-oxadiazole-2-thiol",121,Pseudomonas aeruginosa,1
613,Coumarin-3-carboxylic acid,25,Bacteroides uniformis,0
504,C16-33,158,Streptococcus sanguinis,1
42,(2R)-2-amino-3-(2-phenylethanesulfinyl)propanoic acid,7,Actinomyces oris,1
931,Metronidazole,115,Porphyromonas gingivalis,1
118,"1,3-dimethyl-6-(4-methylphenyl)-5-[3-(4-nitrophenyl)-1-phenyl-1H-pyrazol-4-yl]-1H,2H,3H,4H,5H,6H-pyrimido[4,5-d][1,3]diazine-2,4-dione",142,Staphylococcus epidermidis,0
798,Hinokitiol,41,Candida tropicalis,1
381,5-Hydroxy-4-[(4-methylphenyl)sulfonyl]-3-chloro-2(5H)-furanone,81,Hepatitis B virus F,0
314,"4-(5-(4,5-dibromo-1-methyl-1H-pyrrol-2-yl)-1,3,4-oxadiazole-2-yl)aniline",121,Pseudomonas aeruginosa,1
400,7-bromoindole,31,Burkholderia pseudomallei,0
60,"(2S,3R,4S,5S,6R)-6-(Acetoxymethyl)-3-(2-(4-fluorophenyl)acetamido)tetrahydro-2H-pyran-2,4,5-triyl triacetate",3,Acinetobacter nosocomialis,0
824,Indole-3-acetic acid,169,Vibrio campbellii,1
415,AFP1,29,Burkholderia cepacia,0
1011,Niacinamide,163,Streptomyces sp.,0
863,L-Phenylalanine,90,Human parainfluenza virus type 2,0
757,Fusidic acid,118,Proteus vulgaris,0
865,L-Phenylalanine-L-Lysine,137,Staphylococcus aureus,1
759,G10KHc,139,Staphylococcus caprae,0
145,1-{6-nitro-4-phenyl-2-[(E)-2-[4-(trifluoromethoxy)phenyl]ethenyl]quinolin-3-yl}ethan-1-one,137,Staphylococcus aureus,1
48,(2R)-2-amino-4-phenylbutanoic acid,1,Achromobacter xylosoxidans,0
1197,Sm6(L3)2C,151,Streptococcus mutans,1
945,Myristic acid,132,Serratia marcescens,1
774,Gentamicin,25,Bacteroides uniformis,0
894,Linalool,34,Candida albicans,1
192,"2-(4,5-dibromo-1-methyl-1H-pyrrol-2-yl)-5-(2,4-dichlorophenyl)-1,3,4-oxadiazole",137,Staphylococcus aureus,1
784,HA14-1,34,Candida albicans,1
814,Idoxuridine,84,Human herpesvirus 1,1
1232,Tangeretin,171,Vibrio harveyi,1
270,3-(3-fluorophenyl)-5-(3-ethoxy-4-hydroxybenzylidene)-2-thioxothiazolidin-4-one,71,Francisella novicida,0
746,Furanone,150,Streptococcus mitis,0
257,"3,5-Diiodotyrosine",137,Staphylococcus aureus,1
840,Isosinensetin,44,Clostridium bacilli,0
117,"1,3-dimethyl-6-(4-methylphenyl)-5-[3-(4-methylphenyl)-1-phenyl-1H-pyrazol-4-yl]-1H,2H,3H,4H,5H,6H-pyrimido[4,5-d][1,3]diazine-2,4-dione",157,Streptococcus salivarius,0
1128,RI-19,10,Aeromonas sobria,0
125,1-(4-chlorophenyl)-3-p-tolyurea,151,Streptococcus mutans,1
758,G H12,160,Streptococcus sobrinus,1
342,4-bromo-5-(bromomethylene)-3-(1-(2-(2-(2-azidoethoxy)ethoxy)ethoxy)butyl)-2(5H)-furanone,105,Morganella morganii,0
800,Holothuroidin 1,142,Staphylococcus epidermidis,1
1178,Seg6L,121,Pseudomonas aeruginosa,1
206,"2-(4-Methoxyphenyl)-N-((2R,3R,4S,5S,6R)-2,4,5-trihydroxy-6-(hydroxymethyl)tetrahydro-2H-pyran-3-yl)acetamide",121,Pseudomonas aeruginosa,1
769,Ganciclovir,51,Cryptococcus neoformans,0
842,Itraconazole,15,Aspergillus fumigatus,0
482,Bergamottin,104,Micrococcus luteus,0
1019,Norbgugaine 12,156,Streptococcus pyogenes,0
1198,Sodium Chloride,33,Campylobacter jejuni,1
1190,Silybin,137,Staphylococcus aureus,1
924,Methanol,137,Staphylococcus aureus,1
633,D-Methionine,143,Staphylococcus epidermis,1
140,1-{2-[(E)-2-(4-hydroxy-3-methoxyphenyl)ethenyl]-4-phenylquinolin-3-yl}ethan-1-one,121,Pseudomonas aeruginosa,1
1108,Propyl gallate,40,Candida spp.,0
974,"N-(5-Methyl-1,2-oxazol-3-yl)butanamide",72,Fusarium solani,0
1265,Tobramycin,127,Raoultella ornithinolytica,0
1075,Pentanol,34,Candida albicans,1
375,"5-Bromo-1-(2-chloroacetyl)indoline-2,3-dione",121,Pseudomonas aeruginosa,1
1001,Nafcillin,154,Streptococcus pneumoniae,1
1280,Tyrosol,151,Streptococcus mutans,1
556,Cefpiramide,136,Staphlococcus aureus,0
471,Benzalacetone,80,Hepatitis B virus D,0
1133,RT2,98,Lactobacillus fermenti,0
13,"(2-(4-chlorophenyl)- 4-{[(6-methyl-2-pyridinyl)amino]methylene}-1,3-oxazol- 5(4H)-one)",151,Streptococcus mutans,1
1050,P15-CSP,43,Citrobacter freundii,0
139,1-{2-[(E)-2-(4-chlorophenyl)ethenyl]-4-phenylquinolin-3-yl}ethan-1-one,94,Klebsiella planticola,1
1249,Tet-26,121,Pseudomonas aeruginosa,1
270,3-(3-fluorophenyl)-5-(3-ethoxy-4-hydroxybenzylidene)-2-thioxothiazolidin-4-one,142,Staphylococcus epidermidis,1
499,Butenafine hydrochloride,105,Morganella morganii,0
380,5-Fluorouracil,95,Klebsiella pneumoniae,0
954,N -(5-bromo-2-hydroxy-benzylidene)benzohydrazide,144,Staphylococcus equorum,0
1293,Vanillic acid,63,Enterobacteria phage T4,0
289,3-Nitro-D-tyrosine,137,Staphylococcus aureus,1
1064,Penciclovir,84,Human herpesvirus 1,1
1272,"Triethyl[3-({33-[2-(triethylazaniumyl)ethoxy]-10,15,20,25,27,29,31,34-octakis[3-(triethylazaniumyl)propoxy]hexacyclo[21.2.2.2.2.2.2]pentatriaconta-1(25),3,5,8,10,13,15,18,20,23,26,28,30,32,34-pentadecaen-4-yl}oxy)propyl]azanium decabromide",137,Staphylococcus aureus,1
727,Farnesol,35,Candida dubliniensis,1
1175,Scopoletin,67,Escherichia coli,1
1081,"Phenol,2,4-bis(1,1-dimethylethyl)",132,Serratia marcescens,1
408,7-methylindole,121,Pseudomonas aeruginosa,1
714,Ethambutol,150,Streptococcus mitis,0
585,Cinnamic acid,69,Eubacterium ramulus,0
580,Chrysophsin-1,151,Streptococcus mutans,1
46,(2R)-2-amino-3-[(4-methylphenyl)methanesulfinyl]propanoic acid,151,Streptococcus mutans,1
215,2-Carbamoylphenylalanine,137,Staphylococcus aureus,1
935,Midazolam,34,Candida albicans,1
460,BMAP-27,121,Pseudomonas aeruginosa,1
130,1-(pyridin-4-yl)ethan-1-one,121,Pseudomonas aeruginosa,1
1231,Tachyplesin III,69,Eubacterium ramulus,0
1134,RTA3,31,Burkholderia pseudomallei,1
830,Isatin,121,Pseudomonas aeruginosa,1
204,"2-(4-Chlorophenyl)-N-((2R,3R,4S,5S,6R)-2,4,5-trihydroxy-6-(hydroxymethyl)tetrahydro-2H-pyran-3-yl)acetamide",121,Pseudomonas aeruginosa,1
206,"2-(4-Methoxyphenyl)-N-((2R,3R,4S,5S,6R)-2,4,5-trihydroxy-6-(hydroxymethyl)tetrahydro-2H-pyran-3-yl)acetamide",2,Acinetobacter baumannii,0
968,"N-(4,5-Dihydro-1,3-thiazol-2-yl)butanamide",151,Streptococcus mutans,0
10,(1Z)-(2-phenylethylidene)-lambda4-sulfanyliumolate,171,Vibrio harveyi,0
1153,Rutaecarpine,20,Bacillus licheniformis,0
101,(Z)-4-bromo-5-(bromomethylene)-3-(1-bromobutyl)-2(5H)-furanone,129,Salmonella enterica,1
1136,Raspberry KAS 434,77,Hafnia paralvei,1
258,"3,5-Dimethyl benzyl dodecyl beta-maltoside",145,Staphylococcus haemolyticus,0
212,2-(Trifluoromethyl)-D-phenylalanine,137,Staphylococcus aureus,1
892,Lfcin,123,Pseudomonas fluorescens,0
717,Ethyl gallate,121,Pseudomonas aeruginosa,1
937,Mitomycin C,2,Acinetobacter baumannii,1
987,"N1-[7-(trifluoromethyl)quinolin-4-yl]dodecane-1,12-diamine",61,Enterobacter cloacae,0
1207,Streptomycin,121,Pseudomonas aeruginosa,1
864,L-Phenylalanine-D-Lysine,75,Haemophilus influenzae,0
1292,Vancomycin,12,Amycolatopsis orientalis,1
535,Cecropin B,121,Pseudomonas aeruginosa,1
840,Isosinensetin,39,Candida parapsilosis,0
68,(2Z)-N-hexyl-2-hydroxy-3-[4-(trifluoromethyl)phenyl]prop-2-enamide,137,Staphylococcus aureus,1
889,Lemon,26,Bacteroides vulgatus,0
850,KT2,95,Klebsiella pneumoniae,0
1215,Sulfadiazine,30,Burkholderia multivorans,0
1094,Piperacillin-Tazobactam,121,Pseudomonas aeruginosa,1
470,Bedaquiline,89,Human immunodeficiency virus 1,0
427,Aloe Vera Gel,136,Staphlococcus aureus,1
467,Bactenecin,31,Burkholderia pseudomallei,1
1327,alpha-pinene,113,Pichia anomala,1
724,FK506,81,Hepatitis B virus F,0
22,"(2E)-1-(2 ,5 -dimethoxyphenyl)-3-(2-naphthyl)-2-propen-1-one",28,Burkholderia cenocepacia,0
97,(RW)4-NH2,67,Escherichia coli,1
1155,S-(2-Aminoethyl)-L-cysteine hydrochloride,159,Streptococcus sanguis,1
701,Epicatechin,57,Eikenella corrodens,1
357,4-methoxy-cinnamaldehyde,173,Vibrio vulnificus,1
909,MUC7 12-mer-L,151,Streptococcus mutans,1
762,GW 5074,112,Pantoea agglomerans,0
619,Cycloserine,62,Enterobacter ludwigi,0
897,Listerine,151,Streptococcus mutans,1
808,IDR-1018,121,Pseudomonas aeruginosa,1
229,2-amino-3-(prop-2-ene-1-sulfinyl)propanoic acid,151,Streptococcus mutans,1
1031,OHC8HL,134,Shigella flexneri,0
223,2-Methoxyhydroquinone,67,Escherichia coli,1
1240,Telekin,34,Candida albicans,1
89,(E)-3-Decen-2-one,170,Vibrio cholerae,1
876,LF11-324,121,Pseudomonas aeruginosa,1
1120,Quercetin-3-O-glucuronide,137,Staphylococcus aureus,1
169,"2,3,4,5,6-Pentafluoro-L-phenylalanine",143,Staphylococcus epidermis,1
743,Fosfomycin,86,Human herpesvirus 4,0
597,Clioquinol,34,Candida albicans,1
83,"(5Z)-2-(1,1-dichlorobut-3-yn-1-yl)-5-{[4-(trifluoromethyl)phenyl]methylidene}-1,3-oxazolidin-4-one",127,Raoultella ornithinolytica,0
913,Magainin-I,72,Fusarium solani,0
1150,Rosmarinic acid,9,Aeromonas hydrophila,1
299,3-hexyl-5-bromomethylene-2(5H)-furanone,129,Salmonella enterica,1
288,3-Methyl-D-phenylalanine,123,Pseudomonas fluorescens,0
1194,Sinensetin,67,Escherichia coli,1
1288,Ursolic acid,121,Pseudomonas aeruginosa,1
1034,Octameric peptide,97,Kocuria rhizophila,0
1206,Stilbene,25,Bacteroides uniformis,0
532,Catechin gallate,28,Burkholderia cenocepacia,0
1088,Phosphorylserine,143,Staphylococcus epidermis,1
1250,Tetracycline,58,Enteric bacteria and other eubacteria,1
63,"(2S,3R,4S,5S,6R)-6-(Acetoxymethyl)-3-(3-oxooctanamido)tetrahydro-2H-pyran-2,4,5-triyl triacetate",119,Providencia stuartii,0
625,D-Asparagine,137,Staphylococcus aureus,1
30,(2E)-1-[4 -(1H-imidazol-1-yl)phenyl]-3-(2-naphthyl)-2-propen-1-one,151,Streptococcus mutans,1
1050,P15-CSP,151,Streptococcus mutans,1
710,Esculetin,23,Bacteroides eggerthii,0
1168,SP1,62,Enterobacter ludwigi,0
1314,Zinc Dichloride,89,Human immunodeficiency virus 1,0
173,"2,4-Dichlorophenylalanine",143,Staphylococcus epidermis,1
315,4-(Aminomethyl)-D-phenylalanine,38,Candida krusei,0
1018,Nodakenetin,1,Achromobacter xylosoxidans,0
50,(2R)-2-amino-6-acetamidohexanoic acid,12,Amycolatopsis orientalis,0
325,4-Cyanophenylalanine,43,Citrobacter freundii,0
695,Emodin,147,Stenotrophomonas maltophilia,1
114,"1,2,3,4-Tetrahydroisoquinoline-3-carboxylic acid",3,Acinetobacter nosocomialis,0
271,3-(4-Pyridinyl)alanine,137,Staphylococcus aureus,1
202,"2-(4-Bromophenyl)-N-((2R,3R,4S,5S,6R)-2,4,5-trihydroxy-6-(hydroxymethyl)tetrahydro-2H-pyran-3-yl)acetamide",121,Pseudomonas aeruginosa,1
285,3-Iodotyrosine,143,Staphylococcus epidermis,1
1324,alpha-Pinene,149,Streptococcus gordonii,0
719,Ethylenediametetraacetic acid,78,Halomonas pacifica,1
1256,Thonzonium bromide,34,Candida albicans,1
1082,Phenoxymethylpenicillin,51,Cryptococcus neoformans,0
164,16P,135,Sphingomonas sp. Ibu-2,0
1102,Posaconazole,95,Klebsiella pneumoniae,0
930,Meticillin,137,Staphylococcus aureus,1
262,3-(2-Furyl)-D-alanine,105,Morganella morganii,0
439,Anidulafungin,16,Aspergillus niger,1
794,Hetacillin,154,Streptococcus pneumoniae,1
538,Cefadroxil,8,Actinoplanes missouriensis,0
1102,Posaconazole,171,Vibrio harveyi,0
369,5-(dibromomethylene)-3-(1-bromobutyl)-2(5H)-furanone,135,Sphingomonas sp. Ibu-2,0
447,Asperdiol acetate,44,Clostridium bacilli,0
333,4-Hydroxychalcone,75,Haemophilus influenzae,1
1093,Piperacillin,154,Streptococcus pneumoniae,1
1369,para-ethylaniline,93,Influenza B virus,0
967,N-(2-oxothiolan-3-yl)butanamide,121,Pseudomonas aeruginosa,1
497,Butanol,140,Staphylococcus chromogenes,0
678,Diphenyl diselenide,34,Candida albicans,1
1110,Protocatechuic acid,121,Pseudomonas aeruginosa,1
448,Aspirin,34,Candida albicans,1
739,Fluperlapine,102,Lysinibacillus sphaericus,0
0,"(1-(4-chlorophenoxy)-3-[(4, 6-dimethyl-2-pyrimidinyl) thio]-2- propanol)",171,Vibrio harveyi,1
588,Ciprofloxacin,75,Haemophilus influenzae,1
1049,P10,155,Streptococcus pneumoniae serotype 4,0
880,LL-25,77,Hafnia paralvei,0
1133,RT2,21,Bacillus subtilis,0
508,C8-HSL,166,Trueperella pyogenes,1
1283,Umbelliferone,119,Providencia stuartii,0
469,Baicalin,121,Pseudomonas aeruginosa,1
426,Allicin,34,Candida albicans,1
348,4-bromo-5-(dibromomethylene)-3-ethyl-2(5H)-furanone,129,Salmonella enterica,1
561,Ceftizoxime,157,Streptococcus salivarius,0
1002,Naringenin,171,Vibrio harveyi,1
495,Bromophenyl AHL,104,Micrococcus luteus,0
550,Cefoperazone,122,Pseudomonas chlororaphis,0
166,17-Deacetyl norgestimate,142,Staphylococcus epidermidis,1
645,DJK6,95,Klebsiella pneumoniae,1
958,"N-((1E)-{4-ethoxy-3-[(8-oxo-1,5,6,8-tetrahydro-2H-1,5-methanopyrido[1,2-a][1,5]diazocin-3(4H)-yl)methyl]phenyl}methylene)-3,4,5-trihydroxybenzohydrazide",124,Pseudomonas japonica,0
278,3-Bromophenylalanine,143,Staphylococcus epidermis,1
219,2-Hexylmaleic anhydride,129,Salmonella enterica,1
602,Cloxacillin,47,Clostridium perfringens,1
876,LF11-324,122,Pseudomonas chlororaphis,0
1213,Sulfacetamide,27,Baker's yeast,1
265,3-(2-Naphthyl)alanine,143,Staphylococcus epidermis,1
621,"D, L- K6L9",121,Pseudomonas aeruginosa,1
122,"1-(3,5-dinitrophenyl)ethan-1-one",121,Pseudomonas aeruginosa,1
1291,VSL2,64,Enterococcus faecalis,1
139,1-{2-[(E)-2-(4-chlorophenyl)ethenyl]-4-phenylquinolin-3-yl}ethan-1-one,121,Pseudomonas aeruginosa,1
225,2-amino-3-(2-nitrophenyl)propanoic acid,143,Staphylococcus epidermis,1
1339,cis-Stillbene,131,Serratia liquefaciens,0
1371,phys-GL13K,115,Porphyromonas gingivalis,1
377,"5-Chloro-1-(2-chloroacetyl)indoline-2,3-dione",72,Fusarium solani,0
472,Benzathine Benzylpenicillin,3,Acinetobacter nosocomialis,0
355,4-hydroxy coumarin,67,Escherichia coli,1
821,Indole,121,Pseudomonas aeruginosa,1
476,Benzethonium chloride,11,Aggregatibacter actinomycetemcomitans,0
25,"(2E)-1-(3 ,4 -dimethoxyphenyl)-3-(2-naphthyl)-2-propen-1-one",64,Enterococcus faecalis,1
141,1-{2-[(E)-2-(4-methoxyphenyl)ethenyl]-4-phenylquinolin-3-yl}ethan-1-one,104,Micrococcus luteus,1
752,Furanone-5,129,Salmonella enterica,1
228,2-amino-3-(4-methylbenzenesulfinyl)propanoic acid,95,Klebsiella pneumoniae,0
341,4-bromo-5-(bromomethylene)-3-(1-( 2-propynyloxy)butyl)-2(5H)-furanone,142,Staphylococcus epidermidis,1
756,Fusidic Acid,128,Salmonella Typhi,1
877,LFampin,35,Candida dubliniensis,0
199,"2-(4,5-dibromo-1-methyl-1H-pyrrol-2-yl)-5-styryl-1,3,4-oxadiazole",137,Staphylococcus aureus,1
1198,Sodium Chloride,123,Pseudomonas fluorescens,1
488,Biphenyl,137,Staphylococcus aureus,1
417,Aceroside VIII,121,Pseudomonas aeruginosa,1
433,Aminosalicylic Acid,125,Pseudomonas libaniensis,0
120,"1-(2-Chloroacetyl)-5-methylindoline-2,3-dione",101,Listeria monocytogenes serotype 4a,0
938,Monensin sodium salt,58,Enteric bacteria and other eubacteria,0
1293,Vanillic acid,67,Escherichia coli,1
631,D-LL-37,131,Serratia liquefaciens,0
992,NA10,1,Achromobacter xylosoxidans,0
1125,Quinupristin/dalfopristin,137,Staphylococcus aureus,1
374,5-Bicyclic brominated furanones,121,Pseudomonas aeruginosa,1
981,N-[(3-chloro-isoquinolin-4-yl)methylene]benzohydrazide,94,Klebsiella planticola,0
643,DD13,137,Staphylococcus aureus,1
611,Coprinuslactone,121,Pseudomonas aeruginosa,1
358,4-nitro-cinnamaldehyde,173,Vibrio vulnificus,1
1287,Ursolic Acid,137,Staphylococcus aureus,1
302,3-oxo-C6-HSL,10,Aeromonas sobria,1
1160,S-carboxylmethyl-L-cysteine,96,Klebsiella variicola,0
1364,p-Coumaric acid,108,Mycobacterium smegmatis,0
545,Cefepime,73,Gardnerella vaginalis,0
958,"N-((1E)-{4-ethoxy-3-[(8-oxo-1,5,6,8-tetrahydro-2H-1,5-methanopyrido[1,2-a][1,5]diazocin-3(4H)-yl)methyl]phenyl}methylene)-3,4,5-trihydroxybenzohydrazide",121,Pseudomonas aeruginosa,1
97,(RW)4-NH2,85,Human herpesvirus 3,0
1335,cat-AGE-RK1,67,Escherichia coli,1
1285,Undecyl beta-maltoside,168,Vibrio anguillarum,0
432,Aminocyclopropane,85,Human herpesvirus 3,0
198,"2-(4,5-dibromo-1-methyl-1H-pyrrol-2-yl)-5-phenyl-1,3,4-oxadiazole",137,Staphylococcus aureus,1
982,N-[5-(6-amino-9H-purin-9-yl)-4-hydroxy-2-(hydroxymethyl)oxolan-3-yl]-3-(4-methoxyphenyl)propanamide,1,Achromobacter xylosoxidans,0
644,DJK5,157,Streptococcus salivarius,0
454,Avibactam,61,Enterobacter cloacae,1
31,(2E)-1-[4 -(1H-imidazol-1-yl)phenyl]-3-(3-methoxy-4-benzyloxi-phenyl)-2-propen-1-one,35,Candida dubliniensis,0
121,"1-(2-Chloroacetyl)indoline-2,3-dione",130,Schistosoma,0
1285,Undecyl beta-maltoside,16,Aspergillus niger,0
356,4-methanesulfonylaniline,141,Staphylococcus cohnii,0
574,Chlorhexidine acetate,137,Staphylococcus aureus,1
1019,Norbgugaine 12,43,Citrobacter freundii,0
1239,Telaprevir,6,Actinobacillus actinomycetemcomitans,0
192,"2-(4,5-dibromo-1-methyl-1H-pyrrol-2-yl)-5-(2,4-dichlorophenyl)-1,3,4-oxadiazole",114,Plasmodium falciparum,0
1372,prop-2-ene-1-SO-thioperoxol,3,Acinetobacter nosocomialis,0
820,Indol AHL,100,Listeria monocytogenes,0
903,Lymecycline,67,Escherichia coli,1
498,Butein,137,Staphylococcus aureus,0
407,7-methoxyindole,121,Pseudomonas aeruginosa,1
170,"2,3-Dehydrosilybin",46,Clostridium pasteurianum,0
1265,Tobramycin,109,Mycobacterium tuberculosis,1
478,Benzophenonyl decyl beta-maltoside,65,Enterococcus faecium,0
1123,Quinolin-8-ol,71,Francisella novicida,0
893,Limonene,135,Sphingomonas sp. Ibu-2,0
724,FK506,131,Serratia liquefaciens,0
917,Melittin,90,Human parainfluenza virus type 2,0
414,AAP2,128,Salmonella Typhi,0
1165,S-propyl-L-cysteine,55,Edwardsiella tarda,0
0,"(1-(4-chlorophenoxy)-3-[(4, 6-dimethyl-2-pyrimidinyl) thio]-2- propanol)",125,Pseudomonas libaniensis,0
984,"N1-(7-chloroquinolin-4-yl)dodecane-1,12-diamine",56,Eggerthella lenta,0
257,"3,5-Diiodotyrosine",118,Proteus vulgaris,0
397,6-fluoroindole,98,Lactobacillus fermenti,0
1370,para-toluidine,121,Pseudomonas aeruginosa,1
1184,Silver dihydrogen citrate,137,Staphylococcus aureus,1
844,Josamycin,75,Haemophilus influenzae,1
241,"2-geranyloxy-4,6-dihydroxybenzophenone",142,Staphylococcus epidermidis,1
640,D-tert-Leucine,137,Staphylococcus aureus,1
426,Allicin,117,Proteus mirabilis,1
802,Hsn5 12-mer,151,Streptococcus mutans,1
457,Azlocillin,63,Enterobacteria phage T4,0
772,Gemifloxacin,134,Shigella flexneri,0
1289,Usnic acid,34,Candida albicans,1
815,Imazalil,72,Fusarium solani,0
646,Daclatasvir,55,Edwardsiella tarda,0
637,D-Tyrosine,170,Vibrio cholerae,0
1095,Pivampicillin,47,Clostridium perfringens,1
630,D-Histidine,143,Staphylococcus epidermis,1
368,5-(dibromomethylene)-3-(1-acetoxyethyl)-2(5H)-furanone,119,Providencia stuartii,0
76,"(5E)-5-undecylidene-1,3-thiazolidine-2,4-dione",34,Candida albicans,1
704,Epigallocatechin,57,Eikenella corrodens,1
1043,Oseltamivir,92,Influenza A virus,1
1267,Tomentosin,34,Candida albicans,1
1309,Zalcitabine,89,Human immunodeficiency virus 1,1
20,"(2E)-1-(2 ,4 ,5 -trimethoxyphenyl)-3-(2-chloro-quinolin-3-yl)-2-propen-1-one",64,Enterococcus faecalis,1
774,Gentamicin,92,Influenza A virus,0
989,"N1-[7-(trifluoromethyl)quinolin-4-yl]octane-1,8-diamine",159,Streptococcus sanguis,0
1347,den-SB056-1,20,Bacillus licheniformis,0
1074,Pentamethoxyflavone,118,Proteus vulgaris,0
271,3-(4-Pyridinyl)alanine,23,Bacteroides eggerthii,0
544,Cefditoren,136,Staphlococcus aureus,0
49,(2R)-2-amino-5-(1-nitrocarbamimidamido)pentanoic acid,137,Staphylococcus aureus,1
1260,Tiliroside,36,Candida glabrata,0
1157,S-(2-thienyl)-L-cysteine,69,Eubacterium ramulus,0
1268,Toremifene,142,Staphylococcus epidermidis,1
889,Lemon,19,Bacillus cereus,1
786,HE12,137,Staphylococcus aureus,1
23,"(2E)-1-(2 ,5 -dimethoxyphenyl)-3-[2,5-dimethyl-1-(3-trifluoromethyl-phenyl)-1H-pirrol-3-yl]-2-propen-1-one",151,Streptococcus mutans,1
762,GW 5074,34,Candida albicans,1
43,(2R)-2-amino-3-(benzenesulfinyl)propanoic acid,163,Streptomyces sp.,0
173,"2,4-Dichlorophenylalanine",47,Clostridium perfringens,0
1134,RTA3,6,Actinobacillus actinomycetemcomitans,0
276,3-(pyridin-3-yl)-5-(3-ethoxy-4-hydroxybenzylidene)-2-thioxothiazolidin-4-one,137,Staphylococcus aureus,1
574,Chlorhexidine acetate,34,Candida albicans,0
831,Isobutanol,103,Marinobacter hydrocarbonoclasticus,0
726,FV7,67,Escherichia coli,1
318,4-Amino-D-phenylalanine,42,Chromobacterium violaceum,0
573,Chlorhexidine,86,Human herpesvirus 4,0
658,Demeclocycline,67,Escherichia coli,1
1285,Undecyl beta-maltoside,94,Klebsiella planticola,0
657,Delphinidin,121,Pseudomonas aeruginosa,1
880,LL-25,107,Mycobacterium leprae,0
405,7-formylindole,163,Streptomyces sp.,0
1013,Nisin,121,Pseudomonas aeruginosa,1
477,Benzocaine,121,Pseudomonas aeruginosa,1
615,Curcumin,43,Citrobacter freundii,1
592,Clarithromycin,106,Mycobacterium avium,1
1328,alpha-tocopherol,137,Staphylococcus aureus,1
757,Fusidic acid,107,Mycobacterium leprae,0
440,Aniline,121,Pseudomonas aeruginosa,1
140,1-{2-[(E)-2-(4-hydroxy-3-methoxyphenyl)ethenyl]-4-phenylquinolin-3-yl}ethan-1-one,21,Bacillus subtilis,1
655,Decyl beta-maltoside,31,Burkholderia pseudomallei,0
347,4-bromo-5-(dibromomethylene)-3-(1-bromoethyl)-2(5H)-furanone,129,Salmonella enterica,1
1279,Trovafloxacin,75,Haemophilus influenzae,1
1226,Sulfisoxazole,66,Enterococcus gallinarum,0
957,"N 3-(2-thienylcarbonyl)-4-bromo-1,5-dimethyl-1H-pyrazole-3-carbohydrazide",30,Burkholderia multivorans,1
1291,VSL2,109,Mycobacterium tuberculosis,0
1136,Raspberry KAS 434,111,Obesumbacterium proteus,1
305,3-tetradecanoylthiotetronic,161,Streptomyces gordonii,0
234,2-amino-6-fluorobenzoic acid,28,Burkholderia cenocepacia,1
1138,Resorcinol,137,Staphylococcus aureus,1
1218,Sulfamerazine,15,Aspergillus fumigatus,0
1082,Phenoxymethylpenicillin,67,Escherichia coli,1
599,Clomocycline,2,Acinetobacter baumannii,0
140,1-{2-[(E)-2-(4-hydroxy-3-methoxyphenyl)ethenyl]-4-phenylquinolin-3-yl}ethan-1-one,94,Klebsiella planticola,1
902,Luteolin,124,Pseudomonas japonica,0
371,5-(dibromomethylene)-3-butyl-2(5H)-furanone,133,Shewanella oneidensis,0
589,Ciprofloxacin lactate,133,Shewanella oneidensis,0
1160,S-carboxylmethyl-L-cysteine,7,Actinomyces oris,1
301,3-indolylacetonitrile,121,Pseudomonas aeruginosa,1
921,Meropenem,63,Enterobacteria phage T4,0
491,Bis[(4-methylphenyl)methyl] disulfide,121,Pseudomonas aeruginosa,1
1100,Polymyxin B,131,Serratia liquefaciens,0
938,Monensin sodium salt,88,Human immunodeficiency virus,0
76,"(5E)-5-undecylidene-1,3-thiazolidine-2,4-dione",17,Bacillus amyloliquefaciens,0
133,"1-[2-(3,5-dichlorophenyl)-5-(3,4,5-trimethoxyphenyl)-1,3,4-oxadiazol-3(2H)-yl]ethanone",70,Firmicutes,0
755,Furvina,102,Lysinibacillus sphaericus,0
1200,Sodium sulfate,123,Pseudomonas fluorescens,1
563,Ceftriaxone,154,Streptococcus pneumoniae,1
117,"1,3-dimethyl-6-(4-methylphenyl)-5-[3-(4-methylphenyl)-1-phenyl-1H-pyrazol-4-yl]-1H,2H,3H,4H,5H,6H-pyrimido[4,5-d][1,3]diazine-2,4-dione",104,Micrococcus luteus,1
774,Gentamicin,77,Hafnia paralvei,0
1366,para-Benzoquinone,121,Pseudomonas aeruginosa,0
1002,Naringenin,170,Vibrio cholerae,0
393,6-Gingerol,121,Pseudomonas aeruginosa,1
1315,Zinc Nitrate,108,Mycobacterium smegmatis,0
705,Epigallocatechin Gallate,151,Streptococcus mutans,1
126,1-(4-methoxyphenyl)-3-m-tolyurea,145,Staphylococcus haemolyticus,0
807,Hyperoside,165,Trichophyton mentagrophytes,0
1148,Rimantadine,127,Raoultella ornithinolytica,0
959,"N-((2R,3R,4S,5S,6R)-2,4,5-Trihydroxy-6-(hydroxymethyl)tetrahydro-2H-pyran-3-yl)butyramide",35,Candida dubliniensis,0
152,"13-(2-chloro-6-methylquinolin-3-yl)-3,3-dimethyl-1H,2H,3H,4H,6H,11H,13H-indazolo[1,2-b]phthalazine-1,6,11-trione",121,Pseudomonas aeruginosa,1
442,Anthranilate,173,Vibrio vulnificus,1
615,Curcumin,160,Streptococcus sobrinus,0
990,NA-CATH,92,Influenza A virus,0
1055,Pa-MAP,149,Streptococcus gordonii,0
844,Josamycin,95,Klebsiella pneumoniae,0
1023,Norspermidine,137,Staphylococcus aureus,1
460,BMAP-27,147,Stenotrophomonas maltophilia,1
1091,Pine needle oil,137,Staphylococcus aureus,1
172,"2,4,5-Trifluorophenylalanine",57,Eikenella corrodens,0
555,Cefoxitin,137,Staphylococcus aureus,1
991,NA-CATH-ATRA1-ATRA1,18,Bacillus anthracis,0
1217,Sulfalene,106,Mycobacterium avium,0
518,Calanolide A,89,Human immunodeficiency virus 1,1
1285,Undecyl beta-maltoside,65,Enterococcus faecium,0
552,Cefotaxime,154,Streptococcus pneumoniae,1
133,"1-[2-(3,5-dichlorophenyl)-5-(3,4,5-trimethoxyphenyl)-1,3,4-oxadiazol-3(2H)-yl]ethanone",121,Pseudomonas aeruginosa,1
772,Gemifloxacin,75,Haemophilus influenzae,1
920,Merimepodib,156,Streptococcus pyogenes,1
44,(2R)-2-amino-3-(thiophene-2-sulfinyl)propanoic acid,45,Clostridium leptum,0
1293,Vanillic acid,154,Streptococcus pneumoniae,0
842,Itraconazole,34,Candida albicans,1
455,Azidocillin,154,Streptococcus pneumoniae,1
435,Amoxicillin,32,Burkholderia thailandensis,0
1081,"Phenol,2,4-bis(1,1-dimethylethyl)",166,Trueperella pyogenes,0
1279,Trovafloxacin,171,Vibrio harveyi,0
470,Bedaquiline,109,Mycobacterium tuberculosis,1
819,Indirubin,121,Pseudomonas aeruginosa,1
941,Mucochloric acid,21,Bacillus subtilis,1
1240,Telekin,36,Candida glabrata,0
246,"3,3-Diphenyl-D-alanine",30,Burkholderia multivorans,0
503,C12HSL,166,Trueperella pyogenes,1
1206,Stilbene,67,Escherichia coli,1
719,Ethylenediametetraacetic acid,149,Streptococcus gordonii,0
1262,Tioconazole,34,Candida albicans,1
713,Esomeprazole,21,Bacillus subtilis,1
1360,n-Methyl-D-valine,137,Staphylococcus aureus,1
585,Cinnamic acid,121,Pseudomonas aeruginosa,1
481,Benzylpenicillin,137,Staphylococcus aureus,1
1306,Wheat bran,107,Mycobacterium leprae,0
670,Diclofenac sodium,121,Pseudomonas aeruginosa,1
53,(2S)-2-amino-3-(4-tert-butylphenyl)propanoic acid,143,Staphylococcus epidermis,1
32,(2E)-1-[4-(3-nitropyridin-2-yl)piperazin-1-yl]-3-phenylprop-2-en-1-one,34,Candida albicans,1
244,2-phenylethane-1-SO-thioperoxol,79,Helicobacter pylori,0
1170,Sage oil,30,Burkholderia multivorans,0
1115,Pyrimidinedione,143,Staphylococcus epidermis,0
1218,Sulfamerazine,109,Mycobacterium tuberculosis,0
765,Gallium Nitrate,8,Actinoplanes missouriensis,0
281,3-Chlorotyrosine,122,Pseudomonas chlororaphis,0
1375,trans-2-Pentenal,53,Desulfovibrio africanus,0
885,Lactoferricin B,72,Fusarium solani,1
415,AFP1,47,Clostridium perfringens,0
1071,Penicillic acid,0,Achromobacter sp.,1
1018,Nodakenetin,121,Pseudomonas aeruginosa,1
894,Linalool,29,Burkholderia cepacia,0
474,Benzbromarone,34,Candida albicans,1
615,Curcumin,96,Klebsiella variicola,1
1114,Pyrimethamine,114,Plasmodium falciparum,1
872,L-tryptophan,129,Salmonella enterica,1
651,Dapsone,107,Mycobacterium leprae,1
327,4-Ethylguaiacol,58,Enteric bacteria and other eubacteria,0
950,Myxinidin2,86,Human herpesvirus 4,0
1292,Vancomycin,32,Burkholderia thailandensis,0
310,"4 alpha, 5 alpha-epoxy-10 alpha, 14H-1-epi-inuviscolide",46,Clostridium pasteurianum,0
1113,Pyrazinamide,109,Mycobacterium tuberculosis,1
1070,Penicillenol C2,163,Streptomyces sp.,0
336,4-Methoxychalcone,1,Achromobacter xylosoxidans,0
1192,Sinapic acid,119,Providencia stuartii,0
1284,Undecanoic acid,134,Shigella flexneri,0
208,"2-(5-(4,5-dibromo-1-methyl-1H-pyrrol-2-yl)-1,3,4-oxadiazole-2-yl)phenol",148,Streptococcus epidermidis,1
1257,Thymol,118,Proteus vulgaris,0
1353,kappa-Pyrosulfite,67,Escherichia coli,1
666,Dibenzyl disulphide,93,Influenza B virus,0
322,4-Bromo-D-phenylalanine,120,Pseudoalteromonas sp.,0
1142,Ribavirin,52,Dengue Virus Type 2,1
1130,RK-25,131,Serratia liquefaciens,0
489,"Bis-O-acetyl-4,5-dihydroxy-2,3-pentanedione",110,Neisseria gonorrhoeae,0
912,Macromomycin B,105,Morganella morganii,0
763,GW-9662,80,Hepatitis B virus D,0
931,Metronidazole,79,Helicobacter pylori,1
628,D-Citrulline,143,Staphylococcus epidermis,1
724,FK506,34,Candida albicans,1
1235,Taurine,27,Baker's yeast,0
1119,Quercetin Dihydrate,137,Staphylococcus aureus,1
1335,cat-AGE-RK1,70,Firmicutes,0
1304,Voriconazole,163,Streptomyces sp.,0
1190,Silybin,110,Neisseria gonorrhoeae,0
1323,alpha-Longipinene,111,Obesumbacterium proteus,0
593,Clary sage,69,Eubacterium ramulus,0
633,D-Methionine,64,Enterococcus faecalis,0
650,Danthron,151,Streptococcus mutans,1
832,Isoconazole,161,Streptomyces gordonii,0
243,2-oxindole,89,Human immunodeficiency virus 1,0
88,"(E)-1-[6-[(3-acetyl-2,4,6-trihydroxy-5-methylphenyl)methyl]-5,7-dihydroxy-2,2-dimethyl-2H-1-benzopyran-8-yl]-3-phenyl-2-propen-1-one",121,Pseudomonas aeruginosa,1
974,"N-(5-Methyl-1,2-oxazol-3-yl)butanamide",111,Obesumbacterium proteus,0
922,Meta-bromo-thiolactone,121,Pseudomonas aeruginosa,1
105,(Z)-4-bromo-5-(bromomethylene)-3-ethyl-2(5H)-furanone,161,Streptomyces gordonii,0
261,3-(1-Naphthyl)-D-Alanine,137,Staphylococcus aureus,1
43,(2R)-2-amino-3-(benzenesulfinyl)propanoic acid,7,Actinomyces oris,1
608,Colostrum Hexasaccharide,73,Gardnerella vaginalis,0
231,2-amino-4-chlorobenzoic acid,100,Listeria monocytogenes,0
831,Isobutanol,34,Candida albicans,1
952,N -(3-nitro-4-hydroxy-benzylidene)benzohydrazide,121,Pseudomonas aeruginosa,1
399,7-Bicyclic brominated furanones,67,Escherichia coli,0
821,Indole,4,Acinetobacter oleiovorans,1
811,IG-25,122,Pseudomonas chlororaphis,0
1308,Yohimbine hydrochloride,11,Aggregatibacter actinomycetemcomitans,0
636,D-Tryptophan,137,Staphylococcus aureus,1
901,Losartran,21,Bacillus subtilis,1
355,4-hydroxy coumarin,116,Propionibacterium acnes,0
590,Citral,50,Cronobacter sakazakii,1
756,Fusidic Acid,102,Lysinibacillus sphaericus,0
1245,Terpinene-4-ol,126,Pseudomonas putida,1
175,"2,4-Dimethylphenylalanine",137,Staphylococcus aureus,1
1292,Vancomycin,138,Staphylococcus capitis,1
482,Bergamottin,67,Escherichia coli,1
435,Amoxicillin,166,Trueperella pyogenes,0
1320,[(ethanesulfinyl)sulfanyl]ethane,82,Hepatitis C Virus,0
1374,trans-2-Nonenal,163,Streptomyces sp.,0
40,(2E)-N-[3-(1H-indol-3-yl)propyl]-3-phenylprop-2-enamide,34,Candida albicans,1
144,"1-{6-nitro-4-phenyl-2-[(E)-2-(3,4,5-trimethoxyphenyl)ethenyl]quinolin-3-yl}ethan-1-one",121,Pseudomonas aeruginosa,1
533,Cathelicidin,136,Staphlococcus aureus,0
1171,Salicylic Acid,51,Cryptococcus neoformans,0
620,Cynarin,62,Enterobacter ludwigi,0
395,6-MO-LF11-227,56,Eggerthella lenta,0
390,6-Bicyclic brominated furanones,121,Pseudomonas aeruginosa,1
855,Kojic acid,121,Pseudomonas aeruginosa,1
421,Adamantane dodecyl beta-maltoside,11,Aggregatibacter actinomycetemcomitans,0
179,"2-((3,4-dichlorophenyl)sulfonyl)-4-(1H-tetrazol-1-yl)pyrimidine",121,Pseudomonas aeruginosa,1
445,Arbekacin,67,Escherichia coli,1
818,Indinavir,89,Human immunodeficiency virus 1,1
1086,Phloridzin,91,Human respiratory syncytial virus B,0
781,Gossypetin hexamethyl ether,9,Aeromonas hydrophila,0
773,Genistein,69,Eubacterium ramulus,1
1213,Sulfacetamide,162,Streptomyces rubiginosus,0
501,Butoconazole nitrate,161,Streptomyces gordonii,0
1263,Tipranavir,46,Clostridium pasteurianum,0
1025,Nystatin,10,Aeromonas sobria,0
50,(2R)-2-amino-6-acetamidohexanoic acid,137,Staphylococcus aureus,1
596,Clindamycin,58,Enteric bacteria and other eubacteria,1
966,N-(2-Pyrimidinyl)butanamide,173,Vibrio vulnificus,0
480,Benzyl decyl beta-maltoside,11,Aggregatibacter actinomycetemcomitans,0
1062,Pefloxacin,162,Streptomyces rubiginosus,0
306,"3-{2-[(1S,2R,4aR,8aR)-1,2,4a,5-tetramethyl-1,2,3,4,4a,7,8,8a-octahydronaphthalen-1-yl]ethyl}-5-methylidene-N-phenyl-2,5-dihydrofuran-2-amine",137,Staphylococcus aureus,1
361,4-tertiary butyl benzyl dodecyl beta-maltoside,121,Pseudomonas aeruginosa,1
1370,para-toluidine,87,Human herpesvirus 5,0
1048,Oxytetracycline,37,Candida guiliermondi,0
962,"N-((2R,3R,4S,5S,6R)-2,4,5-Trihydroxy-6-(hydroxymethyl)tetrahydro-2H-pyran-3-yl)octanamide",116,Propionibacterium acnes,0
163,"14-dehydroxy-11,12-didehydroandrographolide- 3,19-bis(succinic acid) potasium sodium salt",121,Pseudomonas aeruginosa,1
360,4-tertiary butyl benzyl decyl beta-maltoside,32,Burkholderia thailandensis,0
468,Baicalein,30,Burkholderia multivorans,1
256,"3,5-Difluoro-dl-phenylalanine",143,Staphylococcus epidermis,1
494,Bromohexylmaleic anhydride,129,Salmonella enterica,1
186,2-(2-(2-Chloroacetamido)-5-fluorophenyl)-2-oxo-N-( prop-2-yn-1-yl)acetamide,121,Pseudomonas aeruginosa,1
705,Epigallocatechin Gallate,124,Pseudomonas japonica,1
1083,Phenyl-arginine-b-naphthylamide,73,Gardnerella vaginalis,0
823,Indole-3-acetamide,121,Pseudomonas aeruginosa,1
11,(1Z)-(prop-2-en-1-ylidene)-lambda4-sulfanyliumolate,159,Streptococcus sanguis,1
90,(E)-Chalcone,75,Haemophilus influenzae,1
1228,TMB-8,34,Candida albicans,1
967,N-(2-oxothiolan-3-yl)butanamide,113,Pichia anomala,0
838,Isoriccardin C,133,Shewanella oneidensis,0
1133,RT2,155,Streptococcus pneumoniae serotype 4,0
1351,faropenem medoxomil,67,Escherichia coli,1
1312,Zidovudine,53,Desulfovibrio africanus,0
394,6-MO-LF11-215,121,Pseudomonas aeruginosa,1
1029,O-Methyl-D-tyrosine,53,Desulfovibrio africanus,0
887,Lanthanum chloride,19,Bacillus cereus,0
692,Elemental silver,39,Candida parapsilosis,0
556,Cefpiramide,112,Pantoea agglomerans,0
804,Hydnocarpin D,137,Staphylococcus aureus,1
632,D-Leucine,2,Acinetobacter baumannii,0
428,Aloe-emodin,139,Staphylococcus caprae,0
1227,Syringic acid,43,Citrobacter freundii,0
1023,Norspermidine,67,Escherichia coli,1
536,Cefacetrile,67,Escherichia coli,1
1259,Tigecycline,137,Staphylococcus aureus,1
292,3-bromo-5-methoxy-4-[(4-methylphenylsulfanyl)]-2(5H)-furanone,21,Bacillus subtilis,1
112,(furan-2-yl)methyl (2E)-3-phenylprop-2-enoate,34,Candida albicans,1
1316,Zinc oxide,137,Staphylococcus aureus,1
1167,SMAP-29,119,Providencia stuartii,0
892,Lfcin,121,Pseudomonas aeruginosa,1
98,(RW)4D,79,Helicobacter pylori,0
297,3-geranyl-1-(2-methylpropanoyl)phloroglucinol,137,Staphylococcus aureus,1
737,Flucloxacillin,143,Staphylococcus epidermis,0
1009,Netilmicin,13,Aquifex aeolicus,0
23,"(2E)-1-(2 ,5 -dimethoxyphenyl)-3-[2,5-dimethyl-1-(3-trifluoromethyl-phenyl)-1H-pirrol-3-yl]-2-propen-1-one",64,Enterococcus faecalis,1
94,(R)-2-amino-3-cyclopentylpropanoic acid,56,Eggerthella lenta,0
18,"(2E)-1-(1,3-benzodioxol-5-yl)-3-[5-(2-nitro-phenyl)-furan-2-yl]-2-propen-1-one",142,Staphylococcus epidermidis,1
161,14-Glycinyl andrographolide hydrochloride,68,Escherichia coli O6:H1 (strain CFT073 / ATCC 700928 / UPEC),0
942,Mustard oil,137,Staphylococcus aureus,1
1026,"O-(2,6-Dichlorobenzyl)-D-tyrosine",137,Staphylococcus aureus,1
713,Esomeprazole,55,Edwardsiella tarda,0
566,Cephaloglycin,20,Bacillus licheniformis,1
979,N-Ethylacetanilide,121,Pseudomonas aeruginosa,1
570,Chelerythrine,142,Staphylococcus epidermidis,1
345,4-bromo-5-(bromomethylene)-3-butyl-2(5H)- furanone,21,Bacillus subtilis,1
557,Cefpodoxime,67,Escherichia coli,1
225,2-amino-3-(2-nitrophenyl)propanoic acid,74,Geobacillus kaustophilus,0
384,5-fluoroindole,121,Pseudomonas aeruginosa,1
29,(2E)-1-(5-clorotiophen-2-yl)-3-(3-methoxy-4-benzyloxi-phenyl)-2-propen-1-one,121,Pseudomonas aeruginosa,1
67,"(2S,3R,4S,5S,6R)-6-(Acetoxymethyl)-3-octanamidotetrahydro-2H-pyran-2,4,5-triyl triacetate",121,Pseudomonas aeruginosa,1
348,4-bromo-5-(dibromomethylene)-3-ethyl-2(5H)-furanone,55,Edwardsiella tarda,0
697,Enalapril,21,Bacillus subtilis,1
545,Cefepime,146,Staphylococcus saprophyticus,0
464,Bacalin hydrate,28,Burkholderia cenocepacia,1
228,2-amino-3-(4-methylbenzenesulfinyl)propanoic acid,7,Actinomyces oris,1
860,L-Aspartate,146,Staphylococcus saprophyticus,1
693,Ellagic Acid,46,Clostridium pasteurianum,0
850,KT2,67,Escherichia coli,1
41,"(2R)-2-amino-3-(2,3-dihydro-1H-inden-2-yl)propanoic acid",50,Cronobacter sakazakii,0
1117,Pyrvinium pamoate,42,Chromobacterium violaceum,0
388,6-Amino Penicillinic acid,117,Proteus mirabilis,1
1337,cis-2-dodecenoic acid,125,Pseudomonas libaniensis,0
1188,Silver sulfadiazine,137,Staphylococcus aureus,1
690,Econazole nitrate,34,Candida albicans,1
443,Apigenin,67,Escherichia coli,1
732,Flavone,147,Stenotrophomonas maltophilia,0
192,"2-(4,5-dibromo-1-methyl-1H-pyrrol-2-yl)-5-(2,4-dichlorophenyl)-1,3,4-oxadiazole",43,Citrobacter freundii,0
913,Magainin-I,102,Lysinibacillus sphaericus,0
1080,Phenobarbitone,34,Candida albicans,1
703,Epicatechin-3-gallate,65,Enterococcus faecium,0
1184,Silver dihydrogen citrate,2,Acinetobacter baumannii,0
1323,alpha-Longipinene,34,Candida albicans,1
1101,Polysorbate 80,82,Hepatitis C Virus,0
884,LL7-37,121,Pseudomonas aeruginosa,1
882,LL-37,104,Micrococcus luteus,0
555,Cefoxitin,164,Thermus thermophilus,0
657,Delphinidin,100,Listeria monocytogenes,0
554,Cefotiam,144,Staphylococcus equorum,0
524,Carbonyl cyanide m-chlorophenylhydrazone,67,Escherichia coli,1
1064,Penciclovir,86,Human herpesvirus 4,0
826,Indole-7-carboxylic acid,121,Pseudomonas aeruginosa,1
286,3-Methoxy-D-Phenylalanine,84,Human herpesvirus 1,0
577,Chromate,109,Mycobacterium tuberculosis,0
349,4-bromoaniline,45,Clostridium leptum,0
613,Coumarin-3-carboxylic acid,113,Pichia anomala,0
841,Isothiocyanate,121,Pseudomonas aeruginosa,1
117,"1,3-dimethyl-6-(4-methylphenyl)-5-[3-(4-methylphenyl)-1-phenyl-1H-pyrazol-4-yl]-1H,2H,3H,4H,5H,6H-pyrimido[4,5-d][1,3]diazine-2,4-dione",159,Streptococcus sanguis,0
1292,Vancomycin,141,Staphylococcus cohnii,1
175,"2,4-Dimethylphenylalanine",143,Staphylococcus epidermis,1
453,Avermectin B1a,34,Candida albicans,1
1095,Pivampicillin,104,Micrococcus luteus,0
711,Esculin,121,Pseudomonas aeruginosa,1
396,6-MO-LF11-322,28,Burkholderia cenocepacia,0
559,Ceftazidime,119,Providencia stuartii,1
871,L-pipecolic acid,38,Candida krusei,0
741,Fosamprenavir,89,Human immunodeficiency virus 1,1
470,Bedaquiline,151,Streptococcus mutans,0
1106,Prolificin A,137,Staphylococcus aureus,1
84,"(5Z)-2-(1,1-dichloropropyl)-5-{[4-(trifluoromethyl)phenyl]methylidene}-1,3-oxazolidin-4-one",89,Human immunodeficiency virus 1,0
632,D-Leucine,143,Staphylococcus epidermis,1
87,(5Z)-4-Bromo-5-(bromomethylene)-3-butyl-2(5H)-furanone,111,Obesumbacterium proteus,0
973,N-(4-hydroxy-2-methylphenyl)-3-oxododecanamide,11,Aggregatibacter actinomycetemcomitans,0
889,Lemon,113,Pichia anomala,1
40,(2E)-N-[3-(1H-indol-3-yl)propyl]-3-phenylprop-2-enamide,56,Eggerthella lenta,0
912,Macromomycin B,159,Streptococcus sanguis,0
1357,meta-toluidine,121,Pseudomonas aeruginosa,1
836,Isoniazid,109,Mycobacterium tuberculosis,1
1363,"octane-1,8-diamine",138,Staphylococcus capitis,0
221,2-Methoxy-4-propylphenol,67,Escherichia coli,1
1078,Peptide 1037,121,Pseudomonas aeruginosa,1
435,Amoxicillin,100,Listeria monocytogenes,1
436,Amphotericin B,34,Candida albicans,1
54,(2S)-2-amino-3-(tert-butylsulfanyl)propanoic acid,117,Proteus mirabilis,0
183,2-(2-(2-Azidoacetamido)-5-methylphenyl)-2-oxo-N-(prop-2-yn-1-yl)acetamide,102,Lysinibacillus sphaericus,0
790,Heptadecanoic acid,121,Pseudomonas aeruginosa,1
1085,Phloretin,137,Staphylococcus aureus,1
174,"2,4-Difluorophenylalanine",157,Streptococcus salivarius,0
282,3-Fluoro-DL-phenylalanine,143,Staphylococcus epidermis,1
11,(1Z)-(prop-2-en-1-ylidene)-lambda4-sulfanyliumolate,82,Hepatitis C Virus,0
1262,Tioconazole,140,Staphylococcus chromogenes,0
1124,Quinupristin,67,Escherichia coli,1
110,"(Z)-5-decylidenethiazolidine-2,4-dione",124,Pseudomonas japonica,0
827,Indolicidin,159,Streptococcus sanguis,0
238,2-bromohexanoic acid,28,Burkholderia cenocepacia,0
798,Hinokitiol,72,Fusarium solani,0
533,Cathelicidin,11,Aggregatibacter actinomycetemcomitans,1
543,Cefazolin,25,Bacteroides uniformis,0
977,N-Acetylcysteine,108,Mycobacterium smegmatis,1
370,5-(dibromomethylene)-3-(1-bromoethyl)-2(5H)-furanone,42,Chromobacterium violaceum,0
876,LF11-324,96,Klebsiella variicola,0
839,Isosilybin A,48,Coagulase- negative staphylococci,0
1133,RT2,67,Escherichia coli,1
1060,Paromomycin,117,Proteus mirabilis,0
1257,Thymol,67,Escherichia coli,1
1170,Sage oil,137,Staphylococcus aureus,1
135,"1-[2-(naphthalen-1-yl)-5-(3,4,5-trimethoxyphenyl)-1,3,4-oxadiazol-3(2H)-yl]ethanone",142,Staphylococcus epidermidis,1
433,Aminosalicylic Acid,163,Streptomyces sp.,0
857,L-2-Bromophenylalanine,95,Klebsiella pneumoniae,0
1191,Simeprevir,88,Human immunodeficiency virus,0
1366,para-Benzoquinone,30,Burkholderia multivorans,1
644,DJK5,2,Acinetobacter baumannii,1
755,Furvina,47,Clostridium perfringens,0
757,Fusidic acid,137,Staphylococcus aureus,1
386,"5-octyl-1,3-thiazolidine-2,4-dione",34,Candida albicans,1
336,4-Methoxychalcone,110,Neisseria gonorrhoeae,0
993,NA12,34,Candida albicans,1
256,"3,5-Difluoro-dl-phenylalanine",53,Desulfovibrio africanus,0
879,LL-19,31,Burkholderia pseudomallei,1
977,N-Acetylcysteine,116,Propionibacterium acnes,1
1322,alpha-Humulene,34,Candida albicans,1
576,Chlorpromazine,150,Streptococcus mitis,0
174,"2,4-Difluorophenylalanine",143,Staphylococcus epidermis,1
298,3-hexyl-4-bromo-5-methylene-2(5H)-furanone,129,Salmonella enterica,1
1258,Ticarcillin,104,Micrococcus luteus,0
456,Azithromycin,67,Escherichia coli,1
666,Dibenzyl disulphide,77,Hafnia paralvei,0
278,3-Bromophenylalanine,146,Staphylococcus saprophyticus,0
122,"1-(3,5-dinitrophenyl)ethan-1-one",142,Staphylococcus epidermidis,0
283,3-Hydroxyphenylalanine,137,Staphylococcus aureus,1
1162,S-methyl- L-cysteine,151,Streptococcus mutans,1
617,Cyclacillin,47,Clostridium perfringens,1
1142,Ribavirin,162,Streptomyces rubiginosus,0
865,L-Phenylalanine-L-Lysine,129,Salmonella enterica,0
412,"9-hydroxy-2-propyl-4H-pyrido[1,2-a]pyrimidin-4-one",115,Porphyromonas gingivalis,1
1190,Silybin,14,Arthrobacter sp.,0
442,Anthranilate,57,Eikenella corrodens,0
419,Acetycholine,34,Candida albicans,1
1268,Toremifene,63,Enterobacteria phage T4,0
165,16P-AC,142,Staphylococcus epidermidis,1
445,Arbekacin,21,Bacillus subtilis,0
360,4-tertiary butyl benzyl decyl beta-maltoside,121,Pseudomonas aeruginosa,1
532,Catechin gallate,57,Eikenella corrodens,1
180,"2-(2,4-difluorophenyl)-1,3-bis(1H-1,2,4-triazol-1-yl)propan-2-yl (2E)-3-phenylprop-2-enoate",34,Candida albicans,1
296,3-geranyl-1-(2-methylbutanoyl)phloroglucinol,142,Staphylococcus epidermidis,1
742,Fosaphenytoin,34,Candida albicans,1
338,4-Methylphenylalanine,161,Streptomyces gordonii,0
1039,Olive oil,67,Escherichia coli,0
224,2-Nitro-cinnamaldehyde,170,Vibrio cholerae,1
1043,Oseltamivir,16,Aspergillus niger,0
529,Carvacrol,42,Chromobacterium violaceum,1
1366,para-Benzoquinone,151,Streptococcus mutans,0
1088,Phosphorylserine,30,Burkholderia multivorans,0
863,L-Phenylalanine,120,Pseudoalteromonas sp.,1
332,"4-Hydroxy-2,5-dimethyl-3(2H)-furanone",121,Pseudomonas aeruginosa,1
253,"3,4-Dichloro-cinnamaldehyde",75,Haemophilus influenzae,0
164,16P,116,Propionibacterium acnes,0
869,L-fucose cluster,20,Bacillus licheniformis,0
1366,para-Benzoquinone,111,Obesumbacterium proteus,0
384,5-fluoroindole,14,Arthrobacter sp.,0
185,2-(2-(2-Azidoacetamido)phenyl)-2-oxo-N-(prop-2-yn-1-yl)acetamide,95,Klebsiella pneumoniae,0
815,Imazalil,34,Candida albicans,1
680,Diphenyl methane,137,Staphylococcus aureus,1
7,"(1R,2S,7R,8R)-2,18-diacetoxyasperdiol",121,Pseudomonas aeruginosa,1
90,(E)-Chalcone,16,Aspergillus niger,0
729,Ferric chloride,84,Human herpesvirus 1,0
1121,Quinine,24,Bacteroides fragilis,0
1246,Tert-butanol,34,Candida albicans,1
340,"4-Phenyl-N-((2R,3R,4S,5S,6R)-2,4,5-trihydroxy-6-(hydroxymethyl)tetrahydro-2H-pyran-3-yl)butanamide",121,Pseudomonas aeruginosa,1
1009,Netilmicin,58,Enteric bacteria and other eubacteria,1
883,LL13-37,121,Pseudomonas aeruginosa,1
846,KABT-AMP,41,Candida tropicalis,1
756,Fusidic Acid,166,Trueperella pyogenes,0
1270,Triclosan,47,Clostridium perfringens,0
972,N-(4-Pyridinyl)butanamide,121,Pseudomonas aeruginosa,1
729,Ferric chloride,95,Klebsiella pneumoniae,1
808,IDR-1018,75,Haemophilus influenzae,0
756,Fusidic Acid,164,Thermus thermophilus,1
156,"13-(2-chloroquinolin-3-yl)-3,3-dimethyl-1H,2H,3H,4H,6H,11H,13H-indazolo[1,2-b]phthalazine-1,6,11-trione",121,Pseudomonas aeruginosa,1
824,Indole-3-acetic acid,106,Mycobacterium avium,0
1342,cyclo(Trp-Ser),99,Listeria ivanovii,0
968,"N-(4,5-Dihydro-1,3-thiazol-2-yl)butanamide",121,Pseudomonas aeruginosa,1
642,DASamP1,137,Staphylococcus aureus,1
220,2-Hydroxychalcone,3,Acinetobacter nosocomialis,0
1065,Penicillenol A1,121,Pseudomonas aeruginosa,1
940,Mucobromic acid,125,Pseudomonas libaniensis,0
184,2-(2-(2-Azidoacetamido)-5-nitrophenyl)-2-oxo-N-(prop-2-yn-1-yl)acetamide,121,Pseudomonas aeruginosa,1
319,4-Benzoylphenylalanine,115,Porphyromonas gingivalis,0
996,NRC-16,43,Citrobacter freundii,0
857,L-2-Bromophenylalanine,166,Trueperella pyogenes,0
832,Isoconazole,70,Firmicutes,0
977,N-Acetylcysteine,49,Corynebacterium ammoniagenes,1
644,DJK5,113,Pichia anomala,0
1357,meta-toluidine,91,Human respiratory syncytial virus B,0
442,Anthranilate,33,Campylobacter jejuni,0
84,"(5Z)-2-(1,1-dichloropropyl)-5-{[4-(trifluoromethyl)phenyl]methylidene}-1,3-oxazolidin-4-one",137,Staphylococcus aureus,1
1073,Pentagalloylglucose,164,Thermus thermophilus,0
657,Delphinidin,15,Aspergillus fumigatus,0
155,"13-(2-chloro-8a-methyl-4a,8a-dihydroquinolin-3-yl)-3,3-dimethyl-1H,2H,3H,4H,6H,11H,13H-indazolo[1,2-b]phthalazine-1,6,11-trione",22,Bacteroides,0
1269,Tricaine,121,Pseudomonas aeruginosa,1
984,"N1-(7-chloroquinolin-4-yl)dodecane-1,12-diamine",132,Serratia marcescens,1
980,N-Nonanoyl-cyclopentylamide,132,Serratia marcescens,1
913,Magainin-I,99,Listeria ivanovii,1
755,Furvina,13,Aquifex aeolicus,0
1211,Sulbactam,168,Vibrio anguillarum,0
859,"L-744,832",34,Candida albicans,1
246,"3,3-Diphenyl-D-alanine",2,Acinetobacter baumannii,0
93,(R)-2-amino-3-cyclohexylpropanoic acid,127,Raoultella ornithinolytica,0
1159,S-OSIP108,34,Candida albicans,1
253,"3,4-Dichloro-cinnamaldehyde",41,Candida tropicalis,0
1373,sorivudine,22,Bacteroides,1
1341,cov-GL13K,5,Acinetobacter sp.,0
704,Epigallocatechin,158,Streptococcus sanguinis,0
797,Hexyl gallate,151,Streptococcus mutans,1
388,6-Amino Penicillinic acid,95,Klebsiella pneumoniae,1
584,Cinnamic Acid,104,Micrococcus luteus,0
887,Lanthanum chloride,123,Pseudomonas fluorescens,1
65,"(2S,3R,4S,5S,6R)-6-(Acetoxymethyl)-3-decanamidotetrahydro-2H-pyran-2,4,5-triyl triacetate",63,Enterobacteria phage T4,0
1367,para-anisidine,121,Pseudomonas aeruginosa,1
1233,Tangerine oil,3,Acinetobacter nosocomialis,0
1265,Tobramycin,147,Stenotrophomonas maltophilia,1
167,2(5H)-furanone,9,Aeromonas hydrophila,1
825,Indole-3-carboxyaldehyde,170,Vibrio cholerae,1
477,Benzocaine,12,Amycolatopsis orientalis,0
721,Eugenol,137,Staphylococcus aureus,1
317,4-Acetamido-D-phenylalanine,69,Eubacterium ramulus,0
307,"3-{2-[(1S,2R,4aR,8aR)-1,2,4a,5-tetramethyl-1,2,3,4,4a,7,8,8a-octahydronaphthalen-1-yl]ethyl}-N-(2-fluorophenyl)-5-methylidene-2,5-dihydrofuran-2-amine",109,Mycobacterium tuberculosis,0
601,Clove oil,151,Streptococcus mutans,1
173,"2,4-Dichlorophenylalanine",5,Acinetobacter sp.,0
946,Myristoyl-DL-carnitine,136,Staphlococcus aureus,0
1374,trans-2-Nonenal,170,Vibrio cholerae,1
427,Aloe Vera Gel,6,Actinobacillus actinomycetemcomitans,1
490,BisEDT-RIP,142,Staphylococcus epidermidis,1
1107,Propanol,34,Candida albicans,1
788,Hamamelitannin,121,Pseudomonas aeruginosa,1
891,Levofloxacin,75,Haemophilus influenzae,1
1295,Vanillylacetone,168,Vibrio anguillarum,0
433,Aminosalicylic Acid,109,Mycobacterium tuberculosis,1
1335,cat-AGE-RK1,137,Staphylococcus aureus,1
615,Curcumin,132,Serratia marcescens,1
1171,Salicylic Acid,76,Hafnia alvei,0
100,(Z)-3-bromo-5-(bromomethylene) furan-2(5H)-one,142,Staphylococcus epidermidis,1
110,"(Z)-5-decylidenethiazolidine-2,4-dione",125,Pseudomonas libaniensis,0
868,L-cysteic acid,159,Streptococcus sanguis,1
659,Dephnetin,67,Escherichia coli,1
80,"(5Z)-2-(1,1-dichloro-3,3-dimethylbutyl)-5-[(3-methoxyphenyl)methylidene]-1,3-oxazolidin-4-one",137,Staphylococcus aureus,1
643,DD13,121,Pseudomonas aeruginosa,0
787,HE4,9,Aeromonas hydrophila,0
867,L-carnosine,50,Cronobacter sakazakii,0
103,(Z)-4-bromo-5-(bromomethylene)-3-(1-bromohexyl)-2(5H)-furanone,83,Hepatitis C virus,0
991,NA-CATH-ATRA1-ATRA1,137,Staphylococcus aureus,1
1024,Novobiocin,101,Listeria monocytogenes serotype 4a,0
677,Dimethyl Sulfoxide,89,Human immunodeficiency virus 1,0
1127,R-Thanatin,142,Staphylococcus epidermidis,1
184,2-(2-(2-Azidoacetamido)-5-nitrophenyl)-2-oxo-N-(prop-2-yn-1-yl)acetamide,57,Eikenella corrodens,0
788,Hamamelitannin,138,Staphylococcus capitis,1
381,5-Hydroxy-4-[(4-methylphenyl)sulfonyl]-3-chloro-2(5H)-furanone,21,Bacillus subtilis,1
1094,Piperacillin-Tazobactam,10,Aeromonas sobria,0
1164,S-phenyl-L-cysteine sulfoxide,73,Gardnerella vaginalis,0
310,"4 alpha, 5 alpha-epoxy-10 alpha, 14H-1-epi-inuviscolide",34,Candida albicans,1
636,D-Tryptophan,48,Coagulase- negative staphylococci,0
80,"(5Z)-2-(1,1-dichloro-3,3-dimethylbutyl)-5-[(3-methoxyphenyl)methylidene]-1,3-oxazolidin-4-one",40,Candida spp.,0
274,3-(Aminomethyl)-D-phenylalanine,35,Candida dubliniensis,0
808,IDR-1018,2,Acinetobacter baumannii,1
954,N -(5-bromo-2-hydroxy-benzylidene)benzohydrazide,142,Staphylococcus epidermidis,1
568,Ch Dhvar5 ads,94,Klebsiella planticola,0
541,Cefamandole,24,Bacteroides fragilis,1
1210,Sucrose,33,Campylobacter jejuni,1
49,(2R)-2-amino-5-(1-nitrocarbamimidamido)pentanoic acid,88,Human immunodeficiency virus,0
1078,Peptide 1037,100,Listeria monocytogenes,1
648,Dalbavancin,68,Escherichia coli O6:H1 (strain CFT073 / ATCC 700928 / UPEC),0
153,"13-(2-chloro-7-methoxyquinolin-3-yl)-3,3-dimethyl-1H,2H,3H,4H,6H,11H,13H-indazolo[1,2-b]phthalazine-1,6,11-trione",173,Vibrio vulnificus,0
1076,Peppermint oil,26,Bacteroides vulgatus,0
1266,Tobramycin-bismuth-ethanedithiol,155,Streptococcus pneumoniae serotype 4,0
681,Dirithromycin,58,Enteric bacteria and other eubacteria,1
452,Autoinducer-2,142,Staphylococcus epidermidis,1
1346,den-SB056,142,Staphylococcus epidermidis,1
1173,Sanguinarine,11,Aggregatibacter actinomycetemcomitans,0
949,Myxinidin1,100,Listeria monocytogenes,1
882,LL-37,32,Burkholderia thailandensis,1
236,"2-bromo-4-methyl-6-(3,4,5-tribromo-1H-pyrrole-2-carbonyl)phenol",71,Francisella novicida,0
537,Cefaclor,172,Vibrio parahaemolyticus,0
1332,beta-Defensin-3,51,Cryptococcus neoformans,1
124,1-(4-chlorophenyl)-3-m-tolyurea,8,Actinoplanes missouriensis,0
274,3-(Aminomethyl)-D-phenylalanine,34,Candida albicans,0
837,Isopropanol,34,Candida albicans,1
525,Carboxymethyl chitosan,80,Hepatitis B virus D,0
1007,Neomycin,67,Escherichia coli,1
812,IMB-2,55,Edwardsiella tarda,0
953,N -(4-trifluoromethyl-benzylidene)benzohydrazide,38,Candida krusei,0
190,2-(2-Thienylsulfonyl)ethanethioamide,168,Vibrio anguillarum,1
221,2-Methoxy-4-propylphenol,73,Gardnerella vaginalis,0
441,Anthraflavic acid,86,Human herpesvirus 4,0
902,Luteolin,67,Escherichia coli,1
719,Ethylenediametetraacetic acid,163,Streptomyces sp.,0
1161,S-ethyl-L-cysteine,2,Acinetobacter baumannii,0
134,"1-[2-(3-bromo-4-hydroxy-5-methoxyphenyl)-5-(3,4,5-trimethoxyphenyl)-1,3,4-oxadiazol-3(2H)-yl]ethanone",64,Enterococcus faecalis,1
1319,Zotepine,34,Candida albicans,1
203,"2-(4-Chlorophenyl)-5-(4,5-dibromo-1-methyl-1H-pyrrol-2-yl)-1,3,4-oxadiazole",137,Staphylococcus aureus,1
729,Ferric chloride,105,Morganella morganii,0
1237,Tea tree oil,130,Schistosoma,0
746,Furanone,121,Pseudomonas aeruginosa,1
1233,Tangerine oil,137,Staphylococcus aureus,1
35,(2E)-3-(4-Hydroxy-3-methoxyphenyl)-1-phenyl-2-propen-1-one,117,Proteus mirabilis,0
597,Clioquinol,136,Staphlococcus aureus,0
1067,Penicillenol B1,121,Pseudomonas aeruginosa,1
978,N-Decanoyl cyclopentylamide,121,Pseudomonas aeruginosa,1
395,6-MO-LF11-227,38,Candida krusei,0
1202,Spermine,93,Influenza B virus,0
872,L-tryptophan,173,Vibrio vulnificus,1
1123,Quinolin-8-ol,126,Pseudomonas putida,0
487,Bifonazole,34,Candida albicans,1
553,Cefotetan,154,Streptococcus pneumoniae,1
28,(2E)-1-(4 -methoxyphenyl)-3-(2-naphthyl)-2-propen-1-one,142,Staphylococcus epidermidis,1
974,"N-(5-Methyl-1,2-oxazol-3-yl)butanamide",121,Pseudomonas aeruginosa,1
587,Cinoxacin,45,Clostridium leptum,0
1176,Scrambled LL-37,11,Aggregatibacter actinomycetemcomitans,1
195,"2-(4,5-dibromo-1-methyl-1H-pyrrol-2-yl)-5-(methylthio)-1,3,4-oxadiazole",148,Streptococcus epidermidis,1
894,Linalool,113,Pichia anomala,1
424,Albendazole,81,Hepatitis B virus F,0
1270,Triclosan,18,Bacillus anthracis,1
1369,para-ethylaniline,91,Human respiratory syncytial virus B,0
210,2-(5-Chloro-2-(2-chloroacetamido)phenyl )-2-oxo-N-( prop-2-yn-1-yl)acetamide,67,Escherichia coli,1
953,N -(4-trifluoromethyl-benzylidene)benzohydrazide,142,Staphylococcus epidermidis,1
672,Dicyclohexylamine,31,Burkholderia pseudomallei,1
963,"N-(1,3-Thiazol-2-yl)butanamide",17,Bacillus amyloliquefaciens,0
998,Na-Propionate,137,Staphylococcus aureus,1
177,"2,5-bis(4,5-dibromo-1-methyl-1H-pyrrol-2-yl)-1,3,4-oxadiazole",160,Streptococcus sobrinus,0
284,3-Hydroxytyrosine,27,Baker's yeast,0
275,3-(Trifluoromethyl)phenylalanine,137,Staphylococcus aureus,1
1132,RNAIII-inhibiting Peptide,142,Staphylococcus epidermidis,1
606,Colistin,109,Mycobacterium tuberculosis,1
1215,Sulfadiazine,105,Morganella morganii,0
402,7-chloroquinolin-4-ol,132,Serratia marcescens,1
995,NA8H,34,Candida albicans,1
607,Colistin sodium methanesulfonate,53,Desulfovibrio africanus,0
214,"2-Benzyl-5-(4,5-dibromo-1-methyl-1H-pyrrol-2-yl)-1,3,4-oxadiazole",72,Fusarium solani,0
627,D-Aspartic acid,137,Staphylococcus aureus,1
1017,Nobiletin,20,Bacillus licheniformis,0
692,Elemental silver,132,Serratia marcescens,0
314,"4-(5-(4,5-dibromo-1-methyl-1H-pyrrol-2-yl)-1,3,4-oxadiazole-2-yl)aniline",88,Human immunodeficiency virus,0
108,(Z)-5-(bromomethylene)-3-(hydroxymethyl]thiophen-2(5H)- one,146,Staphylococcus saprophyticus,0
182,2-(2-(2-Azidoacetamido)-5-fluorophenyl)-2-oxo-N-( prop-2-yn-1-yl)acetamide,127,Raoultella ornithinolytica,0
711,Esculin,30,Burkholderia multivorans,0
969,N-(4-Bromobenzylidene)benzohydrazide,121,Pseudomonas aeruginosa,1
666,Dibenzyl disulphide,128,Salmonella Typhi,0
853,Kaurenoic acid,166,Trueperella pyogenes,0
1074,Pentamethoxyflavone,171,Vibrio harveyi,1
940,Mucobromic acid,167,Varicella-zoster virus,0
896,Lipoic acid,121,Pseudomonas aeruginosa,1
513,CSP-C16,149,Streptococcus gordonii,1
279,3-Carbamoylphenylalanine,143,Staphylococcus epidermis,1
204,"2-(4-Chlorophenyl)-N-((2R,3R,4S,5S,6R)-2,4,5-trihydroxy-6-(hydroxymethyl)tetrahydro-2H-pyran-3-yl)acetamide",142,Staphylococcus epidermidis,0
1304,Voriconazole,34,Candida albicans,1
787,HE4,137,Staphylococcus aureus,1
515,Cadmium Ion,88,Human immunodeficiency virus,0
890,Lemon oil,141,Staphylococcus cohnii,0
728,Fenclonine,143,Staphylococcus epidermis,1
473,Benzathine benzylpenicillin,27,Baker's yeast,0
519,Calcium chloride,123,Pseudomonas fluorescens,1
1052,PG-1,51,Cryptococcus neoformans,1
370,5-(dibromomethylene)-3-(1-bromoethyl)-2(5H)-furanone,129,Salmonella enterica,1
507,C6-HSL,10,Aeromonas sobria,1
1310,Zanamivir,93,Influenza B virus,1
372,5-(dibromomethylene)-3-ethyl-2(5H)-furanone,159,Streptococcus sanguis,0
1378,trans-Stillbene,137,Staphylococcus aureus,1
547,Cefmenoxime,107,Mycobacterium leprae,0
281,3-Chlorotyrosine,108,Mycobacterium smegmatis,0
1039,Olive oil,137,Staphylococcus aureus,1
477,Benzocaine,7,Actinomyces oris,0
284,3-Hydroxytyrosine,137,Staphylococcus aureus,1
505,C16G2,149,Streptococcus gordonii,1
1118,Quercetin,51,Cryptococcus neoformans,0
467,Bactenecin,14,Arthrobacter sp.,0
442,Anthranilate,161,Streptomyces gordonii,0
457,Azlocillin,85,Human herpesvirus 3,0
585,Cinnamic acid,6,Actinobacillus actinomycetemcomitans,0
41,"(2R)-2-amino-3-(2,3-dihydro-1H-inden-2-yl)propanoic acid",143,Staphylococcus epidermis,1
738,Fluconazole,17,Bacillus amyloliquefaciens,0
1313,Zinc,135,Sphingomonas sp. Ibu-2,0
486,Bevirimat,129,Salmonella enterica,0
1040,Olmesartran,36,Candida glabrata,0
1310,Zanamivir,116,Propionibacterium acnes,0
508,C8-HSL,113,Pichia anomala,0
1329,beta-6-20-G3K6,142,Staphylococcus epidermidis,1
1148,Rimantadine,92,Influenza A virus,1
1276,Trimethyl(3-{4-[3-(trimethylphosphaniumyl)propoxy]phenoxy}propyl)phosphanium dibromide,21,Bacillus subtilis,0
1100,Polymyxin B,147,Stenotrophomonas maltophilia,1
463,Bac8C,151,Streptococcus mutans,1
576,Chlorpromazine,67,Escherichia coli,1
476,Benzethonium chloride,100,Listeria monocytogenes,0
349,4-bromoaniline,121,Pseudomonas aeruginosa,1
875,LF11-322,121,Pseudomonas aeruginosa,1
529,Carvacrol,137,Staphylococcus aureus,1
52,"(2S)-2-amino-3-(1,3-thiazol-4-yl)propanoic acid",143,Staphylococcus epidermis,1
1276,Trimethyl(3-{4-[3-(trimethylphosphaniumyl)propoxy]phenoxy}propyl)phosphanium dibromide,87,Human herpesvirus 5,0
1141,Rhodomyrtone,116,Propionibacterium acnes,1
47,(2R)-2-amino-3-phenylmethanesulfinylpropanoic acid,160,Streptococcus sobrinus,0
803,Human beta-defensin 3,142,Staphylococcus epidermidis,1
507,C6-HSL,131,Serratia liquefaciens,1
1005,Neoeriocitrin,171,Vibrio harveyi,1
1290,VS2,64,Enterococcus faecalis,1
459,BMAP-18,31,Burkholderia pseudomallei,1
1116,Pyrogallol,173,Vibrio vulnificus,1
1144,Rifalazil,67,Escherichia coli,1
236,"2-bromo-4-methyl-6-(3,4,5-tribromo-1H-pyrrole-2-carbonyl)phenol",106,Mycobacterium avium,0
1010,Nevirapine,151,Streptococcus mutans,0
799,Histatin 5,34,Candida albicans,1
654,Decanediol,76,Hafnia alvei,0
540,Cefalotin,7,Actinomyces oris,0
907,M8G2,55,Edwardsiella tarda,0
860,L-Aspartate,29,Burkholderia cepacia,0
797,Hexyl gallate,80,Hepatitis B virus D,0
664,DiHydroxyBenzoFuran,107,Mycobacterium leprae,0
365,"5,8,11,14-Eicosatetraynoic acid",34,Candida albicans,1
426,Allicin,121,Pseudomonas aeruginosa,1
882,LL-37,11,Aggregatibacter actinomycetemcomitans,1
484,Betulin,125,Pseudomonas libaniensis,1
475,"Benzenesul-fonamide,4-amino-N-methyl-N-[3-(3,4,7,8-tetrahydro-2,4-dioxo-2H-thiopyrano[4,3-d]pyrimidin-1(5H)-yl)propyl",108,Mycobacterium smegmatis,0
531,Catechin,57,Eikenella corrodens,1
183,2-(2-(2-Azidoacetamido)-5-methylphenyl)-2-oxo-N-(prop-2-yn-1-yl)acetamide,116,Propionibacterium acnes,0
684,Djenkolic acid,93,Influenza B virus,0
388,6-Amino Penicillinic acid,168,Vibrio anguillarum,0
346,4-bromo-5-(dibromomethylene)-3-(1-acetoxyoethyl)-2(5H)-furanone,57,Eikenella corrodens,0
1288,Ursolic acid,67,Escherichia coli,1
540,Cefalotin,154,Streptococcus pneumoniae,1
517,Caffeine,121,Pseudomonas aeruginosa,1
529,Carvacrol,30,Burkholderia multivorans,0
484,Betulin,47,Clostridium perfringens,0
1045,Oxantel,115,Porphyromonas gingivalis,1
404,"7-fluoroindoline-2,3-dione",121,Pseudomonas aeruginosa,1
1201,Sorbitol,14,Arthrobacter sp.,1
1204,Stavudine,109,Mycobacterium tuberculosis,0
1307,YC-1 compound,90,Human parainfluenza virus type 2,0
22,"(2E)-1-(2 ,5 -dimethoxyphenyl)-3-(2-naphthyl)-2-propen-1-one",43,Citrobacter freundii,0
255,"3,4-Dimethoxychalcone",85,Human herpesvirus 3,0
1004,Nelfinavir,75,Haemophilus influenzae,0
688,Doxycycline,58,Enteric bacteria and other eubacteria,1
971,N-(4-Morpholinyl)butanamide,121,Pseudomonas aeruginosa,1
944,Myricitrin,137,Staphylococcus aureus,1
203,"2-(4-Chlorophenyl)-5-(4,5-dibromo-1-methyl-1H-pyrrol-2-yl)-1,3,4-oxadiazole",76,Hafnia alvei,0
442,Anthranilate,21,Bacillus subtilis,1
131,"1-[2-(2,4-dichlorophenyl)-5-(3,4,5-trimethoxyphenyl)-1,3,4-oxadiazol-3(2H)-yl]ethanone",72,Fusarium solani,0
33,(2E)-1-[4-(4-nitrophenyl)piperazin-1-yl]-3-phenylprop-2-en-1-one,34,Candida albicans,1
689,Econazole,151,Streptococcus mutans,1
15,(2-{[(2-phenylethyl)sulfanyl]sulfinyl}ethyl)benzene,6,Actinobacillus actinomycetemcomitans,0
860,L-Aspartate,144,Staphylococcus equorum,1
586,Cinnamon oil,121,Pseudomonas aeruginosa,1
1268,Toremifene,36,Candida glabrata,1
1373,sorivudine,23,Bacteroides eggerthii,1
651,Dapsone,62,Enterobacter ludwigi,0
1223,Sulfanilamide,27,Baker's yeast,0
1076,Peppermint oil,146,Staphylococcus saprophyticus,0
603,Clozapine,5,Acinetobacter sp.,0
621,"D, L- K6L9",132,Serratia marcescens,0
85,"(5Z)-2-(2,2-dimethylpropyl)-5-{[3-(trifluoromethyl)phenyl]methylidene}-1,3-oxazolidin-4-one",52,Dengue Virus Type 2,0
1199,Sodium ascorbate,19,Bacillus cereus,0
1376,trans-2-dodecenoic acid,34,Candida albicans,1
306,"3-{2-[(1S,2R,4aR,8aR)-1,2,4a,5-tetramethyl-1,2,3,4,4a,7,8,8a-octahydronaphthalen-1-yl]ethyl}-5-methylidene-N-phenyl-2,5-dihydrofuran-2-amine",17,Bacillus amyloliquefaciens,0
971,N-(4-Morpholinyl)butanamide,156,Streptococcus pyogenes,0
1062,Pefloxacin,75,Haemophilus influenzae,1
1073,Pentagalloylglucose,121,Pseudomonas aeruginosa,1
617,Cyclacillin,15,Aspergillus fumigatus,0
948,Myxinidin,100,Listeria monocytogenes,1
1234,Tannic acid,121,Pseudomonas aeruginosa,1
293,3-chloro-5-hydroxy-4-[(4-methylphenylsulfanyl)]-2(5H)-furanone,10,Aeromonas sobria,0
1190,Silybin,20,Bacillus licheniformis,0
242,2-methoxy-cinnamaldehyde,173,Vibrio vulnificus,1
1281,Tyrphostin 9,34,Candida albicans,1
1003,Naringin,67,Escherichia coli,1
1286,Uracil,67,Escherichia coli,1
768,Gallocatechin gallate,57,Eikenella corrodens,1
35,(2E)-3-(4-Hydroxy-3-methoxyphenyl)-1-phenyl-2-propen-1-one,46,Clostridium pasteurianum,0
1295,Vanillylacetone,121,Pseudomonas aeruginosa,1
1167,SMAP-29,32,Burkholderia thailandensis,1
1107,Propanol,145,Staphylococcus haemolyticus,0
1021,Norgestimate,137,Staphylococcus aureus,1
281,3-Chlorotyrosine,137,Staphylococcus aureus,1
567,Cerulenin,1,Achromobacter xylosoxidans,0
528,Carolacton,151,Streptococcus mutans,1
765,Gallium Nitrate,146,Staphylococcus saprophyticus,0
1245,Terpinene-4-ol,67,Escherichia coli,1
547,Cefmenoxime,47,Clostridium perfringens,1
177,"2,5-bis(4,5-dibromo-1-methyl-1H-pyrrol-2-yl)-1,3,4-oxadiazole",30,Burkholderia multivorans,0
1185,Silver nanoparticles,64,Enterococcus faecalis,0
691,Efavirenz,117,Proteus mirabilis,0
936,Minocycline,58,Enteric bacteria and other eubacteria,1
1161,S-ethyl-L-cysteine,98,Lactobacillus fermenti,0
1116,Pyrogallol,169,Vibrio campbellii,1
1256,Thonzonium bromide,86,Human herpesvirus 4,0
878,LL-13,11,Aggregatibacter actinomycetemcomitans,0
111,"(Z)-5-octylidenethiazolidine-2,4-dione",149,Streptococcus gordonii,0
629,D-Cystine,137,Staphylococcus aureus,1
146,1010cys,88,Human immunodeficiency virus,0
116,"1,3-dim-tolyurea",151,Streptococcus mutans,1
631,D-LL-37,32,Burkholderia thailandensis,1
264,3-(2-Naphthyl)-D-alanine,143,Staphylococcus epidermis,1
428,Aloe-emodin,25,Bacteroides uniformis,0
582,Cidofovir,87,Human herpesvirus 5,1
1127,R-Thanatin,41,Candida tropicalis,0
88,"(E)-1-[6-[(3-acetyl-2,4,6-trihydroxy-5-methylphenyl)methyl]-5,7-dihydroxy-2,2-dimethyl-2H-1-benzopyran-8-yl]-3-phenyl-2-propen-1-one",41,Candida tropicalis,0
1268,Toremifene,0,Achromobacter sp.,0
50,(2R)-2-amino-6-acetamidohexanoic acid,66,Enterococcus gallinarum,0
543,Cefazolin,59,Enterobacter aerogenes,0
1152,Rufloxacin,147,Stenotrophomonas maltophilia,1
507,C6-HSL,76,Hafnia alvei,1
331,4-Hydroxy benzoate,67,Escherichia coli,1
1254,Thimerosal,34,Candida albicans,1
344,4-bromo-5-(bromomethylene)-3-(1-bromobutyl)-2(5H)-furanone,103,Marinobacter hydrocarbonoclasticus,0
1217,Sulfalene,164,Thermus thermophilus,0
1265,Tobramycin,58,Enteric bacteria and other eubacteria,1
260,"3,5-dimethylaniline",14,Arthrobacter sp.,0
418,Acetohydroxamic Acid,117,Proteus mirabilis,1
743,Fosfomycin,174,Yersinia enterocolitica,0
276,3-(pyridin-3-yl)-5-(3-ethoxy-4-hydroxybenzylidene)-2-thioxothiazolidin-4-one,121,Pseudomonas aeruginosa,1
278,3-Bromophenylalanine,40,Candida spp.,0
1219,Sulfamethazine,157,Streptococcus salivarius,0
626,D-Aspartate,137,Staphylococcus aureus,1
1053,PLF,34,Candida albicans,1
487,Bifonazole,9,Aeromonas hydrophila,0
1191,Simeprevir,83,Hepatitis C virus,1
248,"3,3-dimethyl-13-{8-methyl-[1,2,3,4]tetrazolo[1,5-a]quinolin-4-yl}-1H,2H,3H,4H,6H,11H,13H-indazolo[1,2-b]phthalazine-1,6,11-trione",34,Candida albicans,1
266,3-(2-Pyridinyl)alanine,72,Fusarium solani,0
1194,Sinensetin,148,Streptococcus epidermidis,0
543,Cefazolin,137,Staphylococcus aureus,1
934,Miconazole,34,Candida albicans,1
986,"N1-(7-chloroquinolin-4-yl)octane-1,8-diamine",121,Pseudomonas aeruginosa,1
585,Cinnamic acid,166,Trueperella pyogenes,0
420,Aciclovir,27,Baker's yeast,0
57,"(2S,3R,4S,5S,6R)-6-(Acetoxymethyl)-3-(2-(4-(trifluoromethyl)phenyl)acetamido)tetrahydro-2H-pyran-2,4,5-triyltriacetate",96,Klebsiella variicola,0
673,Didanosine,22,Bacteroides,0
64,"(2S,3R,4S,5S,6R)-6-(Acetoxymethyl)-3-butyramidotetrahydro-2H-pyran-2,4,5-triyl triacetate",121,Pseudomonas aeruginosa,1
455,Azidocillin,63,Enterobacteria phage T4,0
756,Fusidic Acid,67,Escherichia coli,1
771,Gatifloxacin,155,Streptococcus pneumoniae serotype 4,1
679,Diphenyl disulphide,121,Pseudomonas aeruginosa,1
89,(E)-3-Decen-2-one,126,Pseudomonas putida,0
958,"N-((1E)-{4-ethoxy-3-[(8-oxo-1,5,6,8-tetrahydro-2H-1,5-methanopyrido[1,2-a][1,5]diazocin-3(4H)-yl)methyl]phenyl}methylene)-3,4,5-trihydroxybenzohydrazide",87,Human herpesvirus 5,0
140,1-{2-[(E)-2-(4-hydroxy-3-methoxyphenyl)ethenyl]-4-phenylquinolin-3-yl}ethan-1-one,68,Escherichia coli O6:H1 (strain CFT073 / ATCC 700928 / UPEC),0
627,D-Aspartic acid,150,Streptococcus mitis,0
933,Micafungin,144,Staphylococcus equorum,0
236,"2-bromo-4-methyl-6-(3,4,5-tribromo-1H-pyrrole-2-carbonyl)phenol",142,Staphylococcus epidermidis,1
169,"2,3,4,5,6-Pentafluoro-L-phenylalanine",21,Bacillus subtilis,0
1071,Penicillic acid,117,Proteus mirabilis,0
497,Butanol,34,Candida albicans,1
327,4-Ethylguaiacol,130,Schistosoma,0
732,Flavone,67,Escherichia coli,1
1333,beta-Pinene,34,Candida albicans,1
1080,Phenobarbitone,169,Vibrio campbellii,0
881,LL-31,31,Burkholderia pseudomallei,1
871,L-pipecolic acid,143,Staphylococcus epidermis,1
799,Histatin 5,112,Pantoea agglomerans,0
649,Dalfopristin,57,Eikenella corrodens,0
661,Dezocine,75,Haemophilus influenzae,1
310,"4 alpha, 5 alpha-epoxy-10 alpha, 14H-1-epi-inuviscolide",99,Listeria ivanovii,0
1341,cov-GL13K,76,Hafnia alvei,0
121,"1-(2-Chloroacetyl)indoline-2,3-dione",131,Serratia liquefaciens,0
863,L-Phenylalanine,34,Candida albicans,0
1032,OSIP108,36,Candida glabrata,1
801,Holothuroidin 2,121,Pseudomonas aeruginosa,1
828,Ionic silver,105,Morganella morganii,0
16,"(2E)-1-(1 ,3 -benzodioxol-5-yl)-3-(2-naphthyl)-2-propen-1-one",142,Staphylococcus epidermidis,1
415,AFP1,41,Candida tropicalis,1
895,Linezolid,58,Enteric bacteria and other eubacteria,1
1117,Pyrvinium pamoate,34,Candida albicans,1
903,Lymecycline,9,Aeromonas hydrophila,0
1299,Virginiamycin M1,65,Enterococcus faecium,1
407,7-methoxyindole,71,Francisella novicida,0
261,3-(1-Naphthyl)-D-Alanine,109,Mycobacterium tuberculosis,0
1204,Stavudine,157,Streptococcus salivarius,0
483,Besifloxacin,155,Streptococcus pneumoniae serotype 4,1
560,Ceftazidime hydrate,116,Propionibacterium acnes,0
560,Ceftazidime hydrate,30,Burkholderia multivorans,1
1238,Teichoplanin,83,Hepatitis C virus,0
1181,Shikonin,121,Pseudomonas aeruginosa,1
830,Isatin,40,Candida spp.,0
1094,Piperacillin-Tazobactam,52,Dengue Virus Type 2,0
807,Hyperoside,121,Pseudomonas aeruginosa,1
849,KSL-W,160,Streptococcus sobrinus,0
291,3-[(prop-2-ene-1-sulfinyl)sulfanyl]prop-1-ene,159,Streptococcus sanguis,1
1105,Pro-Gly,151,Streptococcus mutans,0
540,Cefalotin,27,Baker's yeast,0
797,Hexyl gallate,153,Streptococcus parasanguinis,0
1040,Olmesartran,21,Bacillus subtilis,1
1292,Vancomycin,139,Staphylococcus caprae,1
1187,Silver nitrate,121,Pseudomonas aeruginosa,1
1340,cov-GK7-NH2,115,Porphyromonas gingivalis,1
786,HE12,136,Staphlococcus aureus,0
276,3-(pyridin-3-yl)-5-(3-ethoxy-4-hydroxybenzylidene)-2-thioxothiazolidin-4-one,142,Staphylococcus epidermidis,1
791,Heptamethoxyflavone,67,Escherichia coli,1
227,2-amino-3-(3-nitrophenyl)propanoic acid,1,Achromobacter xylosoxidans,0
602,Cloxacillin,68,Escherichia coli O6:H1 (strain CFT073 / ATCC 700928 / UPEC),1
1319,Zotepine,111,Obesumbacterium proteus,0
1231,Tachyplesin III,121,Pseudomonas aeruginosa,1
91,"(R)-2,3-Diaminopropanoic acid",143,Staphylococcus epidermis,1
1164,S-phenyl-L-cysteine sulfoxide,121,Pseudomonas aeruginosa,1
983,N-decanoyl-L- homoserine benzyl ester,121,Pseudomonas aeruginosa,1
906,M8-33,151,Streptococcus mutans,1
889,Lemon,46,Clostridium pasteurianum,0
963,"N-(1,3-Thiazol-2-yl)butanamide",121,Pseudomonas aeruginosa,1
951,Myxinidin3,100,Listeria monocytogenes,1
65,"(2S,3R,4S,5S,6R)-6-(Acetoxymethyl)-3-decanamidotetrahydro-2H-pyran-2,4,5-triyl triacetate",121,Pseudomonas aeruginosa,1
1155,S-(2-Aminoethyl)-L-cysteine hydrochloride,107,Mycobacterium leprae,0
1098,Pleurocidin,121,Pseudomonas aeruginosa,1
1286,Uracil,84,Human herpesvirus 1,1
546,Cefixime,100,Listeria monocytogenes,1
811,IG-25,31,Burkholderia pseudomallei,1
105,(Z)-4-bromo-5-(bromomethylene)-3-ethyl-2(5H)-furanone,129,Salmonella enterica,1
1083,Phenyl-arginine-b-naphthylamide,137,Staphylococcus aureus,1
606,Colistin,12,Amycolatopsis orientalis,0
61,"(2S,3R,4S,5S,6R)-6-(Acetoxymethyl)-3-(2-(4-methoxyphenyl)acetamido)tetrahydro-2H-pyran-2,4,5-triyl triacetate",102,Lysinibacillus sphaericus,0
715,"Ethane-1,2-diamine",132,Serratia marcescens,1
531,Catechin,118,Proteus vulgaris,0
1079,Phenanthrene,118,Proteus vulgaris,1
251,"3,4-Dichloro-5-[(1,3-dichloropropan-2-yloxy)]-2(5H)-furanone",21,Bacillus subtilis,1
311,"4,5-dihydroxy-2,3-pentanedione",34,Candida albicans,1
123,1-(4-amino-2-hydroxyphenyl)ethan-1-one,121,Pseudomonas aeruginosa,1
1047,Oxyresveratrol,121,Pseudomonas aeruginosa,1
1156,S-(2-thiazoyl)-L-cysteine,151,Streptococcus mutans,1
215,2-Carbamoylphenylalanine,152,Streptococcus oralis,0
401,7-chloroindole,9,Aeromonas hydrophila,0
351,4-chloroaniline,121,Pseudomonas aeruginosa,1
416,Abacavir,89,Human immunodeficiency virus 1,1
955,N -(pyridin-3-yl-methylene)benzohydrazide,64,Enterococcus faecalis,1
911,MUC7 20-mer,97,Kocuria rhizophila,0
550,Cefoperazone,95,Klebsiella pneumoniae,0
956,N -[(3-chloro-isoquinolin-4-yl)methylene] benzohydrazide,151,Streptococcus mutans,1
793,Hesperidin,132,Serratia marcescens,0
161,14-Glycinyl andrographolide hydrochloride,39,Candida parapsilosis,0
136,1-mesityl-3(4-nitrophenyl)urea,72,Fusarium solani,0
1099,Polyethyleneimine,117,Proteus mirabilis,0
982,N-[5-(6-amino-9H-purin-9-yl)-4-hydroxy-2-(hydroxymethyl)oxolan-3-yl]-3-(4-methoxyphenyl)propanamide,168,Vibrio anguillarum,1
1343,cyclophosphamide,70,Firmicutes,1
792,Hesperetin,56,Eggerthella lenta,0
224,2-Nitro-cinnamaldehyde,168,Vibrio anguillarum,1
411,8-fluoroquinoline,121,Pseudomonas aeruginosa,1
435,Amoxicillin,51,Cryptococcus neoformans,0
975,"N-(6-tert-butyl-2,3-dihydro- 2-methylpyridazin-4-yl)-5-chlorothiophene-2-carbohydrazide",28,Burkholderia cenocepacia,1
562,Ceftobiprole,155,Streptococcus pneumoniae serotype 4,1
373,5-(dibromomethylene)-3-hexyl-2(5H)-furanone,172,Vibrio parahaemolyticus,0
486,Bevirimat,37,Candida guiliermondi,0
871,L-pipecolic acid,104,Micrococcus luteus,0
1284,Undecanoic acid,132,Serratia marcescens,1
335,4-Methoxycarbonylphenylboronic acid,51,Cryptococcus neoformans,0
1258,Ticarcillin,159,Streptococcus sanguis,0
847,KD-13,31,Burkholderia pseudomallei,1
95,(RW)2-NH2,67,Escherichia coli,1
820,Indol AHL,121,Pseudomonas aeruginosa,1
1334,beta-sitosterol glucoside,57,Eikenella corrodens,0
227,2-amino-3-(3-nitrophenyl)propanoic acid,143,Staphylococcus epidermis,1
1023,Norspermidine,100,Listeria monocytogenes,0
1046,Oxiconazole nitrate,34,Candida albicans,1
742,Fosaphenytoin,41,Candida tropicalis,0
777,Glucose,33,Campylobacter jejuni,1
1245,Terpinene-4-ol,113,Pichia anomala,1
166,17-Deacetyl norgestimate,104,Micrococcus luteus,0
915,Malabaricone C,142,Staphylococcus epidermidis,0
507,C6-HSL,122,Pseudomonas chlororaphis,1
87,(5Z)-4-Bromo-5-(bromomethylene)-3-butyl-2(5H)-furanone,11,Aggregatibacter actinomycetemcomitans,0
128,1-(6-aminopyridin-3-yl)ethan-1-one,121,Pseudomonas aeruginosa,1
249,"3,3-dimethyl-13-{9-methyl-[1,2,3,4]tetrazolo[1,5-a]quinolin-4-yl}-1H,2H,3H,4H,6H,11H,13H-indazolo[1,2-b]phthalazine-1,6,11-trione",121,Pseudomonas aeruginosa,1
680,Diphenyl methane,81,Hepatitis B virus F,0
714,Ethambutol,28,Burkholderia cenocepacia,0
1249,Tet-26,157,Streptococcus salivarius,0
973,N-(4-hydroxy-2-methylphenyl)-3-oxododecanamide,10,Aeromonas sobria,0
424,Albendazole,61,Enterobacter cloacae,0
1037,Oleanolic Acid,137,Staphylococcus aureus,1
245,2C-4,62,Enterobacter ludwigi,0
476,Benzethonium chloride,34,Candida albicans,1
157,13-methyltetradecanoic acid,66,Enterococcus gallinarum,0
73,"(5E)-5-dodecylidene-1,3-thiazolidine-2,4-dione",85,Human herpesvirus 3,0
1071,Penicillic acid,57,Eikenella corrodens,0
1029,O-Methyl-D-tyrosine,143,Staphylococcus epidermis,1
898,Lomefloxacin,7,Actinomyces oris,0
28,(2E)-1-(4 -methoxyphenyl)-3-(2-naphthyl)-2-propen-1-one,147,Stenotrophomonas maltophilia,0
666,Dibenzyl disulphide,83,Hepatitis C virus,0
670,Diclofenac sodium,37,Candida guiliermondi,0
679,Diphenyl disulphide,159,Streptococcus sanguis,1
1230,TZD-C8,68,Escherichia coli O6:H1 (strain CFT073 / ATCC 700928 / UPEC),0
218,2-Fluoro-L-phenylalanine,143,Staphylococcus epidermis,1
516,Caffeic Acid,121,Pseudomonas aeruginosa,1
823,Indole-3-acetamide,169,Vibrio campbellii,1
573,Chlorhexidine,64,Enterococcus faecalis,0
232,2-amino-5-methoxy-5-oxopentanoic acid,137,Staphylococcus aureus,1
1056,Palivizumab,91,Human respiratory syncytial virus B,1
352,4-chloroquinoline,37,Candida guiliermondi,0
245,2C-4,151,Streptococcus mutans,1
1009,Netilmicin,42,Chromobacterium violaceum,0
1153,Rutaecarpine,33,Campylobacter jejuni,1
1174,Saquinavir,88,Human immunodeficiency virus,1
780,Glycomonoterpenes (G-citron),1,Achromobacter xylosoxidans,0
1216,Sulfadoxine,64,Enterococcus faecalis,0
1156,S-(2-thiazoyl)-L-cysteine,56,Eggerthella lenta,0
47,(2R)-2-amino-3-phenylmethanesulfinylpropanoic acid,7,Actinomyces oris,1
752,Furanone-5,30,Burkholderia multivorans,0
714,Ethambutol,109,Mycobacterium tuberculosis,1
458,Aztreonam,67,Escherichia coli,0
704,Epigallocatechin,38,Candida krusei,0
35,(2E)-3-(4-Hydroxy-3-methoxyphenyl)-1-phenyl-2-propen-1-one,59,Enterobacter aerogenes,0
49,(2R)-2-amino-5-(1-nitrocarbamimidamido)pentanoic acid,161,Streptomyces gordonii,0
183,2-(2-(2-Azidoacetamido)-5-methylphenyl)-2-oxo-N-(prop-2-yn-1-yl)acetamide,121,Pseudomonas aeruginosa,1
423,Ajoene,121,Pseudomonas aeruginosa,1
1152,Rufloxacin,121,Pseudomonas aeruginosa,0
102,(Z)-4-bromo-5-(bromomethylene)-3-(1-bromoethyl)-2(5H)-furanone,126,Pseudomonas putida,0
1220,Sulfamethizole,67,Escherichia coli,1
1087,Phosphate,174,Yersinia enterocolitica,0
1320,[(ethanesulfinyl)sulfanyl]ethane,151,Streptococcus mutans,1
803,Human beta-defensin 3,34,Candida albicans,1
674,"Dihydroxybenzoic Acid (2,3-DHBA)",57,Eikenella corrodens,1
1284,Undecanoic acid,72,Fusarium solani,0
304,3-tetra- decanoyltetronic,137,Staphylococcus aureus,1
1346,den-SB056,121,Pseudomonas aeruginosa,1
901,Losartran,99,Listeria ivanovii,0
810,IG-19,78,Halomonas pacifica,0
754,Furanone-8,129,Salmonella enterica,1
1051,P60.4Ac,137,Staphylococcus aureus,1
645,DJK6,52,Dengue Virus Type 2,0
609,Competence Stimulating Peptide,34,Candida albicans,1
79,"(5Z)-2-(1,1-dichloro-3,3-dimethylbutyl)-5-(phenylmethylidene)-1,3-oxazolidin-4-one",137,Staphylococcus aureus,1
1237,Tea tree oil,137,Staphylococcus aureus,1
787,HE4,1,Achromobacter xylosoxidans,0
696,Emtricitabine,89,Human immunodeficiency virus 1,1
728,Fenclonine,137,Staphylococcus aureus,1
240,2-geranyloxy-1-(2-methylpropanoyl)phloroglucinol,122,Pseudomonas chlororaphis,0
441,Anthraflavic acid,151,Streptococcus mutans,1
1000,NaCl,33,Campylobacter jejuni,1
69,(3R)-4-(4-acetylphenyl)-3-aminobutan-2-one,167,Varicella-zoster virus,0
523,Carabrone,34,Candida albicans,1
1006,Neohesperidin,171,Vibrio harveyi,1
144,"1-{6-nitro-4-phenyl-2-[(E)-2-(3,4,5-trimethoxyphenyl)ethenyl]quinolin-3-yl}ethan-1-one",21,Bacillus subtilis,1
715,"Ethane-1,2-diamine",116,Propionibacterium acnes,0
319,4-Benzoylphenylalanine,94,Klebsiella planticola,0
401,7-chloroindole,83,Hepatitis C virus,0
747,Furanone 56,142,Staphylococcus epidermidis,1
1147,Rilpivirine,89,Human immunodeficiency virus 1,1
916,Mefloquine,103,Marinobacter hydrocarbonoclasticus,0
1026,"O-(2,6-Dichlorobenzyl)-D-tyrosine",142,Staphylococcus epidermidis,0
1230,TZD-C8,121,Pseudomonas aeruginosa,1
1285,Undecyl beta-maltoside,1,Achromobacter xylosoxidans,0
307,"3-{2-[(1S,2R,4aR,8aR)-1,2,4a,5-tetramethyl-1,2,3,4,4a,7,8,8a-octahydronaphthalen-1-yl]ethyl}-N-(2-fluorophenyl)-5-methylidene-2,5-dihydrofuran-2-amine",172,Vibrio parahaemolyticus,0
1009,Netilmicin,67,Escherichia coli,1
110,"(Z)-5-decylidenethiazolidine-2,4-dione",63,Enterobacteria phage T4,0
500,Butoconazole,34,Candida albicans,1
218,2-Fluoro-L-phenylalanine,169,Vibrio campbellii,0
124,1-(4-chlorophenyl)-3-m-tolyurea,151,Streptococcus mutans,1
1377,trans-Resveratrol,137,Staphylococcus aureus,1
1015,Nitrofural,118,Proteus vulgaris,0
234,2-amino-6-fluorobenzoic acid,114,Plasmodium falciparum,0
901,Losartran,48,Coagulase- negative staphylococci,0
593,Clary sage,19,Bacillus cereus,1
473,Benzathine benzylpenicillin,92,Influenza A virus,0
975,"N-(6-tert-butyl-2,3-dihydro- 2-methylpyridazin-4-yl)-5-chlorothiophene-2-carbohydrazide",83,Hepatitis C virus,0
682,DispersinB-KSL-W wound gel,160,Streptococcus sobrinus,0
19,"(2E)-1-(2 ,4 ,5 -trimethoxyphenyl)-3-(2-chloro-6-methoxy-quinolin-3-yl)-2-propen-1-one",137,Staphylococcus aureus,1
612,Coumarin,109,Mycobacterium tuberculosis,0
131,"1-[2-(2,4-dichlorophenyl)-5-(3,4,5-trimethoxyphenyl)-1,3,4-oxadiazol-3(2H)-yl]ethanone",64,Enterococcus faecalis,1
692,Elemental silver,137,Staphylococcus aureus,1
9,"(1R,4R,8S,11S,12R)-4-hydroxy-1,4,8-trimethyl-12-(propan-2-yl)tricyclo[9.3.0.0]tetradec-3(7)-en-6-one",136,Staphlococcus aureus,0
723,"F2,5,12W",142,Staphylococcus epidermidis,1
444,Apramycin,139,Staphylococcus caprae,0
976,N-(pyrrolidin-3-yl)dodecanamide,115,Porphyromonas gingivalis,1
25,"(2E)-1-(3 ,4 -dimethoxyphenyl)-3-(2-naphthyl)-2-propen-1-one",31,Burkholderia pseudomallei,0
369,5-(dibromomethylene)-3-(1-bromobutyl)-2(5H)-furanone,129,Salmonella enterica,1
408,7-methylindole,83,Hepatitis C virus,0
610,Copper sulfate,97,Kocuria rhizophila,1
739,Fluperlapine,34,Candida albicans,1
1291,VSL2,50,Cronobacter sakazakii,0
334,4-Iodo-d-phenylalanine,26,Bacteroides vulgatus,0
254,"3,4-Dichlorophenylalanine",143,Staphylococcus epidermis,1
1093,Piperacillin,121,Pseudomonas aeruginosa,1
456,Azithromycin,30,Burkholderia multivorans,1
414,AAP2,6,Actinobacillus actinomycetemcomitans,0
699,Enoxacin,144,Staphylococcus equorum,0
250,"3,3-dimethyl-13-{[1,2,3,4]tetrazolo[1,5-a]quinolin-4-yl}-2H,4H,13H-indazolo[1,2-b]phthalazine-1,6,11-trione",121,Pseudomonas aeruginosa,1
233,2-amino-6-chlorobenzoic acid,28,Burkholderia cenocepacia,1
565,Cephalexin,154,Streptococcus pneumoniae,1
252,"3,4-Dichloro-5-[(4-methylphenylsulfonyl)]-2(5H)-furanone",21,Bacillus subtilis,1
680,Diphenyl methane,40,Candida spp.,0
1035,Octyl gallate,6,Actinobacillus actinomycetemcomitans,0
607,Colistin sodium methanesulfonate,67,Escherichia coli,1
1271,"Triethyl[2-({10,15,20,24,26,29,31,33,34-nonakis[3-(triethylphosphaniumyl)propoxy]hexacyclo[21.2.2.2,.2,.2,.2]pentatriaconta-1(25),3(35),4,6(34),8,10,13,15,18,20,23,26,28,30,32-pentadecaen-4-yl}oxy)ethyl]phosphanium decabromide",137,Staphylococcus aureus,1
1323,alpha-Longipinene,89,Human immunodeficiency virus 1,0
951,Myxinidin3,83,Hepatitis C virus,0
1006,Neohesperidin,28,Burkholderia cenocepacia,0
619,Cycloserine,50,Cronobacter sakazakii,0
460,BMAP-27,169,Vibrio campbellii,0
727,Farnesol,39,Candida parapsilosis,1
819,Indirubin,20,Bacillus licheniformis,0
66,"(2S,3R,4S,5S,6R)-6-(Acetoxymethyl)-3-dodecanamidotetrahydro-2H-pyran-2,4,5-triyl triacetate",121,Pseudomonas aeruginosa,1
1378,trans-Stillbene,29,Burkholderia cepacia,0
1375,trans-2-Pentenal,171,Vibrio harveyi,1
17,"(2E)-1-(1,3-benzodioxol-5-yl)-3-(2-chloro-quinolin-3-yl)-2-propen-1-one",128,Salmonella Typhi,0
778,Glycinamide hydrochloride,159,Streptococcus sanguis,1
12,(1Z)-ethylidene-lambda4-sulfanyliumolate,151,Streptococcus mutans,1
703,Epicatechin-3-gallate,34,Candida albicans,1
648,Dalbavancin,137,Staphylococcus aureus,1
947,Myrrh oil,133,Shewanella oneidensis,0
430,Amikacin,105,Morganella morganii,1
16,"(2E)-1-(1 ,3 -benzodioxol-5-yl)-3-(2-naphthyl)-2-propen-1-one",80,Hepatitis B virus D,0
334,4-Iodo-d-phenylalanine,143,Staphylococcus epidermis,1
408,7-methylindole,108,Mycobacterium smegmatis,0
1065,Penicillenol A1,34,Candida albicans,1
1126,R-FV-I16,67,Escherichia coli,1
971,N-(4-Morpholinyl)butanamide,158,Streptococcus sanguinis,0
805,Hydrogen peroxide,166,Trueperella pyogenes,0
1317,Zinc sulfate,97,Kocuria rhizophila,1
569,Ch_GG_Nt-Dhvar5,107,Mycobacterium leprae,0
221,2-Methoxy-4-propylphenol,77,Hafnia paralvei,0
311,"4,5-dihydroxy-2,3-pentanedione",19,Bacillus cereus,1
176,"2,4-Dinitro-D-phenylalanine",110,Neisseria gonorrhoeae,0
1312,Zidovudine,169,Vibrio campbellii,0
1317,Zinc sulfate,137,Staphylococcus aureus,1
10,(1Z)-(2-phenylethylidene)-lambda4-sulfanyliumolate,99,Listeria ivanovii,0
907,M8G2,87,Human herpesvirus 5,0
588,Ciprofloxacin,31,Burkholderia pseudomallei,0
84,"(5Z)-2-(1,1-dichloropropyl)-5-{[4-(trifluoromethyl)phenyl]methylidene}-1,3-oxazolidin-4-one",8,Actinoplanes missouriensis,0
1108,Propyl gallate,64,Enterococcus faecalis,1
458,Aztreonam,21,Bacillus subtilis,1
1335,cat-AGE-RK1,113,Pichia anomala,0
176,"2,4-Dinitro-D-phenylalanine",143,Staphylococcus epidermis,1
1098,Pleurocidin,137,Staphylococcus aureus,1
878,LL-13,31,Burkholderia pseudomallei,1
782,Grepafloxacin,34,Candida albicans,0
8,"(1R,3S,7R,8S,11S,12R)-3-hydroxy-1,4,8-trimethyl-12-(propan-2-yl)tricyclo[9.3.0.0]tetradec-4-en-6-one",121,Pseudomonas aeruginosa,1
327,4-Ethylguaiacol,56,Eggerthella lenta,0
259,"3,5-dibromotyrosined",143,Staphylococcus epidermis,1
1058,Palmitoyl-DL-carnitine,67,Escherichia coli,1
352,4-chloroquinoline,132,Serratia marcescens,1
131,"1-[2-(2,4-dichlorophenyl)-5-(3,4,5-trimethoxyphenyl)-1,3,4-oxadiazol-3(2H)-yl]ethanone",93,Influenza B virus,0
85,"(5Z)-2-(2,2-dimethylpropyl)-5-{[3-(trifluoromethyl)phenyl]methylidene}-1,3-oxazolidin-4-one",137,Staphylococcus aureus,1
1358,methanesulfonylbenzene,71,Francisella novicida,0
117,"1,3-dimethyl-6-(4-methylphenyl)-5-[3-(4-methylphenyl)-1-phenyl-1H-pyrazol-4-yl]-1H,2H,3H,4H,5H,6H-pyrimido[4,5-d][1,3]diazine-2,4-dione",137,Staphylococcus aureus,1
98,(RW)4D,67,Escherichia coli,1
68,(2Z)-N-hexyl-2-hydroxy-3-[4-(trifluoromethyl)phenyl]prop-2-enamide,34,Candida albicans,0
715,"Ethane-1,2-diamine",0,Achromobacter sp.,0
943,Myricetin,137,Staphylococcus aureus,1
330,4-Fluoro-D-phenylalanine,66,Enterococcus gallinarum,0
232,2-amino-5-methoxy-5-oxopentanoic acid,106,Mycobacterium avium,0
912,Macromomycin B,100,Listeria monocytogenes,0
93,(R)-2-amino-3-cyclohexylpropanoic acid,143,Staphylococcus epidermis,1
1066,Penicillenol A2,32,Burkholderia thailandensis,0
1141,Rhodomyrtone,127,Raoultella ornithinolytica,0
465,Bacampicillin,129,Salmonella enterica,0
849,KSL-W,42,Chromobacterium violaceum,0
84,"(5Z)-2-(1,1-dichloropropyl)-5-{[4-(trifluoromethyl)phenyl]methylidene}-1,3-oxazolidin-4-one",10,Aeromonas sobria,0
228,2-amino-3-(4-methylbenzenesulfinyl)propanoic acid,92,Influenza A virus,0
698,Enfuvirtide,155,Streptococcus pneumoniae serotype 4,0
548,Cefmetazole,100,Listeria monocytogenes,1
86,"(5Z)-2-tert-butyl-5-{[3-(trifluoromethyl)phenyl]methylidene}-1,3-oxazolidin-4-one",86,Human herpesvirus 4,0
253,"3,4-Dichloro-cinnamaldehyde",123,Pseudomonas fluorescens,0
886,Lamivudine,81,Hepatitis B virus F,1
941,Mucochloric acid,129,Salmonella enterica,0
485,Betulinic acid,67,Escherichia coli,1
1203,Ssp (A4K-A11K),71,Francisella novicida,0
853,Kaurenoic acid,120,Pseudoalteromonas sp.,0
712,Esculin hydrate,30,Burkholderia multivorans,1
402,7-chloroquinolin-4-ol,98,Lactobacillus fermenti,0
366,5- hydroxyethyl-3-tetradecanoyltetramic acid,142,Staphylococcus epidermidis,0
1265,Tobramycin,30,Burkholderia multivorans,1
79,"(5Z)-2-(1,1-dichloro-3,3-dimethylbutyl)-5-(phenylmethylidene)-1,3-oxazolidin-4-one",158,Streptococcus sanguinis,0
168,"2,2 -Dipyridyl",121,Pseudomonas aeruginosa,1
623,D-2-aminoadipic acid,137,Staphylococcus aureus,1
208,"2-(5-(4,5-dibromo-1-methyl-1H-pyrrol-2-yl)-1,3,4-oxadiazole-2-yl)phenol",53,Desulfovibrio africanus,0
1154,Rutin,121,Pseudomonas aeruginosa,1
599,Clomocycline,35,Candida dubliniensis,0
641,D/L-Aspartate,137,Staphylococcus aureus,1
97,(RW)4-NH2,170,Vibrio cholerae,0
1080,Phenobarbitone,144,Staphylococcus equorum,0
995,NA8H,127,Raoultella ornithinolytica,0
1258,Ticarcillin,137,Staphylococcus aureus,1
1109,Protamine sulphate,49,Corynebacterium ammoniagenes,0
1267,Tomentosin,100,Listeria monocytogenes,0
1213,Sulfacetamide,54,Dihydropteroate synthase type-1,1
458,Aztreonam,52,Dengue Virus Type 2,0
954,N -(5-bromo-2-hydroxy-benzylidene)benzohydrazide,99,Listeria ivanovii,0
1069,Penicillenol C1,137,Staphylococcus aureus,1
222,2-Methoxy-D-Phenylalanine,137,Staphylococcus aureus,1
52,"(2S)-2-amino-3-(1,3-thiazol-4-yl)propanoic acid",137,Staphylococcus aureus,1
587,Cinoxacin,75,Haemophilus influenzae,1
871,L-pipecolic acid,137,Staphylococcus aureus,1
319,4-Benzoylphenylalanine,143,Staphylococcus epidermis,1
483,Besifloxacin,75,Haemophilus influenzae,1
375,"5-Bromo-1-(2-chloroacetyl)indoline-2,3-dione",155,Streptococcus pneumoniae serotype 4,0
1177,Seg6D,72,Fusarium solani,0
1038,Oleic Acid,74,Geobacillus kaustophilus,0
420,Aciclovir,167,Varicella-zoster virus,1
859,"L-744,832",139,Staphylococcus caprae,0
252,"3,4-Dichloro-5-[(4-methylphenylsulfonyl)]-2(5H)-furanone",111,Obesumbacterium proteus,0
1049,P10,101,Listeria monocytogenes serotype 4a,0
1185,Silver nanoparticles,55,Edwardsiella tarda,0
75,"(5E)-5-octylidene-1,3-thiazolidine-2,4-dione",145,Staphylococcus haemolyticus,0
860,L-Aspartate,76,Hafnia alvei,0
999,Na-Pyrosulfite,67,Escherichia coli,1
1130,RK-25,172,Vibrio parahaemolyticus,0
383,"5-decyl-1,3-thiazolidine-2,4-dione",58,Enteric bacteria and other eubacteria,0
160,"14,15,29,30-Tetrahydro-5H,20H-dibenzo[h,s]bis([1,2,3]triazolo)[5,1-c:5_,1_-n][1,4,7,12,15,18]hexaazacyclodocosine-6,12,13,21,27,28(7H,22H)-hexaone",121,Pseudomonas aeruginosa,1
595,Clavulanate,137,Staphylococcus aureus,1
759,G10KHc,160,Streptococcus sobrinus,0
438,Amprenavir,89,Human immunodeficiency virus 1,1
476,Benzethonium chloride,21,Bacillus subtilis,0
792,Hesperetin,105,Morganella morganii,0
719,Ethylenediametetraacetic acid,100,Listeria monocytogenes,1
306,"3-{2-[(1S,2R,4aR,8aR)-1,2,4a,5-tetramethyl-1,2,3,4,4a,7,8,8a-octahydronaphthalen-1-yl]ethyl}-5-methylidene-N-phenyl-2,5-dihydrofuran-2-amine",151,Streptococcus mutans,1
1251,Tetrameric peptide,67,Escherichia coli,1
500,Butoconazole,142,Staphylococcus epidermidis,0
304,3-tetra- decanoyltetronic,46,Clostridium pasteurianum,0
460,BMAP-27,114,Plasmodium falciparum,0
313,4-(2-methybutyryl)-4H-tomentosin,34,Candida albicans,1
155,"13-(2-chloro-8a-methyl-4a,8a-dihydroquinolin-3-yl)-3,3-dimethyl-1H,2H,3H,4H,6H,11H,13H-indazolo[1,2-b]phthalazine-1,6,11-trione",34,Candida albicans,1
306,"3-{2-[(1S,2R,4aR,8aR)-1,2,4a,5-tetramethyl-1,2,3,4,4a,7,8,8a-octahydronaphthalen-1-yl]ethyl}-5-methylidene-N-phenyl-2,5-dihydrofuran-2-amine",64,Enterococcus faecalis,0
1362,nitrazepam,45,Clostridium leptum,1
839,Isosilybin A,137,Staphylococcus aureus,1
484,Betulin,132,Serratia marcescens,1
434,Amlodipine,21,Bacillus subtilis,1
1022,Norpinguisone,15,Aspergillus fumigatus,0
1297,Vidarabine,84,Human herpesvirus 1,1
1102,Posaconazole,21,Bacillus subtilis,0
673,Didanosine,118,Proteus vulgaris,0
354,4-fluoroindole,121,Pseudomonas aeruginosa,1
868,L-cysteic acid,7,Actinomyces oris,1
267,3-(2-Thienyl)-D-alanine,173,Vibrio vulnificus,0
259,"3,5-dibromotyrosined",129,Salmonella enterica,0
162,14-alpha-lipoyl andrographolide,121,Pseudomonas aeruginosa,1
413,A-3,34,Candida albicans,1
840,Isosinensetin,157,Streptococcus salivarius,0
394,6-MO-LF11-215,90,Human parainfluenza virus type 2,0
550,Cefoperazone,145,Staphylococcus haemolyticus,0
634,D-Phenylalanine,143,Staphylococcus epidermis,1
520,Camphene,114,Plasmodium falciparum,0
940,Mucobromic acid,21,Bacillus subtilis,1
939,Moxifloxacin,106,Mycobacterium avium,1
1244,Terconazole,34,Candida albicans,1
276,3-(pyridin-3-yl)-5-(3-ethoxy-4-hydroxybenzylidene)-2-thioxothiazolidin-4-one,159,Streptococcus sanguis,0
95,(RW)2-NH2,105,Morganella morganii,0
1086,Phloridzin,81,Hepatitis B virus F,0
1225,Sulfathiazole,114,Plasmodium falciparum,1
1123,Quinolin-8-ol,132,Serratia marcescens,1
1177,Seg6D,121,Pseudomonas aeruginosa,1
804,Hydnocarpin D,160,Streptococcus sobrinus,0
63,"(2S,3R,4S,5S,6R)-6-(Acetoxymethyl)-3-(3-oxooctanamido)tetrahydro-2H-pyran-2,4,5-triyl triacetate",121,Pseudomonas aeruginosa,1
790,Heptadecanoic acid,54,Dihydropteroate synthase type-1,0
949,Myxinidin1,40,Candida spp.,0
17,"(2E)-1-(1,3-benzodioxol-5-yl)-3-(2-chloro-quinolin-3-yl)-2-propen-1-one",151,Streptococcus mutans,1
1348,digoxin,107,Mycobacterium leprae,0
1296,Verapamil,109,Mycobacterium tuberculosis,1
359,4-nitropyridine N -oxide,86,Human herpesvirus 4,0
1286,Uracil,81,Hepatitis B virus F,0
1118,Quercetin,171,Vibrio harveyi,1
976,N-(pyrrolidin-3-yl)dodecanamide,147,Stenotrophomonas maltophilia,0
963,"N-(1,3-Thiazol-2-yl)butanamide",117,Proteus mirabilis,0
1253,Thiazolidinedione-8,151,Streptococcus mutans,1
734,Flavonoids 7,77,Hafnia paralvei,0
842,Itraconazole,52,Dengue Virus Type 2,0
1357,meta-toluidine,44,Clostridium bacilli,0
781,Gossypetin hexamethyl ether,171,Vibrio harveyi,1
1363,"octane-1,8-diamine",132,Serratia marcescens,1
142,"1-{2-[(E)-2-[3,5-bis(trifluoromethyl)phenyl]ethenyl]-4-phenylquinolin-3-yl}ethan-1-one",10,Aeromonas sobria,0
707,Erythritol,151,Streptococcus mutans,1
880,LL-25,31,Burkholderia pseudomallei,1
129,1-(pyrazin-2-yl)ethan-1-one,121,Pseudomonas aeruginosa,1
1269,Tricaine,126,Pseudomonas putida,0
710,Esculetin,28,Burkholderia cenocepacia,1
856,L- K6L9,158,Streptococcus sanguinis,0
1267,Tomentosin,76,Hafnia alvei,0
1209,Subtilosin,73,Gardnerella vaginalis,1
635,D-Proline,174,Yersinia enterocolitica,0
784,HA14-1,27,Baker's yeast,0
250,"3,3-dimethyl-13-{[1,2,3,4]tetrazolo[1,5-a]quinolin-4-yl}-2H,4H,13H-indazolo[1,2-b]phthalazine-1,6,11-trione",90,Human parainfluenza virus type 2,0
139,1-{2-[(E)-2-(4-chlorophenyl)ethenyl]-4-phenylquinolin-3-yl}ethan-1-one,147,Stenotrophomonas maltophilia,0
801,Holothuroidin 2,47,Clostridium perfringens,0
1158,S-(4-tolyl)-L-cysteine,7,Actinomyces oris,1
1202,Spermine,170,Vibrio cholerae,1
1355,lin-SB056,135,Sphingomonas sp. Ibu-2,0
1218,Sulfamerazine,12,Amycolatopsis orientalis,0
382,5-bromomethylene-2 (5H)-furanone,131,Serratia liquefaciens,1
241,"2-geranyloxy-4,6-dihydroxybenzophenone",117,Proteus mirabilis,0
58,"(2S,3R,4S,5S,6R)-6-(Acetoxymethyl)-3-(2-(4-bromophenyl)acetamido)tetrahydro-2H-pyran-2,4,5-triyl triacetate",121,Pseudomonas aeruginosa,1
1156,S-(2-thiazoyl)-L-cysteine,38,Candida krusei,0
1182,Siamycin I,75,Haemophilus influenzae,0
845,K4-S4,151,Streptococcus mutans,1
727,Farnesol,30,Burkholderia multivorans,1
368,5-(dibromomethylene)-3-(1-acetoxyethyl)-2(5H)-furanone,28,Burkholderia cenocepacia,0
1040,Olmesartran,28,Burkholderia cenocepacia,0
1032,OSIP108,142,Staphylococcus epidermidis,0
309,3beta-Hydroxyolean-12-en-28-al 3-p-coumarate,121,Pseudomonas aeruginosa,1
758,G H12,158,Streptococcus sanguinis,1
1366,para-Benzoquinone,31,Burkholderia pseudomallei,0
673,Didanosine,47,Clostridium perfringens,0
255,"3,4-Dimethoxychalcone",156,Streptococcus pyogenes,0
583,Cinnamaldehyde,28,Burkholderia cenocepacia,1
1334,beta-sitosterol glucoside,93,Influenza B virus,0
559,Ceftazidime,147,Stenotrophomonas maltophilia,1
619,Cycloserine,22,Bacteroides,0
1024,Novobiocin,137,Staphylococcus aureus,1
250,"3,3-dimethyl-13-{[1,2,3,4]tetrazolo[1,5-a]quinolin-4-yl}-2H,4H,13H-indazolo[1,2-b]phthalazine-1,6,11-trione",34,Candida albicans,1
164,16P,137,Staphylococcus aureus,1
161,14-Glycinyl andrographolide hydrochloride,38,Candida krusei,0
123,1-(4-amino-2-hydroxyphenyl)ethan-1-one,41,Candida tropicalis,0
925,Methyl benzethonium chloride,130,Schistosoma,0
73,"(5E)-5-dodecylidene-1,3-thiazolidine-2,4-dione",58,Enteric bacteria and other eubacteria,0
709,Esculentin,121,Pseudomonas aeruginosa,1
837,Isopropanol,159,Streptococcus sanguis,0
733,Flavonoids 3,171,Vibrio harveyi,1
1076,Peppermint oil,84,Human herpesvirus 1,0
353,4-dimethyl-amino-cinnamaldehyde,40,Candida spp.,0
148,11(R)-hydroxy-12(20)-en-knightol acetate,171,Vibrio harveyi,1
315,4-(Aminomethyl)-D-phenylalanine,144,Staphylococcus equorum,0
1306,Wheat bran,22,Bacteroides,0
1003,Naringin,171,Vibrio harveyi,1
405,7-formylindole,121,Pseudomonas aeruginosa,1
731,Ferulic Acid,137,Staphylococcus aureus,1
544,Cefditoren,147,Stenotrophomonas maltophilia,0
224,2-Nitro-cinnamaldehyde,173,Vibrio vulnificus,1
793,Hesperidin,137,Staphylococcus aureus,1
264,3-(2-Naphthyl)-D-alanine,158,Streptococcus sanguinis,0
986,"N1-(7-chloroquinolin-4-yl)octane-1,8-diamine",132,Serratia marcescens,1
1273,Trimethoprim-sulfamethoxazole,59,Enterobacter aerogenes,0
473,Benzathine benzylpenicillin,110,Neisseria gonorrhoeae,1
1143,Rifabutin,67,Escherichia coli,1
1209,Subtilosin,93,Influenza B virus,0
797,Hexyl gallate,142,Staphylococcus epidermidis,1
277,"3-Amino-4-(2,4-difluorophenyl)-2-butanone",118,Proteus vulgaris,0
1023,Norspermidine,136,Staphlococcus aureus,0
484,Betulin,5,Acinetobacter sp.,1
1078,Peptide 1037,122,Pseudomonas chlororaphis,0
338,4-Methylphenylalanine,143,Staphylococcus epidermis,1
662,Di-MB-LF11-215,24,Bacteroides fragilis,0
1072,Penicillin G,100,Listeria monocytogenes,1
805,Hydrogen peroxide,121,Pseudomonas aeruginosa,1
550,Cefoperazone,67,Escherichia coli,1
682,DispersinB-KSL-W wound gel,174,Yersinia enterocolitica,0
687,Doripenem,67,Escherichia coli,1
372,5-(dibromomethylene)-3-ethyl-2(5H)-furanone,129,Salmonella enterica,1
1041,Orange extract,141,Staphylococcus cohnii,0
695,Emodin,151,Streptococcus mutans,1
1188,Silver sulfadiazine,109,Mycobacterium tuberculosis,0
47,(2R)-2-amino-3-phenylmethanesulfinylpropanoic acid,171,Vibrio harveyi,0
455,Azidocillin,126,Pseudomonas putida,0
640,D-tert-Leucine,129,Salmonella enterica,0
1157,S-(2-thienyl)-L-cysteine,145,Staphylococcus haemolyticus,0
245,2C-4,123,Pseudomonas fluorescens,0
871,L-pipecolic acid,12,Amycolatopsis orientalis,0
875,LF11-322,13,Aquifex aeolicus,0
987,"N1-[7-(trifluoromethyl)quinolin-4-yl]dodecane-1,12-diamine",132,Serratia marcescens,1
240,2-geranyloxy-1-(2-methylpropanoyl)phloroglucinol,137,Staphylococcus aureus,1
1241,Telithromycin,58,Enteric bacteria and other eubacteria,1
484,Betulin,121,Pseudomonas aeruginosa,1
1296,Verapamil,97,Kocuria rhizophila,0
1016,Nitrofurantoin,67,Escherichia coli,1
296,3-geranyl-1-(2-methylbutanoyl)phloroglucinol,75,Haemophilus influenzae,0
830,Isatin,75,Haemophilus influenzae,0
5,"(1R,2S,7R,3E,11E)-2,18-diacetoxycembra-3,8(19),11,15(17)-tetraen-7-ol",58,Enteric bacteria and other eubacteria,0
505,C16G2,50,Cronobacter sakazakii,0
467,Bactenecin,91,Human respiratory syncytial virus B,0
1075,Pentanol,41,Candida tropicalis,0
971,N-(4-Morpholinyl)butanamide,24,Bacteroides fragilis,0
1130,RK-25,31,Burkholderia pseudomallei,1
350,4-chloro-7-(trifluoromethyl)quinoline,121,Pseudomonas aeruginosa,1
444,Apramycin,58,Enteric bacteria and other eubacteria,1
843,Ivalin,34,Candida albicans,1
777,Glucose,16,Aspergillus niger,0
1271,"Triethyl[2-({10,15,20,24,26,29,31,33,34-nonakis[3-(triethylphosphaniumyl)propoxy]hexacyclo[21.2.2.2,.2,.2,.2]pentatriaconta-1(25),3(35),4,6(34),8,10,13,15,18,20,23,26,28,30,32-pentadecaen-4-yl}oxy)ethyl]phosphanium decabromide",115,Porphyromonas gingivalis,0
853,Kaurenoic acid,145,Staphylococcus haemolyticus,0
1315,Zinc Nitrate,102,Lysinibacillus sphaericus,0
109,(Z)-5-(chloromethylene) furan-2(5H)-one,142,Staphylococcus epidermidis,1
6,"(1R,2S,7R,3E,8E,11E)-2,18-diacetoxycembra-3,8,11,15(17)-tetraen-7-ol",171,Vibrio harveyi,1
1076,Peppermint oil,152,Streptococcus oralis,0
346,4-bromo-5-(dibromomethylene)-3-(1-acetoxyoethyl)-2(5H)-furanone,129,Salmonella enterica,1
1347,den-SB056-1,121,Pseudomonas aeruginosa,1
1286,Uracil,88,Human immunodeficiency virus,0
457,Azlocillin,2,Acinetobacter baumannii,0
946,Myristoyl-DL-carnitine,121,Pseudomonas aeruginosa,1
1369,para-ethylaniline,121,Pseudomonas aeruginosa,1
1087,Phosphate,67,Escherichia coli,1
461,BMAP-28,34,Candida albicans,1
148,11(R)-hydroxy-12(20)-en-knightol acetate,151,Streptococcus mutans,0
536,Cefacetrile,72,Fusarium solani,0
1126,R-FV-I16,40,Candida spp.,0
1156,S-(2-thiazoyl)-L-cysteine,90,Human parainfluenza virus type 2,0
350,4-chloro-7-(trifluoromethyl)quinoline,131,Serratia liquefaciens,0
472,Benzathine Benzylpenicillin,100,Listeria monocytogenes,1
283,3-Hydroxyphenylalanine,143,Staphylococcus epidermis,1
71,(5-nitrofuran-2-yl)methyl (2E)-3-phenylprop-2-enoate,34,Candida albicans,1
623,D-2-aminoadipic acid,134,Shigella flexneri,0
97,(RW)4-NH2,98,Lactobacillus fermenti,0
929,Methylthiopropylamine,31,Burkholderia pseudomallei,1
902,Luteolin,6,Actinobacillus actinomycetemcomitans,0
1020,Norfloxacin,147,Stenotrophomonas maltophilia,1
1070,Penicillenol C2,23,Bacteroides eggerthii,0
813,Ibuprofen,120,Pseudoalteromonas sp.,0
1351,faropenem medoxomil,92,Influenza A virus,0
1125,Quinupristin/dalfopristin,66,Enterococcus gallinarum,0
1245,Terpinene-4-ol,118,Proteus vulgaris,0
44,(2R)-2-amino-3-(thiophene-2-sulfinyl)propanoic acid,38,Candida krusei,0
1272,"Triethyl[3-({33-[2-(triethylazaniumyl)ethoxy]-10,15,20,25,27,29,31,34-octakis[3-(triethylazaniumyl)propoxy]hexacyclo[21.2.2.2.2.2.2]pentatriaconta-1(25),3,5,8,10,13,15,18,20,23,26,28,30,32,34-pentadecaen-4-yl}oxy)propyl]azanium decabromide",64,Enterococcus faecalis,1
751,Furanone-3,25,Bacteroides uniformis,0
568,Ch Dhvar5 ads,137,Staphylococcus aureus,1
137,1-methanesulfonyl-4-methylbenzene,145,Staphylococcus haemolyticus,0
280,3-Chloro-5-[(2-chloroethoxy)]-4-[(4-methylphenylsulfanyl)]-2(5H)-furanone,21,Bacillus subtilis,1
963,"N-(1,3-Thiazol-2-yl)butanamide",171,Vibrio harveyi,0
100,(Z)-3-bromo-5-(bromomethylene) furan-2(5H)-one,150,Streptococcus mitis,0
136,1-mesityl-3(4-nitrophenyl)urea,25,Bacteroides uniformis,0
22,"(2E)-1-(2 ,5 -dimethoxyphenyl)-3-(2-naphthyl)-2-propen-1-one",87,Human herpesvirus 5,0
904,Lys-a1,153,Streptococcus parasanguinis,1
947,Myrrh oil,17,Bacillus amyloliquefaciens,0
1032,OSIP108,114,Plasmodium falciparum,0
845,K4-S4,45,Clostridium leptum,0
1166,S6L3-33,90,Human parainfluenza virus type 2,0
1364,p-Coumaric acid,121,Pseudomonas aeruginosa,1
1066,Penicillenol A2,34,Candida albicans,1
840,Isosinensetin,17,Bacillus amyloliquefaciens,0
378,5-Chloroindole,121,Pseudomonas aeruginosa,1
730,Ferrous,121,Pseudomonas aeruginosa,1
57,"(2S,3R,4S,5S,6R)-6-(Acetoxymethyl)-3-(2-(4-(trifluoromethyl)phenyl)acetamido)tetrahydro-2H-pyran-2,4,5-triyltriacetate",111,Obesumbacterium proteus,0
951,Myxinidin3,121,Pseudomonas aeruginosa,1
422,Adefovir Dipivoxil,159,Streptococcus sanguis,0
1010,Nevirapine,89,Human immunodeficiency virus 1,1
239,2-bromooctanoic acid,151,Streptococcus mutans,0
26,"(2E)-1-(3 ,5 -dimethoxyphenyl)-3-(2-naphthyl)-2-propen-1-one",137,Staphylococcus aureus,1
782,Grepafloxacin,147,Stenotrophomonas maltophilia,1
277,"3-Amino-4-(2,4-difluorophenyl)-2-butanone",91,Human respiratory syncytial virus B,0
788,Hamamelitannin,142,Staphylococcus epidermidis,1
989,"N1-[7-(trifluoromethyl)quinolin-4-yl]octane-1,8-diamine",132,Serratia marcescens,1
886,Lamivudine,161,Streptomyces gordonii,0
1131,RK-31,31,Burkholderia pseudomallei,1
1019,Norbgugaine 12,121,Pseudomonas aeruginosa,1
1252,Tetrazol-1-yl,121,Pseudomonas aeruginosa,1
27,(2E)-1-(3 -methoxyphenyl)-3-(2-naphthyl)-2-propen-1-one,142,Staphylococcus epidermidis,1
1187,Silver nitrate,29,Burkholderia cepacia,1
360,4-tertiary butyl benzyl decyl beta-maltoside,21,Bacillus subtilis,0
136,1-mesityl-3(4-nitrophenyl)urea,151,Streptococcus mutans,1
1078,Peptide 1037,28,Burkholderia cenocepacia,1
598,Clofazimine,74,Geobacillus kaustophilus,1
338,4-Methylphenylalanine,132,Serratia marcescens,0
42,(2R)-2-amino-3-(2-phenylethanesulfinyl)propanoic acid,95,Klebsiella pneumoniae,0
1334,beta-sitosterol glucoside,67,Escherichia coli,1
1255,Thiophenone TF101,67,Escherichia coli,1
1050,P15-CSP,29,Burkholderia cepacia,0
521,Capreomycin,109,Mycobacterium tuberculosis,1
1269,Tricaine,152,Streptococcus oralis,0
1129,RK-19,84,Human herpesvirus 1,0
1307,YC-1 compound,34,Candida albicans,1
1023,Norspermidine,95,Klebsiella pneumoniae,1
1370,para-toluidine,77,Hafnia paralvei,0
1097,Platyphylloside,121,Pseudomonas aeruginosa,1
1218,Sulfamerazine,74,Geobacillus kaustophilus,0
480,Benzyl decyl beta-maltoside,121,Pseudomonas aeruginosa,1
269,3-(3-Pyridinyl)alanine,137,Staphylococcus aureus,1
980,N-Nonanoyl-cyclopentylamide,92,Influenza A virus,0
716,Ethyl acetate,137,Staphylococcus aureus,1
906,M8-33,158,Streptococcus sanguinis,1
624,D-Alanine,143,Staphylococcus epidermis,1
633,D-Methionine,116,Propionibacterium acnes,0
131,"1-[2-(2,4-dichlorophenyl)-5-(3,4,5-trimethoxyphenyl)-1,3,4-oxadiazol-3(2H)-yl]ethanone",121,Pseudomonas aeruginosa,1
2,"(10R,11R)-Hydnocarpin D",137,Staphylococcus aureus,1
197,"2-(4,5-dibromo-1-methyl-1H-pyrrol-2-yl)-5-(pyridin-4-yl)-1,3,4-oxadiazole",57,Eikenella corrodens,0
400,7-bromoindole,35,Candida dubliniensis,0
44,(2R)-2-amino-3-(thiophene-2-sulfinyl)propanoic acid,159,Streptococcus sanguis,1
682,DispersinB-KSL-W wound gel,137,Staphylococcus aureus,1
790,Heptadecanoic acid,69,Eubacterium ramulus,0
851,Kaempherol,73,Gardnerella vaginalis,0
1209,Subtilosin,100,Listeria monocytogenes,1
495,Bromophenyl AHL,108,Mycobacterium smegmatis,0
1276,Trimethyl(3-{4-[3-(trimethylphosphaniumyl)propoxy]phenoxy}propyl)phosphanium dibromide,64,Enterococcus faecalis,1
360,4-tertiary butyl benzyl decyl beta-maltoside,119,Providencia stuartii,0
117,"1,3-dimethyl-6-(4-methylphenyl)-5-[3-(4-methylphenyl)-1-phenyl-1H-pyrazol-4-yl]-1H,2H,3H,4H,5H,6H-pyrimido[4,5-d][1,3]diazine-2,4-dione",83,Hepatitis C virus,0
832,Isoconazole,34,Candida albicans,1
1078,Peptide 1037,137,Staphylococcus aureus,0
1238,Teichoplanin,137,Staphylococcus aureus,1
144,"1-{6-nitro-4-phenyl-2-[(E)-2-(3,4,5-trimethoxyphenyl)ethenyl]quinolin-3-yl}ethan-1-one",24,Bacteroides fragilis,0
973,N-(4-hydroxy-2-methylphenyl)-3-oxododecanamide,162,Streptomyces rubiginosus,0
858,L-4-Carbamoylphenylalanine,143,Staphylococcus epidermis,1
37,"(2E)-N -(2 -hydroxy-5 -bromo-benzilidene)-3,4,5-trimethoxybenzohydrazide",151,Streptococcus mutans,1
1083,Phenyl-arginine-b-naphthylamide,138,Staphylococcus capitis,0
206,"2-(4-Methoxyphenyl)-N-((2R,3R,4S,5S,6R)-2,4,5-trihydroxy-6-(hydroxymethyl)tetrahydro-2H-pyran-3-yl)acetamide",102,Lysinibacillus sphaericus,0
148,11(R)-hydroxy-12(20)-en-knightol acetate,43,Citrobacter freundii,0
461,BMAP-28,103,Marinobacter hydrocarbonoclasticus,0
208,"2-(5-(4,5-dibromo-1-methyl-1H-pyrrol-2-yl)-1,3,4-oxadiazole-2-yl)phenol",121,Pseudomonas aeruginosa,1
425,Alexidine dihydrochloride,34,Candida albicans,1
609,Competence Stimulating Peptide,161,Streptomyces gordonii,1
808,IDR-1018,115,Porphyromonas gingivalis,0
172,"2,4,5-Trifluorophenylalanine",143,Staphylococcus epidermis,1
664,DiHydroxyBenzoFuran,137,Staphylococcus aureus,1
1162,S-methyl- L-cysteine,52,Dengue Virus Type 2,0
964,"N-(1,3-benzothiazol-2-yl)butanamide",39,Candida parapsilosis,0
708,Erythromycin,64,Enterococcus faecalis,0
1104,Praziquantel,130,Schistosoma,1
53,(2S)-2-amino-3-(4-tert-butylphenyl)propanoic acid,147,Stenotrophomonas maltophilia,0
1003,Naringin,174,Yersinia enterocolitica,1
1292,Vancomycin,120,Pseudoalteromonas sp.,0
1,"(10R,11R)-Hydnocarpin",16,Aspergillus niger,0
1277,"Trimethyl[2-({10,15,20,24,26,29,31,33,34-nonakis[3-(trimethylphosphaniumyl)propoxy]hexacyclo[21.2.2.2,.2,.2,.2]pentatriaconta-1(25),3(35),4,6(34),8,10,13,15,18,20,23,26,28,30,32-pentadecaen-4-yl}oxy)ethyl]phosphanium decabromide",64,Enterococcus faecalis,1
155,"13-(2-chloro-8a-methyl-4a,8a-dihydroquinolin-3-yl)-3,3-dimethyl-1H,2H,3H,4H,6H,11H,13H-indazolo[1,2-b]phthalazine-1,6,11-trione",92,Influenza A virus,0
1210,Sucrose,89,Human immunodeficiency virus 1,0
1285,Undecyl beta-maltoside,121,Pseudomonas aeruginosa,1
1274,Trimethoxyflavone,171,Vibrio harveyi,1
616,Cyanidin,121,Pseudomonas aeruginosa,1
571,Chitosan,165,Trichophyton mentagrophytes,0
295,3-fluoroaniline,13,Aquifex aeolicus,0
933,Micafungin,121,Pseudomonas aeruginosa,1
815,Imazalil,97,Kocuria rhizophila,0
167,2(5H)-furanone,138,Staphylococcus capitis,0
869,L-fucose cluster,121,Pseudomonas aeruginosa,1
266,3-(2-Pyridinyl)alanine,37,Candida guiliermondi,0
1167,SMAP-29,22,Bacteroides,0
1055,Pa-MAP,67,Escherichia coli,1
368,5-(dibromomethylene)-3-(1-acetoxyethyl)-2(5H)-furanone,74,Geobacillus kaustophilus,0
1166,S6L3-33,151,Streptococcus mutans,1
646,Daclatasvir,82,Hepatitis C Virus,1
379,5-Fluorocytosine,64,Enterococcus faecalis,0
759,G10KHc,88,Human immunodeficiency virus,0
881,LL-31,58,Enteric bacteria and other eubacteria,0
442,Anthranilate,77,Hafnia paralvei,0
773,Genistein,25,Bacteroides uniformis,1
323,4-Chloro-2-fluoro-DL-phenylalanine,137,Staphylococcus aureus,1
554,Cefotiam,1,Achromobacter xylosoxidans,0
573,Chlorhexidine,151,Streptococcus mutans,1
356,4-methanesulfonylaniline,121,Pseudomonas aeruginosa,1
238,2-bromohexanoic acid,121,Pseudomonas aeruginosa,1
1167,SMAP-29,123,Pseudomonas fluorescens,0
118,"1,3-dimethyl-6-(4-methylphenyl)-5-[3-(4-nitrophenyl)-1-phenyl-1H-pyrazol-4-yl]-1H,2H,3H,4H,5H,6H-pyrimido[4,5-d][1,3]diazine-2,4-dione",137,Staphylococcus aureus,1
852,Kanamycin,68,Escherichia coli O6:H1 (strain CFT073 / ATCC 700928 / UPEC),0
107,(Z)-4-bromo-5-(bromomethylene)-3-methylfuran-2(5H)-one,91,Human respiratory syncytial virus B,0
926,Methyl eugenol,67,Escherichia coli,1
286,3-Methoxy-D-Phenylalanine,59,Enterobacter aerogenes,0
95,(RW)2-NH2,59,Enterobacter aerogenes,0
274,3-(Aminomethyl)-D-phenylalanine,143,Staphylococcus epidermis,1
1307,YC-1 compound,35,Candida dubliniensis,0
214,"2-Benzyl-5-(4,5-dibromo-1-methyl-1H-pyrrol-2-yl)-1,3,4-oxadiazole",137,Staphylococcus aureus,1
1261,Timolol,40,Candida spp.,0
994,NA8,7,Actinomyces oris,0
220,2-Hydroxychalcone,75,Haemophilus influenzae,1
567,Cerulenin,67,Escherichia coli,1
1207,Streptomycin,65,Enterococcus faecium,0
196,"2-(4,5-dibromo-1-methyl-1H-pyrrol-2-yl)-5-(phenylthio)-1,3,4-oxadiazole",121,Pseudomonas aeruginosa,1
1296,Verapamil,31,Burkholderia pseudomallei,0
398,6-hydroxyflavone,67,Escherichia coli,1
120,"1-(2-Chloroacetyl)-5-methylindoline-2,3-dione",129,Salmonella enterica,0
765,Gallium Nitrate,78,Halomonas pacifica,0
1258,Ticarcillin,155,Streptococcus pneumoniae serotype 4,0
653,Darunavir,88,Human immunodeficiency virus,1
307,"3-{2-[(1S,2R,4aR,8aR)-1,2,4a,5-tetramethyl-1,2,3,4,4a,7,8,8a-octahydronaphthalen-1-yl]ethyl}-N-(2-fluorophenyl)-5-methylidene-2,5-dihydrofuran-2-amine",84,Human herpesvirus 1,0
612,Coumarin,124,Pseudomonas japonica,0
248,"3,3-dimethyl-13-{8-methyl-[1,2,3,4]tetrazolo[1,5-a]quinolin-4-yl}-1H,2H,3H,4H,6H,11H,13H-indazolo[1,2-b]phthalazine-1,6,11-trione",157,Streptococcus salivarius,0
856,L- K6L9,28,Burkholderia cenocepacia,0
487,Bifonazole,158,Streptococcus sanguinis,0
201,"2-(4-(Trifluoromethyl)phenyl)-N-((2R,3R,4S,5S,6R)-2,4,5-trihydroxy-6-(hydroxymethyl)tetrahydro-2H-pyran-3-yl)acetamide",121,Pseudomonas aeruginosa,1
454,Avibactam,67,Escherichia coli,1
599,Clomocycline,67,Escherichia coli,1
253,"3,4-Dichloro-cinnamaldehyde",171,Vibrio harveyi,1
900,Lorazepam,34,Candida albicans,1
1155,S-(2-Aminoethyl)-L-cysteine hydrochloride,151,Streptococcus mutans,1
1156,S-(2-thiazoyl)-L-cysteine,148,Streptococcus epidermidis,0
14,(2-methyl-5-nitro-1H-imidazol-1-yl)methyl (2E)-3-phenylprop-2-enoate,34,Candida albicans,1
1326,alpha-mangostin,27,Baker's yeast,0
756,Fusidic Acid,137,Staphylococcus aureus,0
602,Cloxacillin,148,Streptococcus epidermidis,0
294,3-chloro-5-hydroxy-4-[(4-methylphenylsulfonyl)]-2(5H)-furanone,21,Bacillus subtilis,1
142,"1-{2-[(E)-2-[3,5-bis(trifluoromethyl)phenyl]ethenyl]-4-phenylquinolin-3-yl}ethan-1-one",137,Staphylococcus aureus,1
947,Myrrh oil,137,Staphylococcus aureus,1
1261,Timolol,106,Mycobacterium avium,0
893,Limonene,156,Streptococcus pyogenes,1
938,Monensin sodium salt,34,Candida albicans,1
667,Dibenzyl sulphide,20,Bacillus licheniformis,0
505,C16G2,151,Streptococcus mutans,1
1168,SP1,121,Pseudomonas aeruginosa,1
326,4-Ethylcatechol,67,Escherichia coli,1
749,Furanone F202,67,Escherichia coli,1
346,4-bromo-5-(dibromomethylene)-3-(1-acetoxyoethyl)-2(5H)-furanone,6,Actinobacillus actinomycetemcomitans,0
250,"3,3-dimethyl-13-{[1,2,3,4]tetrazolo[1,5-a]quinolin-4-yl}-2H,4H,13H-indazolo[1,2-b]phthalazine-1,6,11-trione",138,Staphylococcus capitis,0
589,Ciprofloxacin lactate,67,Escherichia coli,1
665,Diazepam,34,Candida albicans,1
1216,Sulfadoxine,114,Plasmodium falciparum,1
113,"1,1,6,6,7,7-hexahydroxy-5,5-diisopropyl-3,3-dimethyl-2,2-binaphthalene-8,8-dicarbaldehyde",2,Acinetobacter baumannii,1
515,Cadmium Ion,121,Pseudomonas aeruginosa,1
272,3-(4-fluorophenyl)-5-(3-(allyloxy)-4-hydroxybenzylidene)-2-thioxothiazolidin-4-one,137,Staphylococcus aureus,1
317,4-Acetamido-D-phenylalanine,137,Staphylococcus aureus,1
342,4-bromo-5-(bromomethylene)-3-(1-(2-(2-(2-azidoethoxy)ethoxy)ethoxy)butyl)-2(5H)-furanone,141,Staphylococcus cohnii,0
1364,p-Coumaric acid,52,Dengue Virus Type 2,0
1233,Tangerine oil,171,Vibrio harveyi,0
578,Chrysin,67,Escherichia coli,1
828,Ionic silver,137,Staphylococcus aureus,1
1051,P60.4Ac,111,Obesumbacterium proteus,0
1105,Pro-Gly,51,Cryptococcus neoformans,0
1253,Thiazolidinedione-8,34,Candida albicans,1
1250,Tetracycline,66,Enterococcus gallinarum,0
620,Cynarin,60,Enterobacter cancerogenus,0
888,Latamoxef,67,Escherichia coli,1
969,N-(4-Bromobenzylidene)benzohydrazide,151,Streptococcus mutans,1
736,Floxacillin,84,Human herpesvirus 1,0
1205,Stearic acid,170,Vibrio cholerae,1
1123,Quinolin-8-ol,155,Streptococcus pneumoniae serotype 4,0
704,Epigallocatechin,40,Candida spp.,0
273,3-(4-fluorophenyl)-5-(3-ethoxy- 4-hydroxybenzylidene)-2-thioxothiazolidin-4-one,121,Pseudomonas aeruginosa,1
170,"2,3-Dehydrosilybin",137,Staphylococcus aureus,1
1068,Penicillenol B2,137,Staphylococcus aureus,1
1152,Rufloxacin,116,Propionibacterium acnes,0
146,1010cys,116,Propionibacterium acnes,0
1116,Pyrogallol,60,Enterobacter cancerogenus,0
957,"N 3-(2-thienylcarbonyl)-4-bromo-1,5-dimethyl-1H-pyrazole-3-carbohydrazide",20,Bacillus licheniformis,0
229,2-amino-3-(prop-2-ene-1-sulfinyl)propanoic acid,133,Shewanella oneidensis,0
81,"(5Z)-2-(1,1-dichloro-3,3-dimethylbutyl)-5-{[4-(trifluoromethyl)phenyl]methylidene}-1,3-oxazolidin-4-one",137,Staphylococcus aureus,1
68,(2Z)-N-hexyl-2-hydroxy-3-[4-(trifluoromethyl)phenyl]prop-2-enamide,143,Staphylococcus epidermis,0
138,1-methyl-4-({[(4-methylphenyl)methyl]disulfanyl}methyl)benzene,7,Actinomyces oris,1
87,(5Z)-4-Bromo-5-(bromomethylene)-3-butyl-2(5H)-furanone,67,Escherichia coli,1
986,"N1-(7-chloroquinolin-4-yl)octane-1,8-diamine",168,Vibrio anguillarum,0
141,1-{2-[(E)-2-(4-methoxyphenyl)ethenyl]-4-phenylquinolin-3-yl}ethan-1-one,58,Enteric bacteria and other eubacteria,0
656,Delavirdine,3,Acinetobacter nosocomialis,0
971,N-(4-Morpholinyl)butanamide,147,Stenotrophomonas maltophilia,0
13,"(2-(4-chlorophenyl)- 4-{[(6-methyl-2-pyridinyl)amino]methylene}-1,3-oxazol- 5(4H)-one)",111,Obesumbacterium proteus,0
14,(2-methyl-5-nitro-1H-imidazol-1-yl)methyl (2E)-3-phenylprop-2-enoate,88,Human immunodeficiency virus,0
351,4-chloroaniline,7,Actinomyces oris,0
985,"N1-(7-chloroquinolin-4-yl)ethane-1,2-diamine",82,Hepatitis C Virus,0
488,Biphenyl,24,Bacteroides fragilis,0
1168,SP1,132,Serratia marcescens,0
829,Irinotecan,67,Escherichia coli,1
541,Cefamandole,101,Listeria monocytogenes serotype 4a,0
1219,Sulfamethazine,67,Escherichia coli,1
795,Hexachlorophene,169,Vibrio campbellii,0
403,7-fluoroindole,121,Pseudomonas aeruginosa,1
1322,alpha-Humulene,172,Vibrio parahaemolyticus,0
257,"3,5-Diiodotyrosine",140,Staphylococcus chromogenes,0
1177,Seg6D,87,Human herpesvirus 5,0
1306,Wheat bran,30,Burkholderia multivorans,0
1004,Nelfinavir,66,Enterococcus gallinarum,0
58,"(2S,3R,4S,5S,6R)-6-(Acetoxymethyl)-3-(2-(4-bromophenyl)acetamido)tetrahydro-2H-pyran-2,4,5-triyl triacetate",144,Staphylococcus equorum,0
1116,Pyrogallol,37,Candida guiliermondi,0
330,4-Fluoro-D-phenylalanine,143,Staphylococcus epidermis,1
612,Coumarin,121,Pseudomonas aeruginosa,1
1127,R-Thanatin,19,Bacillus cereus,0
77,"(5S)-1,7-bis(4-hydroxyphenyl)-5-O-_-D- apiofuranosyl(1 _ 6)-_-D-glucopyranosyloxyheptan-3-one",121,Pseudomonas aeruginosa,1
1061,Patulin,103,Marinobacter hydrocarbonoclasticus,1
726,FV7,139,Staphylococcus caprae,0
1167,SMAP-29,160,Streptococcus sobrinus,0
755,Furvina,151,Streptococcus mutans,0
1322,alpha-Humulene,171,Vibrio harveyi,0
16,"(2E)-1-(1 ,3 -benzodioxol-5-yl)-3-(2-naphthyl)-2-propen-1-one",119,Providencia stuartii,0
121,"1-(2-Chloroacetyl)indoline-2,3-dione",121,Pseudomonas aeruginosa,1
22,"(2E)-1-(2 ,5 -dimethoxyphenyl)-3-(2-naphthyl)-2-propen-1-one",137,Staphylococcus aureus,1
430,Amikacin,103,Marinobacter hydrocarbonoclasticus,0
1237,Tea tree oil,47,Clostridium perfringens,0
564,Cefuroxime,47,Clostridium perfringens,1
1101,Polysorbate 80,147,Stenotrophomonas maltophilia,1
113,"1,1,6,6,7,7-hexahydroxy-5,5-diisopropyl-3,3-dimethyl-2,2-binaphthalene-8,8-dicarbaldehyde",27,Baker's yeast,0
94,(R)-2-amino-3-cyclopentylpropanoic acid,49,Corynebacterium ammoniagenes,0
1278,"Trimethyl[3-({33-[2-(trimethylazaniumyl)ethoxy]-10,15,20,25,27,29,31,34-octakis[3-(trimethylazaniumyl)propoxy]hexacyclo[21.2.2.2,.2,.2,.2]pentatriaconta-1(25),3,5,8,10,13,15,18,20,23,26,28,30,32,34-pentadecaen-4-yl}oxy)propyl]azanium decabromide",64,Enterococcus faecalis,1
571,Chitosan,15,Aspergillus fumigatus,1
1361,nimesulide,165,Trichophyton mentagrophytes,1
379,5-Fluorocytosine,34,Candida albicans,1
532,Catechin gallate,129,Salmonella enterica,0
1122,Quinizarin,8,Actinoplanes missouriensis,0
502,Butyl gallate,64,Enterococcus faecalis,1
135,"1-[2-(naphthalen-1-yl)-5-(3,4,5-trimethoxyphenyl)-1,3,4-oxadiazol-3(2H)-yl]ethanone",137,Staphylococcus aureus,1
592,Clarithromycin,134,Shigella flexneri,1
45,(2R)-2-amino-3-[(4-chlorophenyl)methanesulfinyl]propanoic acid,81,Hepatitis B virus F,0
205,"2-(4-Fluorophenyl)-N-((2R,3R,4S,5S,6R)-2,4,5-trihydroxy-6-(hydroxymethyl)tetrahydro-2H-pyran-3-yl)acetamide",82,Hepatitis C Virus,0
378,5-Chloroindole,49,Corynebacterium ammoniagenes,0
1292,Vancomycin,140,Staphylococcus chromogenes,1
484,Betulin,111,Obesumbacterium proteus,1
1116,Pyrogallol,168,Vibrio anguillarum,1
1354,knightine,171,Vibrio harveyi,1
1195,Sm6(L1)2C,158,Streptococcus sanguinis,0
220,2-Hydroxychalcone,151,Streptococcus mutans,0
1096,Pivmecillinam,47,Clostridium perfringens,1
249,"3,3-dimethyl-13-{9-methyl-[1,2,3,4]tetrazolo[1,5-a]quinolin-4-yl}-1H,2H,3H,4H,6H,11H,13H-indazolo[1,2-b]phthalazine-1,6,11-trione",13,Aquifex aeolicus,0
1253,Thiazolidinedione-8,93,Influenza B virus,0
116,"1,3-dim-tolyurea",47,Clostridium perfringens,0
534,Cecropin (1-7)-melittin A (2-9) amide,32,Burkholderia thailandensis,0
631,D-LL-37,91,Human respiratory syncytial virus B,0
366,5- hydroxyethyl-3-tetradecanoyltetramic acid,137,Staphylococcus aureus,1
752,Furanone-5,119,Providencia stuartii,0
1031,OHC8HL,31,Burkholderia pseudomallei,1
236,"2-bromo-4-methyl-6-(3,4,5-tribromo-1H-pyrrole-2-carbonyl)phenol",170,Vibrio cholerae,0
1034,Octameric peptide,67,Escherichia coli,1
189,2-(2-(2-Chloroacetamido)phenyl )-2-oxo-N-( prop-2-yn-1-yl )acetamide,121,Pseudomonas aeruginosa,1
435,Amoxicillin,21,Bacillus subtilis,1
596,Clindamycin,134,Shigella flexneri,1
635,D-Proline,138,Staphylococcus capitis,0
435,Amoxicillin,8,Actinoplanes missouriensis,0
486,Bevirimat,89,Human immunodeficiency virus 1,1
1033,Octadecyl gallate,64,Enterococcus faecalis,1
1102,Posaconazole,34,Candida albicans,1
460,BMAP-27,38,Candida krusei,0
516,Caffeic Acid,169,Vibrio campbellii,0
221,2-Methoxy-4-propylphenol,96,Klebsiella variicola,0
725,FS8,137,Staphylococcus aureus,1
1335,cat-AGE-RK1,93,Influenza B virus,0
1014,Nitazoxanide,53,Desulfovibrio africanus,1
1360,n-Methyl-D-valine,85,Human herpesvirus 3,0
1221,Sulfamethoxazole,144,Staphylococcus equorum,0
636,D-Tryptophan,13,Aquifex aeolicus,0
763,GW-9662,147,Stenotrophomonas maltophilia,0
1277,"Trimethyl[2-({10,15,20,24,26,29,31,33,34-nonakis[3-(trimethylphosphaniumyl)propoxy]hexacyclo[21.2.2.2,.2,.2,.2]pentatriaconta-1(25),3(35),4,6(34),8,10,13,15,18,20,23,26,28,30,32-pentadecaen-4-yl}oxy)ethyl]phosphanium decabromide",56,Eggerthella lenta,0
575,Chloroxine,34,Candida albicans,1
1233,Tangerine oil,94,Klebsiella planticola,0
603,Clozapine,34,Candida albicans,1
1233,Tangerine oil,36,Candida glabrata,0
357,4-methoxy-cinnamaldehyde,30,Burkholderia multivorans,0
429,Amantadine,92,Influenza A virus,1
61,"(2S,3R,4S,5S,6R)-6-(Acetoxymethyl)-3-(2-(4-methoxyphenyl)acetamido)tetrahydro-2H-pyran-2,4,5-triyl triacetate",121,Pseudomonas aeruginosa,1
1038,Oleic Acid,121,Pseudomonas aeruginosa,1
866,L-Tyrosine,122,Pseudomonas chlororaphis,0
731,Ferulic Acid,121,Pseudomonas aeruginosa,1
1203,Ssp (A4K-A11K),167,Varicella-zoster virus,0
893,Limonene,143,Staphylococcus epidermis,0
619,Cycloserine,67,Escherichia coli,1
269,3-(3-Pyridinyl)alanine,143,Staphylococcus epidermis,1
1258,Ticarcillin,114,Plasmodium falciparum,0
1076,Peppermint oil,37,Candida guiliermondi,0
756,Fusidic Acid,163,Streptomyces sp.,1
662,Di-MB-LF11-215,121,Pseudomonas aeruginosa,1
727,Farnesol,41,Candida tropicalis,1
142,"1-{2-[(E)-2-[3,5-bis(trifluoromethyl)phenyl]ethenyl]-4-phenylquinolin-3-yl}ethan-1-one",104,Micrococcus luteus,1
134,"1-[2-(3-bromo-4-hydroxy-5-methoxyphenyl)-5-(3,4,5-trimethoxyphenyl)-1,3,4-oxadiazol-3(2H)-yl]ethanone",137,Staphylococcus aureus,1
1218,Sulfamerazine,67,Escherichia coli,1
376,5-Bromoindole,121,Pseudomonas aeruginosa,1
1041,Orange extract,174,Yersinia enterocolitica,1
888,Latamoxef,21,Bacillus subtilis,1
298,3-hexyl-4-bromo-5-methylene-2(5H)-furanone,151,Streptococcus mutans,0
1022,Norpinguisone,121,Pseudomonas aeruginosa,1
268,3-(2-Thienyl)alanine,143,Staphylococcus epidermis,1
32,(2E)-1-[4-(3-nitropyridin-2-yl)piperazin-1-yl]-3-phenylprop-2-en-1-one,6,Actinobacillus actinomycetemcomitans,0
817,Imperatorin,37,Candida guiliermondi,0
653,Darunavir,17,Bacillus amyloliquefaciens,0
544,Cefditoren,54,Dihydropteroate synthase type-1,0
255,"3,4-Dimethoxychalcone",75,Haemophilus influenzae,1
671,Dicloxacillin,100,Listeria monocytogenes,1
952,N -(3-nitro-4-hydroxy-benzylidene)benzohydrazide,137,Staphylococcus aureus,1
257,"3,5-Diiodotyrosine",74,Geobacillus kaustophilus,0
690,Econazole nitrate,171,Vibrio harveyi,0
530,Caspofungin,16,Aspergillus niger,0
754,Furanone-8,52,Dengue Virus Type 2,0
157,13-methyltetradecanoic acid,128,Salmonella Typhi,0
1182,Siamycin I,64,Enterococcus faecalis,1
622,D-2-Methylphenylalanine,143,Staphylococcus epidermis,1
640,D-tert-Leucine,143,Staphylococcus epidermis,1
38,"(2E)-N-(6-nitro-1,3-benzothiazol-2-yl)-3-phenylprop-2-enamide",34,Candida albicans,1
748,Furanone C-30,140,Staphylococcus chromogenes,0
1182,Siamycin I,77,Hafnia paralvei,0
52,"(2S)-2-amino-3-(1,3-thiazol-4-yl)propanoic acid",144,Staphylococcus equorum,0
1355,lin-SB056,142,Staphylococcus epidermidis,1
940,Mucobromic acid,47,Clostridium perfringens,0
1159,S-OSIP108,109,Mycobacterium tuberculosis,0
792,Hesperetin,137,Staphylococcus aureus,1
1084,Phenytoin,106,Mycobacterium avium,0
1109,Protamine sulphate,137,Staphylococcus aureus,1
615,Curcumin,172,Vibrio parahaemolyticus,1
401,7-chloroindole,66,Enterococcus gallinarum,0
231,2-amino-4-chlorobenzoic acid,28,Burkholderia cenocepacia,1
1151,Rosoxacin,152,Streptococcus oralis,0
353,4-dimethyl-amino-cinnamaldehyde,173,Vibrio vulnificus,1
1177,Seg6D,54,Dihydropteroate synthase type-1,0
588,Ciprofloxacin,105,Morganella morganii,1
761,GL13K,121,Pseudomonas aeruginosa,1
165,16P-AC,44,Clostridium bacilli,0
793,Hesperidin,174,Yersinia enterocolitica,1
699,Enoxacin,37,Candida guiliermondi,0
824,Indole-3-acetic acid,93,Influenza B virus,0
267,3-(2-Thienyl)-D-alanine,143,Staphylococcus epidermis,1
1098,Pleurocidin,151,Streptococcus mutans,1
1374,trans-2-Nonenal,171,Vibrio harveyi,1
870,L-ornithine hydrochloride,143,Staphylococcus epidermis,1
276,3-(pyridin-3-yl)-5-(3-ethoxy-4-hydroxybenzylidene)-2-thioxothiazolidin-4-one,65,Enterococcus faecium,1
120,"1-(2-Chloroacetyl)-5-methylindoline-2,3-dione",67,Escherichia coli,1
41,"(2R)-2-amino-3-(2,3-dihydro-1H-inden-2-yl)propanoic acid",157,Streptococcus salivarius,0
885,Lactoferricin B,15,Aspergillus fumigatus,1
682,DispersinB-KSL-W wound gel,95,Klebsiella pneumoniae,1
775,Ginger oil,137,Staphylococcus aureus,1
603,Clozapine,47,Clostridium perfringens,0
933,Micafungin,172,Vibrio parahaemolyticus,0
540,Cefalotin,163,Streptomyces sp.,1
801,Holothuroidin 2,142,Staphylococcus epidermidis,1
416,Abacavir,166,Trueperella pyogenes,0
1007,Neomycin,137,Staphylococcus aureus,0
955,N -(pyridin-3-yl-methylene)benzohydrazide,174,Yersinia enterocolitica,0
777,Glucose,168,Vibrio anguillarum,0
615,Curcumin,155,Streptococcus pneumoniae serotype 4,0
124,1-(4-chlorophenyl)-3-m-tolyurea,142,Staphylococcus epidermidis,0
953,N -(4-trifluoromethyl-benzylidene)benzohydrazide,121,Pseudomonas aeruginosa,1
350,4-chloro-7-(trifluoromethyl)quinoline,16,Aspergillus niger,0
19,"(2E)-1-(2 ,4 ,5 -trimethoxyphenyl)-3-(2-chloro-6-methoxy-quinolin-3-yl)-2-propen-1-one",142,Staphylococcus epidermidis,1
1193,Sinefungin,121,Pseudomonas aeruginosa,0
1066,Penicillenol A2,117,Proteus mirabilis,0
129,1-(pyrazin-2-yl)ethan-1-one,52,Dengue Virus Type 2,0
1178,Seg6L,138,Staphylococcus capitis,0
705,Epigallocatechin Gallate,28,Burkholderia cenocepacia,1
347,4-bromo-5-(dibromomethylene)-3-(1-bromoethyl)-2(5H)-furanone,110,Neisseria gonorrhoeae,0
753,Furanone-6,129,Salmonella enterica,1
988,"N1-[7-(trifluoromethyl)quinolin-4-yl]ethane-1,2-diamine",9,Aeromonas hydrophila,0
520,Camphene,58,Enteric bacteria and other eubacteria,0
312,"4-(2-(5-(4,5-dibromo-1-methyl-1H-pyrrol-2-yl)-1,3,4-oxadiazol-2-yl)vinyl)-2-methoxyphenol",148,Streptococcus epidermidis,1
998,Na-Propionate,118,Proteus vulgaris,0
683,Diterpene phytol,163,Streptomyces sp.,0
177,"2,5-bis(4,5-dibromo-1-methyl-1H-pyrrol-2-yl)-1,3,4-oxadiazole",125,Pseudomonas libaniensis,0
1010,Nevirapine,0,Achromobacter sp.,0
961,"N-((2R,3R,4S,5S,6R)-2,4,5-Trihydroxy-6-(hydroxymethyl)tetrahydro-2H-pyran-3-yl)hexanamide",29,Burkholderia cepacia,0
751,Furanone-3,129,Salmonella enterica,1
1077,Peptide 1,98,Lactobacillus fermenti,0
668,Dichloromethane,95,Klebsiella pneumoniae,0
1061,Patulin,78,Halomonas pacifica,1
26,"(2E)-1-(3 ,5 -dimethoxyphenyl)-3-(2-naphthyl)-2-propen-1-one",145,Staphylococcus haemolyticus,0
750,Furanone-2,129,Salmonella enterica,1
468,Baicalein,121,Pseudomonas aeruginosa,1
235,2-amino-imidazole/ triazole conjugate,1,Achromobacter xylosoxidans,0
819,Indirubin,91,Human respiratory syncytial virus B,0
1311,Zeaxanthin,121,Pseudomonas aeruginosa,1
676,"Dihydroxybenzoic Acid (3,4-DHBA)",35,Candida dubliniensis,0
646,Daclatasvir,174,Yersinia enterocolitica,0
1140,Rhein,121,Pseudomonas aeruginosa,1
1043,Oseltamivir,9,Aeromonas hydrophila,0
810,IG-19,31,Burkholderia pseudomallei,1
35,(2E)-3-(4-Hydroxy-3-methoxyphenyl)-1-phenyl-2-propen-1-one,38,Candida krusei,0
498,Butein,154,Streptococcus pneumoniae,0
103,(Z)-4-bromo-5-(bromomethylene)-3-(1-bromohexyl)-2(5H)-furanone,129,Salmonella enterica,1
790,Heptadecanoic acid,71,Francisella novicida,0
1071,Penicillic acid,21,Bacillus subtilis,1
286,3-Methoxy-D-Phenylalanine,143,Staphylococcus epidermis,1
666,Dibenzyl disulphide,151,Streptococcus mutans,1
1306,Wheat bran,137,Staphylococcus aureus,1
789,Hepcidin 20,142,Staphylococcus epidermidis,1
1068,Penicillenol B2,73,Gardnerella vaginalis,0
785,HE10,100,Listeria monocytogenes,0
293,3-chloro-5-hydroxy-4-[(4-methylphenylsulfanyl)]-2(5H)-furanone,21,Bacillus subtilis,1
1339,cis-Stillbene,154,Streptococcus pneumoniae,0
277,"3-Amino-4-(2,4-difluorophenyl)-2-butanone",143,Staphylococcus epidermis,1
1294,Vanillin,52,Dengue Virus Type 2,0
630,D-Histidine,81,Hepatitis B virus F,0
579,Chrysophanol,121,Pseudomonas aeruginosa,1
964,"N-(1,3-benzothiazol-2-yl)butanamide",135,Sphingomonas sp. Ibu-2,0
10,(1Z)-(2-phenylethylidene)-lambda4-sulfanyliumolate,159,Streptococcus sanguis,1
30,(2E)-1-[4 -(1H-imidazol-1-yl)phenyl]-3-(2-naphthyl)-2-propen-1-one,19,Bacillus cereus,0
135,"1-[2-(naphthalen-1-yl)-5-(3,4,5-trimethoxyphenyl)-1,3,4-oxadiazol-3(2H)-yl]ethanone",154,Streptococcus pneumoniae,0
1297,Vidarabine,89,Human immunodeficiency virus 1,0
635,D-Proline,143,Staphylococcus epidermis,1
651,Dapsone,1,Achromobacter xylosoxidans,0
74,"(5E)-5-hexylidene-1,3-thiazolidine-2,4-dione",34,Candida albicans,1
106,(Z)-4-bromo-5-(bromomethylene)-3-hexyl-2(5H)-furanone,129,Salmonella enterica,1
136,1-mesityl-3(4-nitrophenyl)urea,149,Streptococcus gordonii,0
651,Dapsone,151,Streptococcus mutans,0
150,12-methyltetradecanoic acid,146,Staphylococcus saprophyticus,0
878,LL-13,145,Staphylococcus haemolyticus,0
794,Hetacillin,88,Human immunodeficiency virus,0
1068,Penicillenol B2,163,Streptomyces sp.,0
1158,S-(4-tolyl)-L-cysteine,12,Amycolatopsis orientalis,0
853,Kaurenoic acid,31,Burkholderia pseudomallei,0
1341,cov-GL13K,114,Plasmodium falciparum,0
319,4-Benzoylphenylalanine,36,Candida glabrata,0
1321,alpha-Defensin-3,51,Cryptococcus neoformans,1
431,Amikacin disulfate salt,67,Escherichia coli,1
897,Listerine,22,Bacteroides,0
529,Carvacrol,115,Porphyromonas gingivalis,0
1013,Nisin,100,Listeria monocytogenes,1
162,14-alpha-lipoyl andrographolide,26,Bacteroides vulgatus,0
760,G2,149,Streptococcus gordonii,1
893,Limonene,150,Streptococcus mitis,1
1151,Rosoxacin,69,Eubacterium ramulus,0
344,4-bromo-5-(bromomethylene)-3-(1-bromobutyl)-2(5H)-furanone,142,Staphylococcus epidermidis,1
738,Fluconazole,34,Candida albicans,1
449,Atazanavir,55,Edwardsiella tarda,0
399,7-Bicyclic brominated furanones,121,Pseudomonas aeruginosa,1
56,"(2S,3R,4S,5S,6R)-3-(2-(1H-Indol-3-yl)acetamido)-6-(acetoxymethyl)tetrahydro-2H-pyran-2,4,5-triyl triacetate",136,Staphlococcus aureus,0
758,G H12,36,Candida glabrata,0
1349,epsilon-Polylysine,137,Staphylococcus aureus,1
405,7-formylindole,167,Varicella-zoster virus,0
1173,Sanguinarine,142,Staphylococcus epidermidis,1
952,N -(3-nitro-4-hydroxy-benzylidene)benzohydrazide,142,Staphylococcus epidermidis,1
1331,beta-Defensin-1,51,Cryptococcus neoformans,1
638,D-galactose cluster,144,Staphylococcus equorum,0
733,Flavonoids 3,120,Pseudoalteromonas sp.,0
1255,Thiophenone TF101,22,Bacteroides,0
660,Desipramine,13,Aquifex aeolicus,1
427,Aloe Vera Gel,16,Aspergillus niger,0
1079,Phenanthrene,142,Staphylococcus epidermidis,0
988,"N1-[7-(trifluoromethyl)quinolin-4-yl]ethane-1,2-diamine",132,Serratia marcescens,1
96,(RW)3-NH2,124,Pseudomonas japonica,0
429,Amantadine,75,Haemophilus influenzae,0
539,Cefalonium,75,Haemophilus influenzae,0
382,5-bromomethylene-2 (5H)-furanone,106,Mycobacterium avium,0
835,Isoliquiritigenin,75,Haemophilus influenzae,1
81,"(5Z)-2-(1,1-dichloro-3,3-dimethylbutyl)-5-{[4-(trifluoromethyl)phenyl]methylidene}-1,3-oxazolidin-4-one",105,Morganella morganii,0
506,C4-HSL,10,Aeromonas sobria,1
1048,Oxytetracycline,116,Propionibacterium acnes,1
759,G10KHc,86,Human herpesvirus 4,0
812,IMB-2,122,Pseudomonas chlororaphis,0
950,Myxinidin2,12,Amycolatopsis orientalis,0
29,(2E)-1-(5-clorotiophen-2-yl)-3-(3-methoxy-4-benzyloxi-phenyl)-2-propen-1-one,10,Aeromonas sobria,0
974,"N-(5-Methyl-1,2-oxazol-3-yl)butanamide",107,Mycobacterium leprae,0
8,"(1R,3S,7R,8S,11S,12R)-3-hydroxy-1,4,8-trimethyl-12-(propan-2-yl)tricyclo[9.3.0.0]tetradec-4-en-6-one",105,Morganella morganii,0
108,(Z)-5-(bromomethylene)-3-(hydroxymethyl]thiophen-2(5H)- one,142,Staphylococcus epidermidis,1
57,"(2S,3R,4S,5S,6R)-6-(Acetoxymethyl)-3-(2-(4-(trifluoromethyl)phenyl)acetamido)tetrahydro-2H-pyran-2,4,5-triyltriacetate",121,Pseudomonas aeruginosa,1
868,L-cysteic acid,51,Cryptococcus neoformans,0
588,Ciprofloxacin,119,Providencia stuartii,1
1044,Oxacillin,154,Streptococcus pneumoniae,1
25,"(2E)-1-(3 ,4 -dimethoxyphenyl)-3-(2-naphthyl)-2-propen-1-one",77,Hafnia paralvei,0
747,Furanone 56,5,Acinetobacter sp.,0
187,2-(2-(2-Chloroacetamido)-5-methylphenyl)-2-oxo-N-( prop-2-yn- 1-yl)acetamide,147,Stenotrophomonas maltophilia,0
113,"1,1,6,6,7,7-hexahydroxy-5,5-diisopropyl-3,3-dimethyl-2,2-binaphthalene-8,8-dicarbaldehyde",12,Amycolatopsis orientalis,0
1090,Picolinic acid,121,Pseudomonas aeruginosa,1
158,"13-{7-methoxy-[1,2,3,4]tetrazolo[1,5-a]quinolin-4-yl}-3,3-dimethyl-1H,2H,3H,4H,6H,11H,13H-indazolo[1,2-b]phthalazine-1,6,11-trione",78,Halomonas pacifica,0
1049,P10,137,Staphylococcus aureus,1
974,"N-(5-Methyl-1,2-oxazol-3-yl)butanamide",49,Corynebacterium ammoniagenes,0
523,Carabrone,3,Acinetobacter nosocomialis,0
305,3-tetradecanoylthiotetronic,137,Staphylococcus aureus,1
516,Caffeic Acid,52,Dengue Virus Type 2,0
272,3-(4-fluorophenyl)-5-(3-(allyloxy)-4-hydroxybenzylidene)-2-thioxothiazolidin-4-one,66,Enterococcus gallinarum,1
218,2-Fluoro-L-phenylalanine,163,Streptomyces sp.,0
128,1-(6-aminopyridin-3-yl)ethan-1-one,168,Vibrio anguillarum,0
859,"L-744,832",133,Shewanella oneidensis,0
1283,Umbelliferone,67,Escherichia coli,1
893,Limonene,34,Candida albicans,1
921,Meropenem,85,Human herpesvirus 3,0
256,"3,5-Difluoro-dl-phenylalanine",158,Streptococcus sanguinis,0
175,"2,4-Dimethylphenylalanine",7,Actinomyces oris,0
1126,R-FV-I16,24,Bacteroides fragilis,0
942,Mustard oil,163,Streptomyces sp.,0
1069,Penicillenol C1,34,Candida albicans,1
263,"3-(2-Furylmethyl)-2-{[(5-hydroxy-1H-pyrazol-3-yl)methyl]sulfanyl}-3,5,6,7-tetrahydro-4H-cyclopenta[4,5]thieno[2,3-d]pyrimidin-4-one",128,Salmonella Typhi,1
1292,Vancomycin,137,Staphylococcus aureus,1
552,Cefotaxime,63,Enterobacteria phage T4,0
1105,Pro-Gly,150,Streptococcus mitis,0
757,Fusidic acid,57,Eikenella corrodens,0
1335,cat-AGE-RK1,34,Candida albicans,1
1372,prop-2-ene-1-SO-thioperoxol,48,Coagulase- negative staphylococci,0
209,2-(5-Bromo-2-(2-chloroacetamido)phenyl )-2-oxo-N-( prop-2-yn-1-yl)acetamide,121,Pseudomonas aeruginosa,1
188,2-(2-(2-Chloroacetamido)-5-nitrophenyl)-2-oxo-N-( prop-2-yn-1-yl)acetamide,56,Eggerthella lenta,0
921,Meropenem,49,Corynebacterium ammoniagenes,0
562,Ceftobiprole,137,Staphylococcus aureus,1
722,Evodiamine,33,Campylobacter jejuni,1
663,Di-MB-LF11-322,32,Burkholderia thailandensis,0
352,4-chloroquinoline,173,Vibrio vulnificus,0
114,"1,2,3,4-Tetrahydroisoquinoline-3-carboxylic acid",143,Staphylococcus epidermis,1
244,2-phenylethane-1-SO-thioperoxol,6,Actinobacillus actinomycetemcomitans,0
1330,beta-Caryophyllene,26,Bacteroides vulgatus,0
1263,Tipranavir,88,Human immunodeficiency virus,1
262,3-(2-Furyl)-D-alanine,137,Staphylococcus aureus,1
534,Cecropin (1-7)-melittin A (2-9) amide,137,Staphylococcus aureus,1
872,L-tryptophan,142,Staphylococcus epidermidis,0
594,Clary sage oil,115,Porphyromonas gingivalis,0
462,BS-34,34,Candida albicans,1
783,Guaiacol,15,Aspergillus fumigatus,0
91,"(R)-2,3-Diaminopropanoic acid",137,Staphylococcus aureus,1
442,Anthranilate,121,Pseudomonas aeruginosa,1
177,"2,5-bis(4,5-dibromo-1-methyl-1H-pyrrol-2-yl)-1,3,4-oxadiazole",148,Streptococcus epidermidis,1
588,Ciprofloxacin,118,Proteus vulgaris,1
872,L-tryptophan,85,Human herpesvirus 3,0
848,KSL,161,Streptomyces gordonii,0
1142,Ribavirin,90,Human parainfluenza virus type 2,1
191,"2-(2-chloro-5-fluorophenyl)-5-(4,5-dibromo-1-methyl-1H-pyrrol-2-yl)-1,3,4-oxadiazole",130,Schistosoma,0
78,"(5Z)-2-(1,1-dichloro-2-phenylethyl)-5-{[4-(trifluoromethyl)phenyl]methylidene}-1,3-oxazolidin-4-one",127,Raoultella ornithinolytica,0
1176,Scrambled LL-37,82,Hepatitis C Virus,0
1162,S-methyl- L-cysteine,159,Streptococcus sanguis,1
78,"(5Z)-2-(1,1-dichloro-2-phenylethyl)-5-{[4-(trifluoromethyl)phenyl]methylidene}-1,3-oxazolidin-4-one",90,Human parainfluenza virus type 2,0
682,DispersinB-KSL-W wound gel,2,Acinetobacter baumannii,1
150,12-methyltetradecanoic acid,121,Pseudomonas aeruginosa,1
1166,S6L3-33,158,Streptococcus sanguinis,1
758,G H12,151,Streptococcus mutans,1
1319,Zotepine,151,Streptococcus mutans,0
1297,Vidarabine,85,Human herpesvirus 3,1
94,(R)-2-amino-3-cyclopentylpropanoic acid,143,Staphylococcus epidermis,1
529,Carvacrol,67,Escherichia coli,1
484,Betulin,10,Aeromonas sobria,0
3,"(10S,11S)-Hydnocarpin D",137,Staphylococcus aureus,1
54,(2S)-2-amino-3-(tert-butylsulfanyl)propanoic acid,137,Staphylococcus aureus,1
1008,Nerolidol,1,Achromobacter xylosoxidans,0
389,6-Aminoflavone,67,Escherichia coli,1
5,"(1R,2S,7R,3E,11E)-2,18-diacetoxycembra-3,8(19),11,15(17)-tetraen-7-ol",121,Pseudomonas aeruginosa,1
987,"N1-[7-(trifluoromethyl)quinolin-4-yl]dodecane-1,12-diamine",121,Pseudomonas aeruginosa,1
735,Fleroxacin,75,Haemophilus influenzae,1
181,2-(2-(2-Azidoacetamido)-5-bromophenyl)-2-oxo-N-(prop-2-yn-1-yl)acetamide,121,Pseudomonas aeruginosa,1
851,Kaempherol,137,Staphylococcus aureus,1
194,"2-(4,5-dibromo-1-methyl-1H-pyrrol-2-yl)-5-(ethylthio)-1,3,4-oxadiazole",148,Streptococcus epidermidis,1
1191,Simeprevir,166,Trueperella pyogenes,0
921,Meropenem,40,Candida spp.,1
327,4-Ethylguaiacol,116,Propionibacterium acnes,0
150,12-methyltetradecanoic acid,99,Listeria ivanovii,0
1221,Sulfamethoxazole,67,Escherichia coli,1
1284,Undecanoic acid,117,Proteus mirabilis,1
312,"4-(2-(5-(4,5-dibromo-1-methyl-1H-pyrrol-2-yl)-1,3,4-oxadiazol-2-yl)vinyl)-2-methoxyphenol",134,Shigella flexneri,0
805,Hydrogen peroxide,6,Actinobacillus actinomycetemcomitans,0
874,LF11-227,114,Plasmodium falciparum,0
1127,R-Thanatin,113,Pichia anomala,0
754,Furanone-8,141,Staphylococcus cohnii,0
850,KT2,46,Clostridium pasteurianum,0
1261,Timolol,2,Acinetobacter baumannii,0
17,"(2E)-1-(1,3-benzodioxol-5-yl)-3-(2-chloro-quinolin-3-yl)-2-propen-1-one",139,Staphylococcus caprae,0
271,3-(4-Pyridinyl)alanine,48,Coagulase- negative staphylococci,0
1035,Octyl gallate,142,Staphylococcus epidermidis,1
1236,Tazobactam,67,Escherichia coli,1
1378,trans-Stillbene,83,Hepatitis C virus,0
509,CAMA,137,Staphylococcus aureus,1
530,Caspofungin,29,Burkholderia cepacia,0
1193,Sinefungin,154,Streptococcus pneumoniae,1
89,(E)-3-Decen-2-one,171,Vibrio harveyi,1
786,HE12,62,Enterobacter ludwigi,0
254,"3,4-Dichlorophenylalanine",86,Human herpesvirus 4,0
928,Methyl indole-7-carboxylate,121,Pseudomonas aeruginosa,1
1216,Sulfadoxine,118,Proteus vulgaris,0
185,2-(2-(2-Azidoacetamido)phenyl)-2-oxo-N-(prop-2-yn-1-yl)acetamide,121,Pseudomonas aeruginosa,1
48,(2R)-2-amino-4-phenylbutanoic acid,143,Staphylococcus epidermis,1
506,C4-HSL,17,Bacillus amyloliquefaciens,0
877,LFampin,115,Porphyromonas gingivalis,0
558,Cefprozil,63,Enterobacteria phage T4,0
446,Asperdiol,171,Vibrio harveyi,1
102,(Z)-4-bromo-5-(bromomethylene)-3-(1-bromoethyl)-2(5H)-furanone,129,Salmonella enterica,1
933,Micafungin,21,Bacillus subtilis,0
994,NA8,34,Candida albicans,1
778,Glycinamide hydrochloride,28,Burkholderia cenocepacia,0
1176,Scrambled LL-37,63,Enterobacteria phage T4,0
440,Aniline,89,Human immunodeficiency virus 1,0
824,Indole-3-acetic acid,159,Streptococcus sanguis,0
1313,Zinc,170,Vibrio cholerae,0
406,7-hydroxyindole,121,Pseudomonas aeruginosa,1
1317,Zinc sulfate,142,Staphylococcus epidermidis,1
1358,methanesulfonylbenzene,57,Eikenella corrodens,0
218,2-Fluoro-L-phenylalanine,3,Acinetobacter nosocomialis,0
204,"2-(4-Chlorophenyl)-N-((2R,3R,4S,5S,6R)-2,4,5-trihydroxy-6-(hydroxymethyl)tetrahydro-2H-pyran-3-yl)acetamide",18,Bacillus anthracis,0
868,L-cysteic acid,57,Eikenella corrodens,0
751,Furanone-3,148,Streptococcus epidermidis,0
734,Flavonoids 7,171,Vibrio harveyi,1
1312,Zidovudine,89,Human immunodeficiency virus 1,1
821,Indole,30,Burkholderia multivorans,1
821,Indole,169,Vibrio campbellii,1
706,Ertapenem,75,Haemophilus influenzae,1
1063,Pelargonidin,121,Pseudomonas aeruginosa,1
884,LL7-37,94,Klebsiella planticola,0
295,3-fluoroaniline,121,Pseudomonas aeruginosa,1
431,Amikacin disulfate salt,123,Pseudomonas fluorescens,0
21,"(2E)-1-(2 ,4 ,5 -trimethoxyphenyl)-3-(2-naphthyl)-2-propen-1-one",121,Pseudomonas aeruginosa,1
395,6-MO-LF11-227,121,Pseudomonas aeruginosa,1
437,Ampicillin,154,Streptococcus pneumoniae,1
588,Ciprofloxacin,147,Stenotrophomonas maltophilia,1
39,(2E)-N-[3-(1H-imidazol-1-yl)propyl]-3-phenylprop-2-enamide,34,Candida albicans,1
525,Carboxymethyl chitosan,121,Pseudomonas aeruginosa,1
247,"3,3-dimethyl-13-{7-methyl-[1,2,3,4]tetrazolo[1,5-a]quinolin-4-yl}-1H,2H,3H,4H,6H,11H,13H-indazolo[1,2-b]phthalazine-1,6,11-trione",34,Candida albicans,1
1152,Rufloxacin,173,Vibrio vulnificus,0
1012,Niclosamide,121,Pseudomonas aeruginosa,1
159,"13-{8-methoxy-[1,2,3,4]tetrazolo[1,5-a]quinolin-4-yl}-3,3-dimethyl-1H,2H,3H,4H,6H,11H,13H-indazolo[1,2-b]phthalazine-1,6,11-trione",18,Bacillus anthracis,0
511,CRAMP,121,Pseudomonas aeruginosa,1
983,N-decanoyl-L- homoserine benzyl ester,36,Candida glabrata,0
1015,Nitrofural,67,Escherichia coli,1
838,Isoriccardin C,34,Candida albicans,1
273,3-(4-fluorophenyl)-5-(3-ethoxy- 4-hydroxybenzylidene)-2-thioxothiazolidin-4-one,66,Enterococcus gallinarum,1
31,(2E)-1-[4 -(1H-imidazol-1-yl)phenyl]-3-(3-methoxy-4-benzyloxi-phenyl)-2-propen-1-one,142,Staphylococcus epidermidis,1
86,"(5Z)-2-tert-butyl-5-{[3-(trifluoromethyl)phenyl]methylidene}-1,3-oxazolidin-4-one",137,Staphylococcus aureus,1
788,Hamamelitannin,174,Yersinia enterocolitica,0
864,L-Phenylalanine-D-Lysine,137,Staphylococcus aureus,1
789,Hepcidin 20,133,Shewanella oneidensis,0
447,Asperdiol acetate,160,Streptococcus sobrinus,0
907,M8G2,158,Streptococcus sanguinis,1
816,Imipenem,26,Bacteroides vulgatus,0
219,2-Hexylmaleic anhydride,143,Staphylococcus epidermis,0
707,Erythritol,49,Corynebacterium ammoniagenes,0
1126,R-FV-I16,102,Lysinibacillus sphaericus,0
882,LL-37,31,Burkholderia pseudomallei,1
154,"13-(2-chloro-7-methylquinolin-3-yl)-3,3-dimethyl-1H,2H,3H,4H,6H,11H,13H-indazolo[1,2-b]phthalazine-1,6,11-trione",165,Trichophyton mentagrophytes,0
821,Indole,2,Acinetobacter baumannii,0
87,(5Z)-4-Bromo-5-(bromomethylene)-3-butyl-2(5H)-furanone,152,Streptococcus oralis,0
437,Ampicillin,100,Listeria monocytogenes,1
819,Indirubin,60,Enterobacter cancerogenus,0
1139,Resveratrol,28,Burkholderia cenocepacia,1
736,Floxacillin,7,Actinomyces oris,0
480,Benzyl decyl beta-maltoside,139,Staphylococcus caprae,0
496,"Butane-1,4-diamine",132,Serratia marcescens,1
1189,Silver sulphate,137,Staphylococcus aureus,1
929,Methylthiopropylamine,165,Trichophyton mentagrophytes,0
44,(2R)-2-amino-3-(thiophene-2-sulfinyl)propanoic acid,7,Actinomyces oris,1
147,11(R)-hydroxy-12(20)-en-knightal,168,Vibrio anguillarum,0
548,Cefmetazole,67,Escherichia coli,1
72,"(5E)-5-decylidene-1,3-thiazolidine-2,4-dione",34,Candida albicans,1
545,Cefepime,40,Candida spp.,1
582,Cidofovir,41,Candida tropicalis,0
227,2-amino-3-(3-nitrophenyl)propanoic acid,137,Staphylococcus aureus,1
1372,prop-2-ene-1-SO-thioperoxol,151,Streptococcus mutans,1
290,3-Nitrophenylalanine,137,Staphylococcus aureus,1
720,Eucarobustol E,34,Candida albicans,1
1156,S-(2-thiazoyl)-L-cysteine,22,Bacteroides,0
302,3-oxo-C6-HSL,134,Shigella flexneri,0
786,HE12,67,Escherichia coli,0
615,Curcumin,9,Aeromonas hydrophila,1
1159,S-OSIP108,17,Bacillus amyloliquefaciens,0
1237,Tea tree oil,65,Enterococcus faecium,0
29,(2E)-1-(5-clorotiophen-2-yl)-3-(3-methoxy-4-benzyloxi-phenyl)-2-propen-1-one,64,Enterococcus faecalis,1
507,C6-HSL,165,Trichophyton mentagrophytes,0
159,"13-{8-methoxy-[1,2,3,4]tetrazolo[1,5-a]quinolin-4-yl}-3,3-dimethyl-1H,2H,3H,4H,6H,11H,13H-indazolo[1,2-b]phthalazine-1,6,11-trione",121,Pseudomonas aeruginosa,1
1174,Saquinavir,89,Human immunodeficiency virus 1,1
694,Elliptophenone A,149,Streptococcus gordonii,0
824,Indole-3-acetic acid,76,Hafnia alvei,0
49,(2R)-2-amino-5-(1-nitrocarbamimidamido)pentanoic acid,143,Staphylococcus epidermis,1
207,"2-(4-methoxyphenyl)-N-(3-{[2-(4-methoxyphenyl)ethyl]imino}-1,4-dihydro-2-quinox alinylidene)ethanamine",134,Shigella flexneri,0
72,"(5E)-5-decylidene-1,3-thiazolidine-2,4-dione",77,Hafnia paralvei,0
1118,Quercetin,65,Enterococcus faecium,0
113,"1,1,6,6,7,7-hexahydroxy-5,5-diisopropyl-3,3-dimethyl-2,2-binaphthalene-8,8-dicarbaldehyde",121,Pseudomonas aeruginosa,1
638,D-galactose cluster,121,Pseudomonas aeruginosa,1
161,14-Glycinyl andrographolide hydrochloride,138,Staphylococcus capitis,0
809,IG-13,140,Staphylococcus chromogenes,0
613,Coumarin-3-carboxylic acid,67,Escherichia coli,1
451,Auranofin,34,Candida albicans,1
816,Imipenem,21,Bacillus subtilis,1
820,Indol AHL,101,Listeria monocytogenes serotype 4a,0
134,"1-[2-(3-bromo-4-hydroxy-5-methoxyphenyl)-5-(3,4,5-trimethoxyphenyl)-1,3,4-oxadiazol-3(2H)-yl]ethanone",151,Streptococcus mutans,1
200,"2-(4,5-dibromo-1-methyl-1H-pyrrol-2yl)-5-(4-nitrophenyl)-1,3,4-oxadiazole",121,Pseudomonas aeruginosa,1
1060,Paromomycin,164,Thermus thermophilus,1
724,FK506,132,Serratia marcescens,0
371,5-(dibromomethylene)-3-butyl-2(5H)-furanone,129,Salmonella enterica,1
533,Cathelicidin,52,Dengue Virus Type 2,0
1079,Phenanthrene,95,Klebsiella pneumoniae,1
761,GL13K,24,Bacteroides fragilis,0
1058,Palmitoyl-DL-carnitine,121,Pseudomonas aeruginosa,1
1349,epsilon-Polylysine,54,Dihydropteroate synthase type-1,0
1306,Wheat bran,69,Eubacterium ramulus,0
359,4-nitropyridine N -oxide,30,Burkholderia multivorans,1
251,"3,4-Dichloro-5-[(1,3-dichloropropan-2-yloxy)]-2(5H)-furanone",130,Schistosoma,0
478,Benzophenonyl decyl beta-maltoside,121,Pseudomonas aeruginosa,1
199,"2-(4,5-dibromo-1-methyl-1H-pyrrol-2-yl)-5-styryl-1,3,4-oxadiazole",75,Haemophilus influenzae,0
1221,Sulfamethoxazole,112,Pantoea agglomerans,0
1375,trans-2-Pentenal,72,Fusarium solani,0
542,Cefapirin,107,Mycobacterium leprae,0
615,Curcumin,60,Enterobacter cancerogenus,1
315,4-(Aminomethyl)-D-phenylalanine,143,Staphylococcus epidermis,1
188,2-(2-(2-Chloroacetamido)-5-nitrophenyl)-2-oxo-N-( prop-2-yn-1-yl)acetamide,67,Escherichia coli,1
840,Isosinensetin,170,Vibrio cholerae,0
427,Aloe Vera Gel,141,Staphylococcus cohnii,0
216,2-Chloro-DL-Phenylalanine,143,Staphylococcus epidermis,1
616,Cyanidin,95,Klebsiella pneumoniae,1
619,Cycloserine,40,Candida spp.,0
362,4H-tomentosin,34,Candida albicans,1
549,Cefonicid,67,Escherichia coli,1
200,"2-(4,5-dibromo-1-methyl-1H-pyrrol-2yl)-5-(4-nitrophenyl)-1,3,4-oxadiazole",148,Streptococcus epidermidis,1
49,(2R)-2-amino-5-(1-nitrocarbamimidamido)pentanoic acid,39,Candida parapsilosis,0
1263,Tipranavir,89,Human immunodeficiency virus 1,1
682,DispersinB-KSL-W wound gel,106,Mycobacterium avium,0
71,(5-nitrofuran-2-yl)methyl (2E)-3-phenylprop-2-enoate,77,Hafnia paralvei,0
285,3-Iodotyrosine,37,Candida guiliermondi,0
1200,Sodium sulfate,71,Francisella novicida,0
690,Econazole nitrate,15,Aspergillus fumigatus,0
373,5-(dibromomethylene)-3-hexyl-2(5H)-furanone,129,Salmonella enterica,1
1171,Salicylic Acid,59,Enterobacter aerogenes,1
583,Cinnamaldehyde,170,Vibrio cholerae,1
954,N -(5-bromo-2-hydroxy-benzylidene)benzohydrazide,73,Gardnerella vaginalis,0
292,3-bromo-5-methoxy-4-[(4-methylphenylsulfanyl)]-2(5H)-furanone,87,Human herpesvirus 5,0
693,Ellagic Acid,20,Bacillus licheniformis,0
1257,Thymol,156,Streptococcus pyogenes,0
318,4-Amino-D-phenylalanine,101,Listeria monocytogenes serotype 4a,0
927,Methyl gallate,151,Streptococcus mutans,1
62,"(2S,3R,4S,5S,6R)-6-(Acetoxymethyl)-3-(3-oxohexanamido)tetrahydro-2H-pyran-2,4,5-triyl triacetate",121,Pseudomonas aeruginosa,1
566,Cephaloglycin,153,Streptococcus parasanguinis,0
1163,S-phenyl-L-cysteine,159,Streptococcus sanguis,1
73,"(5E)-5-dodecylidene-1,3-thiazolidine-2,4-dione",75,Haemophilus influenzae,0
1330,beta-Caryophyllene,34,Candida albicans,1
1081,"Phenol,2,4-bis(1,1-dimethylethyl)",161,Streptomyces gordonii,0
397,6-fluoroindole,121,Pseudomonas aeruginosa,1
432,Aminocyclopropane,121,Pseudomonas aeruginosa,1
329,4-Fluoro-2-methyl-D-phenylalanine,137,Staphylococcus aureus,1
312,"4-(2-(5-(4,5-dibromo-1-methyl-1H-pyrrol-2-yl)-1,3,4-oxadiazol-2-yl)vinyl)-2-methoxyphenol",121,Pseudomonas aeruginosa,1
390,6-Bicyclic brominated furanones,99,Listeria ivanovii,0
1267,Tomentosin,81,Hepatitis B virus F,0
1300,Virstatin,3,Acinetobacter nosocomialis,1
193,"2-(4,5-dibromo-1-methyl-1H-pyrrol-2-yl)-5-(4-methoxyphenyl)-1,3,4-oxadiazole",33,Campylobacter jejuni,0
561,Ceftizoxime,137,Staphylococcus aureus,1
982,N-[5-(6-amino-9H-purin-9-yl)-4-hydroxy-2-(hydroxymethyl)oxolan-3-yl]-3-(4-methoxyphenyl)propanamide,173,Vibrio vulnificus,1
45,(2R)-2-amino-3-[(4-chlorophenyl)methanesulfinyl]propanoic acid,159,Streptococcus sanguis,1
684,Djenkolic acid,159,Streptococcus sanguis,1
891,Levofloxacin,37,Candida guiliermondi,0
1028,O-LF11-227,68,Escherichia coli O6:H1 (strain CFT073 / ATCC 700928 / UPEC),0
1002,Naringenin,67,Escherichia coli,1
177,"2,5-bis(4,5-dibromo-1-methyl-1H-pyrrol-2-yl)-1,3,4-oxadiazole",137,Staphylococcus aureus,1
602,Cloxacillin,21,Bacillus subtilis,0
303,3-oxo-C8-HSL,76,Hafnia alvei,1
1095,Pivampicillin,123,Pseudomonas fluorescens,0
537,Cefaclor,143,Staphylococcus epidermis,0
484,Betulin,64,Enterococcus faecalis,0
832,Isoconazole,8,Actinoplanes missouriensis,0
912,Macromomycin B,117,Proteus mirabilis,0
9,"(1R,4R,8S,11S,12R)-4-hydroxy-1,4,8-trimethyl-12-(propan-2-yl)tricyclo[9.3.0.0]tetradec-3(7)-en-6-one",121,Pseudomonas aeruginosa,1
359,4-nitropyridine N -oxide,105,Morganella morganii,0
173,"2,4-Dichlorophenylalanine",39,Candida parapsilosis,0
310,"4 alpha, 5 alpha-epoxy-10 alpha, 14H-1-epi-inuviscolide",144,Staphylococcus equorum,0
576,Chlorpromazine,121,Pseudomonas aeruginosa,1
205,"2-(4-Fluorophenyl)-N-((2R,3R,4S,5S,6R)-2,4,5-trihydroxy-6-(hydroxymethyl)tetrahydro-2H-pyran-3-yl)acetamide",121,Pseudomonas aeruginosa,1
1292,Vancomycin,40,Candida spp.,1
316,4-(Trifluoromethyl)-D-phenylalanine,143,Staphylococcus epidermis,1
1266,Tobramycin-bismuth-ethanedithiol,121,Pseudomonas aeruginosa,1
740,Fluspiriline,34,Candida albicans,1
841,Isothiocyanate,31,Burkholderia pseudomallei,0
60,"(2S,3R,4S,5S,6R)-6-(Acetoxymethyl)-3-(2-(4-fluorophenyl)acetamido)tetrahydro-2H-pyran-2,4,5-triyl triacetate",8,Actinoplanes missouriensis,0
1204,Stavudine,83,Hepatitis C virus,0
970,N-(4-Hydroxyphenyl)butanamide,121,Pseudomonas aeruginosa,1
556,Cefpiramide,16,Aspergillus niger,0
358,4-nitro-cinnamaldehyde,78,Halomonas pacifica,0
600,Clotrimazole,151,Streptococcus mutans,1
27,(2E)-1-(3 -methoxyphenyl)-3-(2-naphthyl)-2-propen-1-one,151,Streptococcus mutans,1
698,Enfuvirtide,89,Human immunodeficiency virus 1,1
449,Atazanavir,88,Human immunodeficiency virus,1
846,KABT-AMP,150,Streptococcus mitis,0
302,3-oxo-C6-HSL,60,Enterobacter cancerogenus,0
1089,Phylloseptin-1,137,Staphylococcus aureus,1
908,MUC7 12-mer-D,151,Streptococcus mutans,1
822,Indole-3-acetaldehyde,121,Pseudomonas aeruginosa,1
302,3-oxo-C6-HSL,131,Serratia liquefaciens,1
546,Cefixime,21,Bacillus subtilis,1
288,3-Methyl-D-phenylalanine,137,Staphylococcus aureus,1
776,Glipizide,21,Bacillus subtilis,1
1076,Peppermint oil,137,Staphylococcus aureus,1
825,Indole-3-carboxyaldehyde,121,Pseudomonas aeruginosa,1
392,6-Chlorooxindole,121,Pseudomonas aeruginosa,1
765,Gallium Nitrate,145,Staphylococcus haemolyticus,0
1111,Pseudomonas Quinolone Signal,151,Streptococcus mutans,1
470,Bedaquiline,124,Pseudomonas japonica,0
1243,Tenofovir,89,Human immunodeficiency virus 1,1
996,NRC-16,121,Pseudomonas aeruginosa,1
1130,RK-25,157,Streptococcus salivarius,0
1247,Tet-20,121,Pseudomonas aeruginosa,1
656,Delavirdine,19,Bacillus cereus,0
990,NA-CATH,32,Burkholderia thailandensis,1
1354,knightine,137,Staphylococcus aureus,1
992,NA10,34,Candida albicans,1
794,Hetacillin,44,Clostridium bacilli,0
59,"(2S,3R,4S,5S,6R)-6-(Acetoxymethyl)-3-(2-(4-chlorophenyl)acetamido)tetrahydro-2H-pyran-2,4,5-triyl triacetate",121,Pseudomonas aeruginosa,1
931,Metronidazole,46,Clostridium pasteurianum,1
654,Decanediol,116,Propionibacterium acnes,1
152,"13-(2-chloro-6-methylquinolin-3-yl)-3,3-dimethyl-1H,2H,3H,4H,6H,11H,13H-indazolo[1,2-b]phthalazine-1,6,11-trione",130,Schistosoma,0
1365,p-nitrophenyl glycerol,19,Bacillus cereus,0
917,Melittin,1,Achromobacter xylosoxidans,0
540,Cefalotin,100,Listeria monocytogenes,0
63,"(2S,3R,4S,5S,6R)-6-(Acetoxymethyl)-3-(3-oxooctanamido)tetrahydro-2H-pyran-2,4,5-triyl triacetate",100,Listeria monocytogenes,0
110,"(Z)-5-decylidenethiazolidine-2,4-dione",116,Propionibacterium acnes,1
905,Lysozyme,121,Pseudomonas aeruginosa,1
748,Furanone C-30,151,Streptococcus mutans,1
744,Framycetin,58,Enteric bacteria and other eubacteria,1
663,Di-MB-LF11-322,121,Pseudomonas aeruginosa,1
1226,Sulfisoxazole,67,Escherichia coli,1
961,"N-((2R,3R,4S,5S,6R)-2,4,5-Trihydroxy-6-(hydroxymethyl)tetrahydro-2H-pyran-3-yl)hexanamide",121,Pseudomonas aeruginosa,1
424,Albendazole,133,Shewanella oneidensis,1
731,Ferulic Acid,124,Pseudomonas japonica,0
1322,alpha-Humulene,36,Candida glabrata,0
129,1-(pyrazin-2-yl)ethan-1-one,74,Geobacillus kaustophilus,0
1343,cyclophosphamide,40,Candida spp.,0
1089,Phylloseptin-1,143,Staphylococcus epidermis,0
1099,Polyethyleneimine,34,Candida albicans,1
717,Ethyl gallate,137,Staphylococcus aureus,1
667,Dibenzyl sulphide,159,Streptococcus sanguis,1
1331,beta-Defensin-1,99,Listeria ivanovii,0
599,Clomocycline,12,Amycolatopsis orientalis,0
1342,cyclo(Trp-Ser),121,Pseudomonas aeruginosa,1
1250,Tetracycline,13,Aquifex aeolicus,0
942,Mustard oil,61,Enterobacter cloacae,0
118,"1,3-dimethyl-6-(4-methylphenyl)-5-[3-(4-nitrophenyl)-1-phenyl-1H-pyrazol-4-yl]-1H,2H,3H,4H,5H,6H-pyrimido[4,5-d][1,3]diazine-2,4-dione",165,Trichophyton mentagrophytes,0
533,Cathelicidin,142,Staphylococcus epidermidis,1
138,1-methyl-4-({[(4-methylphenyl)methyl]disulfanyl}methyl)benzene,159,Streptococcus sanguis,1
27,(2E)-1-(3 -methoxyphenyl)-3-(2-naphthyl)-2-propen-1-one,121,Pseudomonas aeruginosa,1
584,Cinnamic Acid,78,Halomonas pacifica,0
581,Ciclopirox ethanolamine,34,Candida albicans,1
70,"(3R)-7-hydroxy-1,2,3,4-tetrahydroisoquinoline-3-carboxylic acid",143,Staphylococcus epidermis,1
544,Cefditoren,169,Vibrio campbellii,0
954,N -(5-bromo-2-hydroxy-benzylidene)benzohydrazide,137,Staphylococcus aureus,1
846,KABT-AMP,29,Burkholderia cepacia,0
1363,"octane-1,8-diamine",120,Pseudoalteromonas sp.,0
1186,Silver nanowires,95,Klebsiella pneumoniae,0
917,Melittin,121,Pseudomonas aeruginosa,1
1054,PTP-7,137,Staphylococcus aureus,1
171,"2,3-dihydroxybenzoic acid",137,Staphylococcus aureus,1
427,Aloe Vera Gel,44,Clostridium bacilli,1
1339,cis-Stillbene,137,Staphylococcus aureus,1
420,Aciclovir,84,Human herpesvirus 1,1
951,Myxinidin3,51,Cryptococcus neoformans,0
414,AAP2,96,Klebsiella variicola,0
1103,Povidone Iodine,137,Staphylococcus aureus,1
1214,Sulfacytine,67,Escherichia coli,1
719,Ethylenediametetraacetic acid,53,Desulfovibrio africanus,0
1164,S-phenyl-L-cysteine sulfoxide,111,Obesumbacterium proteus,0
404,"7-fluoroindoline-2,3-dione",81,Hepatitis B virus F,0
1235,Taurine,151,Streptococcus mutans,1
964,"N-(1,3-benzothiazol-2-yl)butanamide",121,Pseudomonas aeruginosa,1
665,Diazepam,72,Fusarium solani,0
1129,RK-19,31,Burkholderia pseudomallei,1
648,Dalbavancin,96,Klebsiella variicola,0
1151,Rosoxacin,14,Arthrobacter sp.,0
1336,cat-AGE-RK2,67,Escherichia coli,1
950,Myxinidin2,121,Pseudomonas aeruginosa,1
1236,Tazobactam,128,Salmonella Typhi,1
610,Copper sulfate,128,Salmonella Typhi,0
763,GW-9662,34,Candida albicans,1
952,N -(3-nitro-4-hydroxy-benzylidene)benzohydrazide,138,Staphylococcus capitis,0
608,Colostrum Hexasaccharide,137,Staphylococcus aureus,1
479,Benzoylperoxide,145,Staphylococcus haemolyticus,0
187,2-(2-(2-Chloroacetamido)-5-methylphenyl)-2-oxo-N-( prop-2-yn- 1-yl)acetamide,121,Pseudomonas aeruginosa,1
594,Clary sage oil,137,Staphylococcus aureus,1
671,Dicloxacillin,61,Enterobacter cloacae,0
918,Melittin B,151,Streptococcus mutans,1
161,14-Glycinyl andrographolide hydrochloride,95,Klebsiella pneumoniae,0
1314,Zinc Dichloride,156,Streptococcus pyogenes,0
957,"N 3-(2-thienylcarbonyl)-4-bromo-1,5-dimethyl-1H-pyrazole-3-carbohydrazide",28,Burkholderia cenocepacia,1
853,Kaurenoic acid,151,Streptococcus mutans,1
586,Cinnamon oil,14,Arthrobacter sp.,0
851,Kaempherol,67,Escherichia coli,1
616,Cyanidin,78,Halomonas pacifica,0
927,Methyl gallate,137,Staphylococcus aureus,1
1192,Sinapic acid,67,Escherichia coli,1
355,4-hydroxy coumarin,29,Burkholderia cepacia,0
708,Erythromycin,58,Enteric bacteria and other eubacteria,1
118,"1,3-dimethyl-6-(4-methylphenyl)-5-[3-(4-nitrophenyl)-1-phenyl-1H-pyrazol-4-yl]-1H,2H,3H,4H,5H,6H-pyrimido[4,5-d][1,3]diazine-2,4-dione",21,Bacillus subtilis,1
422,Adefovir Dipivoxil,34,Candida albicans,0
683,Diterpene phytol,121,Pseudomonas aeruginosa,1
529,Carvacrol,11,Aggregatibacter actinomycetemcomitans,0
584,Cinnamic Acid,34,Candida albicans,1
8,"(1R,3S,7R,8S,11S,12R)-3-hydroxy-1,4,8-trimethyl-12-(propan-2-yl)tricyclo[9.3.0.0]tetradec-4-en-6-one",141,Staphylococcus cohnii,0
842,Itraconazole,125,Pseudomonas libaniensis,0
213,"2-(hexylsulfonyl)-4-(1H-1,2,3-triazol-1-yl)pyrimidine",121,Pseudomonas aeruginosa,1
55,(2S)-2-amino-4-bromopent-4-enoic acid,137,Staphylococcus aureus,1
302,3-oxo-C6-HSL,124,Pseudomonas japonica,0
320,4-Benzyl-sulfonyl-5-hydroxy-3-chloro-2(5H)-furanone,21,Bacillus subtilis,1
839,Isosilybin A,118,Proteus vulgaris,0
793,Hesperidin,99,Listeria ivanovii,0
895,Linezolid,32,Burkholderia thailandensis,0
321,4-Br-PHL,121,Pseudomonas aeruginosa,1
1084,Phenytoin,34,Candida albicans,1
977,N-Acetylcysteine,169,Vibrio campbellii,0
279,3-Carbamoylphenylalanine,95,Klebsiella pneumoniae,0
489,"Bis-O-acetyl-4,5-dihydroxy-2,3-pentanedione",19,Bacillus cereus,1
456,Azithromycin,156,Streptococcus pyogenes,0
1027,O-LF11-215,121,Pseudomonas aeruginosa,1
1281,Tyrphostin 9,100,Listeria monocytogenes,0
702,Epicatechin gallate,57,Eikenella corrodens,1
564,Cefuroxime,19,Bacillus cereus,0
547,Cefmenoxime,55,Edwardsiella tarda,0
1242,Tellurite,121,Pseudomonas aeruginosa,1
25,"(2E)-1-(3 ,4 -dimethoxyphenyl)-3-(2-naphthyl)-2-propen-1-one",151,Streptococcus mutans,1
276,3-(pyridin-3-yl)-5-(3-ethoxy-4-hydroxybenzylidene)-2-thioxothiazolidin-4-one,104,Micrococcus luteus,0
1133,RT2,112,Pantoea agglomerans,0
1370,para-toluidine,160,Streptococcus sobrinus,0
888,Latamoxef,40,Candida spp.,0
785,HE10,137,Staphylococcus aureus,1
1261,Timolol,63,Enterobacteria phage T4,1
894,Linalool,2,Acinetobacter baumannii,1
1150,Rosmarinic acid,104,Micrococcus luteus,0
1044,Oxacillin,94,Klebsiella planticola,0
51,"(2R,3E)-2-Amino-4-phenyl-3-butenoic acid",25,Bacteroides uniformis,0
969,N-(4-Bromobenzylidene)benzohydrazide,152,Streptococcus oralis,0
551,Ceforanide,24,Bacteroides fragilis,1
1115,Pyrimidinedione,0,Achromobacter sp.,0
591,Citropin 1.1,137,Staphylococcus aureus,1
337,4-Methyl benzyl dodecyl beta-maltoside,121,Pseudomonas aeruginosa,1
1212,Sulconazole nitrate,34,Candida albicans,1
1315,Zinc Nitrate,121,Pseudomonas aeruginosa,1
664,DiHydroxyBenzoFuran,142,Staphylococcus epidermidis,1
506,C4-HSL,131,Serratia liquefaciens,1
92,(R)-2-Amino-3-biphenyl-3-yl-propionic acid,143,Staphylococcus epidermis,1
342,4-bromo-5-(bromomethylene)-3-(1-(2-(2-(2-azidoethoxy)ethoxy)ethoxy)butyl)-2(5H)-furanone,142,Staphylococcus epidermidis,1
1294,Vanillin,9,Aeromonas hydrophila,1
126,1-(4-methoxyphenyl)-3-m-tolyurea,31,Burkholderia pseudomallei,0
182,2-(2-(2-Azidoacetamido)-5-fluorophenyl)-2-oxo-N-( prop-2-yn-1-yl)acetamide,72,Fusarium solani,0
69,(3R)-4-(4-acetylphenyl)-3-aminobutan-2-one,143,Staphylococcus epidermis,1
691,Efavirenz,156,Streptococcus pyogenes,0
394,6-MO-LF11-215,132,Serratia marcescens,0
610,Copper sulfate,29,Burkholderia cepacia,1
327,4-Ethylguaiacol,139,Staphylococcus caprae,0
1297,Vidarabine,86,Human herpesvirus 4,1
11,(1Z)-(prop-2-en-1-ylidene)-lambda4-sulfanyliumolate,151,Streptococcus mutans,1
366,5- hydroxyethyl-3-tetradecanoyltetramic acid,157,Streptococcus salivarius,0
230,2-amino-3-(propane-1-sulfinyl)propanoic acid,151,Streptococcus mutans,1
854,Ketoconazole,34,Candida albicans,1
945,Myristic acid,117,Proteus mirabilis,1
1146,Rifapentine,109,Mycobacterium tuberculosis,1
538,Cefadroxil,80,Hepatitis B virus D,0
485,Betulinic acid,144,Staphylococcus equorum,0
1191,Simeprevir,33,Campylobacter jejuni,0
388,6-Amino Penicillinic acid,31,Burkholderia pseudomallei,0
1259,Tigecycline,67,Escherichia coli,1
942,Mustard oil,120,Pseudoalteromonas sp.,0
710,Esculetin,70,Firmicutes,0
181,2-(2-(2-Azidoacetamido)-5-bromophenyl)-2-oxo-N-(prop-2-yn-1-yl)acetamide,78,Halomonas pacifica,0
1345,dF21-10K,34,Candida albicans,1
684,Djenkolic acid,7,Actinomyces oris,1
423,Ajoene,84,Human herpesvirus 1,0
718,Ethylene glycol tetraacetic acid,137,Staphylococcus aureus,1
418,Acetohydroxamic Acid,59,Enterobacter aerogenes,1
353,4-dimethyl-amino-cinnamaldehyde,24,Bacteroides fragilis,0
1219,Sulfamethazine,112,Pantoea agglomerans,0
273,3-(4-fluorophenyl)-5-(3-ethoxy- 4-hydroxybenzylidene)-2-thioxothiazolidin-4-one,65,Enterococcus faecium,1
1029,O-Methyl-D-tyrosine,35,Candida dubliniensis,0
430,Amikacin,119,Providencia stuartii,1
1071,Penicillic acid,121,Pseudomonas aeruginosa,1
812,IMB-2,151,Streptococcus mutans,1
592,Clarithromycin,35,Candida dubliniensis,0
622,D-2-Methylphenylalanine,6,Actinobacillus actinomycetemcomitans,0
1239,Telaprevir,33,Campylobacter jejuni,0
905,Lysozyme,158,Streptococcus sanguinis,0
1246,Tert-butanol,84,Human herpesvirus 1,0
586,Cinnamon oil,131,Serratia liquefaciens,0
1070,Penicillenol C2,37,Candida guiliermondi,0
648,Dalbavancin,36,Candida glabrata,0
1304,Voriconazole,113,Pichia anomala,0
287,3-Methoxychalcone,75,Haemophilus influenzae,1
703,Epicatechin-3-gallate,32,Burkholderia thailandensis,0
1042,Oregano oil,137,Staphylococcus aureus,1
1302,Vitamin E,67,Escherichia coli,1
457,Azlocillin,47,Clostridium perfringens,1
193,"2-(4,5-dibromo-1-methyl-1H-pyrrol-2-yl)-5-(4-methoxyphenyl)-1,3,4-oxadiazole",48,Coagulase- negative staphylococci,0
542,Cefapirin,92,Influenza A virus,0
495,Bromophenyl AHL,40,Candida spp.,0
188,2-(2-(2-Chloroacetamido)-5-nitrophenyl)-2-oxo-N-( prop-2-yn-1-yl)acetamide,1,Achromobacter xylosoxidans,0
973,N-(4-hydroxy-2-methylphenyl)-3-oxododecanamide,115,Porphyromonas gingivalis,1
1011,Niacinamide,67,Escherichia coli,0
767,Gallocatechin,57,Eikenella corrodens,1
647,Daidzein,88,Human immunodeficiency virus,0
830,Isatin,6,Actinobacillus actinomycetemcomitans,0
806,Hypericin,151,Streptococcus mutans,1
874,LF11-227,121,Pseudomonas aeruginosa,1
79,"(5Z)-2-(1,1-dichloro-3,3-dimethylbutyl)-5-(phenylmethylidene)-1,3-oxazolidin-4-one",163,Streptomyces sp.,0
511,CRAMP,126,Pseudomonas putida,0
798,Hinokitiol,39,Candida parapsilosis,1
1338,cis-4-Hydroxy-L-proline,143,Staphylococcus epidermis,1
126,1-(4-methoxyphenyl)-3-m-tolyurea,151,Streptococcus mutans,1
637,D-Tyrosine,26,Bacteroides vulgatus,0
1200,Sodium sulfate,50,Cronobacter sakazakii,0
1040,Olmesartran,3,Acinetobacter nosocomialis,0
481,Benzylpenicillin,67,Escherichia coli,1
1172,Salicylic acid,121,Pseudomonas aeruginosa,1
572,Chloramphenicol,33,Campylobacter jejuni,1
959,"N-((2R,3R,4S,5S,6R)-2,4,5-Trihydroxy-6-(hydroxymethyl)tetrahydro-2H-pyran-3-yl)butyramide",121,Pseudomonas aeruginosa,1
719,Ethylenediametetraacetic acid,21,Bacillus subtilis,1
409,7-nitroindole,121,Pseudomonas aeruginosa,1
463,Bac8C,98,Lactobacillus fermenti,1
905,Lysozyme,137,Staphylococcus aureus,1
893,Limonene,67,Escherichia coli,1
1007,Neomycin,56,Eggerthella lenta,0
428,Aloe-emodin,151,Streptococcus mutans,1
520,Camphene,34,Candida albicans,1
334,4-Iodo-d-phenylalanine,59,Enterobacter aerogenes,0
1326,alpha-mangostin,142,Staphylococcus epidermidis,1
809,IG-13,31,Burkholderia pseudomallei,1
1021,Norgestimate,25,Bacteroides uniformis,0
913,Magainin-I,51,Cryptococcus neoformans,1
896,Lipoic acid,132,Serratia marcescens,0
16,"(2E)-1-(1 ,3 -benzodioxol-5-yl)-3-(2-naphthyl)-2-propen-1-one",25,Bacteroides uniformis,0
94,(R)-2-amino-3-cyclopentylpropanoic acid,137,Staphylococcus aureus,1
601,Clove oil,67,Escherichia coli,1
1329,beta-6-20-G3K6,73,Gardnerella vaginalis,0
227,2-amino-3-(3-nitrophenyl)propanoic acid,37,Candida guiliermondi,0
866,L-Tyrosine,137,Staphylococcus aureus,1
1135,Raltegravir,50,Cronobacter sakazakii,0
669,Dicinnamyl,137,Staphylococcus aureus,1
96,(RW)3-NH2,67,Escherichia coli,1
537,Cefaclor,154,Streptococcus pneumoniae,1
429,Amantadine,73,Gardnerella vaginalis,0
20,"(2E)-1-(2 ,4 ,5 -trimethoxyphenyl)-3-(2-chloro-quinolin-3-yl)-2-propen-1-one",55,Edwardsiella tarda,0
121,"1-(2-Chloroacetyl)indoline-2,3-dione",174,Yersinia enterocolitica,0
522,Carabrol,34,Candida albicans,1
300,3-hydroxychalcone,75,Haemophilus influenzae,1
217,2-Cyano-D-phenylalanine,143,Staphylococcus epidermis,1
882,LL-37,105,Morganella morganii,0
371,5-(dibromomethylene)-3-butyl-2(5H)-furanone,115,Porphyromonas gingivalis,0
517,Caffeine,69,Eubacterium ramulus,0
852,Kanamycin,0,Achromobacter sp.,0
31,(2E)-1-[4 -(1H-imidazol-1-yl)phenyl]-3-(3-methoxy-4-benzyloxi-phenyl)-2-propen-1-one,137,Staphylococcus aureus,1
77,"(5S)-1,7-bis(4-hydroxyphenyl)-5-O-_-D- apiofuranosyl(1 _ 6)-_-D-glucopyranosyloxyheptan-3-one",70,Firmicutes,0
795,Hexachlorophene,34,Candida albicans,1
705,Epigallocatechin Gallate,43,Citrobacter freundii,1
618,Cyclobutanamine,121,Pseudomonas aeruginosa,1
966,N-(2-Pyrimidinyl)butanamide,121,Pseudomonas aeruginosa,1
895,Linezolid,137,Staphylococcus aureus,1
4,(1E)-1-{[(1E)-prop-1-ene-1-sulfinyl]sulfanyl}prop-1-ene,151,Streptococcus mutans,1
1275,Trimethyl(3-{4-[3-(trimethylazaniumyl)propoxy]phenoxy}propyl)azanium dibromide,137,Staphylococcus aureus,1
692,Elemental silver,82,Hepatitis C Virus,0
704,Epigallocatechin,165,Trichophyton mentagrophytes,0
487,Bifonazole,19,Bacillus cereus,0
862,L-K6,151,Streptococcus mutans,1
675,"Dihydroxybenzoic Acid (2,4-DHBA)",57,Eikenella corrodens,1
556,Cefpiramide,67,Escherichia coli,1
1368,para-ethoxyaniline,121,Pseudomonas aeruginosa,1
365,"5,8,11,14-Eicosatetraynoic acid",153,Streptococcus parasanguinis,0
1012,Niclosamide,48,Coagulase- negative staphylococci,0
1008,Nerolidol,157,Streptococcus salivarius,0
217,2-Cyano-D-phenylalanine,150,Streptococcus mitis,0
911,MUC7 20-mer,151,Streptococcus mutans,1
475,"Benzenesul-fonamide,4-amino-N-methyl-N-[3-(3,4,7,8-tetrahydro-2,4-dioxo-2H-thiopyrano[4,3-d]pyrimidin-1(5H)-yl)propyl",121,Pseudomonas aeruginosa,1
34,(2E)-3-(3-hydroxy-4-methoxyphenyl)-1-phenylprop-2-en-1-one,75,Haemophilus influenzae,1
685,Dodecyl beta-maltoside,121,Pseudomonas aeruginosa,1
11,(1Z)-(prop-2-en-1-ylidene)-lambda4-sulfanyliumolate,14,Arthrobacter sp.,0
668,Dichloromethane,79,Helicobacter pylori,0
448,Aspirin,46,Clostridium pasteurianum,0
671,Dicloxacillin,101,Listeria monocytogenes serotype 4a,1
890,Lemon oil,137,Staphylococcus aureus,1
927,Methyl gallate,121,Pseudomonas aeruginosa,1
1133,RT2,119,Providencia stuartii,0
184,2-(2-(2-Azidoacetamido)-5-nitrophenyl)-2-oxo-N-(prop-2-yn-1-yl)acetamide,114,Plasmodium falciparum,0
779,Glycomonoterpenes (G-citral),121,Pseudomonas aeruginosa,1
1218,Sulfamerazine,36,Candida glabrata,0
324,4-Chlorochalcone,75,Haemophilus influenzae,1
985,"N1-(7-chloroquinolin-4-yl)ethane-1,2-diamine",25,Bacteroides uniformis,0
591,Citropin 1.1,164,Thermus thermophilus,0
17,"(2E)-1-(1,3-benzodioxol-5-yl)-3-(2-chloro-quinolin-3-yl)-2-propen-1-one",142,Staphylococcus epidermidis,1
559,Ceftazidime,31,Burkholderia pseudomallei,1
25,"(2E)-1-(3 ,4 -dimethoxyphenyl)-3-(2-naphthyl)-2-propen-1-one",142,Staphylococcus epidermidis,1
42,(2R)-2-amino-3-(2-phenylethanesulfinyl)propanoic acid,131,Serratia liquefaciens,0
1378,trans-Stillbene,45,Clostridium leptum,0
884,LL7-37,18,Bacillus anthracis,0
437,Ampicillin,121,Pseudomonas aeruginosa,1
466,Bacitracin,126,Pseudomonas putida,0
736,Floxacillin,47,Clostridium perfringens,1
735,Fleroxacin,37,Candida guiliermondi,0
249,"3,3-dimethyl-13-{9-methyl-[1,2,3,4]tetrazolo[1,5-a]quinolin-4-yl}-1H,2H,3H,4H,6H,11H,13H-indazolo[1,2-b]phthalazine-1,6,11-trione",55,Edwardsiella tarda,0
447,Asperdiol acetate,137,Staphylococcus aureus,1
1311,Zeaxanthin,113,Pichia anomala,0
1359,n-Hexane,137,Staphylococcus aureus,1
266,3-(2-Pyridinyl)alanine,77,Hafnia paralvei,0
197,"2-(4,5-dibromo-1-methyl-1H-pyrrol-2-yl)-5-(pyridin-4-yl)-1,3,4-oxadiazole",121,Pseudomonas aeruginosa,1
627,D-Aspartic acid,143,Staphylococcus epidermis,1
1122,Quinizarin,151,Streptococcus mutans,1
1166,S6L3-33,138,Staphylococcus capitis,0
127,1-(4-methoxyphenyl)-3-p-tolyurea,151,Streptococcus mutans,1
1009,Netilmicin,99,Listeria ivanovii,0
1344,dF17-6K,41,Candida tropicalis,1
937,Mitomycin C,84,Human herpesvirus 1,0
512,CSP,151,Streptococcus mutans,1
672,Dicyclohexylamine,48,Coagulase- negative staphylococci,0
215,2-Carbamoylphenylalanine,60,Enterobacter cancerogenus,0
1071,Penicillic acid,1,Achromobacter xylosoxidans,1
471,Benzalacetone,171,Vibrio harveyi,1
1248,Tet-213,32,Burkholderia thailandensis,0
408,7-methylindole,119,Providencia stuartii,0
90,(E)-Chalcone,30,Burkholderia multivorans,0
81,"(5Z)-2-(1,1-dichloro-3,3-dimethylbutyl)-5-{[4-(trifluoromethyl)phenyl]methylidene}-1,3-oxazolidin-4-one",97,Kocuria rhizophila,0
104,(Z)-4-bromo-5-(bromomethylene)-3-butyl-2(5H)-furanone,129,Salmonella enterica,1
612,Coumarin,63,Enterobacteria phage T4,0
867,L-carnosine,108,Mycobacterium smegmatis,0
853,Kaurenoic acid,102,Lysinibacillus sphaericus,0
788,Hamamelitannin,28,Burkholderia cenocepacia,1
723,"F2,5,12W",166,Trueperella pyogenes,0
147,11(R)-hydroxy-12(20)-en-knightal,137,Staphylococcus aureus,1
904,Lys-a1,158,Streptococcus sanguinis,1
796,Hexameric peptide,67,Escherichia coli,1
570,Chelerythrine,137,Staphylococcus aureus,1
499,Butenafine hydrochloride,34,Candida albicans,1
141,1-{2-[(E)-2-(4-methoxyphenyl)ethenyl]-4-phenylquinolin-3-yl}ethan-1-one,137,Staphylococcus aureus,1
246,"3,3-Diphenyl-D-alanine",143,Staphylococcus epidermis,1
1116,Pyrogallol,116,Propionibacterium acnes,0
1183,Silver Ion,73,Gardnerella vaginalis,0
849,KSL-W,34,Candida albicans,1
680,Diphenyl methane,98,Lactobacillus fermenti,0
916,Mefloquine,83,Hepatitis C virus,0
1321,alpha-Defensin-3,151,Streptococcus mutans,0
857,L-2-Bromophenylalanine,143,Staphylococcus epidermis,1
1318,ZnO nanoparticles,47,Clostridium perfringens,0
907,M8G2,166,Trueperella pyogenes,0
985,"N1-(7-chloroquinolin-4-yl)ethane-1,2-diamine",132,Serratia marcescens,1
15,(2-{[(2-phenylethyl)sulfanyl]sulfinyl}ethyl)benzene,151,Streptococcus mutans,1
847,KD-13,26,Bacteroides vulgatus,0
454,Avibactam,95,Klebsiella pneumoniae,1
539,Cefalonium,100,Listeria monocytogenes,1
340,"4-Phenyl-N-((2R,3R,4S,5S,6R)-2,4,5-trihydroxy-6-(hydroxymethyl)tetrahydro-2H-pyran-3-yl)butanamide",13,Aquifex aeolicus,0
1102,Posaconazole,151,Streptococcus mutans,0
1286,Uracil,74,Geobacillus kaustophilus,0
1201,Sorbitol,162,Streptomyces rubiginosus,1
769,Ganciclovir,84,Human herpesvirus 1,1
28,(2E)-1-(4 -methoxyphenyl)-3-(2-naphthyl)-2-propen-1-one,66,Enterococcus gallinarum,0
598,Clofazimine,83,Hepatitis C virus,0
639,D-glutamine,143,Staphylococcus epidermis,1
178,2- geranyloxy-1-(2-methylbutanoyl)phloroglucinol,142,Staphylococcus epidermidis,1
604,Cobalt Ion,167,Varicella-zoster virus,0
852,Kanamycin,150,Streptococcus mitis,0
634,D-Phenylalanine,138,Staphylococcus capitis,0
577,Chromate,61,Enterobacter cloacae,0
772,Gemifloxacin,127,Raoultella ornithinolytica,0
1147,Rilpivirine,135,Sphingomonas sp. Ibu-2,0
1350,epsilon-viniferin,121,Pseudomonas aeruginosa,1
790,Heptadecanoic acid,141,Staphylococcus cohnii,0
834,Isohydnocarpin,137,Staphylococcus aureus,1
391,6-Chloroindole,121,Pseudomonas aeruginosa,1
764,Gallic Acid,151,Streptococcus mutans,1
372,5-(dibromomethylene)-3-ethyl-2(5H)-furanone,86,Human herpesvirus 4,0
1306,Wheat bran,57,Eikenella corrodens,0
1052,PG-1,47,Clostridium perfringens,0
525,Carboxymethyl chitosan,137,Staphylococcus aureus,1
404,"7-fluoroindoline-2,3-dione",33,Campylobacter jejuni,0
965,N-(2-Pyridinyl)butanamide,121,Pseudomonas aeruginosa,1
919,Menthol,121,Pseudomonas aeruginosa,1
1128,RI-19,31,Burkholderia pseudomallei,1
561,Ceftizoxime,19,Bacillus cereus,0
1222,Sulfamoxole,114,Plasmodium falciparum,1
217,2-Cyano-D-phenylalanine,134,Shigella flexneri,0
1030,OHC10HL,31,Burkholderia pseudomallei,1
346,4-bromo-5-(dibromomethylene)-3-(1-acetoxyoethyl)-2(5H)-furanone,136,Staphlococcus aureus,0
1348,digoxin,18,Bacillus anthracis,0
1282,Tyrphostin AG1478,34,Candida albicans,1
132,"1-[2-(2-nitrophenyl)-5-phenyl-1,3,4-oxadiazol-3(2H)-yl]ethanone",64,Enterococcus faecalis,1
1358,methanesulfonylbenzene,121,Pseudomonas aeruginosa,1
766,Gallium cation,121,Pseudomonas aeruginosa,1
637,D-Tyrosine,88,Human immunodeficiency virus,0
95,(RW)2-NH2,17,Bacillus amyloliquefaciens,0
705,Epigallocatechin Gallate,57,Eikenella corrodens,1
876,LF11-324,98,Lactobacillus fermenti,0
1130,RK-25,155,Streptococcus pneumoniae serotype 4,0
1219,Sulfamethazine,128,Salmonella Typhi,0
760,G2,39,Candida parapsilosis,0
78,"(5Z)-2-(1,1-dichloro-2-phenylethyl)-5-{[4-(trifluoromethyl)phenyl]methylidene}-1,3-oxazolidin-4-one",137,Staphylococcus aureus,1
749,Furanone F202,16,Aspergillus niger,0
705,Epigallocatechin Gallate,84,Human herpesvirus 1,0
203,"2-(4-Chlorophenyl)-5-(4,5-dibromo-1-methyl-1H-pyrrol-2-yl)-1,3,4-oxadiazole",148,Streptococcus epidermidis,1
83,"(5Z)-2-(1,1-dichlorobut-3-yn-1-yl)-5-{[4-(trifluoromethyl)phenyl]methylidene}-1,3-oxazolidin-4-one",137,Staphylococcus aureus,1
1151,Rosoxacin,67,Escherichia coli,1
1149,Ritonavir,89,Human immunodeficiency virus 1,1
1314,Zinc Dichloride,121,Pseudomonas aeruginosa,1
484,Betulin,77,Hafnia paralvei,1
514,CWR11,121,Pseudomonas aeruginosa,1
1352,hLF1-11,34,Candida albicans,1
724,FK506,10,Aeromonas sobria,0
654,Decanediol,121,Pseudomonas aeruginosa,0
328,"4-Fluoro-(S)-4,5-Dihydroxypentane-2,3-dione",171,Vibrio harveyi,1
916,Mefloquine,114,Plasmodium falciparum,1
246,"3,3-Diphenyl-D-alanine",155,Streptococcus pneumoniae serotype 4,0
1291,VSL2,58,Enteric bacteria and other eubacteria,0
1341,cov-GL13K,115,Porphyromonas gingivalis,1
524,Carbonyl cyanide m-chlorophenylhydrazone,0,Achromobacter sp.,0
698,Enfuvirtide,162,Streptomyces rubiginosus,0
348,4-bromo-5-(dibromomethylene)-3-ethyl-2(5H)-furanone,74,Geobacillus kaustophilus,0
564,Cefuroxime,57,Eikenella corrodens,0
377,"5-Chloro-1-(2-chloroacetyl)indoline-2,3-dione",121,Pseudomonas aeruginosa,1
152,"13-(2-chloro-6-methylquinolin-3-yl)-3,3-dimethyl-1H,2H,3H,4H,6H,11H,13H-indazolo[1,2-b]phthalazine-1,6,11-trione",11,Aggregatibacter actinomycetemcomitans,0
1057,Palmitic acid,67,Escherichia coli,1
398,6-hydroxyflavone,154,Streptococcus pneumoniae,0
75,"(5E)-5-octylidene-1,3-thiazolidine-2,4-dione",30,Burkholderia multivorans,0
705,Epigallocatechin Gallate,127,Raoultella ornithinolytica,1
462,BS-34,65,Enterococcus faecium,0
510,CGP-37157,34,Candida albicans,1
607,Colistin sodium methanesulfonate,10,Aeromonas sobria,0
571,Chitosan,49,Corynebacterium ammoniagenes,0
1142,Ribavirin,37,Candida guiliermondi,0
211,2-(Aminomethyl)-L-phenylalanine,137,Staphylococcus aureus,1
1301,Vitamin C,67,Escherichia coli,1
1145,Rifampicin,137,Staphylococcus aureus,1
347,4-bromo-5-(dibromomethylene)-3-(1-bromoethyl)-2(5H)-furanone,16,Aspergillus niger,0
440,Aniline,26,Bacteroides vulgatus,0
904,Lys-a1,15,Aspergillus fumigatus,0
555,Cefoxitin,173,Vibrio vulnificus,0
525,Carboxymethyl chitosan,142,Staphylococcus epidermidis,1
1138,Resorcinol,162,Streptomyces rubiginosus,0
1180,Sertaconazole nitrate,42,Chromobacterium violaceum,0
198,"2-(4,5-dibromo-1-methyl-1H-pyrrol-2-yl)-5-phenyl-1,3,4-oxadiazole",56,Eggerthella lenta,0
438,Amprenavir,174,Yersinia enterocolitica,0
877,LFampin,134,Shigella flexneri,0
1294,Vanillin,45,Clostridium leptum,0
410,7P-AC,137,Staphylococcus aureus,1
1247,Tet-20,27,Baker's yeast,0
1105,Pro-Gly,80,Hepatitis B virus D,0
1040,Olmesartran,96,Klebsiella variicola,0
119,"1-(2,4-dichlorophenyl)-2-(1H-imidazol-1-yl)ethyl (2E)-3-phenylprop-2-enoate",34,Candida albicans,1
1229,TMC-151s C,34,Candida albicans,1
571,Chitosan,8,Actinoplanes missouriensis,0
1088,Phosphorylserine,137,Staphylococcus aureus,1
859,"L-744,832",65,Enterococcus faecium,0
540,Cefalotin,68,Escherichia coli O6:H1 (strain CFT073 / ATCC 700928 / UPEC),0
381,5-Hydroxy-4-[(4-methylphenyl)sulfonyl]-3-chloro-2(5H)-furanone,94,Klebsiella planticola,0
327,4-Ethylguaiacol,105,Morganella morganii,0
539,Cefalonium,137,Staphylococcus aureus,1
33,(2E)-1-[4-(4-nitrophenyl)piperazin-1-yl]-3-phenylprop-2-en-1-one,15,Aspergillus fumigatus,0
1302,Vitamin E,157,Streptococcus salivarius,0
144,"1-{6-nitro-4-phenyl-2-[(E)-2-(3,4,5-trimethoxyphenyl)ethenyl]quinolin-3-yl}ethan-1-one",104,Micrococcus luteus,1
910,MUC7 12-mer-L4,151,Streptococcus mutans,1
501,Butoconazole nitrate,34,Candida albicans,1
344,4-bromo-5-(bromomethylene)-3-(1-bromobutyl)-2(5H)-furanone,22,Bacteroides,0
480,Benzyl decyl beta-maltoside,150,Streptococcus mitis,0
621,"D, L- K6L9",41,Candida tropicalis,0
507,C6-HSL,92,Influenza A virus,0
154,"13-(2-chloro-7-methylquinolin-3-yl)-3,3-dimethyl-1H,2H,3H,4H,6H,11H,13H-indazolo[1,2-b]phthalazine-1,6,11-trione",121,Pseudomonas aeruginosa,1
303,3-oxo-C8-HSL,108,Mycobacterium smegmatis,0
759,G10KHc,8,Actinoplanes missouriensis,0
239,2-bromooctanoic acid,121,Pseudomonas aeruginosa,1
615,Curcumin,124,Pseudomonas japonica,1
325,4-Cyanophenylalanine,143,Staphylococcus epidermis,1
99,(Z)-3-(bromomethylene) isobenzofuran-1(3H)-one,142,Staphylococcus epidermidis,1
158,"13-{7-methoxy-[1,2,3,4]tetrazolo[1,5-a]quinolin-4-yl}-3,3-dimethyl-1H,2H,3H,4H,6H,11H,13H-indazolo[1,2-b]phthalazine-1,6,11-trione",121,Pseudomonas aeruginosa,1
673,Didanosine,89,Human immunodeficiency virus 1,1
1110,Protocatechuic acid,116,Propionibacterium acnes,0
1145,Rifampicin,142,Staphylococcus epidermidis,1
63,"(2S,3R,4S,5S,6R)-6-(Acetoxymethyl)-3-(3-oxooctanamido)tetrahydro-2H-pyran-2,4,5-triyl triacetate",47,Clostridium perfringens,0
1351,faropenem medoxomil,155,Streptococcus pneumoniae serotype 4,1
1009,Netilmicin,29,Burkholderia cepacia,0
1361,nimesulide,51,Cryptococcus neoformans,1
75,"(5E)-5-octylidene-1,3-thiazolidine-2,4-dione",77,Hafnia paralvei,0
915,Malabaricone C,121,Pseudomonas aeruginosa,1
1324,alpha-Pinene,19,Bacillus cereus,1
31,(2E)-1-[4 -(1H-imidazol-1-yl)phenyl]-3-(3-methoxy-4-benzyloxi-phenyl)-2-propen-1-one,5,Acinetobacter sp.,0
1326,alpha-mangostin,73,Gardnerella vaginalis,0
686,Dolutegravir,89,Human immunodeficiency virus 1,1
1270,Triclosan,79,Helicobacter pylori,1
249,"3,3-dimethyl-13-{9-methyl-[1,2,3,4]tetrazolo[1,5-a]quinolin-4-yl}-1H,2H,3H,4H,6H,11H,13H-indazolo[1,2-b]phthalazine-1,6,11-trione",25,Bacteroides uniformis,0
526,Carminic acid,151,Streptococcus mutans,1
1,"(10R,11R)-Hydnocarpin",137,Staphylococcus aureus,1
1042,Oregano oil,122,Pseudomonas chlororaphis,0
569,Ch_GG_Nt-Dhvar5,137,Staphylococcus aureus,1
1227,Syringic acid,52,Dengue Virus Type 2,0
1152,Rufloxacin,49,Corynebacterium ammoniagenes,0
1303,Vitexin,121,Pseudomonas aeruginosa,1
1377,trans-Resveratrol,98,Lactobacillus fermenti,0
1023,Norspermidine,121,Pseudomonas aeruginosa,1
1028,O-LF11-227,40,Candida spp.,0
67,"(2S,3R,4S,5S,6R)-6-(Acetoxymethyl)-3-octanamidotetrahydro-2H-pyran-2,4,5-triyl triacetate",26,Bacteroides vulgatus,0
1215,Sulfadiazine,114,Plasmodium falciparum,1
1142,Ribavirin,10,Aeromonas sobria,0
904,Lys-a1,152,Streptococcus oralis,1
1117,Pyrvinium pamoate,137,Staphylococcus aureus,0
1298,Viomycin,109,Mycobacterium tuberculosis,1
655,Decyl beta-maltoside,63,Enterobacteria phage T4,0
542,Cefapirin,47,Clostridium perfringens,1
558,Cefprozil,155,Streptococcus pneumoniae serotype 4,1
997,Na-Benzoate,137,Staphylococcus aureus,1
260,"3,5-dimethylaniline",121,Pseudomonas aeruginosa,1
530,Caspofungin,34,Candida albicans,1
1142,Ribavirin,92,Influenza A virus,1
1180,Sertaconazole nitrate,34,Candida albicans,1
577,Chromate,121,Pseudomonas aeruginosa,1
1017,Nobiletin,67,Escherichia coli,1
836,Isoniazid,58,Enteric bacteria and other eubacteria,0
780,Glycomonoterpenes (G-citron),170,Vibrio cholerae,1
290,3-Nitrophenylalanine,4,Acinetobacter oleiovorans,0
1262,Tioconazole,60,Enterobacter cancerogenus,0
1036,Ofloxacin,75,Haemophilus influenzae,1
1115,Pyrimidinedione,154,Streptococcus pneumoniae,1
1121,Quinine,114,Plasmodium falciparum,1
64,"(2S,3R,4S,5S,6R)-6-(Acetoxymethyl)-3-butyramidotetrahydro-2H-pyran-2,4,5-triyl triacetate",141,Staphylococcus cohnii,0
1196,Sm6(L2)B33,151,Streptococcus mutans,1
1278,"Trimethyl[3-({33-[2-(trimethylazaniumyl)ethoxy]-10,15,20,25,27,29,31,34-octakis[3-(trimethylazaniumyl)propoxy]hexacyclo[21.2.2.2,.2,.2,.2]pentatriaconta-1(25),3,5,8,10,13,15,18,20,23,26,28,30,32,34-pentadecaen-4-yl}oxy)propyl]azanium decabromide",146,Staphylococcus saprophyticus,0
1224,Sulfaphenazole,67,Escherichia coli,1
1325,alpha-costic acid,34,Candida albicans,1
1077,Peptide 1,34,Candida albicans,1
37,"(2E)-N -(2 -hydroxy-5 -bromo-benzilidene)-3,4,5-trimethoxybenzohydrazide",161,Streptomyces gordonii,0
1256,Thonzonium bromide,79,Helicobacter pylori,0
1310,Zanamivir,92,Influenza A virus,1
840,Isosinensetin,171,Vibrio harveyi,1
637,D-Tyrosine,137,Staphylococcus aureus,1
400,7-bromoindole,149,Streptococcus gordonii,0
703,Epicatechin-3-gallate,111,Obesumbacterium proteus,0
1276,Trimethyl(3-{4-[3-(trimethylphosphaniumyl)propoxy]phenoxy}propyl)phosphanium dibromide,137,Staphylococcus aureus,1
1123,Quinolin-8-ol,50,Cronobacter sakazakii,0
1112,Psoralen,172,Vibrio parahaemolyticus,0
90,(E)-Chalcone,31,Burkholderia pseudomallei,0
896,Lipoic acid,25,Bacteroides uniformis,0
513,CSP-C16,112,Pantoea agglomerans,0
1373,sorivudine,26,Bacteroides vulgatus,1
939,Moxifloxacin,34,Candida albicans,1
368,5-(dibromomethylene)-3-(1-acetoxyethyl)-2(5H)-furanone,104,Micrococcus luteus,0
848,KSL,151,Streptococcus mutans,1
450,Atovaquone,114,Plasmodium falciparum,1
927,Methyl gallate,117,Proteus mirabilis,0
1337,cis-2-dodecenoic acid,34,Candida albicans,1
798,Hinokitiol,71,Francisella novicida,0
48,(2R)-2-amino-4-phenylbutanoic acid,85,Human herpesvirus 3,0
1268,Toremifene,112,Pantoea agglomerans,0
926,Methyl eugenol,72,Fusarium solani,0
1279,Trovafloxacin,8,Actinoplanes missouriensis,0
75,"(5E)-5-octylidene-1,3-thiazolidine-2,4-dione",34,Candida albicans,1
816,Imipenem,67,Escherichia coli,1
466,Bacitracin,34,Candida albicans,1
186,2-(2-(2-Chloroacetamido)-5-fluorophenyl)-2-oxo-N-( prop-2-yn-1-yl)acetamide,130,Schistosoma,0
694,Elliptophenone A,142,Staphylococcus epidermidis,1
1185,Silver nanoparticles,137,Staphylococcus aureus,1
630,D-Histidine,84,Human herpesvirus 1,0
594,Clary sage oil,51,Cryptococcus neoformans,0
827,Indolicidin,137,Staphylococcus aureus,1
161,14-Glycinyl andrographolide hydrochloride,121,Pseudomonas aeruginosa,1
318,4-Amino-D-phenylalanine,137,Staphylococcus aureus,1
425,Alexidine dihydrochloride,57,Eikenella corrodens,0
700,Ephedrine,121,Pseudomonas aeruginosa,1
322,4-Bromo-D-phenylalanine,143,Staphylococcus epidermis,1
453,Avermectin B1a,152,Streptococcus oralis,0
322,4-Bromo-D-phenylalanine,28,Burkholderia cenocepacia,0
939,Moxifloxacin,11,Aggregatibacter actinomycetemcomitans,0
821,Indole,112,Pantoea agglomerans,1
810,IG-19,28,Burkholderia cenocepacia,0
1186,Silver nanowires,121,Pseudomonas aeruginosa,1
1131,RK-31,172,Vibrio parahaemolyticus,0
770,Garlic extract,121,Pseudomonas aeruginosa,1
1260,Tiliroside,137,Staphylococcus aureus,1
1099,Polyethyleneimine,35,Candida dubliniensis,0
1337,cis-2-dodecenoic acid,157,Streptococcus salivarius,0
114,"1,2,3,4-Tetrahydroisoquinoline-3-carboxylic acid",125,Pseudomonas libaniensis,0
509,CAMA,22,Bacteroides,0
645,DJK6,2,Acinetobacter baumannii,1
573,Chlorhexidine,54,Dihydropteroate synthase type-1,0
852,Kanamycin,106,Mycobacterium avium,0
422,Adefovir Dipivoxil,80,Hepatitis B virus D,1
287,3-Methoxychalcone,133,Shewanella oneidensis,0
1342,cyclo(Trp-Ser),71,Francisella novicida,0
426,Allicin,35,Candida dubliniensis,0
623,D-2-aminoadipic acid,143,Staphylococcus epidermis,1
61,"(2S,3R,4S,5S,6R)-6-(Acetoxymethyl)-3-(2-(4-methoxyphenyl)acetamido)tetrahydro-2H-pyran-2,4,5-triyl triacetate",114,Plasmodium falciparum,0
157,13-methyltetradecanoic acid,121,Pseudomonas aeruginosa,1
871,L-pipecolic acid,112,Pantoea agglomerans,0
658,Demeclocycline,151,Streptococcus mutans,0
236,"2-bromo-4-methyl-6-(3,4,5-tribromo-1H-pyrrole-2-carbonyl)phenol",163,Streptomyces sp.,0
1362,nitrazepam,126,Pseudomonas putida,0
922,Meta-bromo-thiolactone,59,Enterobacter aerogenes,0
830,Isatin,124,Pseudomonas japonica,0
307,"3-{2-[(1S,2R,4aR,8aR)-1,2,4a,5-tetramethyl-1,2,3,4,4a,7,8,8a-octahydronaphthalen-1-yl]ethyl}-N-(2-fluorophenyl)-5-methylidene-2,5-dihydrofuran-2-amine",137,Staphylococcus aureus,1
57,"(2S,3R,4S,5S,6R)-6-(Acetoxymethyl)-3-(2-(4-(trifluoromethyl)phenyl)acetamido)tetrahydro-2H-pyran-2,4,5-triyltriacetate",140,Staphylococcus chromogenes,0
343,4-bromo-5-(bromomethylene)-3-(1-acetoxybutyl)-2(5H)-furanone,129,Salmonella enterica,1
1354,knightine,121,Pseudomonas aeruginosa,1
317,4-Acetamido-D-phenylalanine,143,Staphylococcus epidermis,1
1282,Tyrphostin AG1478,134,Shigella flexneri,0
1217,Sulfalene,114,Plasmodium falciparum,1
923,Methacycline,58,Enteric bacteria and other eubacteria,1
1003,Naringin,166,Trueperella pyogenes,0
1195,Sm6(L1)2C,151,Streptococcus mutans,1
867,L-carnosine,109,Mycobacterium tuberculosis,0
933,Micafungin,126,Pseudomonas putida,0
914,Magainin-II,151,Streptococcus mutans,1
1086,Phloridzin,137,Staphylococcus aureus,1
1271,"Triethyl[2-({10,15,20,24,26,29,31,33,34-nonakis[3-(triethylphosphaniumyl)propoxy]hexacyclo[21.2.2.2,.2,.2,.2]pentatriaconta-1(25),3(35),4,6(34),8,10,13,15,18,20,23,26,28,30,32-pentadecaen-4-yl}oxy)ethyl]phosphanium decabromide",133,Shewanella oneidensis,0
46,(2R)-2-amino-3-[(4-methylphenyl)methanesulfinyl]propanoic acid,159,Streptococcus sanguis,1
353,4-dimethyl-amino-cinnamaldehyde,111,Obesumbacterium proteus,0
936,Minocycline,67,Escherichia coli,1
1002,Naringenin,105,Morganella morganii,0
414,AAP2,151,Streptococcus mutans,1
308,"3-{2-[(1S,2R,4aR,8aR)-1,2,4a,5-tetramethyl-1,2,3,4,4a,7,8,8a-octahydronaphthalen-1-yl]ethyl}-N-(3-fluorophenyl)-5-methylidene-2,5-dihydrofuran-2-amine",151,Streptococcus mutans,1
412,"9-hydroxy-2-propyl-4H-pyrido[1,2-a]pyrimidin-4-one",55,Edwardsiella tarda,0
615,Curcumin,62,Enterobacter ludwigi,1
51,"(2R,3E)-2-Amino-4-phenyl-3-butenoic acid",8,Actinoplanes missouriensis,0
634,D-Phenylalanine,120,Pseudoalteromonas sp.,1
861,L-Canavanine,30,Burkholderia multivorans,1
705,Epigallocatechin Gallate,60,Enterobacter cancerogenus,1
273,3-(4-fluorophenyl)-5-(3-ethoxy- 4-hydroxybenzylidene)-2-thioxothiazolidin-4-one,67,Escherichia coli,1
217,2-Cyano-D-phenylalanine,144,Staphylococcus equorum,0
469,Baicalin,1,Achromobacter xylosoxidans,0
813,Ibuprofen,135,Sphingomonas sp. Ibu-2,1
1011,Niacinamide,121,Pseudomonas aeruginosa,1
380,5-Fluorouracil,121,Pseudomonas aeruginosa,1
1109,Protamine sulphate,26,Bacteroides vulgatus,0
655,Decyl beta-maltoside,121,Pseudomonas aeruginosa,1
1139,Resveratrol,104,Micrococcus luteus,0
798,Hinokitiol,37,Candida guiliermondi,1
660,Desipramine,171,Vibrio harveyi,0
158,"13-{7-methoxy-[1,2,3,4]tetrazolo[1,5-a]quinolin-4-yl}-3,3-dimethyl-1H,2H,3H,4H,6H,11H,13H-indazolo[1,2-b]phthalazine-1,6,11-trione",34,Candida albicans,1
132,"1-[2-(2-nitrophenyl)-5-phenyl-1,3,4-oxadiazol-3(2H)-yl]ethanone",137,Staphylococcus aureus,1
1265,Tobramycin,121,Pseudomonas aeruginosa,1
993,NA12,139,Staphylococcus caprae,0
1230,TZD-C8,126,Pseudomonas putida,0
571,Chitosan,137,Staphylococcus aureus,1
1199,Sodium ascorbate,121,Pseudomonas aeruginosa,1
898,Lomefloxacin,75,Haemophilus influenzae,1
511,CRAMP,163,Streptomyces sp.,0
817,Imperatorin,67,Escherichia coli,1
841,Isothiocyanate,149,Streptococcus gordonii,0
1268,Toremifene,38,Candida krusei,1
337,4-Methyl benzyl dodecyl beta-maltoside,80,Hepatitis B virus D,0
934,Miconazole,13,Aquifex aeolicus,0
1025,Nystatin,102,Lysinibacillus sphaericus,0
25,"(2E)-1-(3 ,4 -dimethoxyphenyl)-3-(2-naphthyl)-2-propen-1-one",137,Staphylococcus aureus,1
620,Cynarin,121,Pseudomonas aeruginosa,1
593,Clary sage,79,Helicobacter pylori,0
1179,Sennidin A,151,Streptococcus mutans,1
636,D-Tryptophan,56,Eggerthella lenta,0
1105,Pro-Gly,121,Pseudomonas aeruginosa,1
729,Ferric chloride,5,Acinetobacter sp.,0
1082,Phenoxymethylpenicillin,102,Lysinibacillus sphaericus,1
1113,Pyrazinamide,38,Candida krusei,0
567,Cerulenin,96,Klebsiella variicola,0
1035,Octyl gallate,49,Corynebacterium ammoniagenes,0
1200,Sodium sulfate,133,Shewanella oneidensis,0
193,"2-(4,5-dibromo-1-methyl-1H-pyrrol-2-yl)-5-(4-methoxyphenyl)-1,3,4-oxadiazole",148,Streptococcus epidermidis,1
307,"3-{2-[(1S,2R,4aR,8aR)-1,2,4a,5-tetramethyl-1,2,3,4,4a,7,8,8a-octahydronaphthalen-1-yl]ethyl}-N-(2-fluorophenyl)-5-methylidene-2,5-dihydrofuran-2-amine",56,Eggerthella lenta,0
882,LL-37,143,Staphylococcus epidermis,0
493,Brecanavir,89,Human immunodeficiency virus 1,1
154,"13-(2-chloro-7-methylquinolin-3-yl)-3,3-dimethyl-1H,2H,3H,4H,6H,11H,13H-indazolo[1,2-b]phthalazine-1,6,11-trione",145,Staphylococcus haemolyticus,0
1028,O-LF11-227,121,Pseudomonas aeruginosa,1
299,3-hexyl-5-bromomethylene-2(5H)-furanone,110,Neisseria gonorrhoeae,0
162,14-alpha-lipoyl andrographolide,25,Bacteroides uniformis,0
382,5-bromomethylene-2 (5H)-furanone,172,Vibrio parahaemolyticus,0
529,Carvacrol,121,Pseudomonas aeruginosa,1
921,Meropenem,20,Bacillus licheniformis,0
1223,Sulfanilamide,67,Escherichia coli,1
949,Myxinidin1,64,Enterococcus faecalis,0
1004,Nelfinavir,88,Human immunodeficiency virus,1
527,Carnitine hydrochloride,34,Candida albicans,0
465,Bacampicillin,47,Clostridium perfringens,1
797,Hexyl gallate,13,Aquifex aeolicus,0
1096,Pivmecillinam,99,Listeria ivanovii,0
967,N-(2-oxothiolan-3-yl)butanamide,8,Actinoplanes missouriensis,0
146,1010cys,121,Pseudomonas aeruginosa,1
1079,Phenanthrene,98,Lactobacillus fermenti,0
783,Guaiacol,67,Escherichia coli,1
367,"5-(4,5-dibromo-1-methyl-1H-pyrrol-2-yl)-1,3,4-oxadiazole-2-thiol",140,Staphylococcus chromogenes,0
364,"5,7,8,4-Tetramethoxyflavone",173,Vibrio vulnificus,0
833,Isoeugenol,38,Candida krusei,0
867,L-carnosine,159,Streptococcus sanguis,1
396,6-MO-LF11-322,121,Pseudomonas aeruginosa,1
431,Amikacin disulfate salt,107,Mycobacterium leprae,0
605,Coladonin,67,Escherichia coli,1
914,Magainin-II,15,Aspergillus fumigatus,0
18,"(2E)-1-(1,3-benzodioxol-5-yl)-3-[5-(2-nitro-phenyl)-furan-2-yl]-2-propen-1-one",121,Pseudomonas aeruginosa,1
532,Catechin gallate,110,Neisseria gonorrhoeae,0
383,"5-decyl-1,3-thiazolidine-2,4-dione",34,Candida albicans,1
939,Moxifloxacin,75,Haemophilus influenzae,1
912,Macromomycin B,98,Lactobacillus fermenti,0
765,Gallium Nitrate,67,Escherichia coli,1
962,"N-((2R,3R,4S,5S,6R)-2,4,5-Trihydroxy-6-(hydroxymethyl)tetrahydro-2H-pyran-3-yl)octanamide",121,Pseudomonas aeruginosa,1
1362,nitrazepam,86,Human herpesvirus 4,0
501,Butoconazole nitrate,61,Enterobacter cloacae,0
1211,Sulbactam,137,Staphylococcus aureus,1
155,"13-(2-chloro-8a-methyl-4a,8a-dihydroquinolin-3-yl)-3,3-dimethyl-1H,2H,3H,4H,6H,11H,13H-indazolo[1,2-b]phthalazine-1,6,11-trione",88,Human immunodeficiency virus,0
615,Curcumin,173,Vibrio vulnificus,1
405,7-formylindole,166,Trueperella pyogenes,0
1344,dF17-6K,34,Candida albicans,1
107,(Z)-4-bromo-5-(bromomethylene)-3-methylfuran-2(5H)-one,121,Pseudomonas aeruginosa,1
157,13-methyltetradecanoic acid,109,Mycobacterium tuberculosis,0
71,(5-nitrofuran-2-yl)methyl (2E)-3-phenylprop-2-enoate,131,Serratia liquefaciens,0
672,Dicyclohexylamine,44,Clostridium bacilli,0
570,Chelerythrine,172,Vibrio parahaemolyticus,0
1183,Silver Ion,121,Pseudomonas aeruginosa,1
270,3-(3-fluorophenyl)-5-(3-ethoxy-4-hydroxybenzylidene)-2-thioxothiazolidin-4-one,66,Enterococcus gallinarum,1
981,N-[(3-chloro-isoquinolin-4-yl)methylene]benzohydrazide,142,Staphylococcus epidermidis,1
388,6-Amino Penicillinic acid,137,Staphylococcus aureus,1
439,Anidulafungin,154,Streptococcus pneumoniae,0
1305,W-7 Hydrochloride,34,Candida albicans,1
693,Ellagic Acid,125,Pseudomonas libaniensis,0
877,LFampin,121,Pseudomonas aeruginosa,1
899,Lopinavir,89,Human immunodeficiency virus 1,1
1025,Nystatin,34,Candida albicans,1
691,Efavirenz,89,Human immunodeficiency virus 1,1
1355,lin-SB056,52,Dengue Virus Type 2,0
