Drug,Microbe,Label,Drug_ID,Microbe_ID
Rifampicin,Escherichia coli,1,1154,69
Curcumin,Pseudomonas japonica,1,619,128
Fluconazole,Candida albicans,1,743,34
N-(4-Bromobenzylidene)benzohydrazide,Aspergillus fumigatus,0,976,15
Cerulenin,Escherichia coli,1,568,69
Ertapenem,Haemophilus influenzae,1,711,78
Cefacetrile,Escherichia coli,1,536,69
Citral,Cronobacter sakazakii,1,593,51
3-oxo-C8-HSL,Staphylococcus aureus,0,303,141
Neohesperidin,Vibrio harveyi,1,1013,176
Furanone,Staphylococcus cohnii,0,751,145
(2E)-3-(4-Hydroxy-3-methoxyphenyl)-1-phenyl-2-propen-1-one,Haemophilus influenzae,1,35,78
(Z)-4-bromo-5-(bromomethylene)-3-methylfuran-2(5H)-one,Vibrio harveyi,0,107,176
6-Gingerol,Pseudomonas aeruginosa,1,393,125
Josamycin,Staphylococcus epidermis,0,850,147
IDR-1018,Escherichia coli,1,814,69
Sodium Chloride,Pseudomonas chlororaphis,0,1207,126
Azithromycin,Burkholderia cenocepacia,1,456,28
Tazobactam,Aspergillus fumigatus,0,1247,15
N-Acetylcysteine,Coagulase- negative staphylococci,1,984,49
2-(2-(2-Chloroacetamido)-5-methylphenyl)-2-oxo-N-( prop-2-yn- 1-yl)acetamide,Pseudomonas aeruginosa,1,187,125
"2-(5-(4,5-dibromo-1-methyl-1H-pyrrol-2-yl)-1,3,4-oxadiazole-2-yl)phenol",Streptococcus epidermidis,1,208,152
Chrysin,Escherichia coli,1,580,69
"1,1,6,6,7,7-hexahydroxy-5,5-diisopropyl-3,3-dimethyl-2,2-binaphthalene-8,8-dicarbaldehyde",Francisella novicida,0,113,74
Phloridzin,Achromobacter sp.,0,1095,0
Glipizide,Campylobacter jejuni,0,782,33
2- geranyloxy-1-(2-methylbutanoyl)phloroglucinol,Aeromonas hydrophila,0,178,9
Trovafloxacin,Haemophilus influenzae,1,1294,78
1-(4-chlorophenyl)-3-m-tolyurea,Pseudomonas libaniensis,0,124,129
Zinc Nitrate,Staphylococcus equorum,0,1330,148
Moxifloxacin,Haemophilus influenzae,1,945,78
Olmesartran,Aeromonas sobria,0,1048,10
Oxyresveratrol,Human respiratory syncytial virus B,0,1055,94
Octadecyl gallate,Streptococcus pneumoniae serotype 4,0,1041,159
Pine needle oil,Staphylococcus aureus,1,1100,141
Enoxacin,Haemophilus influenzae,1,704,78
Norbgugaine 12,Pseudomonas aeruginosa,1,1027,125
"3,5-Diiodotyrosine",Citrobacter freundii,0,257,43
"Dihydroxybenzoic Acid (2,3-DHBA)",Yersinia enterocolitica,0,679,179
"2-(4-Methoxyphenyl)-N-((2R,3R,4S,5S,6R)-2,4,5-trihydroxy-6-(hydroxymethyl)tetrahydro-2H-pyran-3-yl)acetamide",Pseudomonas aeruginosa,1,206,125
"3,4-Dichloro-cinnamaldehyde",Burkholderia multivorans,0,253,30
"2-(4-Fluorophenyl)-N-((2R,3R,4S,5S,6R)-2,4,5-trihydroxy-6-(hydroxymethyl)tetrahydro-2H-pyran-3-yl)acetamide",Yersinia enterocolitica,0,205,179
RNAIII-inhibiting Peptide,Edwardsiella tarda,0,1141,56
Sm6(L3)2C,Pichia anomala,0,1206,117
Quinine,Staphylococcus chromogenes,0,1130,144
Cefoperazone,Escherichia coli,1,551,69
epsilon-viniferin,Actinomyces oris,0,1365,7
Farnesol,Staphylococcus epidermidis,1,732,146
"Triethyl[3-({33-[2-(triethylazaniumyl)ethoxy]-10,15,20,25,27,29,31,34-octakis[3-(triethylazaniumyl)propoxy]hexacyclo[21.2.2.2.2.2.2]pentatriaconta-1(25),3,5,8,10,13,15,18,20,23,26,28,30,32,34-pentadecaen-4-yl}oxy)propyl]azanium decabromide",Enterococcus faecalis,1,1287,66
Di-MB-LF11-322,Pseudomonas aeruginosa,1,668,125
Dezocine,Haemophilus influenzae,1,666,78
"13-(2-chloro-8a-methyl-4a,8a-dihydroquinolin-3-yl)-3,3-dimethyl-1H,2H,3H,4H,6H,11H,13H-indazolo[1,2-b]phthalazine-1,6,11-trione",Hafnia alvei,0,155,79
Sulfisoxazole,Escherichia coli,1,1236,69
17-Deacetyl norgestimate,Kocuria rhizophila,0,166,101
"2-(4,5-dibromo-1-methyl-1H-pyrrol-2yl)-5-(4-nitrophenyl)-1,3,4-oxadiazole",Staphylococcus aureus,1,200,141
Ciprofloxacin,Pseudomonas aeruginosa,1,590,125
Rilpivirine,Thermus thermophilus ,0,1156,169
Cefoxitin,Escherichia coli,1,556,69
den-SB056,Staphylococcus epidermidis,1,1361,146
Ciprofloxacin,Haemophilus influenzae,1,590,78
Zotepine,Bacillus licheniformis,0,1334,20
IG-13,Hepatitis C Virus ,0,815,85
"13-(2-chloro-6-methoxyquinolin-3-yl)-3,3-dimethyl-1H,2H,3H,4H,4aH,6H,11H,13H,13aH-indazolo[1,2-b]phthalazine-1,6,11-trione",Pseudomonas chlororaphis,0,151,126
para-toluidine,Klebsiella variicola,0,1385,100
Zanamivir,Influenza B virus,1,1325,96
L-tryptophan,Vibrio vulnificus,1,878,178
4-bromoaniline,Coagulase- negative staphylococci,0,349,49
"5,7,8,4-Tetramethoxyflavone",Edwardsiella tarda,0,364,56
VSL2,Vibrio cholerae,0,1306,175
Bis[(4-methylphenyl)methyl] disulfide,Pseudomonas aeruginosa,1,491,125
Norspermidine,Pseudomonas aeruginosa,1,1031,125
D/L-Aspartate,Staphylococcus aureus,1,646,141
2-amino-4-chlorobenzoic acid,Staphylococcus capitis,0,231,142
SQ109,Arthrobacter sp. ,0,1178,14
Tyrphostin AG1478,Staphylococcus chromogenes,0,1297,144
Sodium Chloride,Pseudomonas fluorescens,1,1207,127
"2,4,5-Trifluorophenylalanine",Streptococcus sanguinis,0,172,162
Pefloxacin ,Shigella flexneri,0,1071,138
Nystatin,Staphylococcus equorum,0,1033,148
Cefamandole,Lysinibacillus sphaericus,0,541,106
"2,2 -Dipyridyl",Pseudomonas aeruginosa,1,168,125
"1,3-dimethyl-6-(4-methylphenyl)-5-[3-(4-methylphenyl)-1-phenyl-1H-pyrazol-4-yl]-1H,2H,3H,4H,5H,6H-pyrimido[4,5-d][1,3]diazine-2,4-dione",Staphylococcus saprophyticus,0,117,150
"3,5-Dimethyl benzyl dodecyl beta-maltoside",Pseudomonas aeruginosa,1,258,125
Clarithromycin,Streptomyces gordonii,0,595,165
"2-(4-methoxyphenyl)-N-(3-{[2-(4-methoxyphenyl)ethyl]imino}-1,4-dihydro-2-quinox alinylidene)ethanamine",Streptococcus gordonii,1,207,153
Erythromycin,Escherichia coli ,1,713,70
M8G2,Acinetobacter baumannii,0,913,2
(R)-2-Amino-3-biphenyl-3-yl-propionic acid,Pseudomonas putida,0,92,130
14-alpha-lipoyl andrographolide,Clostridium pasteurianum,0,162,46
Rimantadine,Influenza A virus ,1,1157,95
Oxantel,Bacillus amyloliquefaciens,0,1053,17
"1,2,3,4-Tetrahydroisoquinoline-3-carboxylic acid",Listeria monocytogenes serotype 4a,0,114,105
Sulfacetamide,Escherichia coli,1,1222,69
"N-((2R,3R,4S,5S,6R)-2,4,5-Trihydroxy-6-(hydroxymethyl)tetrahydro-2H-pyran-3-yl)hexanamide",Hafnia alvei,0,968,79
Trimethyl(3-{4-[3-(trimethylazaniumyl)propoxy]phenoxy}propyl)azanium dibromide,Staphylococcus aureus,1,1290,141
"2-Benzyl-5-(4,5-dibromo-1-methyl-1H-pyrrol-2-yl)-1,3,4-oxadiazole",Streptococcus epidermidis,1,214,152
3-tetradecanoylthiotetronic,Pseudomonas japonica,0,305,128
Azithromycin,Escherichia coli ,1,456,70
Asperdiol,Staphylococcus aureus,1,446,141
Pyrazinamide,Mycobacterium tuberculosis,1,1122,113
(Z)-4-bromo-5-(bromomethylene)-3-ethyl-2(5H)-furanone,Salmonella enterica,1,105,133
"2-(4,5-dibromo-1-methyl-1H-pyrrol-2-yl)-5-(ethylthio)-1,3,4-oxadiazole",Candida guiliermondi,0,194,37
Glucose,Streptococcus parasanguinis,0,783,157
Ethyl gallate,Bacillus anthracis,0,722,18
2-amino-3-(prop-2-ene-1-sulfinyl)propanoic acid,Enteric bacteria and other eubacteria ,0,229,60
(1Z)-(prop-2-en-1-ylidene)-lambda4-sulfanyliumolate,Streptococcus mutans,1,11,155
Ibuprofen,Sphingomonas sp. Ibu-2,1,819,139
Piperacillin,Streptococcus sobrinus,0,1102,164
Gentamicin,Enteric bacteria and other eubacteria,1,779,59
Rilpivirine,Human immunodeficiency virus 1,1,1156,92
2-amino-4-chlorobenzoic acid,Burkholderia multivorans,1,231,30
7P-AC,Serratia marcescens,0,410,136
Cefonicid,Escherichia coli,1,550,69
"(2S,3R,4S,5S,6R)-3-(2-(1H-Indol-3-yl)acetamido)-6-(acetoxymethyl)tetrahydro-2H-pyran-2,4,5-triyl triacetate",Enterococcus faecium,0,56,67
(Z)-4-bromo-5-(bromomethylene)-3-ethyl-2(5H)-furanone,Human herpesvirus 1 ,0,105,87
4-dimethyl-amino-cinnamaldehyde,Clostridium pasteurianum,0,353,46
(R)-2-Amino-3-biphenyl-3-yl-propionic acid,Influenza B virus ,0,92,97
Benzophenonyl decyl beta-maltoside,Salmonella Typhi,0,478,132
Myxinidin2,Staphylococcus aureus,1,957,141
Ethylenediametetraacetic acid,Listeria monocytogenes,1,724,104
Azlocillin,Hafnia paralvei,0,457,80
Esculin hydrate,Burkholderia multivorans,1,717,30
"(Z)-5-octylidenethiazolidine-2,4-dione",Candida krusei,0,111,38
"(E)-1-[6-[(3-acetyl-2,4,6-trihydroxy-5-methylphenyl)methyl]-5,7-dihydroxy-2,2-dimethyl-2H-1-benzopyran-8-yl]-3-phenyl-2-propen-1-one",Candida parapsilosis,0,88,39
Gemifloxacin,Haemophilus influenzae,1,777,78
Lopinavir,Porphyromonas gingivalis,0,905,119
beta-6-20-G3K6,Clostridium pasteurianum,0,1344,46
Doripenem,Clostridium perfringens ,0,692,48
Methyl benzethonium chloride,Campylobacter jejuni,0,931,33
Coprinuslactone,Streptococcus sanguis,0,615,163
"4-(2-(5-(4,5-dibromo-1-methyl-1H-pyrrol-2-yl)-1,3,4-oxadiazol-2-yl)vinyl)-2-methoxyphenol",Providencia stuartii,0,312,123
Oxytetracycline,Dihydropteroate synthase type-1,0,1056,55
Butoconazole nitrate,Serratia liquefaciens,0,501,135
"5-Chloro-1-(2-chloroacetyl)indoline-2,3-dione",Cryptococcus neoformans,0,377,52
Esculetin,Burkholderia cenocepacia,1,715,28
Anthranilate,Bacteroides uniformis,0,442,25
7-hydroxyindole,Corynebacterium ammoniagenes,0,406,50
Cefalonium,Listeria monocytogenes,1,539,104
16P-AC,Burkholderia cepacia,0,165,29
Sage oil,Streptococcus pneumoniae,0,1179,158
Penciclovir,Human herpesvirus 1 ,1,1073,87
den-SB056-1,Eikenella corrodens,0,1362,58
Nafcillin,Burkholderia cenocepacia,0,1008,28
3-tetradecanoylthiotetronic,Staphylococcus aureus,1,305,141
Palmitic acid,Escherichia coli,1,1065,69
Tipranavir ,Varicella-zoster virus,0,1277,172
Zotepine,Hepatitis C Virus ,0,1334,85
Gatifloxacin,Streptococcus pneumoniae serotype 4,1,776,159
Human beta-defensin 3,Candida albicans,1,809,34
Lymecycline,Streptococcus pneumoniae,0,909,158
VSL2,Candida guiliermondi,0,1306,37
Telekin,Citrobacter freundii,0,1253,43
"O-(2,6-Dichlorobenzyl)-D-tyrosine",Halomonas pacifica,0,1034,81
Cloxacillin,Streptococcus pneumoniae serotype 4,1,606,159
Tyrosol,Candida albicans,1,1295,34
L-Aspartate,Staphylococcus aureus,1,866,141
LF11-215,Bacillus anthracis,0,879,18
Butyl gallate,Staphylococcus aureus,1,502,141
Penicillenol B1,Coagulase- negative staphylococci,0,1076,49
1-(pyrazin-2-yl)ethan-1-one,Pseudomonas aeruginosa,1,129,125
"1,3-dimethyl-6-(4-methylphenyl)-5-[3-(4-nitrophenyl)-1-phenyl-1H-pyrazol-4-yl]-1H,2H,3H,4H,5H,6H-pyrimido[4,5-d][1,3]diazine-2,4-dione",Burkholderia multivorans,0,118,30
Phenobarbitone,Candida albicans,1,1089,34
Polysorbate 80,Stenotrophomonas maltophilia,1,1110,151
Cinoxacin,Haemophilus influenzae,1,589,78
Daptomycin,Aquifex aeolicus,0,657,13
Clarithromycin,Human herpesvirus 3,0,595,88
Cefazolin,Escherichia coli,1,543,69
O-LF11-227,Escherichia coli O6:H1 (strain CFT073 / ATCC 700928 / UPEC),0,1036,71
4-bromo-5-(bromomethylene)-3-(1-( 2-propynyloxy)butyl)-2(5H)-furanone,Aspergillus fumigatus,0,341,15
"(2S,3R,4S,5S,6R)-6-(Acetoxymethyl)-3-octanamidotetrahydro-2H-pyran-2,4,5-triyl triacetate",Shewanella oneidensis,0,67,137
n-Hexane,Baker's yeast,0,1374,27
AAP2,Vibrio harveyi,0,414,176
3-(4-fluorophenyl)-5-(3-ethoxy- 4-hydroxybenzylidene)-2-thioxothiazolidin-4-one,Staphylococcus aureus,1,273,141
5- hydroxyethyl-3-tetradecanoyltetramic acid,Staphylococcus aureus,1,366,141
D-Cystine,Staphylococcus aureus,1,634,141
1-mesityl-3(4-nitrophenyl)urea,Streptococcus mutans,1,136,155
"2-(4,5-dibromo-1-methyl-1H-pyrrol-2-yl)-5-(ethylthio)-1,3,4-oxadiazole",Staphylococcus aureus,1,194,141
Chrysophsin-1,Human herpesvirus 3,0,582,88
Clindamycin,Propionibacterium acnes,1,599,120
"5,8,11,14-Eicosatetraynoic acid",Candida albicans,1,365,34
Penicillenol C1,Staphylococcus aureus,1,1078,141
Zanamivir,Influenza A virus ,1,1325,95
G2,Streptococcus mutans,1,765,155
1-{4-phenyl-2-[(E)-2-[4-(trifluoromethoxy)phenyl]ethenyl]quinolin-3-yl}ethan-1-one,Bacillus subtilis,1,143,21
Limonene,Bacillus cereus,1,899,19
"1,3-dimethyl-6-(4-methylphenyl)-5-[3-(4-methylphenyl)-1-phenyl-1H-pyrazol-4-yl]-1H,2H,3H,4H,5H,6H-pyrimido[4,5-d][1,3]diazine-2,4-dione",Varicella-zoster virus,0,117,172
6-MO-LF11-322,Escherichia coli O6:H1 (strain CFT073 / ATCC 700928 / UPEC),0,396,71
Neohesperidin,Enterococcus faecium,0,1013,67
Ajoene,Listeria ivanovii,0,423,103
Tetracycline,Escherichia coli,1,1263,69
Anidulafungin,Aspergillus niger,1,439,16
2-(2-(2-Chloroacetamido)-5-nitrophenyl)-2-oxo-N-( prop-2-yn-1-yl)acetamide,Acinetobacter sp.,0,188,5
Methyl indole-7-carboxylate,Enterococcus faecium,0,934,67
D-Asparagine,Eubacterium ramulus,0,630,72
Cefmenoxime,Clostridium perfringens ,1,548,48
"3,5-Diiodotyrosine",Bacillus anthracis,0,257,18
Triclosan ,Helicobacter pylori ,1,1285,82
Dirithromycin,Enteric bacteria and other eubacteria,1,686,59
Cloxacillin,Dengue Virus Type 2,0,606,53
4-nitro-cinnamaldehyde,Bacteroides,0,358,22
Zinc oxide,Staphylococcus aureus,1,1331,141
D-Tryptophan,Trueperella pyogenes,0,641,171
6-Chlorooxindole,Streptococcus mitis,0,392,154
Indole-3-acetaldehyde,Dihydropteroate synthase type-1,0,828,55
Lopinavir,Human immunodeficiency virus 1,1,905,92
Aminosalicylic Acid,Fusarium solani,0,433,75
Cinnamaldehyde,Pseudoalteromonas sp.,0,585,124
5-Fluorouracil,Pseudomonas aeruginosa,1,380,125
DD13,Staphylococcus cohnii,0,648,145
"1-{6-nitro-4-phenyl-2-[(E)-2-(3,4,5-trimethoxyphenyl)ethenyl]quinolin-3-yl}ethan-1-one",Thermus thermophilus ,0,144,169
Cefotiam,Clostridium perfringens ,1,555,48
Miconazole,Thermus thermophilus,0,940,168
4-Methyl benzyl dodecyl beta-maltoside,Listeria ivanovii,0,337,103
Fleroxacin,Haemophilus influenzae,1,740,78
"1,3-dim-tolyurea",Raoultella ornithinolytica,0,116,131
Bergamottin,Streptococcus pneumoniae serotype 4,0,482,159
Phloridzin,Staphylococcus aureus,1,1095,141
trans-Resveratrol,Porphyromonas gingivalis,0,1392,119
"13-(2-chloro-6-methylquinolin-3-yl)-3,3-dimethyl-1H,2H,3H,4H,6H,11H,13H-indazolo[1,2-b]phthalazine-1,6,11-trione",Candida albicans,1,152,34
L-Phenylalanine,Bacteroides,0,869,22
Prolificin A,Staphylococcus epidermidis,1,1115,146
GL13K,Sphingomonas sp. Ibu-2,0,766,139
"14-dehydroxy-11,12-didehydroandrographolide- 3,19-bis(succinic acid) potasium sodium salt",Geobacillus kaustophilus,0,163,77
11(R)-hydroxy-12(20)-en-knightal,Listeria monocytogenes,0,147,104
DispersinB-KSL-W wound gel,Aquifex aeolicus,0,687,13
Kanamycin,Escherichia coli,1,858,69
14-Glycinyl andrographolide hydrochloride,Streptomyces sp. ,0,161,167
Hexameric peptide,Escherichia coli,1,802,69
Imazalil,Candida albicans,1,821,34
7P-AC,Staphylococcus epidermidis,1,410,146
3-hexyl-4-bromo-5-methylene-2(5H)-furanone,Burkholderia multivorans,0,298,30
"(R)-2,3-Diaminopropanoic acid",Staphylococcus capitis,0,91,142
Cefmetazole,Listeria monocytogenes,1,549,104
Azithromycin,Mycobacterium avium,1,456,110
3-(4-fluorophenyl)-5-(3-(allyloxy)-4-hydroxybenzylidene)-2-thioxothiazolidin-4-one,Staphylococcus epidermidis,1,272,146
Midazolam,Bacillus cereus,0,941,19
(Z)-3-bromo-5-(bromomethylene) furan-2(5H)-one,Edwardsiella tarda,0,100,56
N-[(3-chloro-isoquinolin-4-yl)methylene]benzohydrazide,Staphylococcus equorum,0,988,148
Cefotaxime,Bacillus subtilis,1,553,21
3-(Trifluoromethyl)phenylalanine,Gardnerella vaginalis,0,275,76
"Dihydroxybenzoic Acid (3,4-DHBA)",Geobacillus kaustophilus,0,681,77
Nitrofural,Escherichia coli,1,1022,69
Sulfacytine,Escherichia coli,1,1223,69
ZnO nanoparticles,Pseudomonas aeruginosa,1,1333,125
3-hydroxychalcone,Streptococcus mitis,0,300,154
4-fluoroindole,Acinetobacter baumannii,0,354,2
"(5Z)-2-(1,1-dichloro-7-methyloctyl)-5-{[4-(trifluoromethyl)phenyl]methylidene}-1,3-oxazolidin-4-one",Mycobacterium tuberculosis,0,82,113
Chrysophsin-1,Pseudomonas putida,0,582,130
Cathelicidin,Aggregatibacter actinomycetemcomitans,1,533,11
Methyl gallate,Enterococcus faecalis,1,933,66
D-2-aminoadipic acid,Influenza B virus,0,628,96
Phylloseptin-1,Listeria monocytogenes serotype 4a,0,1098,105
Aciclovir,Varicella-zoster virus,1,420,172
Gallium cation,Raoultella ornithinolytica,0,771,131
(RW)4-NH2,Escherichia coli,1,97,69
Amprenavir,Human immunodeficiency virus 1,1,438,92
1-(4-methoxyphenyl)-3-m-tolyurea,Streptococcus mutans,1,126,155
2-bromooctanoic acid,Pseudomonas aeruginosa,1,239,125
"(2E)-1-(3 ,4 -dimethoxyphenyl)-3-(2-naphthyl)-2-propen-1-one",Bacillus amyloliquefaciens,0,25,17
3-(pyridin-3-yl)-5-(3-ethoxy-4-hydroxybenzylidene)-2-thioxothiazolidin-4-one,Enterococcus faecalis,1,276,66
Sanguinarine,Staphylococcus epidermidis,1,1182,146
"(2E)-1-(2 ,4 ,5 -trimethoxyphenyl)-3-(2-chloro-quinolin-3-yl)-2-propen-1-one",Staphylococcus aureus,1,20,141
Vitexin,Streptococcus gordonii,0,1318,153
Sm6(L3)2C,Enterococcus gallinarum,0,1206,68
4-bromo-5-(dibromomethylene)-3-ethyl-2(5H)-furanone,Salmonella enterica,1,348,133
1-{2-[(E)-2-(4-hydroxy-3-methoxyphenyl)ethenyl]-4-phenylquinolin-3-yl}ethan-1-one,Escherichia coli,1,140,69
Tyrphostin 9,Pichia anomala,0,1296,117
(Z)-5-(chloromethylene) furan-2(5H)-one,Enterobacteria phage T4,0,109,65
Sm6(L3)2C,Klebsiella planticola,0,1206,98
Ceforanide,Bacteroides fragilis,1,552,24
Brecanavir,Eggerthella lenta,0,493,57
Vancomycin,Staphylococcus aureus,1,1307,141
Cecropin (1-7)-melittin A (2-9) amide,Human herpesvirus 1 ,0,534,87
BMAP-28,Pseudomonas aeruginosa,1,461,125
Oxacillin,Streptococcus pneumoniae,1,1052,158
"1,3-dimethyl-6-(4-methylphenyl)-5-[3-(4-nitrophenyl)-1-phenyl-1H-pyrazol-4-yl]-1H,2H,3H,4H,5H,6H-pyrimido[4,5-d][1,3]diazine-2,4-dione",Klebsiella variicola,0,118,100
4-tertiary butyl benzyl decyl beta-maltoside,Pseudomonas aeruginosa,1,360,125
Pseudomonas Quinolone Signal,Staphylococcus haemolyticus,0,1120,149
Hesperidin,Staphylococcus aureus,1,799,141
Myxinidin1,Staphylococcus cohnii,0,956,145
Tobramycin,Pseudomonas aeruginosa,1,1279,125
Raltegravir,Human herpesvirus 4,0,1144,89
Tannic acid,Enterococcus faecium,0,1245,67
Lomefloxacin,Haemophilus influenzae,1,904,78
Kojic acid,Pseudomonas aeruginosa,1,861,125
3-Fluoro-DL-phenylalanine,Vibrio campbellii,0,282,174
Latamoxef,Vibrio cholerae,0,894,175
KSL-W,Candida albicans,1,855,34
Heptadecanoic acid,Arthrobacter sp. ,0,796,14
D-Citrulline,Shigella flexneri,0,633,138
Butyl gallate,Pseudomonas aeruginosa,1,502,125
IDR-1018,Enterococcus faecalis,0,814,66
Polymyxin B,Stenotrophomonas maltophilia,1,1109,151
Asperdiol acetate,Pseudomonas aeruginosa,1,447,125
Apigenin,Escherichia coli,1,443,69
4-bromo-5-(bromomethylene)-3-(1-bromobutyl)-2(5H)-furanone,Bacillus subtilis,0,344,21
Avermectin B1a,Dengue Virus Type 2,0,453,53
Atovaquone,Plasmodium falciparum,1,450,118
Atazanavir,Human immunodeficiency virus,1,449,91
"(Z)-5-decylidenethiazolidine-2,4-dione",Streptococcus mutans,0,110,155
NA-CATH-ATRA1-ATRA1,Bacillus amyloliquefaciens,0,998,17
Pa-MAP,Pseudomonas aeruginosa,0,1063,125
L-ornithine hydrochloride,Streptococcus gordonii,0,876,153
Timolol,Obesumbacterium proteus,0,1274,115
Amantadine,Influenza A virus ,1,429,95
Indolicidin,Enteric bacteria and other eubacteria,0,833,59
Methylthiopropylamine,Hepatitis C Virus ,0,935,85
Cefoxitin,Streptococcus pneumoniae,1,556,158
"(Z)-5-decylidenethiazolidine-2,4-dione",Listeria monocytogenes serotype 4a,0,110,105
"N-((2R,3R,4S,5S,6R)-2,4,5-Trihydroxy-6-(hydroxymethyl)tetrahydro-2H-pyran-3-yl)hexanamide",Pseudomonas aeruginosa,1,968,125
Thiazolidinedione-8,Enterobacter aerogenes,0,1266,61
(2S)-2-amino-3-(4-tert-butylphenyl)propanoic acid,Aspergillus fumigatus,0,53,15
Chrysophsin-1,Streptococcus mutans,1,582,155
Cefalonium,Aeromonas sobria,0,539,10
Autoinducer-2,Staphylococcus epidermidis,1,452,146
N-Acetylcysteine,Staphylococcus aureus,1,984,141
"1,3-dim-tolyurea",Streptococcus mutans,1,116,155
4-Nitro-D-phenylalanine,Enterococcus gallinarum,0,339,68
Azithromycin,Raoultella ornithinolytica,0,456,131
Dapsone,Mycobacterium leprae,1,656,111
p-Coumaric acid,Escherichia coli,1,1379,69
Mucochloric acid,Proteus mirabilis,0,948,121
Carvacrol,Achromobacter sp.,0,529,0
BMAP-28,Staphylococcus aureus,1,461,141
"N-((1E)-{4-ethoxy-3-[(8-oxo-1,5,6,8-tetrahydro-2H-1,5-methanopyrido[1,2-a][1,5]diazocin-3(4H)-yl)methyl]phenyl}methylene)-3,4,5-trihydroxybenzohydrazide",Staphylococcus epidermis,0,965,147
DispersinB-KSL-W wound gel,Staphylococcus epidermidis,1,687,146
Ofloxacin,Haemophilus influenzae,1,1044,78
NA8H,Achromobacter xylosoxidans,0,1002,1
Coprinuslactone,Vibrio parahaemolyticus,0,615,177
Ferulic Acid,Human herpesvirus 1 ,0,736,87
Benzoylperoxide,Staphylococcus caprae,0,479,143
Linezolid,Escherichia coli O6:H1 (strain CFT073 / ATCC 700928 / UPEC),0,901,71
Propyl gallate,Streptococcus mutans,1,1117,155
Daptomycin,Staphylococcus aureus,1,657,141
L-pipecolic acid,Staphylococcus aureus,1,877,141
Teichoplanin,Candida dubliniensis,0,1250,35
N -(5-bromo-2-hydroxy-benzylidene)benzohydrazide,Streptococcus mutans,1,961,155
Glipizide,Vibrio anguillarum,0,782,173
Gallic Acid,Staphylococcus aureus,1,769,141
Quinupristin,Enteric bacteria and other eubacteria,1,1133,59
Fosfomycin,Staphylococcus equorum,0,748,148
Rifapentine ,Human immunodeficiency virus,0,1155,91
Hamamelitannin,Staphylococcus epidermidis,1,794,146
Ferulic Acid,Raoultella ornithinolytica,0,736,131
Lymecycline,Escherichia coli,1,909,69
Indole,Burkholderia multivorans,1,827,30
HA14-1,Varicella-zoster virus,0,790,172
Hexyl gallate,Pseudomonas aeruginosa,1,803,125
Shikonin,Pseudomonas libaniensis,0,1190,129
Gentamicin,Bacillus subtilis,1,779,21
Toremifene,Pseudomonas aeruginosa,1,1282,125
(2E)-3-(3-hydroxy-4-methoxyphenyl)-1-phenylprop-2-en-1-one,Hepatitis C virus,0,34,86
"(2E)-1-(1 ,3 -benzodioxol-5-yl)-3-(2-naphthyl)-2-propen-1-one",Streptococcus mutans,1,16,155
Cycloserine,Escherichia coli,1,623,69
Enfuvirtide,Human immunodeficiency virus 1,1,703,92
Oxyresveratrol,Clostridium bacilli,0,1055,44
Atazanavir,Vibrio campbellii,0,449,174
Aminosalicylic Acid,Mycobacterium tuberculosis,1,433,113
Menthol,Listeria monocytogenes serotype 4a,0,925,105
Sulfisoxazole ,Acinetobacter baumannii,0,1237,2
14-alpha-lipoyl andrographolide,Pseudomonas aeruginosa,1,162,125
Vitamin C,Escherichia coli,1,1316,69
Floxacillin ,Clostridium perfringens ,1,741,48
Aztreonam,Citrobacter freundii,1,458,43
Sorbitol,Actinoplanes missouriensis,1,1210,8
1-(4-amino-2-hydroxyphenyl)ethan-1-one,Pseudomonas aeruginosa,1,123,125
C16-33,Candida glabrata,0,504,36
Tannic acid,Aquifex aeolicus,0,1245,13
Scrambled LL-37,Aggregatibacter actinomycetemcomitans,1,1185,11
CWR11,Escherichia coli,0,514,69
(E)-3-Decen-2-one,Vibrio harveyi,1,89,176
Holothuroidin 2,Staphylococcus epidermidis,1,807,146
(Z)-4-bromo-5-(bromomethylene)-3-ethyl-2(5H)-furanone,Vibrio parahaemolyticus,0,105,177
"(R)-2,3-Diaminopropanoic acid",Vibrio vulnificus,0,91,178
Epigallocatechin,Burkholderia multivorans,0,709,30
Pyrimidinedione,Staphylococcus aureus,1,1124,141
FS8,Human respiratory syncytial virus B,0,730,94
2-(5-Chloro-2-(2-chloroacetamido)phenyl )-2-oxo-N-( prop-2-yn-1-yl)acetamide,Aspergillus niger,0,210,16
Acetohydroxamic Acid,Enterobacter aerogenes,1,418,61
Decyl beta-maltoside,Pantoea agglomerans,0,660,116
DispersinB-KSL-W wound gel,Vibrio cholerae,0,687,175
Atazanavir,Human immunodeficiency virus 1,1,449,92
cis-2-dodecenoic acid,Candida albicans,1,1352,34
"(2S,3R,4S,5S,6R)-6-(Acetoxymethyl)-3-(2-(4-bromophenyl)acetamido)tetrahydro-2H-pyran-2,4,5-triyl triacetate",Enterococcus gallinarum,0,58,68
Triclosan ,Clostridium perfringens,0,1285,47
Linezolid,Human herpesvirus 5,0,901,90
Sulfacetamide,Dihydropteroate synthase type-1,1,1222,55
LL-37,Acinetobacter baumannii,1,888,2
N -(3-nitro-4-hydroxy-benzylidene)benzohydrazide,Streptococcus mutans,1,959,155
Chloroxine,Candida albicans,1,577,34
Zinc Dichloride,Bacillus anthracis,0,1329,18
3-(Aminomethyl)-D-phenylalanine,Staphylococcus epidermis,1,274,147
Pentanol,Candida albicans,1,1084,34
Sulfamethoxazole,Escherichia coli,1,1231,69
"3,5-dibromotyrosined",Staphylococcus epidermis,1,259,147
"(2S,3R,4S,5S,6R)-6-(Acetoxymethyl)-3-dodecanamidotetrahydro-2H-pyran-2,4,5-triyl triacetate",Achromobacter xylosoxidans,0,66,1
N-Decanoyl cyclopentylamide,Streptococcus sanguinis,0,985,162
Ferrous,Streptococcus mutans,0,735,155
Zinc sulfate,Staphylococcus epidermidis,1,1332,146
Ampicillin,Mycobacterium leprae,0,437,111
Silver Ion,Achromobacter xylosoxidans,0,1192,1
Ethambutol,Mycobacterium tuberculosis,1,719,113
"2-(4,5-dibromo-1-methyl-1H-pyrrol-2-yl)-5-(ethylthio)-1,3,4-oxadiazole",Streptomyces rubiginosus,0,194,166
N -(pyridin-3-yl-methylene)benzohydrazide,Bacteroides vulgatus,0,962,26
Arbekacin,Candida guiliermondi,0,445,37
"(2E)-1-(2 ,4 ,5 -trimethoxyphenyl)-3-(2-chloro-6-methoxy-quinolin-3-yl)-2-propen-1-one",Pseudomonas libaniensis,0,19,129
"(2S,3R,4S,5S,6R)-6-(Acetoxymethyl)-3-(2-(4-chlorophenyl)acetamido)tetrahydro-2H-pyran-2,4,5-triyl triacetate",Pseudomonas aeruginosa,1,59,125
Myxinidin,Pseudomonas aeruginosa,1,955,125
Cefmetazole,Vibrio anguillarum,0,549,173
Tipranavir,Human immunodeficiency virus 1,1,1276,92
(2E)-1-[4 -(1H-imidazol-1-yl)phenyl]-3-(3-methoxy-4-benzyloxi-phenyl)-2-propen-1-one,Pseudomonas aeruginosa,1,31,125
Hydnocarpin D,Mycobacterium smegmatis,0,810,112
Chromate,Streptococcus oralis,0,579,156
(RW)2-NH2,Streptomyces sp. ,0,95,167
S-methyl- L-cysteine,Streptococcus sanguis,1,1171,163
Na-Pyrosulfite,Escherichia coli,1,1006,69
Flavonoids 3,Aquifex aeolicus,0,738,13
Pefloxacin ,Haemophilus influenzae,1,1071,78
Glycomonoterpenes (G-citron),Pseudomonas aeruginosa,1,786,125
"3,3-dimethyl-13-{[1,2,3,4]tetrazolo[1,5-a]quinolin-4-yl}-2H,4H,13H-indazolo[1,2-b]phthalazine-1,6,11-trione",Streptococcus sanguinis,0,250,162
5-fluoroindole,Neisseria gonorrhoeae,0,384,114
Dolutegravir,Human immunodeficiency virus 1,1,691,92
Erythromycin,Propionibacterium acnes,1,713,120
Macromomycin B,Baker's yeast,0,918,27
4-Acetamido-D-phenylalanine,Burkholderia multivorans,0,317,30
Curcumin,Pseudomonas aeruginosa,1,619,125
PTP-7,Enterobacter cancerogenus,0,1062,62
5-(dibromomethylene)-3-(1-bromoethyl)-2(5H)-furanone,Providencia stuartii,0,370,123
"1,3-dimethyl-6-(4-methylphenyl)-5-[3-(4-methylphenyl)-1-phenyl-1H-pyrazol-4-yl]-1H,2H,3H,4H,5H,6H-pyrimido[4,5-d][1,3]diazine-2,4-dione",Micrococcus luteus,1,117,108
2C-4,Bacteroides fragilis,0,245,24
L-tryptophan,Staphylococcus aureus,1,878,141
Glucose,Vibrio harveyi,0,783,176
Yohimbine hydrochloride,Streptomyces rubiginosus,0,1323,166
Eugenol,Staphylococcus aureus,1,726,141
4-bromo-5-(bromomethylene)-3-(1-bromobutyl)-2(5H)-furanone,Campylobacter jejuni,0,344,33
Na-Propionate,Yersinia enterocolitica,0,1005,179
Ceftazidime,Escherichia coli O6:H1 (strain CFT073 / ATCC 700928 / UPEC),0,560,71
"4-Fluoro-(S)-4,5-Dihydroxypentane-2,3-dione",Vibrio vulnificus,0,328,178
Verapamil,Mycobacterium tuberculosis,1,1311,113
GW 5074,Micrococcus luteus,0,767,108
Chlorhexidine,Candida albicans,1,575,34
Ephedrine,Clostridium leptum,0,705,45
Cidofovir,Human herpesvirus 5,1,584,90
trans-2-Pentenal,Aspergillus fumigatus,0,1390,15
Azithromycin,Pseudomonas aeruginosa,1,456,125
3-(4-fluorophenyl)-5-(3-(allyloxy)-4-hydroxybenzylidene)-2-thioxothiazolidin-4-one,Pseudomonas aeruginosa,1,272,125
beta-Caryophyllene,Pantoea agglomerans,0,1345,116
Zinc,Bacteroides,0,1328,22
D/L-Aspartate,Candida dubliniensis,0,646,35
Palivizumab,Human respiratory syncytial virus B,1,1064,94
C6-HSL,Staphylococcus aureus,0,507,141
faropenem medoxomil,Streptococcus pneumoniae serotype 4,1,1366,159
5-(dibromomethylene)-3-(1-bromoethyl)-2(5H)-furanone,Francisella novicida,0,370,74
OSIP108,Candida krusei,1,1040,38
SP1,Staphylococcus aureus,1,1177,141
"1-[2-(3-bromo-4-hydroxy-5-methoxyphenyl)-5-(3,4,5-trimethoxyphenyl)-1,3,4-oxadiazol-3(2H)-yl]ethanone",Porphyromonas gingivalis,0,134,119
"(2S,3R,4S,5S,6R)-6-(Acetoxymethyl)-3-(2-(4-bromophenyl)acetamido)tetrahydro-2H-pyran-2,4,5-triyl triacetate",Staphylococcus caprae,0,58,143
Isoriccardin C,Baker's yeast,0,844,27
"4-Fluoro-(S)-4,5-Dihydroxypentane-2,3-dione",Hepatitis C virus,0,328,86
Phenanthrene,Proteus mirabilis,1,1088,121
Nisin,Staphylococcus epidermidis,1,1020,146
Nisin,Escherichia coli,0,1020,69
LL-37,Francisella novicida,1,888,74
Prolificin A,Staphylococcus aureus,1,1115,141
1-{2-[(E)-2-(4-hydroxy-3-methoxyphenyl)ethenyl]-4-phenylquinolin-3-yl}ethan-1-one,Staphylococcus aureus,1,140,141
Cycloserine ,Mycobacterium avium,1,624,110
2-amino-3-(3-nitrophenyl)propanoic acid,Staphylococcus epidermis,1,227,147
Cefpiramide,Firmicutes,0,557,73
"2-(2,4-difluorophenyl)-1,3-bis(1H-1,2,4-triazol-1-yl)propan-2-yl (2E)-3-phenylprop-2-enoate",Amycolatopsis orientalis,0,180,12
Vidarabine,Human herpesvirus 4,1,1312,89
Tenofovir,Vibrio parahaemolyticus,0,1256,177
4-nitro-cinnamaldehyde,Streptococcus mitis,0,358,154
Tigecycline,Human herpesvirus 1 ,0,1272,87
Scrambled LL-37,Staphylococcus aureus,0,1185,141
6-Amino Penicillinic acid,Staphylococcus chromogenes,0,388,144
Esculentin,Aquifex aeolicus,0,714,13
(E)-3-Decen-2-one,Enteric bacteria and other eubacteria ,0,89,60
Evodiamine,Human parainfluenza virus type 2,0,727,93
4-Hydroxy benzoate,Gardnerella vaginalis,0,331,76
"2,5-bis(4,5-dibromo-1-methyl-1H-pyrrol-2-yl)-1,3,4-oxadiazole",Candida guiliermondi,0,177,37
"2-(4,5-dibromo-1-methyl-1H-pyrrol-2-yl)-5-(4-methoxyphenyl)-1,3,4-oxadiazole",Obesumbacterium proteus,0,193,115
Zinc sulfate,Desulfovibrio africanus,0,1332,54
Tyrphostin AG1478,Staphylococcus saprophyticus,0,1297,150
3-(2-Naphthyl)-D-alanine,Staphylococcus epidermis,1,264,147
Zinc sulfate,Pseudomonas aeruginosa,1,1332,125
D-tert-Leucine,Staphylococcus aureus,1,645,141
N -[(3-chloro-isoquinolin-4-yl)methylene] benzohydrazide,Bacillus amyloliquefaciens,0,963,17
"2-(4,5-dibromo-1-methyl-1H-pyrrol-2yl)-5-(4-nitrophenyl)-1,3,4-oxadiazole",Listeria monocytogenes serotype 4a,0,200,105
Carminic acid,Influenza B virus ,0,526,97
"(2E)-1-(2 ,4 ,5 -trimethoxyphenyl)-3-(2-chloro-quinolin-3-yl)-2-propen-1-one",Pseudomonas aeruginosa,1,20,125
5-(dibromomethylene)-3-(1-bromobutyl)-2(5H)-furanone,Hepatitis B virus D,0,369,83
Quercetin Dihydrate,Hepatitis C virus,0,1128,86
(2E)-1-[4-(3-nitropyridin-2-yl)piperazin-1-yl]-3-phenylprop-2-en-1-one,Micrococcus luteus,0,32,108
Diazepam,Vibrio anguillarum,0,670,173
CGP-37157,Listeria ivanovii,0,510,103
Catechin gallate,Vibrio campbellii,0,532,174
4-Br-PHL,Actinobacillus actinomycetemcomitans,0,321,6
3-Methyl-D-phenylalanine,Staphylococcus epidermis,1,288,147
Aniline,Burkholderia pseudomallei,0,440,31
Fusidic acid,Staphylococcus aureus,1,762,141
Tigecycline,Enteric bacteria and other eubacteria,1,1272,59
3-oxo-C6-HSL,Human herpesvirus 1 ,0,302,87
"(2S,3R,4S,5S,6R)-6-(Acetoxymethyl)-3-(3-oxooctanamido)tetrahydro-2H-pyran-2,4,5-triyl triacetate",Mycobacterium smegmatis,0,63,112
"2-bromo-4-methyl-6-(3,4,5-tribromo-1H-pyrrole-2-carbonyl)phenol",Streptococcus pneumoniae serotype 4,0,236,159
IG-19,Burkholderia pseudomallei,1,816,31
Tobramycin,Stenotrophomonas maltophilia,1,1279,151
TZD-C8,Candida tropicalis,0,1241,41
"5-Bromo-1-(2-chloroacetyl)indoline-2,3-dione",Pseudomonas aeruginosa,1,375,125
Lorazepam,Salmonella Typhi,0,906,132
Penicillenol A2,Burkholderia thailandensis,0,1075,32
Povidone Iodine,Staphylococcus aureus,1,1112,141
Baicalin,Pseudomonas aeruginosa,1,469,125
Pleurocidin,Propionibacterium acnes,1,1107,120
Cefpiramide,Staphylococcus aureus,1,557,141
S6L3-33,Streptococcus pneumoniae,0,1175,158
Aloe Vera Gel,Clostridium bacilli,1,427,44
2-amino-4-chlorobenzoic acid,Proteus mirabilis,0,231,121
Emtricitabine,Human immunodeficiency virus 1,1,701,92
N -(3-nitro-4-hydroxy-benzylidene)benzohydrazide,Streptococcus pneumoniae,0,959,158
Hamamelitannin,Staphylococcus aureus,1,794,141
3-geranyl-1-(2-methylbutanoyl)phloroglucinol,Staphylococcus aureus,1,296,141
P10,Staphylococcus aureus,1,1057,141
Hypericin,Bacteroides,0,812,22
"2,2 -Dipyridyl",Enterobacter cloacae,0,168,63
den-SB056-1,Bacteroides,0,1362,22
Cefepime,Acinetobacter sp.,0,545,5
4-methoxy-cinnamaldehyde,Pseudomonas japonica,0,357,128
1-{2-[(E)-2-(4-chlorophenyl)ethenyl]-4-phenylquinolin-3-yl}ethan-1-one,Staphylococcus aureus,1,139,141
(2-methyl-5-nitro-1H-imidazol-1-yl)methyl (2E)-3-phenylprop-2-enoate,Corynebacterium ammoniagenes,0,14,50
Sage oil,Streptococcus salivarius,0,1179,161
Phenoxymethylpenicillin,Lysinibacillus sphaericus,1,1091,106
PLF,Staphylococcus epidermidis,0,1061,146
"2,4-Dichlorophenylalanine",Hepatitis C virus,0,173,86
Oxantel,Bacillus licheniformis,0,1053,20
O-LF11-215,Pseudomonas aeruginosa,1,1035,125
Calanolide A,Human immunodeficiency virus 1,1,518,92
Myricitrin,Human herpesvirus 4,0,951,89
4-(Aminomethyl)-D-phenylalanine,Staphylococcus chromogenes,0,315,144
Paromomycin ,Dengue Virus Type 2,0,1068,53
Fluperlapine,Candida albicans,1,744,34
Phenyl-arginine-b-naphthylamide,Mycobacterium tuberculosis,0,1092,113
K4-S4,Streptococcus mutans,1,851,155
2-(2-(2-Chloroacetamido)-5-nitrophenyl)-2-oxo-N-( prop-2-yn-1-yl)acetamide,Neisseria gonorrhoeae,0,188,114
Pyrvinium pamoate,Plasmodium falciparum,0,1126,118
Moxifloxacin,Stenotrophomonas maltophilia,1,945,151
"2,5-bis(4,5-dibromo-1-methyl-1H-pyrrol-2-yl)-1,3,4-oxadiazole",Pseudomonas aeruginosa,1,177,125
Rifabutin,Escherichia coli,1,1152,69
Pefloxacin,Staphylococcus aureus,1,1070,141
(2E)-1-(5-clorotiophen-2-yl)-3-(3-methoxy-4-benzyloxi-phenyl)-2-propen-1-one,Staphylococcus aureus,1,29,141
Ketoconazole,Candida albicans,1,860,34
den-SB056,Pseudomonas aeruginosa,1,1361,125
Ethyl acetate,Actinobacillus actinomycetemcomitans,0,721,6
Coladonin,Escherichia coli,1,609,69
Pro-Gly,Bacillus anthracis,0,1114,18
1-(4-chlorophenyl)-3-m-tolyurea,Streptococcus mutans,1,124,155
KABT-AMP,Candida tropicalis,1,852,41
Pyrimethamine,Plasmodium falciparum,1,1123,118
Copper sulfate,Pseudomonas aeruginosa,1,614,125
NaCl,Streptococcus oralis,0,1007,156
PLF,Acinetobacter oleiovorans,0,1061,4
"1,3-dimethyl-6-(4-methylphenyl)-5-[3-(4-nitrophenyl)-1-phenyl-1H-pyrazol-4-yl]-1H,2H,3H,4H,5H,6H-pyrimido[4,5-d][1,3]diazine-2,4-dione",Eikenella corrodens,0,118,58
Epigallocatechin Gallate,Staphylococcus epidermidis,1,710,146
"3,5-dimethylaniline",Stenotrophomonas maltophilia,0,260,151
N-[5-(6-amino-9H-purin-9-yl)-4-hydroxy-2-(hydroxymethyl)oxolan-3-yl]-3-(4-methoxyphenyl)propanamide,Staphylococcus epidermis,0,989,147
16P-AC,Staphylococcus epidermidis,1,165,146
"1-(2-Chloroacetyl)-5-methylindoline-2,3-dione",Baker's yeast,0,120,27
4-Acetamido-D-phenylalanine,Staphylococcus aureus,1,317,141
2-Chloro-DL-Phenylalanine,Raoultella ornithinolytica,0,216,131
2-amino-6-chlorobenzoic acid,Burkholderia cenocepacia,1,233,28
Zotepine,Morganella morganii,0,1334,109
S-(2-thiazoyl)-L-cysteine,Enterobacter ludwigi,0,1165,64
Terpinene-4-ol,Bacillus cereus,1,1258,19
Terpinene-4-ol,Pichia anomala,1,1258,117
Streptorubin B,Escherichia coli ,0,1217,70
Daidzein,Vibrio campbellii,0,652,174
Dicloxacillin,Streptococcus pneumoniae,1,676,158
Minocycline,Propionibacterium acnes,1,942,120
Benzoylperoxide,Propionibacterium acnes,1,479,120
4-Fluoro-2-methyl-D-phenylalanine,Candida dubliniensis,0,329,35
(Z)-4-bromo-5-(bromomethylene)-3-butyl-2(5H)-furanone,Salmonella enterica,1,104,133
Ampicillin,Thermus thermophilus,0,437,168
Cefalotin,Clostridium perfringens ,1,540,48
Vancomycin,Staphylococcus chromogenes,1,1307,144
Tricaine,Pseudomonas aeruginosa,1,1283,125
Ethyl gallate,Streptococcus mutans,1,722,155
2(5H)-furanone,Pichia anomala,0,167,117
Ellagic Acid,Clostridium perfringens ,0,698,48
4-bromo-5-(bromomethylene)-3-butyl-2(5H)- furanone,Staphylococcus epidermidis,1,345,146
Tioconazole,Candida albicans,1,1275,34
Aspirin,Candida albicans,1,448,34
Azithromycin,Burkholderia multivorans,1,456,30
Uracil,Escherichia coli,1,1301,69
"(2E)-1-(3 ,5 -dimethoxyphenyl)-3-(2-naphthyl)-2-propen-1-one",Proteus mirabilis,0,26,121
Quercetin,Vibrio harveyi,1,1127,176
Fosamprenavir,Human immunodeficiency virus 1,1,746,92
4-tertiary butyl benzyl dodecyl beta-maltoside,Streptococcus salivarius,0,361,161
(R)-2-amino-3-cyclopentylpropanoic acid,Staphylococcus aureus,1,94,141
Ceftizoxime,Escherichia coli,1,562,69
Mucobromic acid,Human herpesvirus 4,0,947,89
knightine,Vibrio harveyi,1,1369,176
Chitosan,Aspergillus fumigatus,1,573,15
Chloramphenicol,Escherichia coli,1,574,69
"N-(4,5-Dihydro-1,3-thiazol-2-yl)butanamide",Clostridium bacilli,0,975,44
5-Fluorouracil,Micrococcus luteus,0,380,108
3-tetra- decanoyltetronic,Human herpesvirus 4,0,304,89
Thymol,Bacillus anthracis,0,1270,18
"1-[2-(3,5-dichlorophenyl)-5-(3,4,5-trimethoxyphenyl)-1,3,4-oxadiazol-3(2H)-yl]ethanone",Staphylococcus aureus,1,133,141
Clotrimazole,Enterobacter cancerogenus,0,604,62
N-(4-Pyridinyl)butanamide,Pseudomonas aeruginosa,1,979,125
FK506,Candida albicans,1,729,34
Neoeriocitrin,Edwardsiella tarda,0,1012,56
"(10S,11S)-Hydnocarpin D",Lysinibacillus sphaericus,0,3,106
(2-methyl-5-nitro-1H-imidazol-1-yl)methyl (2E)-3-phenylprop-2-enoate,Candida albicans,1,14,34
Cecropin B,Vibrio harveyi,0,535,176
Netilmicin,Candida guiliermondi,0,1016,37
4-nitropyridine N -oxide,Streptomyces rubiginosus,0,359,166
Ciprofloxacin,Bacillus subtilis,1,590,21
3-(2-Thienyl)-D-alanine,Staphylococcus aureus,1,267,141
HE12,Aspergillus niger,0,792,16
Ciprofloxacin ,Haemophilus influenzae,1,592,78
Cefaclor,Clostridium perfringens ,1,537,48
Catechin,Burkholderia cenocepacia,1,531,28
Butanol,Candida albicans,1,497,34
Cefalonium,Raoultella ornithinolytica,0,539,131
Levofloxacin,Haemophilus influenzae,1,897,78
"N1-(7-chloroquinolin-4-yl)octane-1,8-diamine",Pseudomonas aeruginosa,1,993,125
para-Benzoquinone,Serratia liquefaciens,0,1381,135
Micafungin,Pseudomonas aeruginosa,1,939,125
Alexidine dihydrochloride,Candida albicans,1,425,34
Telekin,Candida albicans,1,1253,34
IDR-1018,Pseudomonas aeruginosa,1,814,125
Lysozyme,Staphylococcus aureus,1,911,141
4-Chloro-2-fluoro-DL-phenylalanine,Mycobacterium smegmatis,0,323,112
Silver sulfadiazine,Staphylococcus aureus,1,1197,141
Nystatin,Candida albicans,1,1033,34
Nitazoxanide ,Bacillus cereus,0,1021,19
2-Methoxy-4-propylphenol,Pseudomonas aeruginosa,0,221,125
7P-AC,Staphylococcus aureus,1,410,141
Lactoferricin B,Chromobacterium violaceum,0,891,42
DispersinB-KSL-W wound gel,Enterococcus faecalis,0,687,66
Myristic acid,Candida dubliniensis,0,952,35
Tigecycline,Escherichia coli,1,1272,69
Holothuroidin 2,Pseudomonas chlororaphis,0,807,126
Epicatechin,Eikenella corrodens,1,706,58
Nystatin,Enterobacter cloacae,0,1033,63
RK-31,Burkholderia pseudomallei,1,1140,31
16P-AC,Streptococcus pneumoniae,0,165,158
3-Bromophenylalanine,Staphylococcus epidermis,1,278,147
Thonzonium bromide,Human immunodeficiency virus 1,0,1269,92
"(2S,3R,4S,5S,6R)-6-(Acetoxymethyl)-3-(2-(4-fluorophenyl)acetamido)tetrahydro-2H-pyran-2,4,5-triyl triacetate",Hafnia alvei,0,60,79
Aloe-emodin,Dengue Virus Type 2,0,428,53
"(2E)-1-(1,3-benzodioxol-5-yl)-3-[5-(2-nitro-phenyl)-furan-2-yl]-2-propen-1-one",Streptococcus mutans,1,18,155
Brecanavir,Human immunodeficiency virus 1,1,493,92
"2,4-Dimethylphenylalanine",Raoultella ornithinolytica,0,175,131
L-K6,Streptococcus mutans,1,868,155
3-Chloro-5-[(2-chloroethoxy)]-4-[(4-methylphenylsulfanyl)]-2(5H)-furanone,Klebsiella variicola,0,280,100
3-(4-fluorophenyl)-5-(3-ethoxy- 4-hydroxybenzylidene)-2-thioxothiazolidin-4-one,Staphylococcus epidermidis,1,273,146
Magainin-I,Cryptococcus neoformans,1,919,52
2-(5-Bromo-2-(2-chloroacetamido)phenyl )-2-oxo-N-( prop-2-yn-1-yl)acetamide,Aspergillus niger,0,209,16
Gallium cation,Citrobacter freundii,0,771,43
Niclosamide,Staphylococcus haemolyticus,0,1019,149
beta-Pinene,Staphylococcus chromogenes,0,1348,144
L-carnosine,Pseudomonas fluorescens,0,873,127
Furanone C-30,Bacteroides vulgatus,0,753,26
Gentamicin,Candida albicans,0,779,34
Chloramphenicol,Streptococcus mitis,0,574,154
Aciclovir,Haemophilus influenzae,0,420,78
"2-(4,5-dibromo-1-methyl-1H-pyrrol-2-yl)-5-phenyl-1,3,4-oxadiazole",Staphylococcus aureus,1,198,141
"D, L- K6L9",Achromobacter xylosoxidans,0,626,1
A-3,Human immunodeficiency virus,0,413,91
S-phenyl-L-cysteine,Actinomyces oris,1,1172,7
"2-(4-methoxyphenyl)-N-(3-{[2-(4-methoxyphenyl)ethyl]imino}-1,4-dihydro-2-quinox alinylidene)ethanamine",Pseudoalteromonas sp.,0,207,124
4-bromo-5-(bromomethylene)-3-(1-(2-(2-(2-azidoethoxy)ethoxy)ethoxy)butyl)-2(5H)-furanone,Staphylococcus epidermidis,1,342,146
Indole-3-carboxyaldehyde,Acinetobacter nosocomialis,0,831,3
"1-[2-(naphthalen-1-yl)-5-(3,4,5-trimethoxyphenyl)-1,3,4-oxadiazol-3(2H)-yl]ethanone",Streptococcus mutans,1,135,155
(Z)-5-(chloromethylene) furan-2(5H)-one,Candida glabrata,0,109,36
Indirubin,Staphylococcus haemolyticus,0,825,149
Sodium Chloride,Campylobacter jejuni,1,1207,33
Mezlocillin,Francisella novicida,0,938,74
Pefloxacin ,Candida spp.,0,1071,40
Desipramine,Streptococcus epidermidis,0,665,152
Indole,Escherichia coli,1,827,69
3-Nitro-D-tyrosine,Burkholderia cepacia,0,289,29
Pentagalloylglucose,Mycobacterium leprae,0,1082,111
Cloxacillin,Escherichia coli O6:H1 (strain CFT073 / ATCC 700928 / UPEC),1,606,71
"1,3-bis[3-chloro-5-(1,3-dichloropropane-2-yloxy)-2(5H)-furanone-4-ylsulfonyl]propane",Citrobacter freundii,0,115,43
"13-(2-chloro-6-methoxyquinolin-3-yl)-3,3-dimethyl-1H,2H,3H,4H,4aH,6H,11H,13H,13aH-indazolo[1,2-b]phthalazine-1,6,11-trione",Candida albicans,1,151,34
"2-(4,5-dibromo-1-methyl-1H-pyrrol-2-yl)-5-(pyridin-4-yl)-1,3,4-oxadiazole",Actinoplanes missouriensis,0,197,8
Hexachlorophene,Burkholderia thailandensis,0,801,32
Zalcitabine,Human immunodeficiency virus 1,1,1324,92
Sodium Chloride,Acinetobacter nosocomialis,0,1207,3
Clofazimine,Bacteroides eggerthii,0,602,23
"5,8,11,14-Eicosatetraynoic acid",Cronobacter sakazakii,0,365,51
Tet-26,Schistosoma,0,1262,134
Taurine,Neisseria gonorrhoeae,0,1246,114
Peptide 1,Hepatitis B virus F,0,1086,84
Cefditoren,Acinetobacter sp.,0,544,5
Cephaloglycin,Pseudomonas fluorescens,0,567,127
S-carboxylmethyl-L-cysteine,Arthrobacter sp. ,0,1169,14
3-Nitrophenylalanine,Varicella-zoster virus,0,290,172
5-(dibromomethylene)-3-hexyl-2(5H)-furanone,Salmonella enterica,1,373,133
Efavirenz,Human immunodeficiency virus 1,1,696,92
Penicillenol A2,Pseudomonas aeruginosa,1,1075,125
Cefpiramide,Pseudomonas aeruginosa,1,557,125
Cefalotin,Escherichia coli,1,540,69
L-fucose cluster,Lysinibacillus sphaericus,0,875,106
"(5E)-5-undecylidene-1,3-thiazolidine-2,4-dione",Obesumbacterium proteus,0,76,115
Mezlocillin,Streptococcus pneumoniae,1,938,158
N-Ethylacetanilide,Burkholderia cenocepacia,0,986,28
Azlocillin,Acinetobacter oleiovorans,0,457,4
VSL2,Enterococcus gallinarum,0,1306,68
"2-geranyloxy-4,6-dihydroxybenzophenone",Vibrio cholerae,0,241,175
"N1-(7-chloroquinolin-4-yl)octane-1,8-diamine",Listeria monocytogenes serotype 4a,0,993,105
Magainin-II,Candida glabrata,0,920,36
Chlorhexidine acetate,Raoultella ornithinolytica,0,576,131
Posaconazole,Candida albicans,1,1111,34
Tetracycline,Enteric bacteria and other eubacteria,1,1263,59
Furanone C-30,Aspergillus niger,0,753,16
Meticillin,Streptococcus pneumoniae,1,936,158
Betulin,Yersinia enterocolitica,0,484,179
Mezlocillin,Lactobacillus fermenti,0,938,102
"(2S)-2-amino-3-(1,3-thiazol-4-yl)propanoic acid",Morganella morganii,0,52,109
lin-SB056-1,Pseudomonas aeruginosa,1,1371,125
Minocycline,Enteric bacteria and other eubacteria,1,942,59
(Z)-4-bromo-5-(bromomethylene)-3-(1-bromoethyl)-2(5H)-furanone,Eggerthella lenta,0,102,57
Miconazole,Candida albicans,1,940,34
Paromomycin ,Thermus thermophilus ,1,1068,169
cis-2-dodecenoic acid,Citrobacter freundii,0,1352,43
Farnesol,Candida albicans,1,732,34
para-ethoxyaniline,Acinetobacter nosocomialis,0,1383,3
Oxyresveratrol,Pseudomonas aeruginosa,1,1055,125
Indole-7-carboxylic acid,Aggregatibacter actinomycetemcomitans,0,832,11
Fosaphenytoin,Helicobacter pylori ,0,747,82
BMAP-27,Staphylococcus aureus,1,460,141
(5-nitrofuran-2-yl)methyl (2E)-3-phenylprop-2-enoate,Stenotrophomonas maltophilia,0,71,151
Pefloxacin,Haemophilus influenzae,1,1070,78
2-Methoxy-D-Phenylalanine,Staphylococcus aureus,1,222,141
trans-Stillbene,Staphylococcus aureus,1,1393,141
Viomycin,Candida glabrata,0,1313,36
Tannic acid,Escherichia coli,1,1245,69
5- hydroxyethyl-3-tetradecanoyltetramic acid,Staphylococcus haemolyticus,0,366,149
2-Hexylmaleic anhydride,Mycobacterium avium,0,219,110
Quinolin-8-ol,Enterobacter ludwigi,0,1132,64
"(2E)-1-(3 ,4 ,5 -trimethoxyphenyl)-3-(2-naphthyl)-2-propen-1-one",Citrobacter freundii,0,24,43
"2-(4,5-dibromo-1-methyl-1H-pyrrol-2yl)-5-(4-nitrophenyl)-1,3,4-oxadiazole",Acinetobacter sp.,0,200,5
"2-(4,5-dibromo-1-methyl-1H-pyrrol-2-yl)-5-phenyl-1,3,4-oxadiazole",Candida parapsilosis,0,198,39
Dimethyl Sulfoxide,Actinoplanes missouriensis,0,682,8
"(2E)-1-(2 ,4 ,5 -trimethoxyphenyl)-3-(2-naphthyl)-2-propen-1-one",Staphylococcus epidermidis,1,21,146
Esculin hydrate,Vibrio campbellii,0,717,174
Nitrofurantoin,Escherichia coli,1,1023,69
(E)-Chalcone,Pseudomonas aeruginosa,0,90,125
Pentagalloylglucose,Staphylococcus aureus,1,1082,141
Quercetin,Staphylococcus epidermis,0,1127,147
Phloretin,Staphylococcus aureus,1,1094,141
C6-HSL,Aeromonas sobria,1,507,10
Moxifloxacin,Candida dubliniensis,0,945,35
HE10,Eikenella corrodens,0,791,58
4-methoxy-cinnamaldehyde,Achromobacter xylosoxidans,0,357,1
Carabrone,Enterococcus faecium,0,523,67
Pleurocidin,Campylobacter jejuni,0,1107,33
Cyclacillin,Shewanella oneidensis,0,621,137
Toremifene,Candida albicans,1,1282,34
NA8,Schistosoma,0,1001,134
Furanone,Enteric bacteria and other eubacteria ,0,751,60
(E)-Chalcone,Staphylococcus epidermis,0,90,147
Yohimbine hydrochloride,Streptococcus sobrinus,0,1323,164
"2,4,5-Trifluorophenylalanine",Burkholderia cenocepacia,0,172,28
Myxinidin1,Clostridium leptum,0,956,45
Niacinamide,Pseudomonas aeruginosa,1,1018,125
Limonene,Streptococcus pyogenes,1,899,160
FS8,Streptococcus sanguinis,0,730,162
Isoniazid ,Mycobacterium tuberculosis,1,842,113
Phosphorylserine,Staphylococcus epidermis,1,1097,147
Fusidic Acid,Thermus thermophilus,1,761,168
Sm6(L2)B33,Streptococcus mutans,1,1205,155
TZD-C8,Vibrio parahaemolyticus,0,1241,177
"(2E)-1-(2 ,4 ,5 -trimethoxyphenyl)-3-(2-chloro-6-methoxy-quinolin-3-yl)-2-propen-1-one",Pseudomonas aeruginosa,1,19,125
Prolificin A,Candida parapsilosis,0,1115,39
D-Leucine,Staphylococcus epidermis,1,637,147
Carvacrol,Mycobacterium smegmatis,0,529,112
16P,Staphylococcus aureus,1,164,141
Glycomonoterpenes (G-citral),Pseudomonas chlororaphis,0,785,126
Oseltamivir,Mycobacterium smegmatis,0,1051,112
N-[(3-chloro-isoquinolin-4-yl)methylene]benzohydrazide,Enterococcus faecalis,1,988,66
LL-19,Aggregatibacter actinomycetemcomitans,0,885,11
Amikacin,Providencia stuartii,1,430,123
3-Hydroxyphenylalanine,Staphylococcus epidermis,1,283,147
Ertapenem,Candida krusei,0,711,38
Toremifene,Candida glabrata,1,1282,36
Isopropanol,Enterobacter cloacae,0,843,63
"3,5-Diiodotyrosine",Staphylococcus aureus,1,257,141
7-formylindole,Streptococcus epidermidis,0,405,152
"1,3-dimethyl-6-(4-methylphenyl)-5-[3-(4-nitrophenyl)-1-phenyl-1H-pyrazol-4-yl]-1H,2H,3H,4H,5H,6H-pyrimido[4,5-d][1,3]diazine-2,4-dione",Escherichia coli O6:H1 (strain CFT073 / ATCC 700928 / UPEC),0,118,71
Oseltamivir,Influenza A virus ,1,1051,95
TZD-C8,Serratia liquefaciens,0,1241,135
Oregano oil,Clostridium perfringens,0,1050,47
Furanone-2,Serratia marcescens,0,755,136
NA8,Hepatitis B virus D,0,1001,83
2-Nitro-cinnamaldehyde,Staphylococcus haemolyticus,0,224,149
beta-Pinene,Helicobacter pylori ,0,1348,82
Benzathine Benzylpenicillin,Listeria monocytogenes,1,472,104
Silver sulphate,Staphylococcus aureus,1,1198,141
P10,Corynebacterium ammoniagenes,0,1057,50
Catechin gallate,Eikenella corrodens,1,532,58
"2-(4,5-dibromo-1-methyl-1H-pyrrol-2-yl)-5-styryl-1,3,4-oxadiazole",Aspergillus niger,0,199,16
(E)-3-Decen-2-one,Obesumbacterium proteus,0,89,115
8-fluoroquinoline,Escherichia coli,0,411,69
Ampicillin,Streptococcus pneumoniae,1,437,158
S-(2-thiazoyl)-L-cysteine,Helicobacter pylori ,0,1165,82
Rosoxacin,Escherichia coli,1,1160,69
Indirubin,Pseudomonas aeruginosa,1,825,125
Cathelicidin,Aquifex aeolicus,0,533,13
Clary sage,Serratia marcescens,0,596,136
Diphenyl disulphide,Streptococcus mutans,1,684,155
"Dihydroxybenzoic Acid (2,4-DHBA)",Streptococcus pneumoniae serotype 4,0,680,159
Dezocine,Candida spp.,0,666,40
"2-(2-chloro-5-fluorophenyl)-5-(4,5-dibromo-1-methyl-1H-pyrrol-2-yl)-1,3,4-oxadiazole",Pseudomonas aeruginosa,1,191,125
Latamoxef,Raoultella ornithinolytica,0,894,131
NRC-16,Pseudomonas aeruginosa,1,1003,125
Tet-26,Corynebacterium ammoniagenes,0,1262,50
Demeclocycline,Escherichia coli,1,663,69
"2-(4,5-dibromo-1-methyl-1H-pyrrol-2-yl)-5-(methylthio)-1,3,4-oxadiazole",Staphylococcus aureus,1,195,141
Avibactam,Escherichia coli,1,454,69
S-(2-Aminoethyl)-L-cysteine hydrochloride,Streptococcus gordonii,0,1164,153
4-bromo-5-(dibromomethylene)-3-(1-acetoxyoethyl)-2(5H)-furanone,Salmonella enterica,1,346,133
Tipranavir ,Human immunodeficiency virus,1,1277,91
(2R)-2-amino-3-(benzenesulfinyl)propanoic acid,Acinetobacter baumannii,0,43,2
Copper sulfate,Enterobacter ludwigi,0,614,64
Fluconazole,Bacillus licheniformis,0,743,20
Nerolidol,Klebsiella pneumoniae,0,1015,99
Zinc Nitrate,Bacteroides uniformis,0,1330,25
"(2S,3R,4S,5S,6R)-6-(Acetoxymethyl)-3-(2-(4-fluorophenyl)acetamido)tetrahydro-2H-pyran-2,4,5-triyl triacetate",Actinoplanes missouriensis,0,60,8
Dichloromethane,Staphylococcus chromogenes,0,673,144
Aciclovir,Desulfovibrio africanus,0,420,54
Kanamycin,Enteric bacteria and other eubacteria,1,858,59
Phosphate,Pantoea agglomerans,0,1096,116
"(2R)-2-amino-3-(2,3-dihydro-1H-inden-2-yl)propanoic acid",Staphylococcus aureus,1,41,141
Elliptophenone A,Staphylococcus aureus,1,699,141
D-Histidine,Staphylococcus aureus,1,635,141
Decanediol,Propionibacterium acnes,1,659,120
"3,5-dimethylaniline",Pseudomonas aeruginosa,1,260,125
"Dihydroxybenzoic Acid (2,3-DHBA)",Enterococcus faecium,0,679,67
knightine,Staphylococcus aureus,1,1369,141
Azlocillin,Clostridium perfringens ,1,457,48
Sulfadoxine,Plasmodium falciparum,1,1226,118
Rifalazil,Baker's yeast,0,1153,27
L-cysteic acid,Streptococcus sanguis,1,874,163
Hinokitiol,Pseudomonas aeruginosa,0,804,125
Ivalin,Klebsiella pneumoniae,0,849,99
Sulfalene,Enteric bacteria and other eubacteria ,0,1227,60
Azithromycin,Aspergillus fumigatus,0,456,15
Curcumin,Aeromonas hydrophila,1,619,9
BisEDT-RIP,Clostridium perfringens ,0,490,48
3-(3-fluorophenyl)-5-(3-ethoxy-4-hydroxybenzylidene)-2-thioxothiazolidin-4-one,Staphylococcus epidermidis,1,270,146
Menthol,Aeromonas hydrophila,1,925,9
S-propyl-L-cysteine,Listeria monocytogenes,0,1174,104
Benzathine benzylpenicillin,Neisseria gonorrhoeae,1,473,114
Methyl gallate,Staphylococcus aureus,1,933,141
L-Aspartate,Streptomyces sp. ,0,866,167
Cecropin B,Staphylococcus epidermidis,0,535,146
Niclosamide,Bacteroides eggerthii,0,1019,23
Arbekacin,Escherichia coli,1,445,69
Pro-Gly,Pseudomonas aeruginosa,1,1114,125
Vidarabine,Human herpesvirus 1 ,1,1312,87
Meropenem,Pseudomonas aeruginosa,1,927,125
"1-[2-(naphthalen-1-yl)-5-(3,4,5-trimethoxyphenyl)-1,3,4-oxadiazol-3(2H)-yl]ethanone",Streptomyces gordonii,0,135,165
1-{6-nitro-4-phenyl-2-[(E)-2-[4-(trifluoromethoxy)phenyl]ethenyl]quinolin-3-yl}ethan-1-one,Dihydropteroate synthase type-1,0,145,55
2(5H)-furanone,Streptococcus mitis,0,167,154
Penicillenol A2,Candida albicans,1,1075,34
cat-AGE-RK2,Shewanella oneidensis,0,1351,137
2-(2-(2-Azidoacetamido)-5-nitrophenyl)-2-oxo-N-(prop-2-yn-1-yl)acetamide,Enterobacteria phage T4,0,184,65
Neomycin,Enteric bacteria and other eubacteria,1,1014,59
Nevirapine,Enterobacteria phage T4,0,1017,65
Indole-7-carboxylic acid,Pseudomonas aeruginosa,1,832,125
TZD-C8,Pseudomonas fluorescens,0,1241,127
Dibenzyl disulphide,Streptococcus sanguinis,0,671,162
(2E)-N-[3-(1H-indol-3-yl)propyl]-3-phenylprop-2-enamide,Candida albicans,1,40,34
"Dihydroxybenzoic Acid (2,4-DHBA)",Proteus vulgaris,0,680,122
N-(4-Bromobenzylidene)benzohydrazide,Mycobacterium smegmatis,0,976,112
Rosmarinic acid,Aeromonas hydrophila,1,1159,9
Competence Stimulating Peptide,Streptomyces gordonii,1,613,165
(2E)-3-(3-hydroxy-4-methoxyphenyl)-1-phenylprop-2-en-1-one,Haemophilus influenzae,1,34,78
Pivampicillin,Clostridium perfringens ,1,1104,48
Zinc Dichloride,Trueperella pyogenes,0,1329,171
Betulinic acid,Klebsiella planticola,0,485,98
Vancomycin,Enterococcus faecium,1,1307,67
Cloxacillin,Listeria monocytogenes,1,606,104
Sodium ascorbate,Human parainfluenza virus type 2,0,1208,93
17-Deacetyl norgestimate,Amycolatopsis orientalis,0,166,12
Terconazole,Influenza B virus ,0,1257,97
S-ethyl-L-cysteine,Clostridium perfringens,0,1170,47
Cefixime,Listeria monocytogenes,1,547,104
"1-[2-(3,5-dichlorophenyl)-5-(3,4,5-trimethoxyphenyl)-1,3,4-oxadiazol-3(2H)-yl]ethanone",Candida krusei,0,133,38
2-Methoxy-D-Phenylalanine,Providencia stuartii,0,222,123
Farnesol,Burkholderia multivorans,1,732,30
2-amino-imidazole/ triazole conjugate,Streptococcus mutans,1,235,155
4-bromo-5-(bromomethylene)-3-butyl-2(5H)- furanone,Raoultella ornithinolytica,0,345,131
Chlorhexidine acetate,Proteus mirabilis,0,576,121
RNAIII-inhibiting Peptide,Providencia stuartii,0,1141,123
R-FV-I16,Hafnia alvei,0,1135,79
"(10R,11R)-Hydnocarpin D",Candida dubliniensis,0,2,35
Amikacin,Escherichia coli,1,430,69
Cefalotin,Streptomyces sp. ,1,540,167
Polyethyleneimine,Staphylococcus aureus,1,1108,141
Oxacillin,Clostridium perfringens ,1,1052,48
"(5Z)-2-(1,1-dichloro-3,3-dimethylbutyl)-5-[(3-methoxyphenyl)methylidene]-1,3-oxazolidin-4-one",Hafnia paralvei,0,80,80
Cephaloglycin,Bacillus licheniformis,1,567,20
12-methyltetradecanoic acid,Pseudomonas aeruginosa,1,150,125
Delavirdine,Human immunodeficiency virus 1,1,661,92
2-amino-imidazole/ triazole conjugate,Enterococcus gallinarum,0,235,68
Mezlocillin,Human herpesvirus 5,0,938,90
"3,3-Diphenyl-D-alanine",Clostridium perfringens,0,246,47
Phloretin,Bacillus anthracis,0,1094,18
Aciclovir,Human herpesvirus 1 ,1,420,87
3-[(prop-2-ene-1-sulfinyl)sulfanyl]prop-1-ene,Streptococcus sanguis,1,291,163
"(10S,11S)-Hydnocarpin D",Staphylococcus aureus,1,3,141
Imipenem,Staphylococcus aureus,1,822,141
Sulfisoxazole ,Pantoea agglomerans,0,1237,116
6-fluoroindole,Salmonella Typhi,0,397,132
1-{2-[(E)-2-(4-hydroxy-3-methoxyphenyl)ethenyl]-4-phenylquinolin-3-yl}ethan-1-one,Fusarium solani,0,140,75
para-ethoxyaniline,Pseudomonas aeruginosa,1,1383,125
BMAP-18,Klebsiella planticola,0,459,98
Hamamelitannin,Burkholderia cepacia,0,794,29
G H12,Chromobacterium violaceum,0,763,42
Tazobactam ,Escherichia coli,1,1248,69
"Phenol,2,4-bis(1,1-dimethylethyl)",Gardnerella vaginalis,0,1090,76
3-(4-fluorophenyl)-5-(3-(allyloxy)-4-hydroxybenzylidene)-2-thioxothiazolidin-4-one,Escherichia coli,1,272,69
Aztreonam,Bacillus subtilis,1,458,21
Tobramycin,Burkholderia cenocepacia,1,1279,28
Oxacillin,Staphlococcus aureus,0,1052,140
2-amino-4-chlorobenzoic acid,Mycobacterium smegmatis,0,231,112
Micafungin,Clostridium pasteurianum,0,939,46
4-fluoroindole,Pseudomonas aeruginosa,1,354,125
Cyclacillin,Streptococcus pneumoniae,1,621,158
Atovaquone,Acinetobacter baumannii,0,450,2
N -(pyridin-3-yl-methylene)benzohydrazide,Staphylococcus epidermidis,1,962,146
"L-744,832",Thermus thermophilus,0,865,168
3-(4-fluorophenyl)-5-(3-(allyloxy)-4-hydroxybenzylidene)-2-thioxothiazolidin-4-one,Enterococcus faecium,1,272,67
Gentamicin ,Escherichia coli,1,780,69
"Trimethyl[3-({33-[2-(trimethylazaniumyl)ethoxy]-10,15,20,25,27,29,31,34-octakis[3-(trimethylazaniumyl)propoxy]hexacyclo[21.2.2.2,.2,.2,.2]pentatriaconta-1(25),3,5,8,10,13,15,18,20,23,26,28,30,32,34-pentadecaen-4-yl}oxy)propyl]azanium decabromide",Clostridium perfringens,0,1293,47
Cefepime ,Chromobacterium violaceum,0,546,42
D-Histidine,Staphylococcus epidermis,1,635,147
"2-(4,5-dibromo-1-methyl-1H-pyrrol-2-yl)-5-(ethylthio)-1,3,4-oxadiazole",Achromobacter xylosoxidans,0,194,1
Phenanthrene,Varicella-zoster virus,0,1088,172
(2R)-2-amino-3-(benzenesulfinyl)propanoic acid,Actinomyces oris,1,43,7
S-propyl-L-cysteine,Streptococcus mutans,1,1174,155
Tipranavir,Actinomyces oris,0,1276,7
Ceftobiprole,Salmonella enterica,0,563,133
"3,4-Dichlorophenylalanine",Staphylococcus epidermis,1,254,147
Quinine,Streptomyces sp. ,0,1130,167
"3,4-Dichlorophenylalanine",Bacillus licheniformis,0,254,20
4-bromo-5-(bromomethylene)-3-(1-acetoxybutyl)-2(5H)-furanone,Salmonella enterica,1,343,133
Titanium dioxide,Pseudomonas chlororaphis,0,1278,126
D-Proline,Hepatitis C virus,0,640,86
"1,1,6,6,7,7-hexahydroxy-5,5-diisopropyl-3,3-dimethyl-2,2-binaphthalene-8,8-dicarbaldehyde",Acinetobacter baumannii,1,113,2
2-amino-3-(3-chlorophenyl)propanoic acid,Clostridium perfringens,0,226,47
Tobramycin,Enteric bacteria and other eubacteria,1,1279,59
TMB-8,Cronobacter sakazakii,0,1239,51
Oseltamivir,Arthrobacter sp. ,0,1051,14
Losartran,Bacillus subtilis,1,907,21
N-Acetylcysteine,Mycobacterium smegmatis,1,984,112
Daclatasvir,Amycolatopsis orientalis,0,651,12
PG-1,Shewanella oneidensis,0,1060,137
3-(4-fluorophenyl)-5-(3-(allyloxy)-4-hydroxybenzylidene)-2-thioxothiazolidin-4-one,Staphylococcus aureus,1,272,141
Sulfadoxine,Pseudomonas chlororaphis,0,1226,126
Limonene,Geobacillus kaustophilus,0,899,77
"3,5-Difluoro-dl-phenylalanine",Citrobacter freundii,0,256,43
"3-(2-Furylmethyl)-2-{[(5-hydroxy-1H-pyrazol-3-yl)methyl]sulfanyl}-3,5,6,7-tetrahydro-4H-cyclopenta[4,5]thieno[2,3-d]pyrimidin-4-one",Acinetobacter baumannii,1,263,2
Ciprofloxacin,Aeromonas sobria,0,590,10
"N-(5-Methyl-1,2-oxazol-3-yl)butanamide",Burkholderia thailandensis,0,981,32
2-amino-3-(3-chlorophenyl)propanoic acid,Staphylococcus aureus,1,226,141
Doxycycline,Escherichia coli,1,693,69
Tioconazole,Porphyromonas gingivalis,0,1275,119
"1-{6-nitro-4-phenyl-2-[(E)-2-(3,4,5-trimethoxyphenyl)ethenyl]quinolin-3-yl}ethan-1-one",Staphylococcus aureus,1,144,141
4-Fluoro-2-methyl-D-phenylalanine,Marinobacter hydrocarbonoclasticus,0,329,107
Amikacin,Morganella morganii,1,430,109
Cefotaxime,Streptococcus pneumoniae,1,553,158
Nobiletin,Hepatitis B virus D,0,1025,83
beta-Caryophyllene,Staphylococcus caprae,0,1345,143
S-methyl- L-cysteine,Marinobacter hydrocarbonoclasticus,0,1171,107
6-MO-LF11-227,Aspergillus fumigatus,0,395,15
Vanillin,Escherichia coli,1,1309,69
"L-744,832",Enterobacteria phage T4,0,865,65
"4-Hydroxy-2,5-dimethyl-3(2H)-furanone",Pseudomonas aeruginosa,1,332,125
Virstatin,Arthrobacter sp. ,0,1315,14
Oxyresveratrol,Staphylococcus aureus,1,1055,141
Spermine,Streptococcus pneumoniae serotype 4,0,1211,159
Cephalexin,Bacillus subtilis,1,566,21
2-Hydroxychalcone,Haemophilus influenzae,1,220,78
D-Asparagine,Staphylococcus epidermis,1,630,147
"N-(1,3-benzothiazol-2-yl)butanamide",Klebsiella pneumoniae,0,971,99
L-4-Carbamoylphenylalanine,Fusarium solani,0,864,75
para-anisidine,Pseudomonas aeruginosa,1,1382,125
Cefoperazone,Enteric bacteria and other eubacteria ,0,551,60
Chrysin,Human herpesvirus 3,0,580,88
"(E)-1-[6-[(3-acetyl-2,4,6-trihydroxy-5-methylphenyl)methyl]-5,7-dihydroxy-2,2-dimethyl-2H-1-benzopyran-8-yl]-3-phenyl-2-propen-1-one",Pseudomonas aeruginosa,1,88,125
Bis[(4-methylphenyl)methyl] disulfide,Human herpesvirus 5,0,491,90
"3,4-Dichloro-cinnamaldehyde",Streptococcus gordonii,0,253,153
VSL2,Staphylococcus chromogenes,0,1306,144
RNAIII-inhibiting Peptide,Enteric bacteria and other eubacteria ,0,1141,60
4-dimethyl-amino-cinnamaldehyde,Enterococcus faecalis,0,353,66
Indolicidin,Staphylococcus aureus,1,833,141
Citropin 1.1,Clostridium pasteurianum,0,594,46
2(5H)-furanone,Pantoea agglomerans,0,167,116
1-mesityl-3(4-nitrophenyl)urea,Schistosoma,0,136,134
Phenoxymethylpenicillin,Clostridium perfringens ,1,1091,48
Imipenem,Escherichia coli,1,822,69
"3,5-dibromotyrosined",Arthrobacter sp. ,0,259,14
5-(dibromomethylene)-3-(1-bromobutyl)-2(5H)-furanone,Trichophyton mentagrophytes,0,369,170
"(5Z)-2-(1,1-dichloro-7-methyloctyl)-5-{[4-(trifluoromethyl)phenyl]methylidene}-1,3-oxazolidin-4-one",Staphylococcus aureus,1,82,141
Benzophenonyl decyl beta-maltoside,Bacteroides uniformis,0,478,25
G10KHc,Staphylococcus aureus,0,764,141
N-(4-Pyridinyl)butanamide,Human parainfluenza virus type 2,0,979,93
3beta-Hydroxyolean-12-en-28-al 3-p-coumarate,Citrobacter freundii,0,309,43
L-Phenylalanine,Vibrio campbellii,0,869,174
CSP-C16,Acinetobacter oleiovorans,0,513,4
DASamP1,Staphylococcus capitis,0,647,142
Floxacillin ,Trichophyton mentagrophytes,0,741,170
1-(4-methoxyphenyl)-3-m-tolyurea,Streptococcus mitis,0,126,154
RI-19,Burkholderia pseudomallei,1,1137,31
Piperacillin,Influenza B virus,0,1102,96
Ceftriaxone,Enteric bacteria and other eubacteria ,0,564,60
L- K6L9,Hafnia paralvei,0,862,80
Azidocillin,Streptococcus pneumoniae,1,455,158
Fosamprenavir,Clostridium bacilli,0,746,44
RK-25,Burkholderia pseudomallei,1,1139,31
1-(pyrazin-2-yl)ethan-1-one,Streptococcus sobrinus,0,129,164
Pyrazinamide,Plasmodium falciparum,0,1122,118
Colostrum Hexasaccharide,Staphylococcus aureus,1,612,141
Azithromycin,Staphylococcus aureus,1,456,141
L-Phenylalanine-L-Lysine,Haemophilus influenzae,0,871,78
Cerulenin ,Raoultella ornithinolytica,0,569,131
Tigecycline,Staphylococcus epidermis,0,1272,147
Paromomycin ,Helicobacter pylori ,0,1068,82
"N1-[7-(trifluoromethyl)quinolin-4-yl]octane-1,8-diamine",Obesumbacterium proteus,0,996,115
Curcumin,Klebsiella variicola,1,619,100
epsilon-Polylysine,Candida guiliermondi,0,1364,37
2-(2-(2-Azidoacetamido)-5-nitrophenyl)-2-oxo-N-(prop-2-yn-1-yl)acetamide,Listeria ivanovii,0,184,103
"2,4,5-Trifluorophenylalanine",Staphylococcus aureus,1,172,141
Curcumin,Vibrio harveyi,1,619,176
"(5Z)-2-(1,1-dichloro-2-phenylethyl)-5-{[4-(trifluoromethyl)phenyl]methylidene}-1,3-oxazolidin-4-one",Staphylococcus aureus,1,78,141
M8-33,Hepatitis C virus,0,912,86
Di-MB-LF11-322,Firmicutes,0,668,73
(Z)-3-(bromomethylene) isobenzofuran-1(3H)-one,Marinobacter hydrocarbonoclasticus,0,99,107
"(2E)-1-(2 ,5 -dimethoxyphenyl)-3-[2,5-dimethyl-1-(3-trifluoromethyl-phenyl)-1H-pirrol-3-yl]-2-propen-1-one",Enterococcus faecalis,1,23,66
Fraxin,Stenotrophomonas maltophilia,1,750,151
SP1,Pseudomonas aeruginosa,1,1177,125
"3-{2-[(1S,2R,4aR,8aR)-1,2,4a,5-tetramethyl-1,2,3,4,4a,7,8,8a-octahydronaphthalen-1-yl]ethyl}-5-methylidene-N-phenyl-2,5-dihydrofuran-2-amine",Micrococcus luteus,0,306,108
"4-(2-(5-(4,5-dibromo-1-methyl-1H-pyrrol-2-yl)-1,3,4-oxadiazol-2-yl)vinyl)-2-methoxyphenol",Streptococcus pneumoniae serotype 4,0,312,159
Garlic extract,Staphylococcus capitis,0,775,142
(2E)-N-[3-(1H-indol-3-yl)propyl]-3-phenylprop-2-enamide,Salmonella Typhi,0,40,132
2-amino-5-methoxy-5-oxopentanoic acid,Candida tropicalis,0,232,41
3-(3-Pyridinyl)alanine,Aspergillus niger,0,269,16
Adefovir Dipivoxil,Hepatitis B virus D,1,422,83
Myricetin,Dengue Virus Type 2,0,950,53
Resveratrol,Burkholderia cenocepacia,1,1148,28
(2-{[(2-phenylethyl)sulfanyl]sulfinyl}ethyl)benzene,Shigella flexneri,0,15,138
G H12,Plasmodium falciparum,0,763,118
Kojic acid,Streptococcus sanguis,0,861,163
11(R)-hydroxy-12(20)-en-knightol acetate,Pseudomonas aeruginosa,1,148,125
Chelerythrine,Hepatitis C Virus ,0,572,85
Trimethoprim-sulfamethoxazole,Trichophyton mentagrophytes,0,1288,170
Cefotaxime,Staphlococcus aureus,0,553,140
Tea tree oil,Dihydropteroate synthase type-1,0,1249,55
Cefalotin,Streptococcus pneumoniae,1,540,158
Piperacillin,Shewanella oneidensis,0,1102,137
Levofloxacin,Candida parapsilosis,0,897,39
Vanillic acid,Klebsiella variicola,0,1308,100
"5-(4,5-dibromo-1-methyl-1H-pyrrol-2-yl)-1,3,4-oxadiazole-2-thiol",Haemophilus influenzae,0,367,78
"13-(2-chloroquinolin-3-yl)-3,3-dimethyl-1H,2H,3H,4H,6H,11H,13H-indazolo[1,2-b]phthalazine-1,6,11-trione",Pseudomonas aeruginosa,1,156,125
Subtilosin,Listeria monocytogenes,1,1218,104
TZD-C8,Pseudomonas aeruginosa,1,1241,125
Lipoic acid,Pseudomonas aeruginosa,1,902,125
sorivudine,Escherichia coli ,0,1388,70
Lactoferricin B,Aspergillus fumigatus,1,891,15
"N-((2R,3R,4S,5S,6R)-2,4,5-Trihydroxy-6-(hydroxymethyl)tetrahydro-2H-pyran-3-yl)butyramide",Human immunodeficiency virus 1,0,966,92
4-bromo-5-(bromomethylene)-3-butyl-2(5H)- furanone,Staphylococcus aureus,1,345,141
Djenkolic acid,Actinomyces oris,1,689,7
Olmesartran,Staphylococcus capitis,0,1048,142
Silver sulfadiazine,Bacteroides vulgatus,0,1197,26
Eugenol,Escherichia coli,1,726,69
Phosphate,Micrococcus luteus,0,1096,108
N-Acetylcysteine,Streptococcus pyogenes,1,984,160
Salicylic Acid,Stenotrophomonas maltophilia,0,1180,151
(2E)-1-(3 -methoxyphenyl)-3-(2-naphthyl)-2-propen-1-one,Enterobacteria phage T4,0,27,65
Bacalin hydrate,Burkholderia cenocepacia,1,464,28
4-bromo-5-(bromomethylene)-3-(1-acetoxybutyl)-2(5H)-furanone,Hepatitis C virus,0,343,86
Ciprofloxacin,Thermus thermophilus,0,590,168
Niacinamide,Escherichia coli,0,1018,69
"1-(2,4-dichlorophenyl)-2-(1H-imidazol-1-yl)ethyl (2E)-3-phenylprop-2-enoate",Acinetobacter oleiovorans,0,119,4
Penicillenol C1,Pseudomonas aeruginosa,1,1078,125
BMAP-28,Candida albicans,1,461,34
epsilon-Polylysine,Streptococcus epidermidis,0,1364,152
"2-geranyloxy-4,6-dihydroxybenzophenone",Staphylococcus aureus,1,241,141
Bromohexylmaleic anhydride,Salmonella enterica,1,494,133
den-SB056-1,Dengue Virus Type 2,0,1362,53
L-Canavanine,Burkholderia multivorans,1,867,30
Indole-7-carboxylic acid,Hafnia alvei,0,832,79
D-2-Methylphenylalanine,Staphylococcus epidermis,1,627,147
MUC7 12-mer-L4,Clostridium perfringens,0,916,47
1-{2-[(E)-2-(4-methoxyphenyl)ethenyl]-4-phenylquinolin-3-yl}ethan-1-one,Bacillus subtilis,1,141,21
2-(Aminomethyl)-L-phenylalanine,Bacteroides eggerthii,0,211,23
"(2E)-1-(1,3-benzodioxol-5-yl)-3-[5-(2-nitro-phenyl)-furan-2-yl]-2-propen-1-one",Clostridium perfringens ,0,18,48
Metronidazole,Helicobacter pylori ,1,937,82
Oxytetracycline,Acinetobacter nosocomialis,0,1056,3
Myxinidin3,Eubacterium ramulus,0,958,72
Ssp (A4K-A11K),Streptococcus mutans,1,1212,155
"3,3-dimethyl-13-{8-methyl-[1,2,3,4]tetrazolo[1,5-a]quinolin-4-yl}-1H,2H,3H,4H,6H,11H,13H-indazolo[1,2-b]phthalazine-1,6,11-trione",Pseudomonas aeruginosa,1,248,125
(RW)4-NH2,Staphylococcus aureus,0,97,141
Pa-MAP,Klebsiella pneumoniae,1,1063,99
epsilon-Polylysine,Dengue Virus Type 2,0,1364,53
(1E)-1-{[(1E)-prop-1-ene-1-sulfinyl]sulfanyl}prop-1-ene,Mycobacterium leprae,0,4,111
17-Deacetyl norgestimate,Staphylococcus aureus,1,166,141
(2E)-1-(3 -methoxyphenyl)-3-(2-naphthyl)-2-propen-1-one,Acinetobacter oleiovorans,0,27,4
Atazanavir,Pseudomonas putida,0,449,130
4-Bromo-D-phenylalanine,Staphylococcus aureus,1,322,141
5-(dibromomethylene)-3-(1-acetoxyethyl)-2(5H)-furanone,Stenotrophomonas maltophilia,0,368,151
Titanium dioxide,Bacteroides eggerthii,0,1278,23
"2,3,4,5,6-Pentafluoro-L-phenylalanine",Bacillus amyloliquefaciens,0,169,17
Fluspiriline,Candida albicans,1,745,34
4-Hydroxychalcone,Haemophilus influenzae,1,333,78
3-(2-Naphthyl)alanine,Staphylococcus aureus,1,265,141
(2E)-1-(3 -methoxyphenyl)-3-(2-naphthyl)-2-propen-1-one,Staphylococcus aureus,1,27,141
4-Methoxycarbonylphenylboronic acid,Vibrio vulnificus,1,335,178
Enoxacin,Bacillus subtilis,0,704,21
Cycloserine ,Pseudomonas libaniensis,0,624,129
Arbekacin,Aquifex aeolicus,0,445,13
(Z)-4-bromo-5-(bromomethylene)-3-methylfuran-2(5H)-one,Thermus thermophilus,0,107,168
CSP-C16,Clostridium leptum,0,513,45
Ibuprofen,Eikenella corrodens,0,819,58
Zinc sulfate,Kocuria rhizophila,1,1332,101
"(5E)-5-hexylidene-1,3-thiazolidine-2,4-dione",Candida albicans,1,74,34
Benzylpenicillin,Acinetobacter baumannii,0,481,2
Garlic extract,Hepatitis B virus F,0,775,84
Zinc,Streptococcus pyogenes,0,1328,160
D-Leucine,Eubacterium ramulus,0,637,72
Di-MB-LF11-322,Streptococcus pyogenes,0,668,160
Tet-26,Bacillus anthracis,0,1262,18
Pefloxacin ,Corynebacterium ammoniagenes,0,1071,50
Indole,Acinetobacter oleiovorans,1,827,4
4-(2-methybutyryl)-4H-tomentosin,Candida albicans,1,313,34
(2E)-1-[4 -(1H-imidazol-1-yl)phenyl]-3-(2-naphthyl)-2-propen-1-one,Streptococcus mutans,1,30,155
"L-744,832",Raoultella ornithinolytica,0,865,131
4-Methylphenylalanine,Salmonella Typhi,0,338,132
"(R)-2,3-Diaminopropanoic acid",Hepatitis C Virus ,0,91,85
Resveratrol,Cryptococcus neoformans,0,1148,52
Rutin,Staphylococcus haemolyticus,0,1163,149
Rosmarinic acid,Pseudomonas japonica,0,1159,128
14-Glycinyl andrographolide hydrochloride,Candida parapsilosis,0,161,39
"(Z)-5-decylidenethiazolidine-2,4-dione",Aspergillus fumigatus,0,110,15
C8-HSL,Trueperella pyogenes,1,508,171
Cinnamaldehyde,Coagulase- negative staphylococci,0,585,49
"1-{6-nitro-4-phenyl-2-[(E)-2-(3,4,5-trimethoxyphenyl)ethenyl]quinolin-3-yl}ethan-1-one",Bacillus subtilis,1,144,21
Limonene,Thermus thermophilus ,0,899,169
Ceftazidime,Escherichia coli,1,560,69
"2-(4,5-dibromo-1-methyl-1H-pyrrol-2-yl)-5-(4-methoxyphenyl)-1,3,4-oxadiazole",Staphylococcus aureus,1,193,141
"2-(4,5-dibromo-1-methyl-1H-pyrrol-2-yl)-5-(phenylthio)-1,3,4-oxadiazole",Pseudomonas aeruginosa,1,196,125
AAP2,Streptococcus mutans,1,414,155
Dezocine,Burkholderia pseudomallei,0,666,31
2-methoxy-cinnamaldehyde,Morganella morganii,0,242,109
Erythromycin,Edwardsiella tarda,0,713,56
Raspberry KAS 434,Bacillus amyloliquefaciens,1,1145,17
Butenafine hydrochloride,Vibrio cholerae,0,499,175
"(2-(4-chlorophenyl)- 4-{[(6-methyl-2-pyridinyl)amino]methylene}-1,3-oxazol- 5(4H)-one)",Staphylococcus aureus,0,13,141
Oleic Acid,Candida guiliermondi,0,1046,37
Tipranavir ,Pseudomonas fluorescens,0,1277,127
Cephaloglycin,Influenza B virus ,0,567,97
"2-Benzyl-5-(4,5-dibromo-1-methyl-1H-pyrrol-2-yl)-1,3,4-oxadiazole",Pseudomonas aeruginosa,1,214,125
Posaconazole,Human respiratory syncytial virus B,0,1111,94
Gossypetin hexamethyl ether,Enterobacteria phage T4,0,787,65
Elliptophenone A,Candida krusei,0,699,38
Indinavir,Human immunodeficiency virus,1,824,91
Zidovudine,Human immunodeficiency virus 1,1,1327,92
Coumarin,Eggerthella lenta,0,616,57
Bacalin hydrate,Eubacterium ramulus,0,464,72
Na-Propionate,Hafnia alvei,0,1005,79
S-methyl- L-cysteine,Streptococcus gordonii,0,1171,153
Epigallocatechin Gallate,Escherichia coli ,0,710,70
FS8,Clostridium pasteurianum,0,730,46
13-methyltetradecanoic acid,Sphingomonas sp. Ibu-2,0,157,139
C6-HSL,Burkholderia cenocepacia,0,507,28
Silver Ion,Proteus vulgaris,0,1192,122
Dicloxacillin,Listeria monocytogenes,1,676,104
"(2S,3R,4S,5S,6R)-6-(Acetoxymethyl)-3-(2-(4-chlorophenyl)acetamido)tetrahydro-2H-pyran-2,4,5-triyl triacetate",Vibrio anguillarum,0,59,173
Scopoletin,Escherichia coli,1,1184,69
"(10R,11R)-Hydnocarpin D",Gardnerella vaginalis,0,2,76
Coumarin,Human herpesvirus 4,0,616,89
lin-SB056-1,Plasmodium falciparum,0,1371,118
P60.4Ac,Eubacterium ramulus,0,1059,72
Diazepam,Serratia marcescens,0,670,136
Silver nitrate,Escherichia coli,1,1196,69
Garlic extract,Pseudomonas aeruginosa,1,775,125
Fosaphenytoin,Mycobacterium smegmatis,0,747,112
4-Fluoro-D-phenylalanine,Staphylococcus aureus,1,330,141
Calcium chloride,Aggregatibacter actinomycetemcomitans,0,519,11
Efavirenz,Klebsiella planticola,0,696,98
"(2E)-1-(2 ,4 ,5 -trimethoxyphenyl)-3-(2-naphthyl)-2-propen-1-one",Pseudomonas aeruginosa,1,21,125
Human beta-defensin 3,Staphylococcus aureus,1,809,141
Nerolidol,Clostridium leptum,0,1015,45
6-Bicyclic brominated furanones,Vibrio vulnificus,0,390,178
BMAP-28,Hepatitis B virus F,0,461,84
alpha-Pinene,Candida albicans,1,1339,34
Listerine,Stenotrophomonas maltophilia,0,903,151
2-amino-6-chlorobenzoic acid,Enterobacter cloacae,0,233,63
"2-geranyloxy-4,6-dihydroxybenzophenone",Staphylococcus caprae,0,241,143
4-bromo-5-(bromomethylene)-3-(1-(2-(2-(2-azidoethoxy)ethoxy)ethoxy)butyl)-2(5H)-furanone,Staphylococcus equorum,0,342,148
Cycloserine,Mycobacterium avium,1,623,110
Apigenin,Human immunodeficiency virus 1,0,443,92
Norspermidine,Escherichia coli,1,1031,69
Telaprevir ,Eggerthella lenta,0,1252,57
3-tetra- decanoyltetronic,Staphylococcus aureus,1,304,141
Indole-3-carboxyaldehyde,Pseudomonas aeruginosa,1,831,125
HE4,Actinomyces oris,0,793,7
Amoxicillin,Clostridium perfringens ,1,435,48
Cecropin B,Pseudomonas aeruginosa,1,535,125
"1-{6-nitro-4-phenyl-2-[(E)-2-(3,4,5-trimethoxyphenyl)ethenyl]quinolin-3-yl}ethan-1-one",Pseudomonas aeruginosa,1,144,125
NA8,Pseudomonas libaniensis,0,1001,129
Oleanolic Acid,Mycobacterium smegmatis,1,1045,112
hLF1-11,Candida albicans,1,1367,34
D-Tyrosine,Streptomyces sp. ,0,642,167
Avermectin B1a,Human herpesvirus 4,0,453,89
Pleurocidin,Pseudomonas aeruginosa,1,1107,125
Doxycycline,Pseudomonas aeruginosa,1,693,125
Hetacillin,Streptococcus pneumoniae,1,800,158
Indole,Pseudomonas aeruginosa,1,827,125
N -(3-nitro-4-hydroxy-benzylidene)benzohydrazide,Pseudomonas aeruginosa,1,959,125
"3,4-Dichloro-5-[(4-methylphenylsulfonyl)]-2(5H)-furanone",Bacillus subtilis,1,252,21
Lemon,Raoultella ornithinolytica,0,895,131
2-Chloro-DL-Phenylalanine,Aeromonas hydrophila,0,216,9
Sm6(L3)2C,Streptococcus mutans,1,1206,155
digoxin,Aspergillus niger,0,1363,16
Tomentosin,Staphylococcus epidermis,0,1281,147
Allicin,Pseudomonas aeruginosa,1,426,125
Amphotericin B,Candida albicans,1,436,34
Cerulenin ,Escherichia coli,1,569,69
Cefoperazone,Dengue Virus Type 2,0,551,53
Tenofovir,Human immunodeficiency virus 1,1,1256,92
Ethylene glycol tetraacetic acid,Staphylococcus aureus,1,723,141
"O-(2,6-Dichlorobenzyl)-D-tyrosine",Gardnerella vaginalis,0,1034,76
2-(2-(2-Azidoacetamido)phenyl)-2-oxo-N-(prop-2-yn-1-yl)acetamide,Cryptococcus neoformans,0,185,52
Clove oil,Pseudomonas aeruginosa,1,605,125
Epicatechin-3-gallate,Streptococcus mitis,0,708,154
Fraxin,Pichia anomala,0,750,117
Penicillenol C2,Bacillus licheniformis,0,1079,20
"N-(5-Methyl-1,2-oxazol-3-yl)butanamide",Pseudomonas aeruginosa,1,981,125
Gemifloxacin,Cronobacter sakazakii,0,777,51
Nisin,Listeria monocytogenes,1,1020,104
Besifloxacin,Haemophilus influenzae,1,483,78
Epigallocatechin Gallate,Staphylococcus aureus,1,710,141
CSP-C16,Achromobacter xylosoxidans,0,513,1
Sinefungin,Streptococcus salivarius,0,1202,161
2-Methoxyhydroquinone,Escherichia coli ,0,223,70
3-(2-Thienyl)-D-alanine,Enterobacter aerogenes,0,267,61
"1-(2-Chloroacetyl)indoline-2,3-dione",Escherichia coli,1,121,69
Quinupristin,Escherichia coli ,1,1133,70
(1E)-1-{[(1E)-prop-1-ene-1-sulfinyl]sulfanyl}prop-1-ene,Proteus mirabilis,0,4,121
5-Bromoindole,Pseudomonas aeruginosa,1,376,125
3-Nitro-D-tyrosine,Pseudomonas libaniensis,0,289,129
kappa-Pyrosulfite,Staphylococcus equorum,0,1368,148
"(2E)-1-(2 ,4 ,5 -trimethoxyphenyl)-3-(2-chloro-quinolin-3-yl)-2-propen-1-one",Streptococcus mutans,1,20,155
S-phenyl-L-cysteine sulfoxide,Lactobacillus fermenti,0,1173,102
Piperacillin,Pseudomonas aeruginosa,1,1102,125
Penicillenol B2,Serratia liquefaciens,0,1077,135
3-Chloro-5-[(2-chloroethoxy)]-4-[(4-methylphenylsulfanyl)]-2(5H)-furanone,Bacillus subtilis,1,280,21
Epigallocatechin Gallate,Aspergillus fumigatus,0,710,15
7-chloroindole,Pseudomonas aeruginosa,1,401,125
"(5Z)-2-(2,2-dimethylpropyl)-5-{[3-(trifluoromethyl)phenyl]methylidene}-1,3-oxazolidin-4-one",Eggerthella lenta,0,85,57
Cefadroxil,Pseudomonas japonica,0,538,128
Indole-3-carboxyaldehyde,Human respiratory syncytial virus B,0,831,94
3-Carbamoylphenylalanine,Proteus mirabilis,0,279,121
"N-((2R,3R,4S,5S,6R)-2,4,5-Trihydroxy-6-(hydroxymethyl)tetrahydro-2H-pyran-3-yl)dodecanamide",Vibrio anguillarum,0,967,173
"(E)-1-[6-[(3-acetyl-2,4,6-trihydroxy-5-methylphenyl)methyl]-5,7-dihydroxy-2,2-dimethyl-2H-1-benzopyran-8-yl]-3-phenyl-2-propen-1-one",Aeromonas sobria,0,88,10
"3-{2-[(1S,2R,4aR,8aR)-1,2,4a,5-tetramethyl-1,2,3,4,4a,7,8,8a-octahydronaphthalen-1-yl]ethyl}-N-(3-fluorophenyl)-5-methylidene-2,5-dihydrofuran-2-amine",Influenza A virus ,0,308,95
Butanol,Vibrio cholerae,0,497,175
1-{2-[(E)-2-(4-hydroxy-3-methoxyphenyl)ethenyl]-4-phenylquinolin-3-yl}ethan-1-one,Streptococcus parasanguinis,0,140,157
L-pipecolic acid,Staphylococcus epidermis,1,877,147
Trimethyl(3-{4-[3-(trimethylphosphaniumyl)propoxy]phenoxy}propyl)phosphanium dibromide,Acinetobacter oleiovorans,0,1291,4
Cinnamaldehyde,Burkholderia cenocepacia,1,585,28
Sulfamerazine,Escherichia coli,1,1228,69
Farnesol,Streptococcus oralis,0,732,156
"(2E)-1-(2 ,4 ,5 -trimethoxyphenyl)-3-(2-chloro-6-methoxy-quinolin-3-yl)-2-propen-1-one",Enterococcus faecium,0,19,67
Isosinensetin,Vibrio harveyi,1,846,176
Dicloxacillin,Gardnerella vaginalis,0,676,76
"(2E)-1-(1,3-benzodioxol-5-yl)-3-[5-(2-nitro-phenyl)-furan-2-yl]-2-propen-1-one",Achromobacter sp.,0,18,0
N-(4-Morpholinyl)butanamide,Aquifex aeolicus,0,978,13
Elliptophenone A,Staphylococcus epidermidis,1,699,146
4-Chlorochalcone,Enteric bacteria and other eubacteria ,0,324,60
Methyl gallate,Streptococcus mutans,1,933,155
Octyl gallate,Staphylococcus epidermidis,1,1043,146
Ch Dhvar5 ads,Burkholderia thailandensis,0,570,32
"(1R,4R,8S,11S,12R)-4-hydroxy-1,4,8-trimethyl-12-(propan-2-yl)tricyclo[9.3.0.0]tetradec-3(7)-en-6-one",Trueperella pyogenes,0,9,171
Lanthanum chloride,Halomonas pacifica,0,893,81
epsilon-viniferin,Staphylococcus saprophyticus,0,1365,150
3-(2-Furyl)-D-alanine,Staphylococcus aureus,1,262,141
Pelargonidin,Staphylococcus capitis,0,1072,142
Histatin 5,Candida glabrata,1,805,36
Ionic silver,Streptococcus epidermidis,0,834,152
Lysozyme,Burkholderia cepacia,0,911,29
4-Iodo-d-phenylalanine,Schistosoma,0,334,134
6-Bicyclic brominated furanones,Pseudomonas aeruginosa,1,390,125
(2R)-2-amino-5-(1-nitrocarbamimidamido)pentanoic acid,Staphylococcus aureus,1,49,141
Linezolid,Enteric bacteria and other eubacteria,1,901,59
Thimerosal,Candida albicans,1,1267,34
3-Methyl-D-phenylalanine,Bacteroides vulgatus,0,288,26
2-(2-(2-Chloroacetamido)-5-fluorophenyl)-2-oxo-N-( prop-2-yn-1-yl)acetamide,Pseudomonas putida,0,186,130
Indole-3-carboxyaldehyde,Bacteroides,0,831,22
3beta-Hydroxyolean-12-en-28-al 3-p-coumarate,Baker's yeast,0,309,27
Resveratrol,Staphylococcus aureus,1,1148,141
LF11-324,Pseudomonas aeruginosa,1,882,125
NaCl,Marinobacter hydrocarbonoclasticus,0,1007,107
Nelfinavir,Human immunodeficiency virus,1,1011,91
Nelfinavir,Streptococcus parasanguinis,0,1011,157
Palivizumab,Shewanella oneidensis,0,1064,137
Polymyxin B,Clostridium bacilli,0,1109,44
Wheat bran,Corynebacterium ammoniagenes,0,1321,50
Nitrofurantoin,Aeromonas hydrophila,0,1023,9
"1-[2-(naphthalen-1-yl)-5-(3,4,5-trimethoxyphenyl)-1,3,4-oxadiazol-3(2H)-yl]ethanone",Staphylococcus aureus,1,135,141
Chloramphenicol,Klebsiella variicola,0,574,100
"1-(3,5-dinitrophenyl)ethan-1-one",Pseudomonas aeruginosa,1,122,125
S-OSIP108,Human respiratory syncytial virus B,0,1168,94
RK-25,Streptococcus pneumoniae serotype 4,0,1139,159
"3,4-Dichloro-5-[(1,3-dichloropropan-2-yloxy)]-2(5H)-furanone",Fusarium solani,0,251,75
"2-(4-methoxyphenyl)-N-(3-{[2-(4-methoxyphenyl)ethyl]imino}-1,4-dihydro-2-quinox alinylidene)ethanamine",Streptococcus epidermidis,0,207,152
"(2S,3R,4S,5S,6R)-6-(Acetoxymethyl)-3-butyramidotetrahydro-2H-pyran-2,4,5-triyl triacetate",Aquifex aeolicus,0,64,13
3-(3-fluorophenyl)-5-(3-ethoxy-4-hydroxybenzylidene)-2-thioxothiazolidin-4-one,Staphylococcus aureus,1,270,141
Magainin-I,Staphylococcus aureus,1,919,141
Fusidic Acid,Escherichia coli,1,761,69
Fosamprenavir,Bacillus anthracis,0,746,18
Holothuroidin 1,Staphylococcus aureus,1,806,141
"3,5-dibromotyrosined",Mycobacterium avium,0,259,110
Carvacrol,Pseudomonas aeruginosa,1,529,125
Sulfisoxazole,Streptococcus mutans,0,1236,155
Cefotaxime,Listeria monocytogenes,1,553,104
L-Phenylalanine-L-Lysine,Streptococcus epidermidis,0,871,152
D-Phenylalanine,Pseudoalteromonas sp.,1,639,124
2-Cyano-D-phenylalanine,Bacteroides vulgatus,0,217,26
Bismuth oxide nanoparticle,Candida krusei,0,492,38
Asperdiol,Influenza A virus ,0,446,95
Amikacin disulfate salt,Escherichia coli,1,431,69
Cefoxitin,Listeria monocytogenes,1,556,104
2-methoxy-cinnamaldehyde,Acinetobacter oleiovorans,0,242,4
Farnesol,Staphylococcus aureus,1,732,141
5-(dibromomethylene)-3-butyl-2(5H)-furanone,Salmonella enterica,1,371,133
Macromomycin B,Staphylococcus cohnii,0,918,145
3-Carbamoylphenylalanine,Escherichia coli,0,279,69
"2-(4,5-dibromo-1-methyl-1H-pyrrol-2-yl)-5-(2,4-dichlorophenyl)-1,3,4-oxadiazole",Pseudomonas aeruginosa,1,192,125
L-Tyrosine,Enterobacter cancerogenus,0,872,62
Cefaclor,Listeria monocytogenes,1,537,104
Bromophenyl AHL,Escherichia coli O6:H1 (strain CFT073 / ATCC 700928 / UPEC),0,495,71
Indolicidin,Providencia stuartii,0,833,123
Quercetin-3-O-glucuronide,Burkholderia cenocepacia,0,1129,28
Myxinidin1,Listeria monocytogenes,1,956,104
S-methyl- L-cysteine,Human parainfluenza virus type 2,0,1171,93
"(5Z)-2-tert-butyl-5-{[3-(trifluoromethyl)phenyl]methylidene}-1,3-oxazolidin-4-one",Francisella novicida,0,86,74
Neohesperidin,Influenza A virus ,0,1013,95
"N1-[7-(trifluoromethyl)quinolin-4-yl]ethane-1,2-diamine",Dihydropteroate synthase type-1,0,995,55
C12HSL,Eubacterium ramulus,0,503,72
phys-GL13K,Neisseria gonorrhoeae,0,1386,114
Chloramphenicol,Yersinia enterocolitica,0,574,179
Olmesartran,Streptococcus pneumoniae,0,1048,158
(2S)-2-amino-3-(tert-butylsulfanyl)propanoic acid,Staphylococcus aureus,1,54,141
3-(3-fluorophenyl)-5-(3-ethoxy-4-hydroxybenzylidene)-2-thioxothiazolidin-4-one,Acinetobacter sp.,0,270,5
(2E)-1-(5-clorotiophen-2-yl)-3-(3-methoxy-4-benzyloxi-phenyl)-2-propen-1-one,Streptococcus mutans,1,29,155
Ciprofloxacin,Proteus vulgaris,1,590,122
Indole-3-acetic acid,Hepatitis C virus,0,830,86
Cyclacillin,Pseudomonas aeruginosa,0,621,125
S-(2-Aminoethyl)-L-cysteine hydrochloride,Streptococcus sanguis,1,1164,163
"(2S,3R,4S,5S,6R)-6-(Acetoxymethyl)-3-(2-(4-chlorophenyl)acetamido)tetrahydro-2H-pyran-2,4,5-triyl triacetate",Klebsiella variicola,0,59,100
6-Amino Penicillinic acid,Proteus mirabilis,1,388,121
2(5H)-furanone,Mycobacterium avium,0,167,110
4-chloroquinoline,Neisseria gonorrhoeae,0,352,114
Isoeugenol,Burkholderia pseudomallei,0,839,31
"1-[2-(3-bromo-4-hydroxy-5-methoxyphenyl)-5-(3,4,5-trimethoxyphenyl)-1,3,4-oxadiazol-3(2H)-yl]ethanone",Streptococcus mutans,1,134,155
"octane-1,8-diamine",Marinobacter hydrocarbonoclasticus,0,1378,107
Benzalacetone,Vibrio parahaemolyticus,0,471,177
Ciprofloxacin lactate,Helicobacter pylori ,0,591,82
LL-19,Burkholderia pseudomallei,1,885,31
6-Chlorooxindole,Clostridium perfringens ,0,392,48
Darunavir,Human immunodeficiency virus,1,658,91
Decyl beta-maltoside,Staphylococcus caprae,0,660,143
Ertapenem,Escherichia coli,1,711,69
Danthron,Enterobacter cloacae,0,655,63
Dicyclohexylamine,Pantoea agglomerans,0,677,116
K4-S4,Raoultella ornithinolytica,0,851,131
alpha-tocopherol,Staphylococcus aureus,1,1343,141
Pentamethoxyflavone,Streptococcus pyogenes,0,1083,160
SMAP-29,Stenotrophomonas maltophilia,1,1176,151
Atovaquone,Enterococcus faecalis,0,450,66
trans-2-Pentenal,Shigella flexneri,0,1390,138
7-hydroxyindole,Staphylococcus cohnii,0,406,145
4-bromo-5-(bromomethylene)-3-(1-(2-(2-(2-azidoethoxy)ethoxy)ethoxy)butyl)-2(5H)-furanone,Enterobacter cloacae,0,342,63
Fusidic Acid,Salmonella Typhi,1,761,132
D-Aspartic acid,Staphylococcus aureus,1,632,141
6-fluoroindole,Influenza A virus ,0,397,95
Norfloxacin,Geobacillus kaustophilus,0,1028,77
Citropin 1.1,Staphylococcus aureus,1,594,141
"N 3-(2-thienylcarbonyl)-4-bromo-1,5-dimethyl-1H-pyrazole-3-carbohydrazide",Staphlococcus aureus,0,964,140
Sm6(L2)B33,Yersinia enterocolitica,0,1205,179
Chloroxine,Pseudomonas putida,0,577,130
Cecropin (1-7)-melittin A (2-9) amide,Bacillus amyloliquefaciens,0,534,17
Yohimbine hydrochloride,Vibrio parahaemolyticus,0,1323,177
Cefmetazole,Cryptococcus neoformans,0,549,52
(2E)-3-(3-hydroxy-4-methoxyphenyl)-1-phenylprop-2-en-1-one,Bacillus licheniformis,0,34,20
Tet-20,Eikenella corrodens,0,1260,58
Irinotecan,Providencia stuartii,0,835,123
Penicillenol B1,Burkholderia cepacia,0,1076,29
"(2S,3R,4S,5S,6R)-6-(Acetoxymethyl)-3-butyramidotetrahydro-2H-pyran-2,4,5-triyl triacetate",Pseudomonas aeruginosa,1,64,125
2-(Trifluoromethyl)-D-phenylalanine,Staphylococcus aureus,1,212,141
IDR-1018,Acinetobacter baumannii,1,814,2
6-Aminoflavone,Escherichia coli,1,389,69
Methyl gallate,Gardnerella vaginalis,0,933,76
Baicalein,Burkholderia multivorans,1,468,30
"(1R,3S,7R,8S,11S,12R)-3-hydroxy-1,4,8-trimethyl-12-(propan-2-yl)tricyclo[9.3.0.0]tetradec-4-en-6-one",Pseudomonas aeruginosa,1,8,125
Hamamelitannin,Staphylococcus chromogenes,1,794,144
Hinokitiol,Chromobacterium violaceum,0,804,42
"3,3-dimethyl-13-{9-methyl-[1,2,3,4]tetrazolo[1,5-a]quinolin-4-yl}-1H,2H,3H,4H,6H,11H,13H-indazolo[1,2-b]phthalazine-1,6,11-trione",Streptococcus parasanguinis,0,249,157
Coprinuslactone,Pseudomonas aeruginosa,1,615,125
Cerulenin,Enteric bacteria and other eubacteria,0,568,59
(Z)-5-(bromomethylene)-3-(hydroxymethyl]thiophen-2(5H)- one,Porphyromonas gingivalis,0,108,119
Furanone C-30,Pseudomonas aeruginosa,1,753,125
"2,3-Dehydrosilybin",Streptococcus pneumoniae,0,170,158
Cefapirin,Clostridium perfringens ,1,542,48
Pivampicillin,Baker's yeast,0,1104,27
C4-HSL,Serratia liquefaciens,1,506,135
Sulfisoxazole ,Escherichia coli,1,1237,69
"2,3-dihydroxybenzoic acid",Staphylococcus aureus,1,171,141
Vidarabine,Human herpesvirus 3,1,1312,88
5-Bicyclic brominated furanones,Influenza B virus ,0,374,97
NA8,Streptococcus sanguinis,0,1001,162
Butyl gallate,Cryptococcus neoformans,0,502,52
Asperdiol acetate,Staphylococcus aureus,1,447,141
2-geranyloxy-1-(2-methylpropanoyl)phloroglucinol,Burkholderia multivorans,0,240,30
2-amino-3-(propane-1-sulfinyl)propanoic acid,Aquifex aeolicus,0,230,13
Pentamethoxyflavone,Pseudomonas fluorescens,0,1083,127
BMAP-28,Candida krusei,1,461,38
"4,5-dihydroxy-2,3-pentanedione",Staphylococcus epidermis,0,311,147
D-Proline,Candida glabrata,0,640,36
Anidulafungin,Staphylococcus epidermidis,0,439,146
Chloramphenicol,Proteus vulgaris,0,574,122
"Triethyl[3-({33-[2-(triethylazaniumyl)ethoxy]-10,15,20,25,27,29,31,34-octakis[3-(triethylazaniumyl)propoxy]hexacyclo[21.2.2.2.2.2.2]pentatriaconta-1(25),3,5,8,10,13,15,18,20,23,26,28,30,32,34-pentadecaen-4-yl}oxy)propyl]azanium decabromide",Pantoea agglomerans,0,1287,116
3-oxo-C6-HSL,Aeromonas sobria,1,302,10
Toremifene,Staphylococcus aureus,1,1282,141
Elemental silver,Staphylococcus aureus,1,697,141
L- K6L9,Streptococcus pyogenes,0,862,160
Lemon,Geobacillus kaustophilus,0,895,77
BMAP-18,Streptococcus pneumoniae serotype 4,0,459,159
methanesulfonylbenzene,Candida spp.,0,1373,40
Pyrvinium pamoate,Streptococcus pyogenes,0,1126,160
TMC-151s C,Candida albicans,1,1240,34
Clofazimine,Geobacillus kaustophilus,1,602,77
Cefotiam,Listeria monocytogenes,1,555,104
Tazobactam,Salmonella Typhi,1,1247,132
N-Nonanoyl-cyclopentylamide,Gardnerella vaginalis,0,987,76
Resveratrol,Streptococcus oralis,0,1148,156
"(2E)-1-(2 ,4 ,5 -trimethoxyphenyl)-3-(2-naphthyl)-2-propen-1-one",Streptococcus mutans,1,21,155
2-(2-(2-Chloroacetamido)-5-methylphenyl)-2-oxo-N-( prop-2-yn- 1-yl)acetamide,Dihydropteroate synthase type-1,0,187,55
Gallic Acid,Aspergillus niger,0,769,16
R-Thanatin,Mycobacterium avium,0,1136,110
Clarithromycin,Mycobacterium avium,1,595,110
Ribavirin,Influenza A virus ,1,1151,95
IG-19,Staphylococcus caprae,0,816,143
"(5E)-5-octylidene-1,3-thiazolidine-2,4-dione",Candida albicans,1,75,34
"5-octyl-1,3-thiazolidine-2,4-dione",Streptococcus salivarius,0,386,161
RI-19,Human immunodeficiency virus 1,0,1137,92
Ritonavir,Human immunodeficiency virus 1,1,1158,92
L-Aspartate,Staphylococcus saprophyticus,1,866,150
Phenyl-arginine-b-naphthylamide,Clostridium leptum,0,1092,45
Chrysophanol,Citrobacter freundii,0,581,43
Butenafine hydrochloride,Candida albicans,1,499,34
"9-hydroxy-2-propyl-4H-pyrido[1,2-a]pyrimidin-4-one",Obesumbacterium proteus,0,412,115
Dicloxacillin,Listeria monocytogenes serotype 4a,1,676,105
Myxinidin1,Staphylococcus epidermidis,0,956,146
Penicillin G,Pseudomonas aeruginosa,0,1081,125
"(2R,3E)-2-Amino-4-phenyl-3-butenoic acid",Staphylococcus aureus,1,51,141
Meticillin,Staphylococcus chromogenes,0,936,144
Ceftazidime,Pseudomonas aeruginosa,1,560,125
"1-[2-(3,5-dichlorophenyl)-5-(3,4,5-trimethoxyphenyl)-1,3,4-oxadiazol-3(2H)-yl]ethanone",Staphylococcus epidermidis,1,133,146
Isoconazole,Candida albicans,1,838,34
Tet-20,Actinoplanes missouriensis,0,1260,8
"(1R,2S,7R,3E,8E,11E)-2,18-diacetoxycembra-3,8,11,15(17)-tetraen-7-ol",Vibrio harveyi,1,6,176
"6-(4-chlorophenyl)-1,3-dimethyl-5-[3-(4-methylphenyl)-1-phenyl-1H-pyrazol-4-yl]-1H,2H,3H,4H,5H,6H-pyrimido[4,5-d][1,3]diazine-2,4-dione",Cryptococcus neoformans,0,387,52
L-Canavanine,Enteric bacteria and other eubacteria,0,867,59
"1-[2-(naphthalen-1-yl)-5-(3,4,5-trimethoxyphenyl)-1,3,4-oxadiazol-3(2H)-yl]ethanone",Pseudomonas aeruginosa,1,135,125
N-(4-Hydroxyphenyl)butanamide,Pseudomonas aeruginosa,1,977,125
Tet-26,Eubacterium ramulus,0,1262,72
Bifonazole,Eikenella corrodens,0,487,58
Diphenyl disulphide,Staphylococcus saprophyticus,0,684,150
Asperdiol,Human herpesvirus 3,0,446,88
Apigenin,Lysinibacillus sphaericus,0,443,106
Ceftriaxone,Streptococcus pneumoniae,1,564,158
RK-31,Salmonella enterica,0,1140,133
4-Br-PHL,Edwardsiella tarda,0,321,56
2-amino-5-methoxy-5-oxopentanoic acid,Human herpesvirus 3,0,232,88
Neohesperidin,Klebsiella variicola,0,1013,100
2-(2-(2-Azidoacetamido)phenyl)-2-oxo-N-(prop-2-yn-1-yl)acetamide,Pseudomonas aeruginosa,1,185,125
(Z)-4-bromo-5-(bromomethylene)-3-butyl-2(5H)-furanone,Firmicutes,0,104,73
"2-((3,4-dichlorophenyl)sulfonyl)-4-(1H-tetrazol-1-yl)pyrimidine",Pseudomonas aeruginosa,1,179,125
(2E)-N-[3-(1H-imidazol-1-yl)propyl]-3-phenylprop-2-enamide,Eggerthella lenta,0,39,57
Dolutegravir,Mycobacterium tuberculosis,0,691,113
Sulfadiazine ,Plasmodium falciparum,1,1225,118
Scrambled LL-37,Marinobacter hydrocarbonoclasticus,0,1185,107
Sulfathiazole,Plasmodium falciparum,1,1235,118
Yohimbine hydrochloride,Candida albicans,1,1323,34
"(2E)-1-(3 ,5 -dimethoxyphenyl)-3-(2-naphthyl)-2-propen-1-one",Serratia marcescens,0,26,136
3-(Trifluoromethyl)phenylalanine,Staphylococcus aureus,1,275,141
FS8,Human herpesvirus 5,0,730,90
"(2E)-1-(2 ,4 ,5 -trimethoxyphenyl)-3-(2-chloro-6-methoxy-quinolin-3-yl)-2-propen-1-one",Staphylococcus aureus,1,19,141
3-(pyridin-3-yl)-5-(3-ethoxy-4-hydroxybenzylidene)-2-thioxothiazolidin-4-one,Staphylococcus epidermidis,1,276,146
Delavirdine,Actinomyces oris,0,661,7
"(2E)-1-(1,3-benzodioxol-5-yl)-3-[5-(2-nitro-phenyl)-furan-2-yl]-2-propen-1-one",Staphylococcus aureus,1,18,141
"1-[2-(2,4-dichlorophenyl)-5-(3,4,5-trimethoxyphenyl)-1,3,4-oxadiazol-3(2H)-yl]ethanone",Staphylococcus epidermidis,1,131,146
epsilon-viniferin,Mycobacterium tuberculosis,0,1365,113
6-MO-LF11-227,Halomonas pacifica,0,395,81
Sennidin A,Klebsiella variicola,0,1188,100
"(2S,3R,4S,5S,6R)-6-(Acetoxymethyl)-3-octanamidotetrahydro-2H-pyran-2,4,5-triyl triacetate",Pseudomonas aeruginosa,1,67,125
Uracil,Human herpesvirus 1 ,1,1301,87
Avibactam,Klebsiella pneumoniae,1,454,99
Palmitic acid,Fusarium solani,0,1065,75
2-(2-(2-Chloroacetamido)-5-fluorophenyl)-2-oxo-N-( prop-2-yn-1-yl)acetamide,Pseudomonas aeruginosa,1,186,125
Pelargonidin,Acinetobacter oleiovorans,0,1072,4
Lorazepam,Human immunodeficiency virus,0,906,91
3-(2-Pyridinyl)alanine,Staphylococcus aureus,1,266,141
Ellagic Acid,Varicella-zoster virus,0,698,172
Nerolidol,Enteric bacteria and other eubacteria ,0,1015,60
trans-2-Pentenal,Varicella-zoster virus,0,1390,172
"4-Phenyl-N-((2R,3R,4S,5S,6R)-2,4,5-trihydroxy-6-(hydroxymethyl)tetrahydro-2H-pyran-3-yl)butanamide",Firmicutes,0,340,73
CGP-37157,Halomonas pacifica,0,510,81
2-(2-(2-Chloroacetamido)-5-fluorophenyl)-2-oxo-N-( prop-2-yn-1-yl)acetamide,Escherichia coli,1,186,69
Subtilosin,Escherichia coli,1,1218,69
Latamoxef,Escherichia coli,1,894,69
p-Coumaric acid,Providencia stuartii,0,1379,123
FV7,Escherichia coli,1,731,69
4-chloro-7-(trifluoromethyl)quinoline,Vibrio cholerae,0,350,175
2-amino-3-(2-nitrophenyl)propanoic acid,Staphylococcus epidermis,1,225,147
cov-GL13K,Bacteroides vulgatus,0,1356,26
2-Hexylmaleic anhydride,Salmonella enterica,1,219,133
3-(3-fluorophenyl)-5-(3-ethoxy-4-hydroxybenzylidene)-2-thioxothiazolidin-4-one,Enterococcus faecium,1,270,67
Propyl gallate,Streptomyces rubiginosus,0,1117,166
KABT-AMP,Vibrio parahaemolyticus,0,852,177
Bromohexylmaleic anhydride,Enterococcus gallinarum,0,494,68
Latamoxef,Bacillus subtilis,1,894,21
Pleurocidin,Streptomyces rubiginosus,0,1107,166
Sinefungin,Gardnerella vaginalis,0,1202,76
Furanone-2,Candida guiliermondi,0,755,37
4-Methoxychalcone,Haemophilus influenzae,1,336,78
7P-AC,Candida krusei,0,410,38
Propanol,Raoultella ornithinolytica,0,1116,131
LF11-215,Human immunodeficiency virus,0,879,91
Pleurocidin,Porphyromonas gingivalis,0,1107,119
Tioconazole,Bacillus subtilis,0,1275,21
Aceroside VIII,Pseudomonas aeruginosa,1,417,125
4-chloroaniline,Candida krusei,0,351,38
"3,3-dimethyl-13-{8-methyl-[1,2,3,4]tetrazolo[1,5-a]quinolin-4-yl}-1H,2H,3H,4H,6H,11H,13H-indazolo[1,2-b]phthalazine-1,6,11-trione",Candida albicans,1,248,34
4-bromo-5-(dibromomethylene)-3-(1-acetoxyoethyl)-2(5H)-furanone,Enterobacter ludwigi,0,346,64
Limonene,Streptococcus mitis,1,899,154
Benzbromarone,Staphylococcus caprae,0,474,143
"(Z)-5-octylidenethiazolidine-2,4-dione",Bacteroides vulgatus,0,111,26
3-Fluoro-DL-phenylalanine,Staphylococcus epidermis,1,282,147
Betulinic acid,Acinetobacter baumannii,0,485,2
Tioconazole,Human herpesvirus 5,0,1275,90
Cefalotin,Aspergillus niger,0,540,16
Protamine sulphate,Hepatitis C virus,0,1118,86
Cefditoren,Streptococcus pneumoniae,1,544,158
2-amino-3-(prop-2-ene-1-sulfinyl)propanoic acid,Streptococcus mutans,1,229,155
Octameric peptide,Escherichia coli,1,1042,69
"N-((2R,3R,4S,5S,6R)-2,4,5-Trihydroxy-6-(hydroxymethyl)tetrahydro-2H-pyran-3-yl)octanamide",Lysinibacillus sphaericus,0,969,106
Teichoplanin,Dengue Virus Type 2,0,1250,53
(2E)-N-[3-(1H-indol-3-yl)propyl]-3-phenylprop-2-enamide,Geobacillus kaustophilus,0,40,77
LL-31,Burkholderia pseudomallei,1,887,31
n-Hexane,Vibrio parahaemolyticus,0,1374,177
Tobramycin,Escherichia coli,1,1279,69
D-Phenylalanine,Staphylococcus epidermis,1,639,147
Curcumin,Vibrio vulnificus,1,619,178
Nitazoxanide ,Candida dubliniensis,0,1021,35
3-geranyl-1-(2-methylbutanoyl)phloroglucinol,Baker's yeast,0,296,27
3-Bromophenylalanine,Actinoplanes missouriensis,0,278,8
2-amino-3-(3-nitrophenyl)propanoic acid,Coagulase- negative staphylococci,0,227,49
(1Z)-(prop-2-en-1-ylidene)-lambda4-sulfanyliumolate,Kocuria rhizophila,0,11,101
(5-nitrofuran-2-yl)methyl (2E)-3-phenylprop-2-enoate,Candida tropicalis,0,71,41
"(2E)-1-(2 ,4 ,5 -trimethoxyphenyl)-3-(2-chloro-6-methoxy-quinolin-3-yl)-2-propen-1-one",Staphylococcus epidermidis,1,19,146
"2-(4,5-dibromo-1-methyl-1H-pyrrol-2-yl)-5-(methylthio)-1,3,4-oxadiazole",Streptococcus epidermidis,1,195,152
Na-Pyrosulfite,Enterobacter cancerogenus,0,1006,62
1-(pyrazin-2-yl)ethan-1-one,Vibrio parahaemolyticus,0,129,177
Penicillin G,Listeria monocytogenes,1,1081,104
Oxiconazole nitrate,Proteus mirabilis,0,1054,121
"1-{2-[(E)-2-[3,5-bis(trifluoromethyl)phenyl]ethenyl]-4-phenylquinolin-3-yl}ethan-1-one",Bacillus subtilis,1,142,21
Gatifloxacin,Haemophilus influenzae,0,776,78
2-Hydroxychalcone,Candida glabrata,0,220,36
Cefpiramide,Escherichia coli,1,557,69
L-Canavanine,Burkholderia cenocepacia,1,867,28
3-(2-Thienyl)alanine,Francisella novicida,0,268,74
Ciprofloxacin lactate,Streptococcus sanguis,0,591,163
7-nitroindole,Campylobacter jejuni,0,409,33
C6-HSL,Pseudomonas chlororaphis,1,507,126
6-Chlorooxindole,Micrococcus luteus,0,392,108
4-Hydroxy benzoate,Streptococcus sanguis,0,331,163
Sulfamethizole,Stenotrophomonas maltophilia,0,1230,151
Sulfanilamide,Escherichia coli,1,1233,69
4-Benzoylphenylalanine,Staphylococcus aureus,1,319,141
"3,5-Diiodotyrosine",Candida krusei,0,257,38
4-Cyanophenylalanine,Staphylococcus epidermis,1,325,147
Clary sage oil,Streptococcus mutans,0,597,155
Amikacin disulfate salt,Aquifex aeolicus,0,431,13
L-K6,Burkholderia thailandensis,0,868,32
Palmitic acid,Human herpesvirus 1 ,0,1065,87
"N-(1,3-benzothiazol-2-yl)butanamide",Pseudomonas aeruginosa,1,971,125
"(2S,3R,4S,5S,6R)-6-(Acetoxymethyl)-3-(2-(4-chlorophenyl)acetamido)tetrahydro-2H-pyran-2,4,5-triyl triacetate",Lysinibacillus sphaericus,0,59,106
NA8,Actinoplanes missouriensis,0,1001,8
Bevirimat,Streptococcus salivarius,0,486,161
Silver nitrate,Proteus vulgaris,0,1196,122
Gallocatechin,Citrobacter freundii,0,772,43
3-(2-Thienyl)alanine,Staphylococcus aureus,1,268,141
Isoniazid ,Francisella novicida,0,842,74
Butein,Burkholderia thailandensis,0,498,32
Ellagic Acid,Actinoplanes missouriensis,0,698,8
Cefixime,Haemophilus influenzae,1,547,78
Human beta-defensin 3,Staphylococcus epidermidis,1,809,146
Polyethyleneimine,Human parainfluenza virus type 2,0,1108,93
C4-HSL,Aeromonas sobria,1,506,10
"2-bromo-4-methyl-6-(3,4,5-tribromo-1H-pyrrole-2-carbonyl)phenol",Thermus thermophilus,0,236,168
Chrysin,Edwardsiella tarda,0,580,56
4-bromo-5-(dibromomethylene)-3-(1-bromoethyl)-2(5H)-furanone,Salmonella enterica,1,347,133
Pine needle oil,Lysinibacillus sphaericus,0,1100,106
Carboxymethyl chitosan,Staphylococcus saprophyticus,0,525,150
3-(Trifluoromethyl)phenylalanine,Staphylococcus epidermis,1,275,147
"Butane-1,4-diamine",Human herpesvirus 1 ,0,496,87
3-Fluoro-DL-phenylalanine,Micrococcus luteus,0,282,108
Benzylpenicillin,Stenotrophomonas maltophilia,0,481,151
(RW)4D,Escherichia coli,1,98,69
N-(2-oxothiolan-3-yl)butanamide,Hepatitis B virus D,0,974,83
Terpinene-4-ol,Escherichia coli,1,1258,69
Heptamethoxyflavone,Vibrio harveyi,1,797,176
2-oxindole,Vibrio parahaemolyticus,0,243,177
N-Decanoyl cyclopentylamide,Hepatitis C Virus ,0,985,85
D-Alanine,Sphingomonas sp. Ibu-2,0,629,139
L-Aspartate,Staphylococcus haemolyticus,1,866,149
Zidovudine,Varicella-zoster virus,0,1327,172
S-carboxylmethyl-L-cysteine,Streptococcus mutans,1,1169,155
trans-2-Pentenal,Streptococcus epidermidis,0,1390,152
D-Citrulline,Staphylococcus aureus,1,633,141
Betulin,Acinetobacter sp.,1,484,5
MUC7 12-mer-L,Streptococcus mutans,1,915,155
para-anisidine,Campylobacter jejuni,0,1382,33
GW 5074,Candida albicans,1,767,34
Farnesol,Candida tropicalis,1,732,41
"Phenol,2,4-bis(1,1-dimethylethyl)",Francisella novicida,0,1090,74
1-(pyrazin-2-yl)ethan-1-one,Trueperella pyogenes,0,129,171
Flucloxacillin,Clostridium perfringens ,1,742,48
"9-hydroxy-2-propyl-4H-pyrido[1,2-a]pyrimidin-4-one",Burkholderia multivorans,0,412,30
Rhein,Pseudomonas aeruginosa,1,1149,125
"N1-[7-(trifluoromethyl)quinolin-4-yl]ethane-1,2-diamine",Burkholderia multivorans,0,995,30
Tomentosin,Aeromonas sobria,0,1281,10
Ajoene,Desulfovibrio africanus,0,423,54
Tellurite,Achromobacter sp.,0,1255,0
"4-(5-(4,5-dibromo-1-methyl-1H-pyrrol-2-yl)-1,3,4-oxadiazole-2-yl)aniline",Staphylococcus aureus,1,314,141
4-Methoxycarbonylphenylboronic acid,Vibrio campbellii,1,335,174
Capreomycin,Mycobacterium tuberculosis,1,521,113
Clindamycin ,Burkholderia pseudomallei,0,600,31
"F2,5,12W",Vibrio anguillarum,0,728,173
D-LL-37,Burkholderia thailandensis,1,636,32
Latamoxef,Eikenella corrodens,0,894,58
Ferulic Acid,Staphlococcus aureus,0,736,140
5-(dibromomethylene)-3-(1-bromobutyl)-2(5H)-furanone,Trueperella pyogenes,0,369,171
3-(4-fluorophenyl)-5-(3-ethoxy- 4-hydroxybenzylidene)-2-thioxothiazolidin-4-one,Enterococcus faecalis,1,273,66
"5,7,8,4-Tetramethoxyflavone",Bacillus cereus,0,364,19
Virginiamycin M1,Enterobacter cloacae,0,1314,63
CGP-37157,Candida albicans,1,510,34
Dalbavancin,Influenza A virus ,0,653,95
(R)-2-Amino-3-biphenyl-3-yl-propionic acid,Vibrio cholerae,0,92,175
"(2E)-1-(2 ,5 -dimethoxyphenyl)-3-(2-naphthyl)-2-propen-1-one",Aeromonas hydrophila,0,22,9
3-Carbamoylphenylalanine,Staphylococcus epidermis,1,279,147
Resorcinol,Clostridium perfringens,0,1147,47
Avermectin B1a,Pseudomonas libaniensis,0,453,129
NA10,Actinomyces oris,0,999,7
Benzathine Benzylpenicillin,Bacteroides fragilis,0,472,24
Vancomycin,Amycolatopsis orientalis,1,1307,12
NA8,Mycobacterium leprae,0,1001,111
A-3,Human herpesvirus 4,0,413,89
Myristic acid,Serratia marcescens,1,952,136
Nevirapine,Human immunodeficiency virus 1,1,1017,92
14-Glycinyl andrographolide hydrochloride,Pseudomonas aeruginosa,1,161,125
Anthranilate,Salmonella enterica,1,442,133
Framycetin,Escherichia coli,1,749,69
2-Nitro-cinnamaldehyde,Shigella flexneri,0,224,138
Curcumin,Vibrio parahaemolyticus,1,619,177
Silver dihydrogen citrate,Staphylococcus aureus,1,1193,141
D-2-aminoadipic acid,Staphylococcus aureus,1,628,141
Ethyl acetate,Streptococcus pyogenes,0,721,160
Penicillic acid,Pseudomonas aeruginosa,1,1080,125
Hypericin,Streptococcus mutans,1,812,155
Cefotaxime,Acinetobacter oleiovorans,0,553,4
Sulfamethazine,Escherichia coli,1,1229,69
3-(2-Furyl)-D-alanine,Bacteroides fragilis,0,262,24
Oleanolic Acid,Francisella novicida,0,1045,74
"1-(2-Chloroacetyl)indoline-2,3-dione",Thermus thermophilus ,0,121,169
"3-{2-[(1S,2R,4aR,8aR)-1,2,4a,5-tetramethyl-1,2,3,4,4a,7,8,8a-octahydronaphthalen-1-yl]ethyl}-N-(3-fluorophenyl)-5-methylidene-2,5-dihydrofuran-2-amine",Human immunodeficiency virus 1,0,308,92
5- hydroxyethyl-3-tetradecanoyltetramic acid,Candida albicans,0,366,34
"3,3-dimethyl-13-{9-methyl-[1,2,3,4]tetrazolo[1,5-a]quinolin-4-yl}-1H,2H,3H,4H,6H,11H,13H-indazolo[1,2-b]phthalazine-1,6,11-trione",Shigella flexneri,0,249,138
"(2S,3R,4S,5S,6R)-6-(Acetoxymethyl)-3-octanamidotetrahydro-2H-pyran-2,4,5-triyl triacetate",Aggregatibacter actinomycetemcomitans,0,67,11
Dephnetin,Streptococcus pneumoniae serotype 4,0,664,159
Ciprofloxacin lactate,Human herpesvirus 5,0,591,90
16P,Human herpesvirus 1 ,0,164,87
Ganciclovir,Human herpesvirus 1 ,1,774,87
Myristoyl-DL-carnitine,Bacillus cereus,0,953,19
Lemon,Achromobacter sp.,0,895,0
(RW)2-NH2,Actinomyces oris,0,95,7
KD-13,Burkholderia pseudomallei,1,853,31
"6-(4-chlorophenyl)-1,3-dimethyl-5-[3-(4-methylphenyl)-1-phenyl-1H-pyrazol-4-yl]-1H,2H,3H,4H,5H,6H-pyrimido[4,5-d][1,3]diazine-2,4-dione",Fusarium solani,0,387,75
Hypericin,Aeromonas hydrophila,0,812,9
"Trimethyl[3-({33-[2-(trimethylazaniumyl)ethoxy]-10,15,20,25,27,29,31,34-octakis[3-(trimethylazaniumyl)propoxy]hexacyclo[21.2.2.2,.2,.2,.2]pentatriaconta-1(25),3,5,8,10,13,15,18,20,23,26,28,30,32,34-pentadecaen-4-yl}oxy)propyl]azanium decabromide",Staphylococcus aureus,1,1293,141
3-(4-Pyridinyl)alanine,Firmicutes,0,271,73
S-(4-tolyl)-L-cysteine,Streptococcus sanguis,1,1167,163
3-(pyridin-3-yl)-5-(3-ethoxy-4-hydroxybenzylidene)-2-thioxothiazolidin-4-one,Staphylococcus aureus,1,276,141
Phosphate,Klebsiella planticola,0,1096,98
Indole-3-carboxyaldehyde,Vibrio cholerae,1,831,175
2-geranyloxy-1-(2-methylpropanoyl)phloroglucinol,Listeria monocytogenes,0,240,104
D-Methionine,Streptococcus gordonii,0,638,153
"Benzenesul-fonamide,4-amino-N-methyl-N-[3-(3,4,7,8-tetrahydro-2,4-dioxo-2H-thiopyrano[4,3-d]pyrimidin-1(5H)-yl)propyl",Pseudomonas aeruginosa,1,475,125
Camphene,Candida albicans,1,520,34
"2-(4-Chlorophenyl)-N-((2R,3R,4S,5S,6R)-2,4,5-trihydroxy-6-(hydroxymethyl)tetrahydro-2H-pyran-3-yl)acetamide",Pseudomonas aeruginosa,1,204,125
Voriconazole,Lactobacillus fermenti,0,1319,102
3-fluoroaniline,Corynebacterium ammoniagenes,0,295,50
Sulfamethizole,Yersinia enterocolitica,0,1230,179
Micafungin,Streptococcus sobrinus,0,939,164
"(2E)-N -(2 -hydroxy-5 -bromo-benzilidene)-3,4,5-trimethoxybenzohydrazide",Staphylococcus epidermidis,1,37,146
Demeclocycline,Trichophyton mentagrophytes,0,663,170
Apramycin,Enteric bacteria and other eubacteria,1,444,59
Ribavirin,Human parainfluenza virus type 2,1,1151,93
Cinnamic Acid,Candida albicans,1,586,34
2-(5-Chloro-2-(2-chloroacetamido)phenyl )-2-oxo-N-( prop-2-yn-1-yl)acetamide,Escherichia coli,1,210,69
alpha-Humulene,Candida albicans,1,1337,34
Gallocatechin gallate,Vibrio cholerae,0,773,175
3-(2-Thienyl)alanine,Achromobacter xylosoxidans,0,268,1
"(2E)-1-(3 ,4 -dimethoxyphenyl)-3-(2-naphthyl)-2-propen-1-one",Actinomyces oris,0,25,7
Pivmecillinam,Clostridium perfringens ,1,1105,48
D-LL-37,Staphylococcus aureus,1,636,141
"L-744,832",Escherichia coli O6:H1 (strain CFT073 / ATCC 700928 / UPEC),0,865,71
Pseudomonas Quinolone Signal,Enterococcus faecium,0,1120,67
TMC-151s C,Vibrio cholerae,0,1240,175
"(2R,3E)-2-Amino-4-phenyl-3-butenoic acid",Neisseria gonorrhoeae,0,51,114
Daidzein,Morganella morganii,0,652,109
Timolol,Enterobacteria phage T4,1,1274,65
NA-CATH,Burkholderia thailandensis,1,997,32
Pyrimidinedione,Streptococcus pneumoniae,1,1124,158
Rutin,Pseudomonas aeruginosa,1,1163,125
Carabrone,Candida albicans,1,523,34
Ciprofloxacin lactate,Human herpesvirus 1 ,0,591,87
Rifapentine ,Mycobacterium tuberculosis,1,1155,113
Ch Dhvar5 ads,Enterobacter aerogenes,0,570,61
N -(3-nitro-4-hydroxy-benzylidene)benzohydrazide,Providencia stuartii,0,959,123
RK-19,Pseudomonas fluorescens,0,1138,127
Virstatin,Escherichia coli,0,1315,69
Salicylic Acid,Enterococcus faecalis,1,1180,66
"1-[2-(3-bromo-4-hydroxy-5-methoxyphenyl)-5-(3,4,5-trimethoxyphenyl)-1,3,4-oxadiazol-3(2H)-yl]ethanone",Staphylococcus aureus,1,134,141
LL-37,Aggregatibacter actinomycetemcomitans,1,888,11
Povidone Iodine,Sphingomonas sp. Ibu-2,0,1112,139
"14-dehydroxy-11,12-didehydroandrographolide- 3,19-bis(succinic acid) potasium sodium salt",Acinetobacter oleiovorans,0,163,4
Niclosamide,Clostridium bacilli,0,1019,44
Carboxymethyl chitosan,Staphylococcus aureus,1,525,141
p-nitrophenyl glycerol,Burkholderia cenocepacia,0,1380,28
(E)-3-Decen-2-one,Serratia liquefaciens,0,89,135
1-{6-nitro-4-phenyl-2-[(E)-2-[4-(trifluoromethoxy)phenyl]ethenyl]quinolin-3-yl}ethan-1-one,Micrococcus luteus,1,145,108
"N-((1E)-{4-ethoxy-3-[(8-oxo-1,5,6,8-tetrahydro-2H-1,5-methanopyrido[1,2-a][1,5]diazocin-3(4H)-yl)methyl]phenyl}methylene)-3,4,5-trihydroxybenzohydrazide",Haemophilus influenzae,0,965,78
"(2R,3E)-2-Amino-4-phenyl-3-butenoic acid",Shewanella oneidensis,0,51,137
Glycomonoterpenes (G-citral),Pseudomonas aeruginosa,1,785,125
"13-(2-chloroquinolin-3-yl)-3,3-dimethyl-1H,2H,3H,4H,6H,11H,13H-indazolo[1,2-b]phthalazine-1,6,11-trione",Shewanella oneidensis,0,156,137
K4-S4,Proteus vulgaris,0,851,122
Raspberry KAS 434,Actinoplanes missouriensis,0,1145,8
Ivalin,Burkholderia thailandensis,0,849,32
Oleanolic Acid,Staphylococcus aureus,1,1045,141
"N 3-(2-thienylcarbonyl)-4-bromo-1,5-dimethyl-1H-pyrazole-3-carbohydrazide",Burkholderia multivorans,1,964,30
OSIP108,Candida dubliniensis,1,1040,35
Cycloserine ,Escherichia coli,1,624,69
"2-(5-(4,5-dibromo-1-methyl-1H-pyrrol-2-yl)-1,3,4-oxadiazole-2-yl)phenol",Staphylococcus epidermidis,0,208,146
6-fluoroindole,Trueperella pyogenes,0,397,171
"3-{2-[(1S,2R,4aR,8aR)-1,2,4a,5-tetramethyl-1,2,3,4,4a,7,8,8a-octahydronaphthalen-1-yl]ethyl}-N-(2-fluorophenyl)-5-methylidene-2,5-dihydrofuran-2-amine",Staphylococcus aureus,1,307,141
"3,4-Dichloro-5-[(1,3-dichloropropan-2-yloxy)]-2(5H)-furanone",Providencia stuartii,0,251,123
Delphinidin,Bacillus licheniformis,0,662,20
IG-19,Halomonas pacifica,0,816,81
Framycetin,Enteric bacteria and other eubacteria,1,749,59
"(2E)-1-(1 ,3 -benzodioxol-5-yl)-3-(2-naphthyl)-2-propen-1-one",Enterococcus faecalis,1,16,66
"14-dehydroxy-11,12-didehydroandrographolide- 3,19-bis(succinic acid) potasium sodium salt",Thermus thermophilus,0,163,168
"(2S)-2-amino-3-(1,3-thiazol-4-yl)propanoic acid",Staphylococcus epidermis,1,52,147
Nobiletin,Mycobacterium tuberculosis,0,1025,113
Colistin sodium methanesulfonate,Escherichia coli,1,611,69
Tannic acid,Pseudomonas aeruginosa,1,1245,125
Dibenzyl disulphide,Pseudomonas aeruginosa,1,671,125
Na-Benzoate,Influenza A virus ,0,1004,95
3-Iodotyrosine,Staphylococcus epidermis,1,285,147
Sulfamoxole,Burkholderia cenocepacia,0,1232,28
"1,3-bis[3-chloro-5-(1,3-dichloropropane-2-yloxy)-2(5H)-furanone-4-ylsulfonyl]propane",Bacillus subtilis,1,115,21
Sulfamerazine,Human parainfluenza virus type 2,0,1228,93
(2S)-2-amino-4-bromopent-4-enoic acid,Staphylococcus epidermis,1,55,147
Imipenem,Obesumbacterium proteus,0,822,115
4-Ethylguaiacol,Vibrio parahaemolyticus,0,327,177
TMB-8,Klebsiella planticola,0,1239,98
Cefoperazone,Thermus thermophilus ,0,551,169
Cloxacillin,Clostridium perfringens ,1,606,48
Ssp (A4K-A11K),Bacillus licheniformis,0,1212,20
4-(Aminomethyl)-D-phenylalanine,Candida glabrata,0,315,36
(2E)-1-[4-(4-nitrophenyl)piperazin-1-yl]-3-phenylprop-2-en-1-one,Candida tropicalis,0,33,41
DJK6,Klebsiella pneumoniae,1,650,99
Chitosan,Amycolatopsis orientalis,0,573,12
"(5Z)-2-tert-butyl-5-{[3-(trifluoromethyl)phenyl]methylidene}-1,3-oxazolidin-4-one",Mycobacterium smegmatis,0,86,112
Rhein,Vibrio campbellii,0,1149,174
"1-[2-(naphthalen-1-yl)-5-(3,4,5-trimethoxyphenyl)-1,3,4-oxadiazol-3(2H)-yl]ethanone",Enterococcus faecalis,1,135,66
(Z)-4-bromo-5-(bromomethylene)-3-(1-bromoethyl)-2(5H)-furanone,Hepatitis B virus D,0,102,83
[(ethanesulfinyl)sulfanyl]ethane,Klebsiella planticola,0,1335,98
CSP-C16,Streptococcus sanguinis,1,513,162
Polyethyleneimine,Clostridium perfringens,0,1108,47
Grepafloxacin,Helicobacter pylori ,0,788,82
Autoinducer-2,Porphyromonas gingivalis,0,452,119
L-4-Carbamoylphenylalanine,Raoultella ornithinolytica,0,864,131
Posaconazole,Acinetobacter baumannii,0,1111,2
D-Proline,Mycobacterium leprae,0,640,111
Ampicillin,Pseudomonas aeruginosa,1,437,125
Glycinamide hydrochloride,Aggregatibacter actinomycetemcomitans,0,784,11
alpha-costic acid,Candida albicans,1,1340,34
"4-(2-(5-(4,5-dibromo-1-methyl-1H-pyrrol-2-yl)-1,3,4-oxadiazol-2-yl)vinyl)-2-methoxyphenol",Pseudomonas aeruginosa,1,312,125
Resveratrol,Burkholderia multivorans,1,1148,30
4-Chloro-2-fluoro-DL-phenylalanine,Vibrio campbellii,0,323,174
"2-bromo-4-methyl-6-(3,4,5-tribromo-1H-pyrrole-2-carbonyl)phenol",Staphylococcus epidermidis,1,236,146
Nitazoxanide ,Desulfovibrio africanus,1,1021,54
Gallium Nitrate,Escherichia coli,1,770,69
Furanone 56,Staphylococcus epidermidis,1,752,146
4-bromo-5-(bromomethylene)-3-(1-( 2-propynyloxy)butyl)-2(5H)-furanone,Salmonella enterica,0,341,133
1-(4-chlorophenyl)-3-p-tolyurea,Varicella-zoster virus,0,125,172
Raspberry KAS 434,Hafnia paralvei,1,1145,80
Epigallocatechin Gallate,Halomonas pacifica,0,710,81
Monensin sodium salt,Firmicutes,0,944,73
MUC7 12-mer-L4,Listeria ivanovii,0,916,103
Netilmicin,Escherichia coli,1,1016,69
5-Fluorouracil,Enterococcus faecalis,0,380,66
SQ109,Pseudoalteromonas sp.,0,1178,124
Zeaxanthin,Enterobacteria phage T4,0,1326,65
Carbonyl cyanide m-chlorophenylhydrazone,Pseudomonas aeruginosa,1,524,125
Quinizarin,Klebsiella planticola,0,1131,98
Ceftobiprole,Escherichia coli,1,563,69
Metronidazole,Fusarium solani,0,937,75
Vanillylacetone,Enterococcus gallinarum,0,1310,68
Besifloxacin,Streptococcus pneumoniae serotype 4,1,483,159
Zanamivir,Influenza B virus ,1,1325,97
Polyethyleneimine,Clostridium bacilli,0,1108,44
"2-(4,5-dibromo-1-methyl-1H-pyrrol-2-yl)-5-(methylthio)-1,3,4-oxadiazole",Baker's yeast,0,195,27
Curcumin,Burkholderia cenocepacia,1,619,28
Irinotecan,Staphylococcus equorum,0,835,148
1-{2-[(E)-2-(4-chlorophenyl)ethenyl]-4-phenylquinolin-3-yl}ethan-1-one,Hafnia alvei,0,139,79
Ceftazidime hydrate,Burkholderia cenocepacia,1,561,28
Rutaecarpine,Eikenella corrodens,0,1162,58
"(2E)-1-(2 ,5 -dimethoxyphenyl)-3-[2,5-dimethyl-1-(3-trifluoromethyl-phenyl)-1H-pirrol-3-yl]-2-propen-1-one",Streptococcus mitis,0,23,154
"2-(4,5-dibromo-1-methyl-1H-pyrrol-2-yl)-5-phenyl-1,3,4-oxadiazole",Clostridium perfringens ,0,198,48
"(2S,3R,4S,5S,6R)-6-(Acetoxymethyl)-3-(2-(4-chlorophenyl)acetamido)tetrahydro-2H-pyran-2,4,5-triyl triacetate",Bacteroides uniformis,0,59,25
"(2S,3R,4S,5S,6R)-6-(Acetoxymethyl)-3-(3-oxooctanamido)tetrahydro-2H-pyran-2,4,5-triyl triacetate",Aquifex aeolicus,0,63,13
Lemon oil,Clostridium leptum,0,896,45
Djenkolic acid,Streptococcus sanguis,1,689,163
Thymol,Escherichia coli,1,1270,69
Epigallocatechin Gallate,Enterobacter ludwigi,1,710,64
Quercetin-3-O-glucuronide,Staphylococcus aureus,1,1129,141
Ethylenediametetraacetic acid,Halomonas pacifica,1,724,81
"2-(4-Chlorophenyl)-5-(4,5-dibromo-1-methyl-1H-pyrrol-2-yl)-1,3,4-oxadiazole",Staphylococcus aureus,1,203,141
3-Nitrophenylalanine,Staphylococcus epidermis,1,290,147
Diphenyl methane,Eggerthella lenta,0,685,57
Flavonoids 7,Vibrio harveyi,1,739,176
Sulfacetamide,Acinetobacter baumannii,0,1222,2
Clove oil,Aspergillus niger,0,605,16
Asperdiol,Aeromonas sobria,0,446,10
Ceftobiprole,Providencia stuartii,0,563,123
L-4-Carbamoylphenylalanine,Lysinibacillus sphaericus,0,864,106
S-OSIP108,Thermus thermophilus ,0,1168,169
Cyclacillin,Clostridium perfringens ,1,621,48
NaCl,Mycobacterium tuberculosis,0,1007,113
"(1-(4-chlorophenoxy)-3-[(4, 6-dimethyl-2-pyrimidinyl) thio]-2- propanol)",Vibrio harveyi,1,0,176
Rufloxacin,Human immunodeficiency virus,0,1161,91
cov-GK7-NH2,Porphyromonas gingivalis,1,1355,119
Orange extract,Streptococcus sanguinis,0,1049,162
Cefuroxime,Hepatitis B virus D,0,565,83
Isoliquiritigenin,Haemophilus influenzae,1,841,78
Ibuprofen,Hepatitis C Virus ,0,819,85
trans-2-dodecenoic acid,Candida albicans,1,1391,34
2-(2-(2-Chloroacetamido)-5-fluorophenyl)-2-oxo-N-( prop-2-yn-1-yl)acetamide,Enterococcus faecium,0,186,67
Cidofovir,Vibrio anguillarum,0,584,173
"N1-[7-(trifluoromethyl)quinolin-4-yl]ethane-1,2-diamine",Streptomyces rubiginosus,0,995,166
Pelargonidin,Bacillus cereus,0,1072,19
Niclosamide,Amycolatopsis orientalis,0,1019,12
N -(3-nitro-4-hydroxy-benzylidene)benzohydrazide,Chromobacterium violaceum,0,959,42
D-tert-Leucine,Candida spp.,0,645,40
Listerine,Staphylococcus epidermis,0,903,147
6-hydroxyflavone,Human parainfluenza virus type 2,0,398,93
Isosilybin A,Thermus thermophilus ,0,845,169
"(2E)-1-(3 ,4 ,5 -trimethoxyphenyl)-3-(2-naphthyl)-2-propen-1-one",Actinoplanes missouriensis,0,24,8
Di-MB-LF11-215,Edwardsiella tarda,0,667,56
BisEDT-RIP,Streptococcus salivarius,0,490,161
GL13K,Streptococcus gordonii,1,766,153
Terpinene-4-ol,Salmonella enterica,0,1258,133
NA12,Bacillus cereus,0,1000,19
Saquinavir,Human immunodeficiency virus 1,1,1183,92
(2R)-2-amino-3-[(4-chlorophenyl)methanesulfinyl]propanoic acid,Streptococcus sanguis,1,45,163
Indinavir,Enterobacter ludwigi,0,824,64
Fluspiriline,Bacteroides fragilis,0,745,24
Tet-20,Pseudomonas aeruginosa,1,1260,125
RK-19,Burkholderia pseudomallei,1,1138,31
"4-(5-(4,5-dibromo-1-methyl-1H-pyrrol-2-yl)-1,3,4-oxadiazole-2-yl)aniline",Bacillus anthracis,0,314,18
Merimepodib,Aeromonas hydrophila,0,926,9
16P,Staphylococcus epidermidis,1,164,146
Rutin,Burkholderia thailandensis,0,1163,32
Dicyclohexylamine,Human respiratory syncytial virus B,0,677,94
Cephalexin,Streptococcus pneumoniae,1,566,158
N -(4-trifluoromethyl-benzylidene)benzohydrazide,Staphylococcus aureus,1,960,141
Sulfamethizole,Escherichia coli,1,1230,69
Posaconazole,Serratia liquefaciens,0,1111,135
Streptomycin,Staphylococcus aureus,1,1216,141
Epigallocatechin Gallate,Burkholderia cenocepacia,1,710,28
Ssp (A4K-A11K),Human herpesvirus 1 ,0,1212,87
Pleurocidin,Enterococcus faecium,1,1107,67
Clomocycline,Enteric bacteria and other eubacteria,1,603,59
Anthranilate,Vibrio vulnificus,1,442,178
Asperdiol acetate,Vibrio harveyi,1,447,176
RK-25,Candida tropicalis,0,1139,41
"2-(hexylsulfonyl)-4-(1H-1,2,3-triazol-1-yl)pyrimidine",Proteus vulgaris,0,213,122
1-{4-phenyl-2-[(E)-2-[4-(trifluoromethoxy)phenyl]ethenyl]quinolin-3-yl}ethan-1-one,Klebsiella variicola,0,143,100
Verapamil,Vibrio vulnificus,0,1311,178
"1,3-dimethyl-6-(4-methylphenyl)-5-[3-(4-methylphenyl)-1-phenyl-1H-pyrazol-4-yl]-1H,2H,3H,4H,5H,6H-pyrimido[4,5-d][1,3]diazine-2,4-dione",Staphylococcus aureus,1,117,141
Sorbitol,Streptomyces rubiginosus,1,1210,166
Dalfopristin,Achromobacter xylosoxidans,0,654,1
"3,5-Difluoro-dl-phenylalanine",Yersinia enterocolitica,0,256,179
DD13,Staphylococcus aureus,1,648,141
CSP-C16,Streptococcus sanguis,0,513,163
"(2R)-2-amino-3-(2,3-dihydro-1H-inden-2-yl)propanoic acid",Streptomyces gordonii,0,41,165
5-(dibromomethylene)-3-butyl-2(5H)-furanone,Obesumbacterium proteus,0,371,115
meta-toluidine,Streptococcus salivarius,0,1372,161
"Butane-1,4-diamine",Pichia anomala,0,496,117
Terpinene-4-ol,Salmonella Typhi,0,1258,132
Cefotiam,Vibrio cholerae,0,555,175
Tomentosin,Staphlococcus aureus,0,1281,140
"(2E)-1-(1,3-benzodioxol-5-yl)-3-[5-(2-nitro-phenyl)-furan-2-yl]-2-propen-1-one",Enterococcus faecalis,1,18,66
RNAIII-inhibiting Peptide,Staphylococcus aureus,1,1141,141
Hamamelitannin,Staphylococcus caprae,1,794,143
Dapsone,Achromobacter xylosoxidans,0,656,1
C16G2,Streptococcus mutans,1,505,155
2- geranyloxy-1-(2-methylbutanoyl)phloroglucinol,Staphylococcus aureus,1,178,141
"(2S)-2-amino-3-(1,3-thiazol-4-yl)propanoic acid",Candida krusei,0,52,38
Hydrogen peroxide,Pseudomonas aeruginosa,1,811,125
"5-(4,5-dibromo-1-methyl-1H-pyrrol-2-yl)-1,3,4-oxadiazole-2-thiol",Pseudomonas aeruginosa,1,367,125
3-geranyl-1-(2-methylpropanoyl)phloroglucinol,Staphylococcus epidermidis,1,297,146
Catechin,Burkholderia multivorans,1,531,30
(2E)-N-[3-(1H-imidazol-1-yl)propyl]-3-phenylprop-2-enamide,Enteric bacteria and other eubacteria ,0,39,60
Isobutanol,Mycobacterium tuberculosis,0,837,113
Norgestimate,Staphylococcus aureus,1,1029,141
4-Chlorochalcone,Haemophilus influenzae,1,324,78
Baicalein,Burkholderia cenocepacia,1,468,28
Epigallocatechin Gallate,Serratia marcescens,1,710,136
NaCl,Campylobacter jejuni,1,1007,33
"Dihydroxybenzoic Acid (2,4-DHBA)",Achromobacter xylosoxidans,0,680,1
Voriconazole,Citrobacter freundii,0,1319,43
Kaempherol,Escherichia coli,1,857,69
Octadecyl gallate,Pseudomonas aeruginosa,1,1041,125
2-Carbamoylphenylalanine,Candida dubliniensis,0,215,35
DJK6,Human herpesvirus 3,0,650,88
"octane-1,8-diamine",Hepatitis C Virus ,0,1378,85
"2-bromo-4-methyl-6-(3,4,5-tribromo-1H-pyrrole-2-carbonyl)phenol",Acinetobacter sp.,0,236,5
2-Chloro-DL-Phenylalanine,Pseudoalteromonas sp.,0,216,124
Oxytetracycline,Propionibacterium acnes,1,1056,120
"N-((2R,3R,4S,5S,6R)-2,4,5-Trihydroxy-6-(hydroxymethyl)tetrahydro-2H-pyran-3-yl)dodecanamide",Pseudomonas aeruginosa,1,967,125
"1-(2-Chloroacetyl)-5-methylindoline-2,3-dione",Candida spp.,0,120,40
Rhodomyrtone,Propionibacterium acnes,1,1150,120
"3,3-Diphenyl-D-alanine",Staphylococcus epidermis,1,246,147
4-nitro-cinnamaldehyde,Providencia stuartii,0,358,123
Chlorhexidine,Streptococcus mutans,1,575,155
3-hexyl-4-bromo-5-methylene-2(5H)-furanone,Pseudomonas libaniensis,0,298,129
Bacalin hydrate,Burkholderia multivorans,1,464,30
3-(Aminomethyl)-D-phenylalanine,Cryptococcus neoformans,0,274,52
Dicinnamyl,Stenotrophomonas maltophilia,0,674,151
4-bromo-5-(bromomethylene)-3-(1-acetoxybutyl)-2(5H)-furanone,Candida tropicalis,0,343,41
cyclophosphamide,Candida krusei,0,1358,38
Darunavir,Acinetobacter nosocomialis,0,658,3
alpha-Longipinene,Morganella morganii,0,1338,109
Pyrogallol,Vibrio anguillarum,1,1125,173
"(2E)-1-(3 ,4 -dimethoxyphenyl)-3-(2-naphthyl)-2-propen-1-one",Staphylococcus epidermidis,1,25,146
"2,3-Dehydrosilybin",Staphylococcus aureus,1,170,141
D-Methionine,Candida krusei,0,638,38
3-Nitrophenylalanine,Staphylococcus aureus,1,290,141
Fleroxacin,Candida glabrata,0,740,36
5-fluoroindole,Human respiratory syncytial virus B,0,384,94
"3-(2-Furylmethyl)-2-{[(5-hydroxy-1H-pyrazol-3-yl)methyl]sulfanyl}-3,5,6,7-tetrahydro-4H-cyclopenta[4,5]thieno[2,3-d]pyrimidin-4-one",Salmonella Typhi,1,263,132
Trimethoprim-sulfamethoxazole,Streptococcus parasanguinis,0,1288,157
prop-2-ene-1-SO-thioperoxol,Bacteroides fragilis,0,1387,24
Platyphylloside,Salmonella Typhi,0,1106,132
4-Fluoro-D-phenylalanine,Bacillus amyloliquefaciens,0,330,17
3beta-Hydroxyolean-12-en-28-al 3-p-coumarate,Chromobacterium violaceum,0,309,42
"(5Z)-2-(1,1-dichloropropyl)-5-{[4-(trifluoromethyl)phenyl]methylidene}-1,3-oxazolidin-4-one",Staphylococcus epidermidis,0,84,146
"Phenol,2,4-bis(1,1-dimethylethyl)",Staphylococcus caprae,0,1090,143
Diazepam,Candida albicans,1,670,34
"Ethane-1,2-diamine",Serratia marcescens,1,720,136
(R)-2-Amino-3-biphenyl-3-yl-propionic acid,Staphylococcus epidermis,1,92,147
"(2E)-1-(3 ,4 -dimethoxyphenyl)-3-(2-naphthyl)-2-propen-1-one",Propionibacterium acnes,0,25,120
Norbgugaine 12,Enterococcus faecium,0,1027,67
Coladonin,Listeria monocytogenes,0,609,104
Daclatasvir,Dihydropteroate synthase type-1,0,651,55
1-(4-chlorophenyl)-3-p-tolyurea,Vibrio cholerae,0,125,175
Furanone C-30,Helicobacter pylori ,0,753,82
D-Citrulline,Staphylococcus epidermis,1,633,147
4-Hydroxychalcone,Vibrio vulnificus,0,333,178
"2-(4-(Trifluoromethyl)phenyl)-N-((2R,3R,4S,5S,6R)-2,4,5-trihydroxy-6-(hydroxymethyl)tetrahydro-2H-pyran-3-yl)acetamide",Staphlococcus aureus,0,201,140
Furanone-8,Vibrio anguillarum,0,759,173
Erythromycin,Enteric bacteria and other eubacteria ,1,713,60
Lys-a1,Streptococcus salivarius,1,910,161
Tellurite,Human respiratory syncytial virus B,0,1255,94
Clary sage oil,Staphylococcus aureus,1,597,141
"(2E)-1-(1 ,3 -benzodioxol-5-yl)-3-(2-naphthyl)-2-propen-1-one",Pseudomonas aeruginosa,1,16,125
(3R)-4-(4-acetylphenyl)-3-aminobutan-2-one,Staphylococcus aureus,1,69,141
epsilon-viniferin,Streptococcus gordonii,0,1365,153
"2-(4-Chlorophenyl)-5-(4,5-dibromo-1-methyl-1H-pyrrol-2-yl)-1,3,4-oxadiazole",Streptococcus epidermidis,1,203,152
"N-(1,3-Thiazol-2-yl)butanamide",Pichia anomala,0,970,117
dF21-10K,Candida tropicalis,1,1360,41
Pyrvinium pamoate,Bacillus anthracis,0,1126,18
Norgestimate,Staphylococcus epidermidis,1,1029,146
Aloe Vera Gel,Hepatitis B virus D,0,427,83
HE4,Streptococcus sanguinis,0,793,162
(2R)-2-amino-3-[(4-chlorophenyl)methanesulfinyl]propanoic acid,Streptococcus mutans,1,45,155
Tet-213,Listeria monocytogenes serotype 4a,0,1261,105
(Z)-4-bromo-5-(bromomethylene)-3-(1-bromoethyl)-2(5H)-furanone,Acinetobacter sp.,0,102,5
Pefloxacin ,Enteric bacteria and other eubacteria,0,1071,59
alpha-Defensin-3,Pseudomonas putida,0,1336,130
"4-Phenyl-N-((2R,3R,4S,5S,6R)-2,4,5-trihydroxy-6-(hydroxymethyl)tetrahydro-2H-pyran-3-yl)butanamide",Pseudomonas aeruginosa,1,340,125
"13-(2-chloro-7-methylquinolin-3-yl)-3,3-dimethyl-1H,2H,3H,4H,6H,11H,13H-indazolo[1,2-b]phthalazine-1,6,11-trione",Clostridium bacilli,0,154,44
Zinc,Escherichia coli,1,1328,69
Fosamprenavir,Shigella flexneri,0,746,138
"Dihydroxybenzoic Acid (2,3-DHBA)",Eikenella corrodens,1,679,58
Mezlocillin,Escherichia coli,1,938,69
Cefamandole,Bacteroides fragilis,1,541,24
"(2-(4-chlorophenyl)- 4-{[(6-methyl-2-pyridinyl)amino]methylene}-1,3-oxazol- 5(4H)-one)",Vibrio parahaemolyticus,0,13,177
4-Bromo-D-phenylalanine,Hafnia alvei,0,322,79
Thiophenone TF101,Thermus thermophilus,0,1268,168
1-{2-[(E)-2-(4-methoxyphenyl)ethenyl]-4-phenylquinolin-3-yl}ethan-1-one,Escherichia coli,1,141,69
Linezolid,Staphylococcus aureus,1,901,141
Luteolin,Proteus vulgaris,0,908,122
"1-(2-Chloroacetyl)-5-methylindoline-2,3-dione",Influenza A virus ,0,120,95
"N-((2R,3R,4S,5S,6R)-2,4,5-Trihydroxy-6-(hydroxymethyl)tetrahydro-2H-pyran-3-yl)butyramide",Influenza A virus ,0,966,95
Darunavir,Marinobacter hydrocarbonoclasticus,0,658,107
"1-(2,4-dichlorophenyl)-2-(1H-imidazol-1-yl)ethyl (2E)-3-phenylprop-2-enoate",Candida albicans,1,119,34
Coumarin,Edwardsiella tarda,1,616,56
"(5S)-1,7-bis(4-hydroxyphenyl)-5-O-_-D- apiofuranosyl(1 _ 6)-_-D-glucopyranosyloxyheptan-3-one",Candida parapsilosis,0,77,39
Sorbitol,Human respiratory syncytial virus B,0,1210,94
P60.4Ac,Staphlococcus aureus,0,1059,140
Flavone,Escherichia coli,1,737,69
4-(Aminomethyl)-D-phenylalanine,Achromobacter sp.,0,315,0
Betulin,Vibrio campbellii,0,484,174
2-(2-(2-Chloroacetamido)phenyl )-2-oxo-N-( prop-2-yn-1-yl )acetamide,Clostridium leptum,0,189,45
2-(Aminomethyl)-L-phenylalanine,Candida albicans,0,211,34
Cerulenin,Vibrio vulnificus,0,568,178
Stavudine,Staphylococcus epidermis,0,1213,147
"(2S,3R,4S,5S,6R)-6-(Acetoxymethyl)-3-(2-(4-(trifluoromethyl)phenyl)acetamido)tetrahydro-2H-pyran-2,4,5-triyltriacetate",Staphylococcus saprophyticus,0,57,150
R-Thanatin,Pseudomonas chlororaphis,0,1136,126
4-Amino-D-phenylalanine,Staphylococcus aureus,1,318,141
Lamivudine,Micrococcus luteus,0,892,108
Tigecycline,Staphylococcus aureus,1,1272,141
Mezlocillin,Clostridium perfringens ,1,938,48
DASamP1,Acinetobacter nosocomialis,0,647,3
3-(3-fluorophenyl)-5-(3-ethoxy-4-hydroxybenzylidene)-2-thioxothiazolidin-4-one,Enterococcus faecalis,1,270,66
NA-CATH-ATRA1-ATRA1,Salmonella enterica,0,998,133
"(2E)-5-[(1S,2R,4aR,8aR)-1,2,4a,5-tetramethyl-1,2,3,4,4a,7,8,8a-octahydronaphthalen-1-yl]-3-formylpent-2-enoic acid",Streptococcus mutans,1,36,155
Phenoxymethylpenicillin,Streptococcus pneumoniae serotype 4,0,1091,159
Methylthiopropylamine,Burkholderia pseudomallei,1,935,31
Protamine sulphate,Pichia anomala,0,1118,117
S-(4-tolyl)-L-cysteine,Clostridium leptum,0,1167,45
Methyl eugenol,Proteus mirabilis,0,932,121
"(R)-2,3-Diaminopropanoic acid",Haemophilus influenzae,0,91,78
NA10,Mycobacterium tuberculosis,0,999,113
Terpinene-4-ol,Pseudomonas putida,1,1258,130
"2-Benzyl-5-(4,5-dibromo-1-methyl-1H-pyrrol-2-yl)-1,3,4-oxadiazole",Staphylococcus aureus,1,214,141
"2-(4-Chlorophenyl)-N-((2R,3R,4S,5S,6R)-2,4,5-trihydroxy-6-(hydroxymethyl)tetrahydro-2H-pyran-3-yl)acetamide",Clostridium leptum,0,204,45
Subtilosin,Gardnerella vaginalis,1,1218,76
"(2S,3R,4S,5S,6R)-6-(Acetoxymethyl)-3-butyramidotetrahydro-2H-pyran-2,4,5-triyl triacetate",Kocuria rhizophila,0,64,101
LF11-322,Thermus thermophilus ,0,881,169
Carabrone,Streptococcus pyogenes,0,523,160
3-(2-Thienyl)alanine,Halomonas pacifica,0,268,81
4-nitropyridine N -oxide,Aspergillus niger,0,359,16
3-Nitro-D-tyrosine,Streptococcus pyogenes,0,289,160
Uracil,Acinetobacter baumannii,0,1301,2
Diphenyl diselenide,Campylobacter jejuni,0,683,33
CRAMP,Burkholderia cepacia,0,511,29
Eucarobustol E,Clostridium pasteurianum,0,725,46
Catechin,Vibrio parahaemolyticus,0,531,177
Cecropin B,Achromobacter xylosoxidans,0,535,1
Nisin,Staphylococcus aureus,1,1020,141
M8G2,Streptococcus mutans,1,913,155
(2Z)-N-hexyl-2-hydroxy-3-[4-(trifluoromethyl)phenyl]prop-2-enamide,Obesumbacterium proteus,0,68,115
Glycomonoterpenes (G-citron),Streptococcus gordonii,0,786,153
PTP-7,Bacillus anthracis,0,1062,18
Azlocillin,Listeria monocytogenes,1,457,104
Siamycin I,Candida tropicalis,0,1191,41
HA14-1,Desulfovibrio africanus,0,790,54
"3,4-Dichloro-5-[(4-methylphenylsulfonyl)]-2(5H)-furanone",Pseudomonas aeruginosa,0,252,125
Sodium ascorbate,Staphylococcus saprophyticus,0,1208,150
Elemental silver,Candida tropicalis,0,697,41
4-Br-PHL,Pseudomonas aeruginosa,1,321,125
Zotepine,Proteus mirabilis,0,1334,121
Benzocaine,Cryptococcus neoformans,0,477,52
Gatifloxacin,Pseudomonas japonica,0,776,128
"F2,5,12W",Trueperella pyogenes,0,728,171
L-tryptophan,Salmonella enterica,1,878,133
Furanone F202,Staphylococcus cohnii,0,754,145
Nodakenetin,Bacteroides eggerthii,0,1026,23
"5,8,11,14-Eicosatetraynoic acid",Enterococcus faecium,0,365,67
Penicillenol A1,Actinobacillus actinomycetemcomitans,0,1074,6
"3-{2-[(1S,2R,4aR,8aR)-1,2,4a,5-tetramethyl-1,2,3,4,4a,7,8,8a-octahydronaphthalen-1-yl]ethyl}-N-(3-fluorophenyl)-5-methylidene-2,5-dihydrofuran-2-amine",Staphylococcus aureus,1,308,141
Indol AHL,Porphyromonas gingivalis,0,826,119
Ceftazidime hydrate,Burkholderia multivorans,1,561,30
Lemon,Pichia anomala,1,895,117
5 alpha-Epoxyalantolactone,Human immunodeficiency virus,0,363,91
(1Z)-(prop-2-en-1-ylidene)-lambda4-sulfanyliumolate,Streptococcus sanguis,1,11,163
Sulfaphenazole,Schistosoma,0,1234,134
Curcumin,Enterobacter cancerogenus,1,619,62
2-Carbamoylphenylalanine,Staphylococcus aureus,1,215,141
Ethyl gallate,Enterobacter aerogenes,0,722,61
Penicillic acid,Streptococcus sobrinus,0,1080,164
Pa-MAP,Kocuria rhizophila,0,1063,101
Hesperidin,Escherichia coli,1,799,69
Undecanoic acid,Serratia marcescens,1,1299,136
Ritonavir,Human herpesvirus 4,0,1158,89
"2-(4,5-dibromo-1-methyl-1H-pyrrol-2-yl)-5-(pyridin-4-yl)-1,3,4-oxadiazole",Staphylococcus aureus,1,197,141
"(5Z)-2-(1,1-dichlorobut-3-yn-1-yl)-5-{[4-(trifluoromethyl)phenyl]methylidene}-1,3-oxazolidin-4-one",Staphylococcus aureus,1,83,141
4-tertiary butyl benzyl dodecyl beta-maltoside,Pseudomonas aeruginosa,1,361,125
Hydrogen peroxide,Serratia marcescens,0,811,136
Triclosan ,Bacillus anthracis,1,1285,18
Clavulanate ,Staphylococcus aureus,1,598,141
"(2E)-1-(3 ,5 -dimethoxyphenyl)-3-(2-naphthyl)-2-propen-1-one",Clostridium pasteurianum,0,26,46
"13-(2-chloro-7-methoxyquinolin-3-yl)-3,3-dimethyl-1H,2H,3H,4H,6H,11H,13H-indazolo[1,2-b]phthalazine-1,6,11-trione",Aeromonas sobria,0,153,10
Fosamprenavir,Micrococcus luteus,0,746,108
S-(2-thienyl)-L-cysteine,Streptococcus mutans,1,1166,155
Fosfomycin,Pseudomonas chlororaphis,0,748,126
Vanillin,Corynebacterium ammoniagenes,0,1309,50
Phenobarbitone,Staphylococcus haemolyticus,0,1089,149
Clioquinol,Candida parapsilosis,0,601,39
Sulconazole nitrate,Candida albicans,1,1221,34
"3,5-Dimethyl benzyl dodecyl beta-maltoside",Influenza B virus,0,258,96
Lys-a1,Shewanella oneidensis,0,910,137
Silver sulfadiazine,Streptococcus mitis,0,1197,154
Cefditoren,Clostridium perfringens ,1,544,48
2C-4,Mycobacterium smegmatis,0,245,112
Fenclonine,Human herpesvirus 3,0,733,88
L-Phenylalanine,Firmicutes,0,869,73
Losartran,Pseudomonas aeruginosa,0,907,125
3-(2-Naphthyl)alanine,Pseudomonas japonica,0,265,128
Furanone F202,Escherichia coli,1,754,69
4-hydroxy coumarin,Helicobacter pylori ,0,355,82
(2E)-1-(4 -methoxyphenyl)-3-(2-naphthyl)-2-propen-1-one,Pseudomonas aeruginosa,1,28,125
"5-(4,5-dibromo-1-methyl-1H-pyrrol-2-yl)-1,3,4-oxadiazole-2-thiol",Bacillus amyloliquefaciens,0,367,17
Neoeriocitrin,Vibrio harveyi,1,1012,176
IG-25,Pseudomonas libaniensis,0,817,129
17-Deacetyl norgestimate,Klebsiella pneumoniae,0,166,99
Penicillenol C2,Candida albicans,1,1079,34
lin-SB056,Pseudomonas aeruginosa,1,1370,125
Doripenem,Lysinibacillus sphaericus,0,692,106
7-methylindole,Citrobacter freundii,0,408,43
Shikonin,Stenotrophomonas maltophilia,1,1190,151
2-Methoxy-4-propylphenol,Hepatitis B virus F,0,221,84
Epicatechin-3-gallate,Burkholderia pseudomallei,0,708,31
Didanosine,Human immunodeficiency virus 1,1,678,92
7-fluoroindole,Pseudoalteromonas sp.,0,403,124
Biphenyl,Pantoea agglomerans,0,488,116
Dicloxacillin,Shigella flexneri,0,676,138
3-geranyl-1-(2-methylpropanoyl)phloroglucinol,Staphylococcus aureus,1,297,141
"N-((2R,3R,4S,5S,6R)-2,4,5-Trihydroxy-6-(hydroxymethyl)tetrahydro-2H-pyran-3-yl)octanamide",Staphylococcus saprophyticus,0,969,150
"13-(2-chloro-7-methoxyquinolin-3-yl)-3,3-dimethyl-1H,2H,3H,4H,6H,11H,13H-indazolo[1,2-b]phthalazine-1,6,11-trione",Pseudoalteromonas sp.,0,153,124
Myxinidin1,Pseudoalteromonas sp.,0,956,124
"N-((1E)-{4-ethoxy-3-[(8-oxo-1,5,6,8-tetrahydro-2H-1,5-methanopyrido[1,2-a][1,5]diazocin-3(4H)-yl)methyl]phenyl}methylene)-3,4,5-trihydroxybenzohydrazide",Candida parapsilosis,0,965,39
hLF1-11,Candida parapsilosis,0,1367,39
Norspermidine,Acinetobacter baumannii,1,1031,2
Methacycline,Yersinia enterocolitica,0,929,179
Crocin,Achromobacter sp.,0,618,0
"N-((2R,3R,4S,5S,6R)-2,4,5-Trihydroxy-6-(hydroxymethyl)tetrahydro-2H-pyran-3-yl)hexanamide",Klebsiella planticola,0,968,98
"2-(4-Fluorophenyl)-N-((2R,3R,4S,5S,6R)-2,4,5-trihydroxy-6-(hydroxymethyl)tetrahydro-2H-pyran-3-yl)acetamide",Streptococcus parasanguinis,0,205,157
Sulfathiazole,Corynebacterium ammoniagenes,0,1235,50
3-(3-Pyridinyl)alanine,Bacillus cereus,0,269,19
trans-Stillbene,Pseudomonas putida,0,1393,130
Flavone,Influenza B virus ,0,737,97
Imipenem,Bacillus subtilis,1,822,21
Dibenzyl disulphide,Streptococcus sanguis,1,671,163
3-Methoxychalcone,Mycobacterium leprae,0,287,111
Cefepime ,Porphyromonas gingivalis,0,546,119
Shikonin,Staphylococcus saprophyticus,0,1190,150
MUC7 12-mer-D,Halomonas pacifica,0,914,81
NA-CATH-ATRA1-ATRA1,Staphylococcus aureus,1,998,141
Methyl gallate,Pseudomonas aeruginosa,1,933,125
Piperacillin,Candida albicans,0,1102,34
"(2-(4-chlorophenyl)- 4-{[(6-methyl-2-pyridinyl)amino]methylene}-1,3-oxazol- 5(4H)-one)",Staphylococcus equorum,0,13,148
Clotrimazole,Human immunodeficiency virus,0,604,91
Cefotaxime,Trichophyton mentagrophytes,0,553,170
Benzathine Benzylpenicillin,Streptococcus epidermidis,0,472,152
Benzocaine,Streptococcus salivarius,0,477,161
"D, L- K6L9",Pseudomonas aeruginosa,1,626,125
"3,3-dimethyl-13-{[1,2,3,4]tetrazolo[1,5-a]quinolin-4-yl}-2H,4H,13H-indazolo[1,2-b]phthalazine-1,6,11-trione",Candida albicans,1,250,34
Pivmecillinam,Vibrio campbellii,0,1105,174
Fosfomycin,Escherichia coli,1,748,69
Dibenzyl disulphide,Actinomyces oris,1,671,7
Azithromycin,Streptococcus oralis,0,456,156
7-methoxyindole,Human herpesvirus 3,0,407,88
Benzbromarone,Candida albicans,1,474,34
Carnitine hydrochloride,Streptococcus mutans,1,527,155
Atovaquone,Bacteroides,0,450,22
Irinotecan,Burkholderia cenocepacia,0,835,28
Amphotericin B,Influenza A virus ,0,436,95
Tazobactam ,Bacteroides eggerthii,0,1248,23
Myricetin,Staphylococcus aureus,1,950,141
nitrazepam,Acinetobacter sp.,0,1377,5
Cefonicid,Eggerthella lenta,0,550,57
Amlodipine,Clostridium leptum,0,434,45
"(2E)-1-(2 ,4 ,5 -trimethoxyphenyl)-3-(2-naphthyl)-2-propen-1-one",Pantoea agglomerans,0,21,116
trans-2-Nonenal,Varicella-zoster virus,0,1389,172
Seg6D,Vibrio campbellii,0,1186,174
G2,Streptococcus gordonii,1,765,153
ZnO nanoparticles,Chromobacterium violaceum,0,1333,42
Methyl indole-7-carboxylate,Candida albicans,0,934,34
Sage oil,Staphylococcus aureus,1,1179,141
Monensin sodium salt,Human immunodeficiency virus 1,0,944,92
Stearic acid,Vibrio cholerae,1,1214,175
O-LF11-215,Streptococcus salivarius,0,1035,161
Tyrphostin AG1478,Hafnia alvei,0,1297,79
Pentamethoxyflavone,Cryptococcus neoformans,0,1083,52
Norbgugaine 12,Firmicutes,0,1027,73
Tyrosol,Listeria monocytogenes,0,1295,104
TZD-C8,Acinetobacter oleiovorans,0,1241,4
Oleic Acid,Listeria monocytogenes serotype 4a,0,1046,105
S-ethyl-L-cysteine,Mycobacterium leprae,0,1170,111
S-methyl- L-cysteine,Enterobacter aerogenes,0,1171,61
FS8,Listeria monocytogenes serotype 4a,0,730,105
Trimethyl(3-{4-[3-(trimethylphosphaniumyl)propoxy]phenoxy}propyl)phosphanium dibromide,Aquifex aeolicus,0,1291,13
Cadmium Ion,Streptomyces rubiginosus,0,515,166
Cefoperazone,Pseudomonas aeruginosa,1,551,125
"N1-(7-chloroquinolin-4-yl)ethane-1,2-diamine",Serratia marcescens,1,992,136
Clindamycin,Haemophilus influenzae,0,599,78
Timolol,Campylobacter jejuni,0,1274,33
2-amino-3-(3-nitrophenyl)propanoic acid,Pseudomonas chlororaphis,0,227,126
Peptide 1037,Listeria monocytogenes,1,1087,104
IDR-1018,Burkholderia cenocepacia,1,814,28
3-(4-Pyridinyl)alanine,Morganella morganii,0,271,109
Evodiamine,Escherichia coli,0,727,69
Usnic acid,Influenza B virus,0,1304,96
Amikacin,Enteric bacteria and other eubacteria,1,430,59
Trimethyl(3-{4-[3-(trimethylazaniumyl)propoxy]phenoxy}propyl)azanium dibromide,Desulfovibrio africanus,0,1290,54
Silver nitrate,Pseudomonas putida,0,1196,130
Norgestimate,Bacillus cereus,0,1029,19
Peptide 1037,Desulfovibrio africanus,0,1087,54
Dibenzyl sulphide,Aeromonas sobria,0,672,10
7-methylindole,Pseudomonas aeruginosa,1,408,125
Methyl indole-7-carboxylate,Candida dubliniensis,0,934,35
Thonzonium bromide,Chromobacterium violaceum,0,1269,42
Hinokitiol,Enteric bacteria and other eubacteria ,0,804,60
OSIP108,Candida albicans,1,1040,34
L-Phenylalanine-D-Lysine,Kocuria rhizophila,0,870,101
Hsn5 12-mer,Streptococcus mutans,1,808,155
Butoconazole nitrate,Gardnerella vaginalis,0,501,76
(2E)-1-[4-(3-nitropyridin-2-yl)piperazin-1-yl]-3-phenylprop-2-en-1-one,Vibrio campbellii,0,32,174
Clarithromycin,Shigella flexneri,1,595,138
Vanillic acid,Streptococcus mutans,0,1308,155
Arbekacin,Streptococcus pneumoniae serotype 4,0,445,159
Palmitic acid,Trueperella pyogenes,0,1065,171
3-(3-Pyridinyl)alanine,Staphylococcus aureus,1,269,141
Indirubin,Clostridium perfringens ,0,825,48
Tipranavir,Burkholderia multivorans,0,1276,30
D-2-Methylphenylalanine,Staphylococcus saprophyticus,0,627,150
D-Leucine,Eggerthella lenta,0,637,57
"(Z)-5-octylidenethiazolidine-2,4-dione",Marinobacter hydrocarbonoclasticus,0,111,107
Bromophenyl AHL,Clostridium perfringens ,0,495,48
Furvina,Pseudomonas aeruginosa,1,760,125
N-(4-Pyridinyl)butanamide,Staphylococcus chromogenes,0,979,144
"(5E)-5-hexylidene-1,3-thiazolidine-2,4-dione",Streptococcus parasanguinis,0,74,157
Tangerine oil,Lactobacillus fermenti,0,1244,102
Betulin,Citrobacter freundii,0,484,43
Piperacillin,Streptococcus pneumoniae,1,1102,158
Indolicidin,Influenza B virus,0,833,96
Na-Benzoate,Streptococcus mitis,0,1004,154
Penicillenol C1,Klebsiella planticola,0,1078,98
Isoriccardin C,Hepatitis B virus D,0,844,83
2-Chloro-DL-Phenylalanine,Baker's yeast,0,216,27
Dezocine,Streptococcus sobrinus,0,666,164
Penicillenol B1,Staphylococcus aureus,1,1076,141
Biphenyl,Halomonas pacifica,0,488,81
Quinupristin,Coagulase- negative staphylococci,0,1133,49
NA12,Pseudoalteromonas sp.,0,1000,124
BMAP-28,Candida parapsilosis,0,461,39
Wheat bran,Vibrio anguillarum,0,1321,173
Gentamicin,Citrobacter freundii,0,779,43
Tyrosol,Staphlococcus aureus,0,1295,140
Ursolic acid,Vibrio harveyi,1,1303,176
"2,4-Dimethylphenylalanine",Morganella morganii,0,175,109
7-methoxyindole,Cronobacter sakazakii,0,407,51
"3,4-Dichloro-cinnamaldehyde",Vibrio harveyi,1,253,176
Trimethoprim-sulfamethoxazole,Streptococcus sanguinis,0,1288,162
"(2E)-1-(2 ,4 ,5 -trimethoxyphenyl)-3-(2-chloro-6-methoxy-quinolin-3-yl)-2-propen-1-one",Enteric bacteria and other eubacteria,0,19,59
Zotepine,Human respiratory syncytial virus B,0,1334,94
2-oxindole,Vibrio anguillarum,0,243,173
"2-(5-(4,5-dibromo-1-methyl-1H-pyrrol-2-yl)-1,3,4-oxadiazole-2-yl)phenol",Human parainfluenza virus type 2,0,208,93
4-bromoaniline,Bacillus amyloliquefaciens,0,349,17
KT2,Geobacillus kaustophilus,0,856,77
"1-(2,4-dichlorophenyl)-2-(1H-imidazol-1-yl)ethyl (2E)-3-phenylprop-2-enoate",Dihydropteroate synthase type-1,0,119,55
nimesulide,Clostridium pasteurianum,0,1376,46
Sulfisoxazole ,Streptococcus pyogenes,0,1237,160
NRC-16,Burkholderia cenocepacia,0,1003,28
Benzalacetone,Hafnia paralvei,0,471,80
Ferric chloride,Acinetobacter sp.,0,734,5
Carnitine hydrochloride,Streptococcus sanguis,1,527,163
Terpinene-4-ol,Bacteroides uniformis,0,1258,25
Shikonin,Pichia anomala,0,1190,117
BMAP-28,Arthrobacter sp. ,0,461,14
1-(4-amino-2-hydroxyphenyl)ethan-1-one,Staphylococcus aureus,0,123,141
D-Leucine,Streptococcus epidermidis,0,637,152
Bromophenyl AHL,Enterobacter aerogenes,0,495,61
Cefadroxil,Streptococcus pneumoniae,1,538,158
Biphenyl,Staphylococcus aureus,1,488,141
Fenclonine,Staphylococcus epidermis,1,733,147
Ceftazidime,Morganella morganii,1,560,109
Mucobromic acid,Hepatitis B virus D,0,947,83
1010cys,Stenotrophomonas maltophilia,0,146,151
"(2S,3R,4S,5S,6R)-6-(Acetoxymethyl)-3-(3-oxohexanamido)tetrahydro-2H-pyran-2,4,5-triyl triacetate",Streptococcus sanguinis,0,62,162
"13-(2-chloro-6-methylquinolin-3-yl)-3,3-dimethyl-1H,2H,3H,4H,6H,11H,13H-indazolo[1,2-b]phthalazine-1,6,11-trione",Streptococcus mitis,0,152,154
Penicillenol A1,Bacteroides fragilis,0,1074,24
Diphenyl disulphide,Vibrio vulnificus,0,684,178
12-methyltetradecanoic acid,Cronobacter sakazakii,0,150,51
G2,Pseudomonas chlororaphis,0,765,126
"N1-(7-chloroquinolin-4-yl)dodecane-1,12-diamine",Salmonella Typhi,0,991,132
1-{4-phenyl-2-[(E)-2-[4-(trifluoromethoxy)phenyl]ethenyl]quinolin-3-yl}ethan-1-one,Hepatitis B virus F,0,143,84
3-Carbamoylphenylalanine,Staphylococcus cohnii,0,279,145
Naringenin,Escherichia coli,1,1009,69
(Z)-4-bromo-5-(bromomethylene)-3-butyl-2(5H)-furanone,Escherichia coli ,0,104,70
Copper sulfate,Staphylococcus aureus,1,614,141
"1-(2-Chloroacetyl)-5-methylindoline-2,3-dione",Pseudomonas aeruginosa,1,120,125
Zinc Nitrate,Trueperella pyogenes,0,1330,171
Picolinic acid,Morganella morganii,0,1099,109
Ribavirin,Geobacillus kaustophilus,0,1151,77
4-Methylphenylalanine,Candida parapsilosis,0,338,39
4-(2-methybutyryl)-4H-tomentosin,Human parainfluenza virus type 2,0,313,93
Pseudomonas Quinolone Signal,Human respiratory syncytial virus B,0,1120,94
nimesulide,Vibrio campbellii,0,1376,174
Ibuprofen,Escherichia coli,0,819,69
Erythritol,Candida glabrata,0,712,36
1-{2-[(E)-2-(4-chlorophenyl)ethenyl]-4-phenylquinolin-3-yl}ethan-1-one,Escherichia coli ,0,139,70
S-(2-Aminoethyl)-L-cysteine hydrochloride,Streptococcus mutans,1,1164,155
"5-Bromo-1-(2-chloroacetyl)indoline-2,3-dione",Staphylococcus saprophyticus,0,375,150
Pyrogallol,Vibrio campbellii,1,1125,174
S-(2-thiazoyl)-L-cysteine,Mycobacterium avium,0,1165,110
Aspirin,Candida glabrata,0,448,36
Peptide 1037,Klebsiella variicola,0,1087,100
Rilpivirine,Mycobacterium smegmatis,0,1156,112
2-(2-(2-Azidoacetamido)-5-fluorophenyl)-2-oxo-N-( prop-2-yn-1-yl)acetamide,Staphylococcus haemolyticus,0,182,149
Stavudine,Human immunodeficiency virus 1,1,1213,92
Phloretin,Escherichia coli,1,1094,69
Salicylic acid,Escherichia coli ,0,1181,70
(1Z)-ethylidene-lambda4-sulfanyliumolate,Candida spp.,0,12,40
Calanolide A,Streptomyces sp. ,0,518,167
RK-31,Escherichia coli O6:H1 (strain CFT073 / ATCC 700928 / UPEC),0,1140,71
Tert-butanol,Arthrobacter sp. ,0,1259,14
(E)-Chalcone,Haemophilus influenzae,1,90,78
4-Ethylcatechol,Mycobacterium avium,0,326,110
kappa-Pyrosulfite,Human herpesvirus 3,0,1368,88
(2-{[(2-phenylethyl)sulfanyl]sulfinyl}ethyl)benzene,Klebsiella planticola,0,15,98
Silver nanoparticles,Staphylococcus epidermidis,1,1194,146
4-Iodo-d-phenylalanine,Staphylococcus epidermis,1,334,147
Dibenzyl sulphide,Actinomyces oris,1,672,7
3-geranyl-1-(2-methylpropanoyl)phloroglucinol,Schistosoma,0,297,134
Indole-7-carboxylic acid,Obesumbacterium proteus,0,832,115
"N1-(7-chloroquinolin-4-yl)octane-1,8-diamine",Burkholderia pseudomallei,0,993,31
"2,4-Dimethylphenylalanine",Staphylococcus epidermis,1,175,147
1-(4-chlorophenyl)-3-m-tolyurea,Burkholderia multivorans,0,124,30
N-(4-Bromobenzylidene)benzohydrazide,Staphylococcus epidermidis,1,976,146
Phenoxymethylpenicillin,Vibrio parahaemolyticus,0,1091,177
4-(Trifluoromethyl)-D-phenylalanine,Streptococcus epidermidis,0,316,152
(2E)-1-[4 -(1H-imidazol-1-yl)phenyl]-3-(2-naphthyl)-2-propen-1-one,Staphylococcus aureus,1,30,141
2-(2-(2-Azidoacetamido)-5-fluorophenyl)-2-oxo-N-( prop-2-yn-1-yl)acetamide,Candida krusei,0,182,38
Ephedrine,Achromobacter sp.,0,705,0
GL13K,Staphylococcus cohnii,0,766,145
"(5E)-5-undecylidene-1,3-thiazolidine-2,4-dione",Aeromonas sobria,0,76,10
7-hydroxyindole,Bacteroides eggerthii,0,406,23
Ferrous,Enterobacter ludwigi,0,735,64
(1Z)-(2-phenylethylidene)-lambda4-sulfanyliumolate,Streptococcus sanguis,1,10,163
"2-(5-(4,5-dibromo-1-methyl-1H-pyrrol-2-yl)-1,3,4-oxadiazole-2-yl)phenol",Staphylococcus aureus,1,208,141
3-(pyridin-3-yl)-5-(3-ethoxy-4-hydroxybenzylidene)-2-thioxothiazolidin-4-one,Staphylococcus chromogenes,0,276,144
Gossypetin hexamethyl ether,Citrobacter freundii,0,787,43
Zidovudine,Influenza B virus ,0,1327,97
beta-6-20-G3K6,Staphylococcus epidermidis,1,1344,146
(5Z)-4-Bromo-5-(bromomethylene)-3-butyl-2(5H)-furanone,Candida dubliniensis,0,87,35
Nelfinavir,Enterococcus faecium,0,1011,67
"3-{2-[(1S,2R,4aR,8aR)-1,2,4a,5-tetramethyl-1,2,3,4,4a,7,8,8a-octahydronaphthalen-1-yl]ethyl}-N-(2-fluorophenyl)-5-methylidene-2,5-dihydrofuran-2-amine",Streptococcus mutans,1,307,155
Lemon,Bacillus cereus,1,895,19
(2E)-1-(5-clorotiophen-2-yl)-3-(3-methoxy-4-benzyloxi-phenyl)-2-propen-1-one,Pseudomonas aeruginosa,1,29,125
Ellagic Acid,Enteric bacteria and other eubacteria ,0,698,60
NA8,Bacteroides,0,1001,22
Myricetin,Plasmodium falciparum,0,950,118
GW 5074,Acinetobacter nosocomialis,0,767,3
"1,3-dimethyl-6-(4-methylphenyl)-5-[3-(4-nitrophenyl)-1-phenyl-1H-pyrazol-4-yl]-1H,2H,3H,4H,5H,6H-pyrimido[4,5-d][1,3]diazine-2,4-dione",Lactobacillus fermenti,0,118,102
Sinapic acid,Escherichia coli,1,1201,69
Autoinducer-2,Human herpesvirus 1 ,0,452,87
R-FV-I16,Actinobacillus actinomycetemcomitans,0,1135,6
Wheat bran,Staphylococcus equorum,0,1321,148
"2-(4-methoxyphenyl)-N-(3-{[2-(4-methoxyphenyl)ethyl]imino}-1,4-dihydro-2-quinox alinylidene)ethanamine",Acinetobacter oleiovorans,0,207,4
Penicillenol B2,Vibrio harveyi,0,1077,176
3-[(prop-2-ene-1-sulfinyl)sulfanyl]prop-1-ene,Streptococcus mutans,1,291,155
NRC-16,Escherichia coli ,0,1003,70
Trimethyl(3-{4-[3-(trimethylphosphaniumyl)propoxy]phenoxy}propyl)phosphanium dibromide,Staphylococcus aureus,1,1291,141
Norfloxacin,Firmicutes,0,1028,73
Diphenyl methane,Staphylococcus aureus,1,685,141
"2-((3,4-dichlorophenyl)sulfonyl)-4-(1H-tetrazol-1-yl)pyrimidine",Hepatitis C Virus ,0,179,85
"4,5-dihydroxy-2,3-pentanedione",Staphylococcus caprae,0,311,143
Emtricitabine,Burkholderia cepacia,0,701,29
2-(2-(2-Azidoacetamido)phenyl)-2-oxo-N-(prop-2-yn-1-yl)acetamide,Enterobacter cancerogenus,0,185,62
Fosfomycin,Vibrio vulnificus,0,748,178
Zinc Dichloride,Staphylococcus equorum,0,1329,148
D-Alanine,Human immunodeficiency virus,0,629,91
Penicillenol A1,Burkholderia cepacia,0,1074,29
Tipranavir ,Serratia liquefaciens,0,1277,135
Genistein,Bacteroides uniformis,1,778,25
Umbelliferone,Pseudomonas putida,0,1298,130
Dicloxacillin,Enteric bacteria and other eubacteria ,0,676,60
Clomocycline,Escherichia coli,1,603,69
L-Phenylalanine-D-Lysine,Streptomyces gordonii,0,870,165
LL-31,Burkholderia cepacia,0,887,29
4-Chloro-2-fluoro-DL-phenylalanine,Streptomyces gordonii,0,323,165
Sulfamethazine,Streptococcus epidermidis,0,1229,152
Gallocatechin,Candida dubliniensis,0,772,35
4-bromo-5-(bromomethylene)-3-(1-bromobutyl)-2(5H)-furanone,Streptococcus salivarius,0,344,161
Mustard oil,Shewanella oneidensis,0,949,137
4-Hydroxychalcone,Klebsiella planticola,0,333,98
Na-Benzoate,Staphylococcus capitis,0,1004,142
Curcumin,Escherichia coli,1,619,69
Ticarcillin,Staphylococcus aureus,1,1271,141
"(10R,11R)-Hydnocarpin",Thermus thermophilus ,0,1,169
"(2E)-1-(3 ,5 -dimethoxyphenyl)-3-(2-naphthyl)-2-propen-1-one",Enterococcus faecalis,1,26,66
N-[5-(6-amino-9H-purin-9-yl)-4-hydroxy-2-(hydroxymethyl)oxolan-3-yl]-3-(4-methoxyphenyl)propanamide,Morganella morganii,0,989,109
(RW)4D,Human herpesvirus 4,0,98,89
4-Methyl benzyl dodecyl beta-maltoside,Pseudomonas aeruginosa,1,337,125
"Trimethyl[2-({10,15,20,24,26,29,31,33,34-nonakis[3-(trimethylphosphaniumyl)propoxy]hexacyclo[21.2.2.2,.2,.2,.2]pentatriaconta-1(25),3(35),4,6(34),8,10,13,15,18,20,23,26,28,30,32-pentadecaen-4-yl}oxy)ethyl]phosphanium decabromide",Klebsiella pneumoniae,0,1292,99
"2-(4,5-dibromo-1-methyl-1H-pyrrol-2-yl)-5-(pyridin-4-yl)-1,3,4-oxadiazole",Coagulase- negative staphylococci,0,197,49
Piperacillin,Listeria monocytogenes,1,1102,104
2-amino-4-chlorobenzoic acid,Eubacterium ramulus,0,231,72
L-Aspartate,Enterococcus faecium,0,866,67
"N1-[7-(trifluoromethyl)quinolin-4-yl]ethane-1,2-diamine",Serratia marcescens,1,995,136
W-7 Hydrochloride,Burkholderia multivorans,0,1320,30
"5-Bromo-1-(2-chloroacetyl)indoline-2,3-dione",Acinetobacter oleiovorans,0,375,4
(furan-2-yl)methyl (2E)-3-phenylprop-2-enoate,Streptococcus pneumoniae,0,112,158
Cloxacillin,Streptococcus pneumoniae,1,606,158
Tioconazole,Influenza A virus ,0,1275,95
Sulfacetamide,Desulfovibrio africanus,0,1222,54
3-(3-fluorophenyl)-5-(3-ethoxy-4-hydroxybenzylidene)-2-thioxothiazolidin-4-one,Burkholderia thailandensis,0,270,32
Glycomonoterpenes (G-citron),Vibrio cholerae,1,786,175
D/L-Aspartate,Streptococcus salivarius,0,646,161
Bactenecin,Human herpesvirus 3,0,467,88
(2R)-2-amino-3-[(4-chlorophenyl)methanesulfinyl]propanoic acid,Pseudomonas chlororaphis,0,45,126
Benzathine benzylpenicillin,Kocuria rhizophila,0,473,101
Hydrogen peroxide,Candida spp.,0,811,40
Zinc Dichloride,Gardnerella vaginalis,0,1329,76
Zinc oxide,Enterobacter ludwigi,0,1331,64
Magainin-II,Streptococcus mutans,1,920,155
Myxinidin,Cryptococcus neoformans,0,955,52
Cefotetan,Arthrobacter sp. ,0,554,14
Pa-MAP,Burkholderia pseudomallei,0,1063,31
Anthranilate,Burkholderia thailandensis,0,442,32
Ethylenediametetraacetic acid,Streptococcus salivarius,0,724,161
"4-Fluoro-(S)-4,5-Dihydroxypentane-2,3-dione",Vibrio harveyi,1,328,176
4-bromoaniline,Pseudomonas aeruginosa,1,349,125
W-7 Hydrochloride,Human herpesvirus 4,0,1320,89
2-(Trifluoromethyl)-D-phenylalanine,Candida tropicalis,0,212,41
2-amino-3-(3-nitrophenyl)propanoic acid,Human parainfluenza virus type 2,0,227,93
Coumarin,Staphylococcus aureus,1,616,141
Asperdiol acetate,Enterococcus faecalis,0,447,66
Trimethoprim-sulfamethoxazole,Stenotrophomonas maltophilia,1,1288,151
"7-fluoroindoline-2,3-dione",Pseudomonas aeruginosa,1,404,125
"13-{7-methoxy-[1,2,3,4]tetrazolo[1,5-a]quinolin-4-yl}-3,3-dimethyl-1H,2H,3H,4H,6H,11H,13H-indazolo[1,2-b]phthalazine-1,6,11-trione",Candida albicans,1,158,34
Psoralen,Pseudomonas aeruginosa,1,1121,125
Clindamycin ,Shigella flexneri,1,600,138
Tobramycin,Haemophilus influenzae,0,1279,78
"(2S,3R,4S,5S,6R)-6-(Acetoxymethyl)-3-octanamidotetrahydro-2H-pyran-2,4,5-triyl triacetate",Halomonas pacifica,0,67,81
(Z)-3-bromo-5-(bromomethylene) furan-2(5H)-one,Staphylococcus epidermidis,1,100,146
Moxifloxacin,Mycobacterium avium,1,945,110
Atovaquone,Morganella morganii,0,450,109
Esculetin,Burkholderia multivorans,1,715,30
meta-toluidine,Pseudomonas aeruginosa,1,1372,125
N-(4-hydroxy-2-methylphenyl)-3-oxododecanamide,Halomonas pacifica,0,980,81
Rifalazil,Providencia stuartii,0,1153,123
Oxantel,Porphyromonas gingivalis,1,1053,119
Darunavir,Enterococcus faecium,0,658,67
Baicalein,Staphylococcus aureus,1,468,141
Erythromycin,Pseudoalteromonas sp.,0,713,124
3-(4-Pyridinyl)alanine,Yersinia enterocolitica,0,271,179
Kojic acid,Actinomyces oris,0,861,7
"1-[2-(3-bromo-4-hydroxy-5-methoxyphenyl)-5-(3,4,5-trimethoxyphenyl)-1,3,4-oxadiazol-3(2H)-yl]ethanone",Pseudomonas aeruginosa,1,134,125
Butein,Klebsiella pneumoniae,0,498,99
(Z)-4-bromo-5-(bromomethylene)-3-(1-bromoethyl)-2(5H)-furanone,Hafnia paralvei,0,102,80
D-Asparagine,Staphylococcus aureus,1,630,141
6-MO-LF11-322,Acinetobacter oleiovorans,0,396,4
RK-19,Proteus mirabilis,0,1138,121
Tet-213,Staphylococcus aureus,1,1261,141
Triclosan ,Staphylococcus aureus,1,1285,141
1-(4-amino-2-hydroxyphenyl)ethan-1-one,Plasmodium falciparum,0,123,118
L-Phenylalanine-L-Lysine,Thermus thermophilus ,0,871,169
17-Deacetyl norgestimate,Staphylococcus epidermidis,1,166,146
Clove oil,Streptococcus mutans,1,605,155
Chrysophsin-1,Mycobacterium leprae,0,582,111
Cefepime ,Escherichia coli,1,546,69
2-(2-(2-Azidoacetamido)-5-fluorophenyl)-2-oxo-N-( prop-2-yn-1-yl)acetamide,Pseudomonas aeruginosa,1,182,125
nitrazepam,Human immunodeficiency virus 1,0,1377,92
Sodium sulfate,Bacillus amyloliquefaciens,0,1209,17
4-Br-PHL,Clostridium perfringens,0,321,47
Undecanoic acid,Proteus vulgaris,1,1299,122
Ceftizoxime,Staphylococcus caprae,0,562,143
Carbonyl cyanide m-chlorophenylhydrazone,Escherichia coli,1,524,69
NA-CATH,Staphylococcus chromogenes,0,997,144
Rutin,Escherichia coli,1,1163,69
Caspofungin,Pantoea agglomerans,0,530,116
Cephaloglycin,Enterococcus faecalis,0,567,66
Abacavir,Human immunodeficiency virus 1,1,416,92
"(2E)-1-(3 ,5 -dimethoxyphenyl)-3-(2-naphthyl)-2-propen-1-one",Staphylococcus aureus,1,26,141
Dezocine,Listeria ivanovii,0,666,103
lin-SB056,Burkholderia cenocepacia,0,1370,28
Grepafloxacin,Candida spp.,0,788,40
Pivampicillin,Eubacterium ramulus,0,1104,72
Ethyl gallate,Pseudomonas aeruginosa,1,722,125
"(2E)-1-(2 ,5 -dimethoxyphenyl)-3-(2-naphthyl)-2-propen-1-one",Enterococcus faecalis,1,22,66
Octyl gallate,Streptococcus mutans,1,1043,155
Propyl gallate,Staphylococcus cohnii,0,1117,145
S-methyl- L-cysteine,Streptococcus mutans,1,1171,155
Hepcidin 20,Micrococcus luteus,0,795,108
1-methyl-4-({[(4-methylphenyl)methyl]disulfanyl}methyl)benzene,Fusarium solani,0,138,75
Myristoyl-DL-carnitine,Vibrio vulnificus,0,953,178
"3,4-Dichloro-cinnamaldehyde",Vibrio cholerae,1,253,175
"(1R,2S,7R,3E,11E)-2,18-diacetoxycembra-3,8(19),11,15(17)-tetraen-7-ol",Vibrio harveyi,1,5,176
Hinokitiol,Candida albicans,1,804,34
alpha-mangostin,Streptococcus mutans,0,1341,155
Oxytetracycline,Escherichia coli,1,1056,69
Djenkolic acid,Baker's yeast,0,689,27
Quinine,Plasmodium falciparum,1,1130,118
meta-toluidine,Escherichia coli,0,1372,69
"(2S,3R,4S,5S,6R)-6-(Acetoxymethyl)-3-dodecanamidotetrahydro-2H-pyran-2,4,5-triyl triacetate",Neisseria gonorrhoeae,0,66,114
4-chloroaniline,Pseudomonas aeruginosa,1,351,125
"O-(2,6-Dichlorobenzyl)-D-tyrosine",Campylobacter jejuni,0,1034,33
den-SB056,Edwardsiella tarda,0,1361,56
Myristic acid,Proteus vulgaris,1,952,122
"3,4-Dichloro-5-[(4-methylphenylsulfonyl)]-2(5H)-furanone",Clostridium bacilli,0,252,44
Evodiamine,Enteric bacteria and other eubacteria,0,727,59
Myristoyl-DL-carnitine,Pseudomonas aeruginosa,1,953,125
Vitamin E,Escherichia coli,1,1317,69
YC-1 compound,Staphylococcus equorum,0,1322,148
"1-[2-(3-bromo-4-hydroxy-5-methoxyphenyl)-5-(3,4,5-trimethoxyphenyl)-1,3,4-oxadiazol-3(2H)-yl]ethanone",Staphylococcus epidermidis,1,134,146
"1,2,3,4-Tetrahydroisoquinoline-3-carboxylic acid",Human herpesvirus 4,0,114,89
Ceftobiprole,Staphylococcus aureus,1,563,141
Praziquantel,Propionibacterium acnes,0,1113,120
Cefaclor,Streptococcus sanguinis,0,537,162
Trimethoxyflavone,Hepatitis C Virus ,0,1289,85
RNAIII-inhibiting Peptide,Staphylococcus epidermidis,1,1141,146
Raspberry KAS 434,Pseudomonas libaniensis,1,1145,129
Propanol,Candida albicans,1,1116,34
"(5Z)-2-(1,1-dichloro-3,3-dimethylbutyl)-5-{[4-(trifluoromethyl)phenyl]methylidene}-1,3-oxazolidin-4-one",Staphylococcus aureus,1,81,141
Methyl indole-7-carboxylate,Pseudomonas putida,0,934,130
3-(4-Pyridinyl)alanine,Neisseria gonorrhoeae,0,271,114
FV7,Streptococcus salivarius,0,731,161
N-Decanoyl cyclopentylamide,Pantoea agglomerans,0,985,116
Cathelicidin,Pseudomonas aeruginosa,1,533,125
Indole,Coagulase- negative staphylococci,0,827,49
S-(2-thiazoyl)-L-cysteine,Corynebacterium ammoniagenes,0,1165,50
Nodakenetin,Staphylococcus capitis,0,1026,142
CGP-37157,Pseudomonas fluorescens,0,510,127
"5-(4,5-dibromo-1-methyl-1H-pyrrol-2-yl)-1,3,4-oxadiazole-2-thiol",Staphylococcus aureus,1,367,141
Heptamethoxyflavone,Hepatitis C virus,0,797,86
Benzophenonyl decyl beta-maltoside,Aspergillus fumigatus,0,478,15
"2-(4,5-dibromo-1-methyl-1H-pyrrol-2-yl)-5-(ethylthio)-1,3,4-oxadiazole",Pseudomonas aeruginosa,1,194,125
3-chloro-5-hydroxy-4-[(4-methylphenylsulfonyl)]-2(5H)-furanone,Raoultella ornithinolytica,0,294,131
5- hydroxyethyl-3-tetradecanoyltetramic acid,Bacteroides,0,366,22
DiHydroxyBenzoFuran,Mycobacterium tuberculosis,0,669,113
Thiazolidinedione-8,Candida albicans,1,1266,34
3-hexyl-5-bromomethylene-2(5H)-furanone,Enteric bacteria and other eubacteria,0,299,59
nimesulide,Trichophyton mentagrophytes,1,1376,170
"2,4,5-Trifluorophenylalanine",Lysinibacillus sphaericus,0,172,106
Malabaricone C,Salmonella Typhi,0,921,132
2-methoxy-cinnamaldehyde,Human immunodeficiency virus,0,242,91
Telithromycin,Enteric bacteria and other eubacteria,1,1254,59
Clove oil,Escherichia coli,1,605,69
Sucrose,Lysinibacillus sphaericus,0,1219,106
"Trimethyl[3-({33-[2-(trimethylazaniumyl)ethoxy]-10,15,20,25,27,29,31,34-octakis[3-(trimethylazaniumyl)propoxy]hexacyclo[21.2.2.2,.2,.2,.2]pentatriaconta-1(25),3,5,8,10,13,15,18,20,23,26,28,30,32,34-pentadecaen-4-yl}oxy)propyl]azanium decabromide",Staphylococcus capitis,0,1293,142
3-fluoroaniline,Human herpesvirus 4,0,295,89
Bedaquiline,Yersinia enterocolitica,0,470,179
"3,3-dimethyl-13-{7-methyl-[1,2,3,4]tetrazolo[1,5-a]quinolin-4-yl}-1H,2H,3H,4H,6H,11H,13H-indazolo[1,2-b]phthalazine-1,6,11-trione",Candida albicans,1,247,34
(2E)-N-[3-(1H-imidazol-1-yl)propyl]-3-phenylprop-2-enamide,Proteus vulgaris,0,39,122
4-nitro-cinnamaldehyde,Vibrio anguillarum,0,358,173
"N1-[7-(trifluoromethyl)quinolin-4-yl]dodecane-1,12-diamine",Clostridium pasteurianum,0,994,46
AFP1,Pantoea agglomerans,0,415,116
Indinavir,Human immunodeficiency virus 1,1,824,92
"2-(4-methoxyphenyl)-N-(3-{[2-(4-methoxyphenyl)ethyl]imino}-1,4-dihydro-2-quinox alinylidene)ethanamine",Streptococcus mutans,1,207,155
Betulin,Serratia marcescens,1,484,136
"(2E)-1-(1,3-benzodioxol-5-yl)-3-[5-(2-nitro-phenyl)-furan-2-yl]-2-propen-1-one",Human herpesvirus 4,0,18,89
"2-(4,5-dibromo-1-methyl-1H-pyrrol-2-yl)-5-(2,4-dichlorophenyl)-1,3,4-oxadiazole",Candida spp.,0,192,40
(1E)-1-{[(1E)-prop-1-ene-1-sulfinyl]sulfanyl}prop-1-ene,Aggregatibacter actinomycetemcomitans,0,4,11
Pivampicillin,Staphlococcus aureus,0,1104,140
Sodium Chloride,Vibrio cholerae,0,1207,175
Chlorhexidine acetate,Acinetobacter nosocomialis,0,576,3
Chromate,Burkholderia cepacia,0,579,29
2(5H)-furanone,Actinoplanes missouriensis,0,167,8
LF11-227,Bacillus licheniformis,0,880,20
3-(4-Pyridinyl)alanine,Eggerthella lenta,0,271,57
Clioquinol,Vibrio vulnificus,0,601,178
(2E)-1-(5-clorotiophen-2-yl)-3-(3-methoxy-4-benzyloxi-phenyl)-2-propen-1-one,Hepatitis B virus F,0,29,84
L-Aspartate,Providencia stuartii,0,866,123
(2-methyl-5-nitro-1H-imidazol-1-yl)methyl (2E)-3-phenylprop-2-enoate,Salmonella enterica,0,14,133
Scopoletin,Enteric bacteria and other eubacteria,0,1184,59
Ceftazidime,Streptococcus pneumoniae,1,560,158
5-fluorooxiindole,Enterococcus gallinarum,0,385,68
Rosoxacin,Achromobacter sp.,0,1160,0
lin-SB056,Pseudomonas japonica,0,1370,128
Rifampicin,Staphylococcus aureus,1,1154,141
Saquinavir,Human immunodeficiency virus,1,1183,91
Auranofin,Candida albicans,1,451,34
2-Methoxyhydroquinone,Escherichia coli O6:H1 (strain CFT073 / ATCC 700928 / UPEC),0,223,71
Teichoplanin,Proteus mirabilis,0,1250,121
Epigallocatechin Gallate,Citrobacter freundii,1,710,43
Taurine,Streptococcus mutans,1,1246,155
Ciprofloxacin,Staphylococcus aureus,1,590,141
"(2E)-1-(2 ,4 ,5 -trimethoxyphenyl)-3-(2-chloro-6-methoxy-quinolin-3-yl)-2-propen-1-one",Streptococcus mutans,1,19,155
alpha-Defensin-3,Corynebacterium ammoniagenes,0,1336,50
N -(pyridin-3-yl-methylene)benzohydrazide,Pseudomonas aeruginosa,1,962,125
Monensin sodium salt,Mycobacterium smegmatis,0,944,112
Carvacrol,Chromobacterium violaceum,1,529,42
"(10R,11R)-Hydnocarpin D",Staphylococcus aureus,1,2,141
2-Nitro-cinnamaldehyde,Vibrio harveyi,1,224,176
Polymyxin B,Varicella-zoster virus,0,1109,172
Azithromycin,Enteric bacteria and other eubacteria ,1,456,60
Carboxymethyl chitosan,Influenza B virus ,0,525,97
(2E)-1-(4 -methoxyphenyl)-3-(2-naphthyl)-2-propen-1-one,Enterococcus faecalis,1,28,66
C16-33,Streptococcus sanguinis,1,504,162
Coumarin,Candida tropicalis,0,616,41
Tet-213,Pseudomonas aeruginosa,1,1261,125
"(2E)-1-(3 ,4 ,5 -trimethoxyphenyl)-3-(2-naphthyl)-2-propen-1-one",Staphylococcus epidermidis,1,24,146
Curcumin,Citrobacter freundii,1,619,43
Menthol,Burkholderia pseudomallei,0,925,31
TMC-151s C,Varicella-zoster virus,0,1240,172
Nitrofurantoin,Lactobacillus fermenti,0,1023,102
VSL2,Enterococcus faecalis,1,1306,66
Methanol,Propionibacterium acnes,0,930,120
RK-31,Clostridium bacilli,0,1140,44
Sulfadiazine,Plasmodium falciparum,1,1224,118
Ephedrine,Pseudoalteromonas sp.,0,705,124
den-SB056,Listeria monocytogenes,0,1361,104
L-Tyrosine,Staphylococcus aureus,1,872,141
Caffeic Acid,Staphylococcus aureus,1,516,141
[(ethanesulfinyl)sulfanyl]ethane,Proteus mirabilis,0,1335,121
Fluspiriline,Francisella novicida,0,745,74
(E)-3-Decen-2-one,Vibrio cholerae,1,89,175
Phloridzin,Bacteroides,0,1095,22
S-propyl-L-cysteine,Mycobacterium tuberculosis,0,1174,113
Econazole nitrate,Dihydropteroate synthase type-1,0,695,55
Penicillenol A1,Pseudomonas aeruginosa,1,1074,125
Arbekacin,Pseudoalteromonas sp.,0,445,124
Didanosine,Enterococcus faecium,0,678,67
Quercetin-3-O-glucuronide,Thermus thermophilus ,0,1129,169
"(5Z)-2-(1,1-dichloro-2-phenylethyl)-5-{[4-(trifluoromethyl)phenyl]methylidene}-1,3-oxazolidin-4-one",Burkholderia multivorans,0,78,30
Sulfamoxole,Human herpesvirus 3,0,1232,88
"2,4-Dichlorophenylalanine",Klebsiella pneumoniae,0,173,99
Coumarin,Pseudomonas aeruginosa,1,616,125
Esculin,Serratia liquefaciens,0,716,135
SMAP-29,Clostridium pasteurianum,0,1176,46
Picolinic acid,Streptococcus mutans,0,1099,155
Sage oil,Staphylococcus haemolyticus,0,1179,149
Clioquinol,Human herpesvirus 3,0,601,88
Myristic acid,Vibrio cholerae,1,952,175
HE12,Staphylococcus aureus,1,792,141
"1-[2-(2-nitrophenyl)-5-phenyl-1,3,4-oxadiazol-3(2H)-yl]ethanone",Staphylococcus epidermidis,1,132,146
beta-6-20-G3K6,Pseudomonas fluorescens,0,1344,127
"13-(2-chloro-6-methylquinolin-3-yl)-3,3-dimethyl-1H,2H,3H,4H,6H,11H,13H-indazolo[1,2-b]phthalazine-1,6,11-trione",Staphylococcus haemolyticus,0,152,149
(2R)-2-amino-3-[(4-methylphenyl)methanesulfinyl]propanoic acid,Actinomyces oris,1,46,7
Cephaloglycin,Hafnia alvei,0,567,79
4-fluoroindole,Bacillus subtilis,0,354,21
Lymecycline,Helicobacter pylori ,0,909,82
Curcumin,Mycobacterium leprae,0,619,111
trans-Stillbene,Morganella morganii,0,1393,109
LL-37,Candida albicans,1,888,34
Ciprofloxacin ,Raoultella ornithinolytica,0,592,131
2-amino-3-(3-chlorophenyl)propanoic acid,Aquifex aeolicus,0,226,13
PTP-7,Clostridium leptum,0,1062,45
(2E)-1-(5-clorotiophen-2-yl)-3-(3-methoxy-4-benzyloxi-phenyl)-2-propen-1-one,Staphlococcus aureus,0,29,140
S-(4-tolyl)-L-cysteine,Streptococcus oralis,0,1167,156
2-amino-6-chlorobenzoic acid,Lysinibacillus sphaericus,0,233,106
Glycinamide hydrochloride,Bacteroides eggerthii,0,784,23
"13-(2-chloroquinolin-3-yl)-3,3-dimethyl-1H,2H,3H,4H,6H,11H,13H-indazolo[1,2-b]phthalazine-1,6,11-trione",Actinomyces oris,0,156,7
digoxin,Staphylococcus saprophyticus,0,1363,150
Syringic acid,Bacteroides,0,1238,22
Brecanavir,Neisseria gonorrhoeae,0,493,114
"13-{8-methoxy-[1,2,3,4]tetrazolo[1,5-a]quinolin-4-yl}-3,3-dimethyl-1H,2H,3H,4H,6H,11H,13H-indazolo[1,2-b]phthalazine-1,6,11-trione",Candida albicans,1,159,34
7-methoxyindole,Streptomyces rubiginosus,0,407,166
2-Nitro-cinnamaldehyde,Cronobacter sakazakii,0,224,51
Diclofenac sodium,Bacillus anthracis,0,675,18
"(2E)-1-(1 ,3 -benzodioxol-5-yl)-3-(2-naphthyl)-2-propen-1-one",Morganella morganii,0,16,109
(2S)-2-amino-3-(4-tert-butylphenyl)propanoic acid,Staphylococcus epidermis,1,53,147
Netilmicin,Enteric bacteria and other eubacteria,1,1016,59
Silver nanoparticles,Pseudomonas aeruginosa,1,1194,125
7-methoxyindole,Staphylococcus epidermis,0,407,147
4-tertiary butyl benzyl decyl beta-maltoside,Influenza B virus,0,360,96
Voriconazole,Candida albicans,1,1319,34
N-[(3-chloro-isoquinolin-4-yl)methylene]benzohydrazide,Pseudomonas aeruginosa,1,988,125
Apigenin,Marinobacter hydrocarbonoclasticus,0,443,107
4-Chloro-2-fluoro-DL-phenylalanine,Staphylococcus aureus,1,323,141
Tangeretin,Geobacillus kaustophilus,0,1243,77
Cefotetan,Streptococcus pneumoniae,1,554,158
Aspirin,Desulfovibrio africanus,0,448,54
LL-37,Staphylococcus epidermidis,1,888,146
Chlorhexidine acetate,Streptococcus mutans,1,576,155
Bacitracin,Streptococcus epidermidis,0,466,152
S-(2-thiazoyl)-L-cysteine,Micrococcus luteus,0,1165,108
Virstatin,Acinetobacter nosocomialis,1,1315,3
Chlorpromazine,Hepatitis B virus D,0,578,83
"13-(2-chloro-7-methoxyquinolin-3-yl)-3,3-dimethyl-1H,2H,3H,4H,6H,11H,13H-indazolo[1,2-b]phthalazine-1,6,11-trione",Neisseria gonorrhoeae,0,153,114
Cefpodoxime,Mycobacterium smegmatis,0,558,112
Timolol,Hepatitis B virus D,0,1274,83
2-geranyloxy-1-(2-methylpropanoyl)phloroglucinol,Escherichia coli O6:H1 (strain CFT073 / ATCC 700928 / UPEC),0,240,71
Hepcidin 20,Baker's yeast,0,795,27
OSIP108,Candida glabrata,1,1040,36
D-Asparagine,Escherichia coli O6:H1 (strain CFT073 / ATCC 700928 / UPEC),0,630,71
D-Tyrosine,Staphylococcus epidermis,1,642,147
"(2-(4-chlorophenyl)- 4-{[(6-methyl-2-pyridinyl)amino]methylene}-1,3-oxazol- 5(4H)-one)",Enterobacter aerogenes,0,13,61
DJK6,Escherichia coli,1,650,69
CAMA,Francisella novicida,0,509,74
(2R)-2-amino-3-(benzenesulfinyl)propanoic acid,Streptococcus mutans,1,43,155
R-FV-I16,Baker's yeast,0,1135,27
N-(4-Hydroxyphenyl)butanamide,Bacillus amyloliquefaciens,0,977,17
Darunavir,Human herpesvirus 3,0,658,88
(2E)-1-[4 -(1H-imidazol-1-yl)phenyl]-3-(2-naphthyl)-2-propen-1-one,Pseudomonas aeruginosa,1,30,125
4-methanesulfonylaniline,Stenotrophomonas maltophilia,0,356,151
Zinc oxide,Escherichia coli,1,1331,69
Naringenin,Pseudomonas aeruginosa,1,1009,125
Dodecyl beta-maltoside,Trichophyton mentagrophytes,0,690,170
CSP-C16,Candida spp.,0,513,40
Zinc sulfate,Escherichia coli,1,1332,69
Cyanidin,Pseudomonas chlororaphis,0,620,126
Lamivudine,Hepatitis B virus F,1,892,84
(3R)-4-(4-acetylphenyl)-3-aminobutan-2-one,Staphylococcus epidermis,1,69,147
"3,4-Dichloro-cinnamaldehyde",Bacteroides,0,253,22
Norgestimate,Aggregatibacter actinomycetemcomitans,0,1029,11
Sulfanilamide,Schistosoma,0,1233,134
Imazalil,Human herpesvirus 3,0,821,88
Olmesartran,Burkholderia thailandensis,0,1048,32
Asperdiol acetate,Halomonas pacifica,0,447,81
3-Hydroxytyrosine,Hafnia paralvei,0,284,80
"(2S,3R,4S,5S,6R)-6-(Acetoxymethyl)-3-(3-oxooctanamido)tetrahydro-2H-pyran-2,4,5-triyl triacetate",Streptococcus salivarius,0,63,161
"N-((2R,3R,4S,5S,6R)-2,4,5-Trihydroxy-6-(hydroxymethyl)tetrahydro-2H-pyran-3-yl)hexanamide",Influenza A virus ,0,968,95
Human beta-defensin 3,Hafnia alvei,0,809,79
Ssp (A4K-A11K),Aeromonas hydrophila,0,1212,9
"2,4,5-Trifluorophenylalanine",Staphylococcus epidermis,1,172,147
Oxytetracycline,Enteric bacteria and other eubacteria,1,1056,59
Besifloxacin,Aggregatibacter actinomycetemcomitans,0,483,11
Clioquinol,Morganella morganii,0,601,109
1-(4-methoxyphenyl)-3-p-tolyurea,Streptococcus mutans,1,127,155
"octane-1,8-diamine",Achromobacter sp.,0,1378,0
"1-(2,4-dichlorophenyl)-2-(1H-imidazol-1-yl)ethyl (2E)-3-phenylprop-2-enoate",Arthrobacter sp. ,0,119,14
Ch Dhvar5 ads,Staphylococcus aureus,1,570,141
"5-octyl-1,3-thiazolidine-2,4-dione",Candida albicans,1,386,34
3-geranyl-1-(2-methylbutanoyl)phloroglucinol,Arthrobacter sp. ,0,296,14
4-Nitro-D-phenylalanine,Staphylococcus epidermis,1,339,147
prop-2-ene-1-SO-thioperoxol,Acinetobacter oleiovorans,0,1387,4
(2R)-2-amino-6-acetamidohexanoic acid,Staphylococcus aureus,1,50,141
"2,5-bis(4,5-dibromo-1-methyl-1H-pyrrol-2-yl)-1,3,4-oxadiazole",Staphylococcus aureus,1,177,141
Betulin,Pseudomonas libaniensis,1,484,129
Benzathine Benzylpenicillin,Streptococcus mitis,0,472,154
Danthron,Staphlococcus aureus,0,655,140
Tyrphostin AG1478,Human parainfluenza virus type 2,0,1297,93
(2R)-2-amino-6-acetamidohexanoic acid,Shewanella oneidensis,0,50,137
cat-AGE-RK2,Aggregatibacter actinomycetemcomitans,0,1351,11
Ethyl acetate,Shewanella oneidensis,0,721,137
"1-[2-(2,4-dichlorophenyl)-5-(3,4,5-trimethoxyphenyl)-1,3,4-oxadiazol-3(2H)-yl]ethanone",Pseudomonas aeruginosa,1,131,125
epsilon-viniferin,Pseudomonas aeruginosa,1,1365,125
(E)-Chalcone,Clostridium perfringens,0,90,47
"3-(2-Furylmethyl)-2-{[(5-hydroxy-1H-pyrazol-3-yl)methyl]sulfanyl}-3,5,6,7-tetrahydro-4H-cyclopenta[4,5]thieno[2,3-d]pyrimidin-4-one",Amycolatopsis orientalis,0,263,12
6-Gingerol,Streptococcus sanguis,0,393,163
Glipizide,Human immunodeficiency virus,0,782,91
1-methyl-4-({[(4-methylphenyl)methyl]disulfanyl}methyl)benzene,Firmicutes,0,138,73
Myxinidin1,Micrococcus luteus,0,956,108
Tet-26,Bacteroides,0,1262,22
Bismuth oxide nanoparticle,Streptococcus mitis,0,492,154
Isosinensetin,Burkholderia pseudomallei,0,846,31
"3,5-Diiodotyrosine",Staphylococcus epidermis,1,257,147
4-nitropyridine N -oxide,Burkholderia cenocepacia,1,359,28
Fosamprenavir,Eikenella corrodens,0,746,58
Netilmicin,Streptomyces rubiginosus,0,1016,166
Vancomycin,Staphylococcus cohnii,1,1307,145
Oleanolic Acid,Aspergillus niger,0,1045,16
(Z)-4-bromo-5-(bromomethylene)-3-(1-bromoethyl)-2(5H)-furanone,Enterobacteria phage T4,0,102,65
Meticillin,Haemophilus influenzae,0,936,78
1-(4-methoxyphenyl)-3-m-tolyurea,Streptococcus gordonii,0,126,153
Silver nanoparticles,Candida albicans,1,1194,34
L-fucose cluster,Aspergillus fumigatus,0,875,15
Amikacin disulfate salt,Burkholderia cepacia,0,431,29
Streptorubin B,Klebsiella pneumoniae,0,1217,99
2- geranyloxy-1-(2-methylbutanoyl)phloroglucinol,Salmonella Typhi,0,178,132
N-(4-Bromobenzylidene)benzohydrazide,Enterococcus faecalis,1,976,66
Thiazolidinedione-8,Bacillus subtilis,0,1266,21
Melittin B,Lactobacillus fermenti,0,924,102
Imazalil,Shewanella oneidensis,0,821,137
Ibuprofen,Staphylococcus caprae,0,819,143
Erythromycin,Pseudomonas putida,0,713,130
Phenoxymethylpenicillin,Human herpesvirus 5,0,1091,90
Ceftizoxime,Bacillus cereus,0,562,19
"(5S)-1,7-bis(4-hydroxyphenyl)-5-O-_-D- apiofuranosyl(1 _ 6)-_-D-glucopyranosyloxyheptan-3-one",Baker's yeast,0,77,27
"1,3-dimethyl-6-(4-methylphenyl)-5-[3-(4-methylphenyl)-1-phenyl-1H-pyrazol-4-yl]-1H,2H,3H,4H,5H,6H-pyrimido[4,5-d][1,3]diazine-2,4-dione",Bacillus subtilis,1,117,21
Ceftizoxime,Edwardsiella tarda,0,562,56
"Ethane-1,2-diamine",Vibrio parahaemolyticus,0,720,177
dF17-6K,Pichia anomala,0,1359,117
SMAP-29,Staphylococcus aureus,1,1176,141
3-(2-Naphthyl)-D-alanine,Bacillus cereus,0,264,19
Magainin-I,Acinetobacter sp.,0,919,5
2-Carbamoylphenylalanine,Enterococcus faecalis,0,215,66
Oleic Acid,Pseudomonas aeruginosa,1,1046,125
Nitrofural,Bacteroides eggerthii,0,1022,23
Furanone-8,Salmonella enterica,1,759,133
Myxinidin1,Staphylococcus aureus,1,956,141
"2-(hexylsulfonyl)-4-(1H-1,2,3-triazol-1-yl)pyrimidine",Pseudomonas aeruginosa,1,213,125
Auranofin,Pseudomonas libaniensis,0,451,129
Cefprozil,Streptococcus parasanguinis,0,559,157
6-hydroxyflavone,Escherichia coli,1,398,69
trans-2-dodecenoic acid,Achromobacter xylosoxidans,0,1391,1
Myristic acid,Escherichia coli,1,952,69
Zalcitabine,Listeria ivanovii,0,1324,103
Gentamicin,Escherichia coli,1,779,69
4-Bromo-D-phenylalanine,Influenza A virus ,0,322,95
"4-Hydroxy-2,5-dimethyl-3(2H)-furanone",Clostridium leptum,0,332,45
"4-Phenyl-N-((2R,3R,4S,5S,6R)-2,4,5-trihydroxy-6-(hydroxymethyl)tetrahydro-2H-pyran-3-yl)butanamide",Enterobacter aerogenes,0,340,61
Ephedrine,Cronobacter sakazakii,0,705,51
CWR11,Actinoplanes missouriensis,0,514,8
"N-(5-Methyl-1,2-oxazol-3-yl)butanamide",Bacillus anthracis,0,981,18
trans-2-Pentenal,Streptococcus sanguis,0,1390,163
Zinc Dichloride,Streptococcus sanguis,0,1329,163
L-cysteic acid,Klebsiella planticola,0,874,98
"13-(2-chloro-7-methoxyquinolin-3-yl)-3,3-dimethyl-1H,2H,3H,4H,6H,11H,13H-indazolo[1,2-b]phthalazine-1,6,11-trione",Candida albicans,1,153,34
LF11-322,Hepatitis B virus F,0,881,84
Tannic acid,Proteus mirabilis,1,1245,121
D-2-Methylphenylalanine,Human respiratory syncytial virus B,0,627,94
"2-(4,5-dibromo-1-methyl-1H-pyrrol-2-yl)-5-(pyridin-4-yl)-1,3,4-oxadiazole",Burkholderia cepacia,0,197,29
Emodin,Pseudomonas aeruginosa,1,700,125
Chlorhexidine acetate,Pseudomonas aeruginosa,0,576,125
cyclophosphamide,Firmicutes,1,1358,73
"(2S,3R,4S,5S,6R)-6-(Acetoxymethyl)-3-dodecanamidotetrahydro-2H-pyran-2,4,5-triyl triacetate",Pseudomonas aeruginosa,1,66,125
"(2E)-1-(1,3-benzodioxol-5-yl)-3-(2-chloro-quinolin-3-yl)-2-propen-1-one",Pseudomonas aeruginosa,1,17,125
"4-(5-(4,5-dibromo-1-methyl-1H-pyrrol-2-yl)-1,3,4-oxadiazole-2-yl)aniline",Pseudomonas fluorescens,0,314,127
3-(2-Furyl)-D-alanine,Staphylococcus epidermis,1,262,147
"N-((2R,3R,4S,5S,6R)-2,4,5-Trihydroxy-6-(hydroxymethyl)tetrahydro-2H-pyran-3-yl)butyramide",Pseudomonas aeruginosa,1,966,125
Latamoxef,Bacteroides vulgatus,0,894,26
Tetracycline,Stenotrophomonas maltophilia,0,1263,151
Chelerythrine,Staphylococcus aureus,1,572,141
"(2E)-1-(1,3-benzodioxol-5-yl)-3-(2-chloro-quinolin-3-yl)-2-propen-1-one",Staphylococcus aureus,1,17,141
Cephaloglycin,Pseudomonas libaniensis,0,567,129
Benzalacetone,Achromobacter xylosoxidans,0,471,1
Sulfacetamide,Actinobacillus actinomycetemcomitans,0,1222,6
Thonzonium bromide,Streptococcus sanguis,0,1269,163
C6-HSL,Hafnia alvei,1,507,79
Epigallocatechin Gallate,Candida albicans,1,710,34
3-(3-fluorophenyl)-5-(3-ethoxy-4-hydroxybenzylidene)-2-thioxothiazolidin-4-one,Pseudomonas libaniensis,0,270,129
Chloroxine,Streptococcus parasanguinis,0,577,157
G H12,Streptococcus salivarius,1,763,161
(2R)-2-amino-3-phenylmethanesulfinylpropanoic acid,Streptococcus sanguinis,0,47,162
Curcumin,Dihydropteroate synthase type-1,0,619,55
Siamycin I,Enterococcus faecalis,1,1191,66
"octane-1,8-diamine",Arthrobacter sp. ,0,1378,14
Na-Benzoate,Staphylococcus aureus,1,1004,141
Resveratrol,Pseudomonas aeruginosa,1,1148,125
Seg6L,Pseudomonas aeruginosa,1,1187,125
2-(2-(2-Chloroacetamido)-5-methylphenyl)-2-oxo-N-( prop-2-yn- 1-yl)acetamide,Vibrio campbellii,0,187,174
FK506,Listeria ivanovii,0,729,103
Tyrosol,Acinetobacter nosocomialis,0,1295,3
Hesperidin,Pseudomonas libaniensis,0,799,129
Clavulanate ,Yersinia enterocolitica,0,598,179
Ciclopirox ethanolamine,Streptomyces gordonii,0,583,165
O-LF11-227,Arthrobacter sp. ,0,1036,14
Dibenzyl sulphide,Bacillus subtilis,0,672,21
Fosfomycin,Klebsiella pneumoniae,0,748,99
D-glutamine,Plasmodium falciparum,0,644,118
2-bromohexanoic acid,Actinomyces oris,0,238,7
"2,4-Dimethylphenylalanine",Citrobacter freundii,0,175,43
KSL,Enterobacter cancerogenus,0,854,62
Silver dihydrogen citrate,Mycobacterium avium,0,1193,110
Zeaxanthin,Aspergillus niger,0,1326,16
Furanone,Serratia liquefaciens,0,751,135
Phloretin,Klebsiella planticola,0,1094,98
Aciclovir,Micrococcus luteus,0,420,108
Thonzonium bromide,Streptococcus sanguinis,0,1269,162
Ciprofloxacin,Providencia stuartii,1,590,123
Psoralen,Candida krusei,0,1121,38
knightine,Human parainfluenza virus type 2,0,1369,93
Pseudomonas Quinolone Signal,Streptococcus mutans,1,1120,155
Alexidine dihydrochloride,Streptococcus salivarius,0,425,161
Ferrous,Bacillus cereus,0,735,19
Sertaconazole nitrate,Candida albicans,1,1189,34
5-(dibromomethylene)-3-(1-bromobutyl)-2(5H)-furanone,Enterococcus faecalis,0,369,66
Zinc,Schistosoma,0,1328,134
Fleroxacin,Clostridium bacilli,0,740,44
N -(4-trifluoromethyl-benzylidene)benzohydrazide,Burkholderia cepacia,0,960,29
"(5S)-1,7-bis(4-hydroxyphenyl)-5-O-_-D- apiofuranosyl(1 _ 6)-_-D-glucopyranosyloxyheptan-3-one",Streptococcus gordonii,0,77,153
Bevirimat,Clostridium pasteurianum,0,486,46
"(2S,3R,4S,5S,6R)-6-(Acetoxymethyl)-3-(2-(4-chlorophenyl)acetamido)tetrahydro-2H-pyran-2,4,5-triyl triacetate",Streptomyces gordonii,0,59,165
Virginiamycin M1,Enterococcus faecium,1,1314,67
7-hydroxyindole,Klebsiella pneumoniae,0,406,99
Orange extract,Stenotrophomonas maltophilia,0,1049,151
"Trimethyl[3-({33-[2-(trimethylazaniumyl)ethoxy]-10,15,20,25,27,29,31,34-octakis[3-(trimethylazaniumyl)propoxy]hexacyclo[21.2.2.2,.2,.2,.2]pentatriaconta-1(25),3,5,8,10,13,15,18,20,23,26,28,30,32,34-pentadecaen-4-yl}oxy)propyl]azanium decabromide",Enterococcus faecalis,1,1293,66
"Butane-1,4-diamine",Dihydropteroate synthase type-1,0,496,55
Hydrogen peroxide,Mycobacterium avium,0,811,110
3-(4-fluorophenyl)-5-(3-ethoxy- 4-hydroxybenzylidene)-2-thioxothiazolidin-4-one,Enterococcus gallinarum,1,273,68
Nerolidol,Candida albicans,1,1015,34
Propanol,Trichophyton mentagrophytes,0,1116,170
"3,3-Diphenyl-D-alanine",Aggregatibacter actinomycetemcomitans,0,246,11
M8-33,Streptococcus sanguinis,1,912,162
C4-HSL,Hafnia alvei,1,506,79
Pentamethoxyflavone,Streptococcus epidermidis,0,1083,152
Tetrameric peptide,Lysinibacillus sphaericus,0,1264,106
Pentamethoxyflavone,Vibrio harveyi,1,1083,176
4-Chloro-2-fluoro-DL-phenylalanine,Staphylococcus epidermis,1,323,147
S6L3-33,Human immunodeficiency virus 1,0,1175,92
3-Chloro-5-[(2-chloroethoxy)]-4-[(4-methylphenylsulfanyl)]-2(5H)-furanone,Hepatitis C Virus ,0,280,85
Carbonyl cyanide m-chlorophenylhydrazone,Trueperella pyogenes,0,524,171
"(5S)-1,7-bis(4-hydroxyphenyl)-5-O-_-D- apiofuranosyl(1 _ 6)-_-D-glucopyranosyloxyheptan-3-one",Staphylococcus equorum,0,77,148
N -(pyridin-3-yl-methylene)benzohydrazide,Enterococcus faecalis,1,962,66
Tigecycline,Streptomyces sp. ,0,1272,167
L-Tyrosine,Bacteroides,0,872,22
Lamivudine,Human immunodeficiency virus 1,1,892,92
Ciprofloxacin ,Human immunodeficiency virus,0,592,91
(2R)-2-amino-5-(1-nitrocarbamimidamido)pentanoic acid,Halomonas pacifica,0,49,81
GW 5074,Vibrio cholerae,0,767,175
Isothiocyanate,Pseudomonas aeruginosa,1,847,125
2-(2-Thienylsulfonyl)ethanethioamide,Vibrio vulnificus,1,190,178
Hinokitiol,Candida parapsilosis,1,804,39
1-methanesulfonyl-4-methylbenzene,Escherichia coli,0,137,69
Darunavir,Enterobacter cloacae,0,658,63
epsilon-viniferin,Escherichia coli,1,1365,69
Fleroxacin,Clostridium perfringens ,0,740,48
"N1-(7-chloroquinolin-4-yl)dodecane-1,12-diamine",Achromobacter sp.,0,991,0
2-Cyano-D-phenylalanine,Amycolatopsis orientalis,0,217,12
Hinokitiol,Candida glabrata,1,804,36
Sorbitol,Arthrobacter sp. ,1,1210,14
Brecanavir,Burkholderia cepacia,0,493,29
Tannic acid,Staphylococcus capitis,0,1245,142
Merimepodib,Streptococcus pyogenes,1,926,160
Moxifloxacin,Eggerthella lenta,0,945,57
4-Iodo-d-phenylalanine,Mycobacterium avium,0,334,110
Palivizumab,Human herpesvirus 4,0,1064,89
Lopinavir,Clostridium perfringens,0,905,47
Clary sage,Pichia anomala,1,596,117
"(2E)-1-(2 ,4 ,5 -trimethoxyphenyl)-3-(2-naphthyl)-2-propen-1-one",Enterococcus faecalis,1,21,66
digoxin,Thermus thermophilus,0,1363,168
"(2E)-1-(1 ,3 -benzodioxol-5-yl)-3-(2-naphthyl)-2-propen-1-one",Staphylococcus aureus,1,16,141
"(2E)-1-(1,3-benzodioxol-5-yl)-3-(2-chloro-quinolin-3-yl)-2-propen-1-one",Dihydropteroate synthase type-1,0,17,55
Eucarobustol E,Candida albicans,1,725,34
N -(pyridin-3-yl-methylene)benzohydrazide,Streptococcus mutans,1,962,155
Econazole nitrate,Candida albicans,1,695,34
Rimantadine,Pseudomonas libaniensis,0,1157,129
Rufloxacin,Stenotrophomonas maltophilia,1,1161,151
Ferric chloride,Bacteroides uniformis,0,734,25
IDR-1018,Bacteroides vulgatus,0,814,26
Caffeine,Clostridium bacilli,0,517,44
Peptide 1037,Pseudomonas aeruginosa,1,1087,125
Dimethyl Sulfoxide,Pseudomonas aeruginosa,1,682,125
Decyl beta-maltoside,Acinetobacter oleiovorans,0,660,4
Diterpene phytol,Pseudomonas aeruginosa,1,688,125
(RW)3-NH2,Bacteroides vulgatus,0,96,26
Sulfacytine,Influenza B virus ,0,1223,97
(Z)-4-bromo-5-(bromomethylene)-3-(1-bromoethyl)-2(5H)-furanone,Salmonella enterica,1,102,133
Hexameric peptide,Bacillus anthracis,0,802,18
Ephedrine,Candida glabrata,0,705,36
RI-19,Streptococcus sobrinus,0,1137,164
L-cysteic acid,Actinomyces oris,1,874,7
Neomycin,Escherichia coli,1,1014,69
"(2E)-1-(3 ,5 -dimethoxyphenyl)-3-(2-naphthyl)-2-propen-1-one",Hafnia paralvei,0,26,80
5-(dibromomethylene)-3-(1-acetoxyethyl)-2(5H)-furanone,Streptococcus gordonii,0,368,153
Silver sulfadiazine,Pseudomonas fluorescens,0,1197,127
Esculin hydrate,Desulfovibrio africanus,0,717,54
GL13K,Helicobacter pylori ,0,766,82
Gemifloxacin,Human herpesvirus 3,0,777,88
14-Glycinyl andrographolide hydrochloride,Escherichia coli ,0,161,70
RTA3,Burkholderia pseudomallei,1,1143,31
Azlocillin,Vibrio cholerae,0,457,175
Carolacton,Corynebacterium ammoniagenes,0,528,50
L-tryptophan,Aeromonas hydrophila,0,878,9
Clozapine,Candida guiliermondi,0,607,37
Syringic acid,Shewanella oneidensis,0,1238,137
(2R)-2-amino-6-acetamidohexanoic acid,Escherichia coli,0,50,69
"4-Hydroxy-2,5-dimethyl-3(2H)-furanone",Acinetobacter sp.,0,332,5
Hinokitiol,Candida tropicalis,1,804,41
Cefuroxime,Clostridium perfringens ,1,565,48
Umbelliferone,Escherichia coli,1,1298,69
2-(5-Bromo-2-(2-chloroacetamido)phenyl )-2-oxo-N-( prop-2-yn-1-yl)acetamide,Pseudomonas aeruginosa,1,209,125
Orange extract,Human respiratory syncytial virus B,0,1049,94
Sm6(L1)2C,Mycobacterium tuberculosis,0,1204,113
Bacampicillin,Trueperella pyogenes,0,465,171
Luteolin,Acinetobacter sp.,0,908,5
Terconazole,Halomonas pacifica,0,1257,81
Sanguinarine,Escherichia coli,0,1182,69
Aminocyclopropane,Enteric bacteria and other eubacteria ,0,432,60
Dicloxacillin,Bacillus anthracis,0,676,18
Anthranilate,Vibrio parahaemolyticus,0,442,177
L-Phenylalanine-D-Lysine,Clostridium perfringens,0,870,47
"N-((2R,3R,4S,5S,6R)-2,4,5-Trihydroxy-6-(hydroxymethyl)tetrahydro-2H-pyran-3-yl)dodecanamide",Porphyromonas gingivalis,0,967,119
Bedaquiline,Mycobacterium tuberculosis,1,470,113
3-Carbamoylphenylalanine,Staphylococcus aureus,1,279,141
Oxiconazole nitrate,Burkholderia cepacia,0,1054,29
1-{6-nitro-4-phenyl-2-[(E)-2-[4-(trifluoromethoxy)phenyl]ethenyl]quinolin-3-yl}ethan-1-one,Escherichia coli,1,145,69
Streptorubin B,Staphylococcus aureus,1,1217,141
Cidofovir,Francisella novicida,0,584,74
Cefotiam,Bacteroides vulgatus,0,555,26
Quercetin,Escherichia coli,1,1127,69
"3,3-dimethyl-13-{9-methyl-[1,2,3,4]tetrazolo[1,5-a]quinolin-4-yl}-1H,2H,3H,4H,6H,11H,13H-indazolo[1,2-b]phthalazine-1,6,11-trione",Human respiratory syncytial virus B,0,249,94
5-(dibromomethylene)-3-ethyl-2(5H)-furanone,Enterococcus faecalis,0,372,66
Streptomycin,Escherichia coli,1,1216,69
Teichoplanin,Streptococcus epidermidis,0,1250,152
"3,4-Dimethoxychalcone",Bacteroides vulgatus,0,255,26
Silybin,Bacillus anthracis,0,1199,18
Furanone 56,Enterobacter ludwigi,0,752,64
Tet-20,Staphylococcus haemolyticus,0,1260,149
Furanone-3,Salmonella enterica,1,756,133
"14,15,29,30-Tetrahydro-5H,20H-dibenzo[h,s]bis([1,2,3]triazolo)[5,1-c:5_,1_-n][1,4,7,12,15,18]hexaazacyclodocosine-6,12,13,21,27,28(7H,22H)-hexaone",Staphylococcus haemolyticus,0,160,149
Cefonicid,Clostridium leptum,0,550,45
epsilon-Polylysine,Enterobacter aerogenes,0,1364,61
Trovafloxacin,Streptomyces rubiginosus,0,1294,166
Rosmarinic acid,Eubacterium ramulus,0,1159,72
1-(4-amino-2-hydroxyphenyl)ethan-1-one,Enterobacter cloacae,0,123,63
D-Tryptophan,Mycobacterium tuberculosis,0,641,113
3-(2-Furyl)-D-alanine,Enterococcus faecalis,0,262,66
Dicloxacillin,Stenotrophomonas maltophilia,0,676,151
Ciprofloxacin ,Firmicutes,0,592,73
"2,3-Dehydrosilybin",Yersinia enterocolitica,0,170,179
Zinc oxide,Mycobacterium leprae,0,1331,111
"Triethyl[3-({33-[2-(triethylazaniumyl)ethoxy]-10,15,20,25,27,29,31,34-octakis[3-(triethylazaniumyl)propoxy]hexacyclo[21.2.2.2.2.2.2]pentatriaconta-1(25),3,5,8,10,13,15,18,20,23,26,28,30,32,34-pentadecaen-4-yl}oxy)propyl]azanium decabromide",Serratia marcescens,0,1287,136
Amoxicillin,Salmonella enterica,0,435,133
Oleic Acid,Acinetobacter baumannii,0,1046,2
Trimethyl(3-{4-[3-(trimethylphosphaniumyl)propoxy]phenoxy}propyl)phosphanium dibromide,Burkholderia thailandensis,0,1291,32
Latamoxef,Influenza B virus,0,894,96
Ciprofloxacin ,Helicobacter pylori ,0,592,82
4-Methylphenylalanine,Acinetobacter sp.,0,338,5
3-hexyl-4-bromo-5-methylene-2(5H)-furanone,Vibrio parahaemolyticus,0,298,177
Carvacrol,Staphylococcus aureus,1,529,141
LL-37,Burkholderia pseudomallei,1,888,31
1-(4-amino-2-hydroxyphenyl)ethan-1-one,Hepatitis C virus,0,123,86
"(2E)-N -(2 -hydroxy-5 -bromo-benzilidene)-3,4,5-trimethoxybenzohydrazide",Pseudomonas aeruginosa,1,37,125
DJK6,Salmonella enterica,1,650,133
Enfuvirtide,Trichophyton mentagrophytes,0,703,170
3-Carbamoylphenylalanine,Burkholderia cepacia,0,279,29
CSP,Burkholderia cepacia,0,512,29
"3,4-Dichlorophenylalanine",Serratia marcescens,0,254,136
lin-SB056,Coagulase- negative staphylococci,0,1370,49
cyclo(Trp-Ser),Actinomyces oris,0,1357,7
Dalbavancin,Pseudomonas putida,0,653,130
Imazalil,Streptococcus parasanguinis,0,821,157
Thiazolidinedione-8,Pseudomonas putida,0,1266,130
Cyclobutanamine,Pseudomonas aeruginosa,1,622,125
1010cys,Clostridium pasteurianum,0,146,46
"2-(4,5-dibromo-1-methyl-1H-pyrrol-2-yl)-5-(phenylthio)-1,3,4-oxadiazole",Clostridium pasteurianum,0,196,46
Peptide 1,Human immunodeficiency virus 1,0,1086,92
3-Carbamoylphenylalanine,Staphylococcus haemolyticus,0,279,149
7-hydroxyindole,Neisseria gonorrhoeae,0,406,114
4-Fluoro-D-phenylalanine,Pseudomonas fluorescens,0,330,127
Pseudomonas Quinolone Signal,Hafnia alvei,0,1120,79
Ursolic Acid,Staphylococcus aureus,1,1302,141
CRAMP,Streptococcus pneumoniae serotype 4,0,511,159
2C-4,Pseudomonas chlororaphis,0,245,126
Quercetin,Streptococcus salivarius,0,1127,161
"(5Z)-2-(1,1-dichloro-3,3-dimethylbutyl)-5-[(3-methoxyphenyl)methylidene]-1,3-oxazolidin-4-one",Francisella novicida,0,80,74
1-{2-[(E)-2-(4-hydroxy-3-methoxyphenyl)ethenyl]-4-phenylquinolin-3-yl}ethan-1-one,Bacteroides fragilis,0,140,24
Rutaecarpine,Clostridium perfringens ,0,1162,48
Epigallocatechin Gallate,Klebsiella variicola,1,710,100
Methacycline,Streptococcus pneumoniae,0,929,158
Ethyl gallate,Staphylococcus aureus,1,722,141
"L-744,832",Micrococcus luteus,0,865,108
Palivizumab,Hepatitis B virus F,0,1064,84
Patulin,Bacteroides uniformis,0,1069,25
G2,Trichophyton mentagrophytes,0,765,170
N-(4-Bromobenzylidene)benzohydrazide,Streptococcus mutans,1,976,155
LF11-227,Pseudomonas aeruginosa,1,880,125
1-(6-aminopyridin-3-yl)ethan-1-one,Micrococcus luteus,0,128,108
Cefpiramide,Schistosoma,0,557,134
Penicillic acid,Bacteroides vulgatus,0,1080,26
Tyrosol,Porphyromonas gingivalis,0,1295,119
14-alpha-lipoyl andrographolide,Human herpesvirus 5,0,162,90
2-amino-6-fluorobenzoic acid,Burkholderia cenocepacia,1,234,28
Thymol,Streptococcus mutans,1,1270,155
Rosmarinic acid,Human herpesvirus 1 ,0,1159,87
Methacycline,Enteric bacteria and other eubacteria,1,929,59
1-(6-aminopyridin-3-yl)ethan-1-one,Mycobacterium avium,0,128,110
Melittin,Staphylococcus chromogenes,0,923,144
6-hydroxyflavone,Obesumbacterium proteus,0,398,115
2-amino-3-(prop-2-ene-1-sulfinyl)propanoic acid,Actinobacillus actinomycetemcomitans,0,229,6
(2R)-2-amino-4-phenylbutanoic acid,Staphylococcus epidermis,1,48,147
"3,3-Diphenyl-D-alanine",Bacillus cereus,0,246,19
Octadecyl gallate,Streptococcus mutans,1,1041,155
Benzyl decyl beta-maltoside,Proteus vulgaris,0,480,122
Myrrh oil,Candida parapsilosis,0,954,39
Sulfacetamide,Gardnerella vaginalis,0,1222,76
Zeaxanthin,Candida spp.,0,1326,40
Octyl gallate,Pseudomonas aeruginosa,1,1043,125
3-(1-Naphthyl)-D-Alanine,Neisseria gonorrhoeae,0,261,114
Micafungin,Staphylococcus cohnii,0,939,145
Abacavir,Pseudomonas japonica,0,416,128
2-amino-3-(4-methylbenzenesulfinyl)propanoic acid,Actinomyces oris,1,228,7
Cobalt Ion,Cronobacter sakazakii,0,608,51
2-(2-(2-Chloroacetamido)-5-fluorophenyl)-2-oxo-N-( prop-2-yn-1-yl)acetamide,Streptococcus mutans,0,186,155
Sulfisoxazole,Enterobacter ludwigi,0,1236,64
Minocycline,Escherichia coli,1,942,69
"Triethyl[3-({33-[2-(triethylazaniumyl)ethoxy]-10,15,20,25,27,29,31,34-octakis[3-(triethylazaniumyl)propoxy]hexacyclo[21.2.2.2.2.2.2]pentatriaconta-1(25),3,5,8,10,13,15,18,20,23,26,28,30,32,34-pentadecaen-4-yl}oxy)propyl]azanium decabromide",Staphylococcus aureus,1,1287,141
D-Tryptophan,Streptococcus pyogenes,0,641,160
Diphenyl methane,Staphylococcus saprophyticus,0,685,150
Hypericin,Chromobacterium violaceum,0,812,42
(2S)-2-amino-4-bromopent-4-enoic acid,Bacillus amyloliquefaciens,0,55,17
3-Fluoro-DL-phenylalanine,Staphylococcus aureus,1,282,141
Rifalazil,Escherichia coli,1,1153,69
"13-(2-chloroquinolin-3-yl)-3,3-dimethyl-1H,2H,3H,4H,6H,11H,13H-indazolo[1,2-b]phthalazine-1,6,11-trione",Actinoplanes missouriensis,0,156,8
3-Iodotyrosine,Halomonas pacifica,0,285,81
para-Benzoquinone,Burkholderia multivorans,1,1381,30
Mustard oil,Burkholderia cenocepacia,0,949,28
Sorbitol,Escherichia coli,1,1210,69
DispersinB-KSL-W wound gel,Acinetobacter baumannii,1,687,2
VSL2,Bacteroides vulgatus,0,1306,26
n-Hexane,Staphylococcus aureus,1,1374,141
Bifonazole,Candida albicans,1,487,34
6-MO-LF11-227,Influenza B virus,0,395,96
dF21-10K,Candida albicans,1,1360,34
Benzophenonyl decyl beta-maltoside,Propionibacterium acnes,0,478,120
prop-2-ene-1-SO-thioperoxol,Streptococcus mutans,1,1387,155
Lysozyme,Pseudomonas aeruginosa,1,911,125
Oxiconazole nitrate,Burkholderia multivorans,0,1054,30
14-Glycinyl andrographolide hydrochloride,Aquifex aeolicus,0,161,13
beta-Defensin-3,Helicobacter pylori ,0,1347,82
Indolicidin,Pseudomonas aeruginosa,1,833,125
Cefmenoxime,Escherichia coli,1,548,69
L-4-Carbamoylphenylalanine,Enterococcus gallinarum,0,864,68
Indole-3-acetaldehyde,Pseudomonas aeruginosa,1,828,125
14-Glycinyl andrographolide hydrochloride,Candida guiliermondi,0,161,37
Rosoxacin,Aquifex aeolicus,0,1160,13
Holothuroidin 2,Staphylococcus aureus,1,807,141
Sinensetin,Halomonas pacifica,0,1203,81
"2-(2-chloro-5-fluorophenyl)-5-(4,5-dibromo-1-methyl-1H-pyrrol-2-yl)-1,3,4-oxadiazole",Staphylococcus aureus,1,191,141
Adamantane dodecyl beta-maltoside,Amycolatopsis orientalis,0,421,12
Mustard oil,Staphylococcus aureus,1,949,141
(5-nitrofuran-2-yl)methyl (2E)-3-phenylprop-2-enoate,Candida albicans,1,71,34
Sulfanilamide,Staphylococcus cohnii,0,1233,145
Doxycycline,Francisella novicida,0,693,74
Chrysophanol,Pseudomonas libaniensis,0,581,129
"2-(4-(Trifluoromethyl)phenyl)-N-((2R,3R,4S,5S,6R)-2,4,5-trihydroxy-6-(hydroxymethyl)tetrahydro-2H-pyran-3-yl)acetamide",Pseudomonas aeruginosa,1,201,125
Hexachlorophene,Neisseria gonorrhoeae,0,801,114
(2S)-2-amino-4-bromopent-4-enoic acid,Human parainfluenza virus type 2,0,55,93
Penicillenol C2,Burkholderia cepacia,0,1079,29
"(1R,4R,8S,11S,12R)-4-hydroxy-1,4,8-trimethyl-12-(propan-2-yl)tricyclo[9.3.0.0]tetradec-3(7)-en-6-one",Mycobacterium avium,0,9,110
"1-[2-(naphthalen-1-yl)-5-(3,4,5-trimethoxyphenyl)-1,3,4-oxadiazol-3(2H)-yl]ethanone",Staphylococcus epidermidis,1,135,146
Cecropin B,Staphylococcus cohnii,0,535,145
Moxifloxacin,Hepatitis C virus,0,945,86
Carnitine hydrochloride,Klebsiella pneumoniae,0,527,99
Nafcillin,Streptococcus pneumoniae,1,1008,158
Pivmecillinam,Mycobacterium avium,0,1105,110
"1-[2-(2,4-dichlorophenyl)-5-(3,4,5-trimethoxyphenyl)-1,3,4-oxadiazol-3(2H)-yl]ethanone",Pichia anomala,0,131,117
4-chloroaniline,Cryptococcus neoformans,0,351,52
Norspermidine,Candida albicans,0,1031,34
RK-19,Candida glabrata,0,1138,36
Picolinic acid,Pseudomonas aeruginosa,1,1099,125
"1-(2-Chloroacetyl)-5-methylindoline-2,3-dione",Sphingomonas sp. Ibu-2,0,120,139
den-SB056,Pseudomonas japonica,0,1361,128
N -(4-trifluoromethyl-benzylidene)benzohydrazide,Enterococcus faecalis,1,960,66
Silver dihydrogen citrate,Hepatitis C Virus ,0,1193,85
1-{2-[(E)-2-(4-hydroxy-3-methoxyphenyl)ethenyl]-4-phenylquinolin-3-yl}ethan-1-one,Candida glabrata,0,140,36
Pefloxacin,Hepatitis C Virus ,0,1070,85
5-(dibromomethylene)-3-(1-acetoxyethyl)-2(5H)-furanone,Staphylococcus capitis,0,368,142
G10KHc,Bacteroides uniformis,0,764,25
S-OSIP108,Pseudomonas libaniensis,0,1168,129
Sorbitol,Influenza A virus ,0,1210,95
Pyrogallol,Proteus vulgaris,0,1125,122
PG-1,Proteus vulgaris,0,1060,122
"2-(4,5-dibromo-1-methyl-1H-pyrrol-2-yl)-5-(4-methoxyphenyl)-1,3,4-oxadiazole",Candida guiliermondi,0,193,37
Phenyl-arginine-b-naphthylamide,Streptococcus parasanguinis,0,1092,157
LL-37,Pseudomonas aeruginosa,1,888,125
L-tryptophan,Pseudomonas aeruginosa,1,878,125
Rufloxacin,Bacteroides uniformis,0,1161,25
"(R)-2,3-Diaminopropanoic acid",Staphylococcus aureus,1,91,141
trans-Resveratrol,Hepatitis B virus F,0,1392,84
(2Z)-N-hexyl-2-hydroxy-3-[4-(trifluoromethyl)phenyl]prop-2-enamide,Hepatitis C Virus ,0,68,85
Phosphate,Escherichia coli,1,1096,69
6-Amino Penicillinic acid,Staphylococcus aureus,1,388,141
Furanone F202,Staphlococcus aureus,0,754,140
LF11-227,Bacillus amyloliquefaciens,0,880,17
3-hydroxychalcone,Haemophilus influenzae,1,300,78
(R)-2-amino-3-cyclopentylpropanoic acid,Staphylococcus epidermis,1,94,147
CWR11,Corynebacterium ammoniagenes,0,514,50
Sennidin A,Streptococcus mutans,1,1188,155
2-(2-(2-Azidoacetamido)-5-nitrophenyl)-2-oxo-N-(prop-2-yn-1-yl)acetamide,Pseudomonas aeruginosa,1,184,125
7-fluoroindole,Pseudomonas aeruginosa,1,403,125
3-(4-fluorophenyl)-5-(3-(allyloxy)-4-hydroxybenzylidene)-2-thioxothiazolidin-4-one,Enterococcus faecalis,1,272,66
Metronidazole,Clostridium pasteurianum,1,937,46
Cerulenin ,Coagulase- negative staphylococci,0,569,49
4-bromo-5-(dibromomethylene)-3-(1-acetoxyoethyl)-2(5H)-furanone,Amycolatopsis orientalis,0,346,12
"2-bromo-4-methyl-6-(3,4,5-tribromo-1H-pyrrole-2-carbonyl)phenol",Influenza B virus,0,236,96
2-Methoxy-4-propylphenol,Serratia liquefaciens,0,221,135
3-Nitro-D-tyrosine,Clostridium perfringens,0,289,47
1-{4-phenyl-2-[(E)-2-[4-(trifluoromethoxy)phenyl]ethenyl]quinolin-3-yl}ethan-1-one,Staphylococcus aureus,1,143,141
Pyrimethamine,Neisseria gonorrhoeae,0,1123,114
3-(4-fluorophenyl)-5-(3-ethoxy- 4-hydroxybenzylidene)-2-thioxothiazolidin-4-one,Micrococcus luteus,0,273,108
"(2R)-2-amino-3-(2,3-dihydro-1H-inden-2-yl)propanoic acid",Staphylococcus epidermis,1,41,147
Clioquinol,Candida albicans,1,601,34
Siamycin I,Citrobacter freundii,0,1191,43
"2-(4,5-dibromo-1-methyl-1H-pyrrol-2-yl)-5-phenyl-1,3,4-oxadiazole",Pseudomonas aeruginosa,1,198,125
4-dimethyl-amino-cinnamaldehyde,Sphingomonas sp. Ibu-2,0,353,139
Chlorhexidine,Citrobacter freundii,0,575,43
Vanillin,Burkholderia thailandensis,0,1309,32
G H12,Halomonas pacifica,0,763,81
Imipenem,Hafnia paralvei,0,822,80
LL-19,Vibrio harveyi,0,885,176
Tobramycin,Staphylococcus aureus,1,1279,141
P60.4Ac,Staphylococcus aureus,1,1059,141
Toremifene,Clostridium pasteurianum,0,1282,46
Toremifene,Staphylococcus epidermidis,1,1282,146
YC-1 compound,Cryptococcus neoformans,0,1322,52
4-dimethyl-amino-cinnamaldehyde,Candida glabrata,0,353,36
2-(Aminomethyl)-L-phenylalanine,Providencia stuartii,0,211,123
Dicloxacillin,Geobacillus kaustophilus,0,676,77
methanesulfonylbenzene,Staphylococcus capitis,0,1373,142
Tet-213,Aggregatibacter actinomycetemcomitans,0,1261,11
5-Chloroindole,Amycolatopsis orientalis,0,378,12
"N-(1,3-Thiazol-2-yl)butanamide",Pseudomonas aeruginosa,1,970,125
Cefotetan,Aspergillus fumigatus,0,554,15
Catechin,Baker's yeast,0,531,27
2-amino-4-chlorobenzoic acid,Enterobacteria phage T4,0,231,65
1-(4-methoxyphenyl)-3-p-tolyurea,Acinetobacter oleiovorans,0,127,4
Decyl beta-maltoside,Pseudomonas aeruginosa,1,660,125
L-Phenylalanine-D-Lysine,Escherichia coli ,0,870,70
Vitexin,Human immunodeficiency virus,0,1318,91
Undecanoic acid,Klebsiella pneumoniae,1,1299,99
"(2E)-1-(3 ,4 ,5 -trimethoxyphenyl)-3-(2-naphthyl)-2-propen-1-one",Amycolatopsis orientalis,0,24,12
Lys-a1,Burkholderia thailandensis,0,910,32
Danthron,Streptococcus mutans,1,655,155
Neohesperidin,Pseudomonas libaniensis,0,1013,129
N-(4-Bromobenzylidene)benzohydrazide,Staphylococcus aureus,1,976,141
"2-(4,5-dibromo-1-methyl-1H-pyrrol-2-yl)-5-phenyl-1,3,4-oxadiazole",Pseudomonas libaniensis,0,198,129
p-Coumaric acid,Pseudomonas aeruginosa,1,1379,125
(2E)-1-[4 -(1H-imidazol-1-yl)phenyl]-3-(2-naphthyl)-2-propen-1-one,Salmonella Typhi,0,30,132
alpha-Defensin-3,Clostridium pasteurianum,0,1336,46
Sulfathiazole,Providencia stuartii,0,1235,123
digoxin,Clostridium bacilli,0,1363,44
Benzocaine,Schistosoma,0,477,134
Polyethyleneimine,Human herpesvirus 3,0,1108,88
Quinine,Bacteroides eggerthii,0,1130,23
Apigenin,Arthrobacter sp. ,0,443,14
beta-sitosterol glucoside,Klebsiella variicola,0,1349,100
"N1-(7-chloroquinolin-4-yl)dodecane-1,12-diamine",Pseudomonas aeruginosa,1,991,125
"2-(2-chloro-5-fluorophenyl)-5-(4,5-dibromo-1-methyl-1H-pyrrol-2-yl)-1,3,4-oxadiazole",Bacillus subtilis,0,191,21
"(Z)-5-decylidenethiazolidine-2,4-dione",Francisella novicida,0,110,74
"F2,5,12W",Serratia liquefaciens,0,728,135
Vancomycin,Enterococcus faecalis,1,1307,66
Norspermidine,Vibrio vulnificus,0,1031,178
methanesulfonylbenzene,Bacillus cereus,0,1373,19
6-Chlorooxindole,Schistosoma,0,392,134
Shikonin,Staphylococcus epidermis,0,1190,147
(2R)-2-amino-3-(2-phenylethanesulfinyl)propanoic acid,Streptococcus mutans,1,42,155
"(1R,2S,7R,8R)-2,18-diacetoxyasperdiol",Vibrio harveyi,1,7,176
"Trimethyl[2-({10,15,20,24,26,29,31,33,34-nonakis[3-(trimethylphosphaniumyl)propoxy]hexacyclo[21.2.2.2,.2,.2,.2]pentatriaconta-1(25),3(35),4,6(34),8,10,13,15,18,20,23,26,28,30,32-pentadecaen-4-yl}oxy)ethyl]phosphanium decabromide",Serratia liquefaciens,0,1292,135
Olmesartran,Streptococcus pneumoniae serotype 4,0,1048,159
Hydrogen peroxide,Influenza A virus ,0,811,95
Raspberry KAS 434,Human immunodeficiency virus 1,0,1145,92
Betulin,Thermus thermophilus,0,484,168
(1Z)-(2-phenylethylidene)-lambda4-sulfanyliumolate,Actinomyces oris,1,10,7
Chlorpromazine,Escherichia coli,1,578,69
2-(Trifluoromethyl)-D-phenylalanine,Acinetobacter sp.,0,212,5
DispersinB-KSL-W wound gel,Staphylococcus aureus,1,687,141
BS-34,Candida albicans,1,462,34
"(5Z)-2-(1,1-dichloro-3,3-dimethylbutyl)-5-{[4-(trifluoromethyl)phenyl]methylidene}-1,3-oxazolidin-4-one",Bacillus licheniformis,0,81,20
cat-AGE-RK2,Escherichia coli,1,1351,69
Silver nitrate,Staphylococcus aureus,1,1196,141
Clove oil,Obesumbacterium proteus,0,605,115
Ribavirin,Dengue Virus Type 2,1,1151,53
PG-1,Human herpesvirus 1 ,0,1060,87
3-Nitrophenylalanine,Klebsiella pneumoniae,0,290,99
Dapsone,Bacillus cereus,0,656,19
Isoconazole,Bacillus cereus,0,838,19
IG-19,Propionibacterium acnes,0,816,120
methanesulfonylbenzene,Pseudomonas aeruginosa,1,1373,125
epsilon-Polylysine,Achromobacter sp.,0,1364,0
"13-(2-chloro-8a-methyl-4a,8a-dihydroquinolin-3-yl)-3,3-dimethyl-1H,2H,3H,4H,6H,11H,13H-indazolo[1,2-b]phthalazine-1,6,11-trione",Candida albicans,1,155,34
(2E)-N-[3-(1H-imidazol-1-yl)propyl]-3-phenylprop-2-enamide,Baker's yeast,0,39,27
2-bromodecanoic acid,Obesumbacterium proteus,0,237,115
Ciprofloxacin lactate,Actinoplanes missouriensis,0,591,8
"Trimethyl[2-({10,15,20,24,26,29,31,33,34-nonakis[3-(trimethylphosphaniumyl)propoxy]hexacyclo[21.2.2.2,.2,.2,.2]pentatriaconta-1(25),3(35),4,6(34),8,10,13,15,18,20,23,26,28,30,32-pentadecaen-4-yl}oxy)ethyl]phosphanium decabromide",Enterococcus gallinarum,0,1292,68
Cefepime,Candida spp.,1,545,40
Cefixime,Enteric bacteria and other eubacteria,0,547,59
Moxifloxacin ,Influenza B virus,0,946,96
Norpinguisone,Aspergillus fumigatus,0,1030,15
Bismuth oxide nanoparticle,Candida albicans,1,492,34
Penicillenol C2,Haemophilus influenzae,0,1079,78
D-LL-37,Enterococcus gallinarum,0,636,68
(2E)-1-(4 -methoxyphenyl)-3-(2-naphthyl)-2-propen-1-one,Hepatitis B virus D,0,28,83
"(5E)-5-dodecylidene-1,3-thiazolidine-2,4-dione",Candida albicans,1,73,34
4-bromo-5-(bromomethylene)-3-(1-( 2-propynyloxy)butyl)-2(5H)-furanone,Neisseria gonorrhoeae,0,341,114
(2R)-2-amino-3-(thiophene-2-sulfinyl)propanoic acid,Enterococcus faecium,0,44,67
Kojic acid,Marinobacter hydrocarbonoclasticus,0,861,107
4-bromo-5-(bromomethylene)-3-(1-(2-(2-(2-azidoethoxy)ethoxy)ethoxy)butyl)-2(5H)-furanone,Klebsiella planticola,0,342,98
2-Hydroxychalcone,Staphylococcus epidermis,0,220,147
Sinapic acid,Amycolatopsis orientalis,0,1201,12
N -[(3-chloro-isoquinolin-4-yl)methylene] benzohydrazide,Streptococcus gordonii,0,963,153
AAP2,Morganella morganii,0,414,109
Silybin,Acinetobacter sp.,0,1199,5
3-oxo-C8-HSL,Pseudomonas aeruginosa,0,303,125
Isoliquiritigenin,Marinobacter hydrocarbonoclasticus,0,841,107
epsilon-Polylysine,Staphylococcus epidermidis,0,1364,146
Pentamethoxyflavone,Obesumbacterium proteus,0,1083,115
"2,4,5-Trifluorophenylalanine",Acinetobacter sp.,0,172,5
2-(2-(2-Chloroacetamido)-5-nitrophenyl)-2-oxo-N-( prop-2-yn-1-yl)acetamide,Pseudomonas japonica,0,188,128
Cefalonium,Propionibacterium acnes,0,539,120
n-Methyl-D-valine,Human respiratory syncytial virus B,0,1375,94
Silver Ion,Staphylococcus aureus,0,1192,141
Cerulenin,Thermus thermophilus ,0,568,169
N -[(3-chloro-isoquinolin-4-yl)methylene] benzohydrazide,Streptococcus mutans,1,963,155
(2E)-N-[3-(1H-indol-3-yl)propyl]-3-phenylprop-2-enamide,Streptococcus mitis,0,40,154
Spermine,Human herpesvirus 3,0,1211,88
2-(2-(2-Chloroacetamido)phenyl )-2-oxo-N-( prop-2-yn-1-yl )acetamide,Pseudomonas aeruginosa,1,189,125
Cloxacillin,Staphylococcus caprae,0,606,143
Cobalt Ion,Chromobacterium violaceum,0,608,42
Ceforanide,Propionibacterium acnes,0,552,120
Furanone-3,Firmicutes,0,756,73
Cefixime,Streptococcus mutans,1,547,155
(Z)-3-bromo-5-(bromomethylene) furan-2(5H)-one,Human herpesvirus 1 ,0,100,87
3-Methoxy-D-Phenylalanine,Streptococcus sanguinis,0,286,162
Nitrofurantoin ,Escherichia coli,1,1024,69
Cefotetan,Vibrio cholerae,0,554,175
Nitrofural,Streptococcus parasanguinis,0,1022,157
Indol AHL,Actinoplanes missouriensis,0,826,8
(E)-3-Decen-2-one,Bacteroides vulgatus,0,89,26
Telithromycin,Varicella-zoster virus,0,1254,172
Vanillic acid,Escherichia coli,1,1308,69
L-Phenylalanine-L-Lysine,Enteric bacteria and other eubacteria ,0,871,60
"2-(4-methoxyphenyl)-N-(3-{[2-(4-methoxyphenyl)ethyl]imino}-1,4-dihydro-2-quinox alinylidene)ethanamine",Cronobacter sakazakii,0,207,51
2-(2-Thienylsulfonyl)ethanethioamide,Vibrio anguillarum,1,190,173
4-bromoaniline,Aspergillus niger,0,349,16
Rifampicin,Enteric bacteria and other eubacteria,0,1154,59
"(2E)-1-(2 ,4 ,5 -trimethoxyphenyl)-3-(2-chloro-quinolin-3-yl)-2-propen-1-one",Chromobacterium violaceum,0,20,42
C6-HSL,Morganella morganii,0,507,109
Bifonazole,Mycobacterium smegmatis,0,487,112
4-nitro-cinnamaldehyde,Streptococcus parasanguinis,0,358,157
Dicyclohexylamine,Trueperella pyogenes,0,677,171
3-(2-Pyridinyl)alanine,Candida spp.,0,266,40
(2-{[(2-phenylethyl)sulfanyl]sulfinyl}ethyl)benzene,Streptococcus mutans,1,15,155
5-(dibromomethylene)-3-(1-bromobutyl)-2(5H)-furanone,Bacillus cereus,0,369,19
Heptadecanoic acid,Staphylococcus chromogenes,0,796,144
2-amino-3-(propane-1-sulfinyl)propanoic acid,Streptococcus salivarius,0,230,161
Phloretin,Raoultella ornithinolytica,0,1094,131
S-OSIP108,Escherichia coli,0,1168,69
"N1-[7-(trifluoromethyl)quinolin-4-yl]dodecane-1,12-diamine",Achromobacter xylosoxidans,0,994,1
BMAP-18,Mycobacterium tuberculosis,0,459,113
Ticarcillin,Streptococcus gordonii,0,1271,153
(1Z)-ethylidene-lambda4-sulfanyliumolate,Streptococcus mutans,1,12,155
Telaprevir ,Hepatitis C Virus ,0,1252,85
5-Bromoindole,Escherichia coli ,0,376,70
CSP,Aggregatibacter actinomycetemcomitans,0,512,11
S-phenyl-L-cysteine sulfoxide,Pseudomonas aeruginosa,1,1173,125
Indolicidin,Human respiratory syncytial virus B,0,833,94
6-Chloroindole,Pseudomonas aeruginosa,1,391,125
cyclophosphamide,Enterobacter cancerogenus,0,1358,62
3-Carbamoylphenylalanine,Enterococcus faecalis,0,279,66
Uracil,Escherichia coli ,1,1301,70
Guaiacol,Escherichia coli,1,789,69
Nystatin,Listeria monocytogenes serotype 4a,0,1033,105
Nerolidol,Raoultella ornithinolytica,0,1015,131
Carolacton,Mycobacterium tuberculosis,0,528,113
Bis[(4-methylphenyl)methyl] disulfide,Enterobacter cloacae,0,491,63
Djenkolic acid,Human immunodeficiency virus 1,0,689,92
3-hexyl-5-bromomethylene-2(5H)-furanone,Salmonella enterica,1,299,133
Benzyl decyl beta-maltoside,Lactobacillus fermenti,0,480,102
RK-25,Influenza B virus,0,1139,96
Meta-bromo-thiolactone,Desulfovibrio africanus,0,928,54
Hyperoside,Vibrio cholerae,0,813,175
"N-((2R,3R,4S,5S,6R)-2,4,5-Trihydroxy-6-(hydroxymethyl)tetrahydro-2H-pyran-3-yl)butyramide",Actinobacillus actinomycetemcomitans,0,966,6
Carminic acid,Mycobacterium avium,0,526,110
beta-Defensin-3,Morganella morganii,0,1347,109
KD-13,Neisseria gonorrhoeae,0,853,114
Aniline,Pseudomonas aeruginosa,1,440,125
7-nitroindole,Pantoea agglomerans,0,409,116
Cefpiramide,Human immunodeficiency virus 1,0,557,92
BMAP-27,Listeria ivanovii,0,460,103
"6-(4-chlorophenyl)-1,3-dimethyl-5-[3-(4-methylphenyl)-1-phenyl-1H-pyrazol-4-yl]-1H,2H,3H,4H,5H,6H-pyrimido[4,5-d][1,3]diazine-2,4-dione",Staphylococcus aureus,1,387,141
1-(pyrazin-2-yl)ethan-1-one,Streptomyces gordonii,0,129,165
Silver nanoparticles,Staphylococcus aureus,1,1194,141
"(5Z)-2-(1,1-dichloro-7-methyloctyl)-5-{[4-(trifluoromethyl)phenyl]methylidene}-1,3-oxazolidin-4-one",Serratia marcescens,0,82,136
5-fluoroindole,Pseudomonas aeruginosa,1,384,125
Amlodipine,Bacillus subtilis,1,434,21
Latamoxef,Human respiratory syncytial virus B,0,894,94
4-dimethyl-amino-cinnamaldehyde,Vibrio anguillarum,1,353,173
Quercetin,Clostridium perfringens,0,1127,47
(2R)-2-amino-3-phenylmethanesulfinylpropanoic acid,Actinomyces oris,1,47,7
NA8H,Vibrio parahaemolyticus,0,1002,177
Bergamottin,Thermus thermophilus ,0,482,169
(2E)-1-[4 -(1H-imidazol-1-yl)phenyl]-3-(2-naphthyl)-2-propen-1-one,Enterococcus faecalis,1,30,66
4-hydroxy coumarin,Escherichia coli,1,355,69
Lactoferricin B,Hafnia alvei,0,891,79
para-ethylaniline,Pseudomonas aeruginosa,1,1384,125
Imipenem,Eubacterium ramulus,0,822,72
N-Decanoyl cyclopentylamide,Acinetobacter sp.,0,985,5
3-Methoxychalcone,Haemophilus influenzae,1,287,78
Carboxymethyl chitosan,Kocuria rhizophila,1,525,101
Myxinidin3,Pseudomonas aeruginosa,1,958,125
3-Methoxychalcone,Bacteroides vulgatus,0,287,26
D-tert-Leucine,Vibrio campbellii,0,645,174
cis-4-Hydroxy-L-proline,Staphylococcus epidermis,1,1353,147
Penicillenol A1,Vibrio vulnificus,0,1074,178
Propyl gallate,Enterococcus faecalis,1,1117,66
Hepcidin 20,Staphylococcus epidermidis,1,795,146
Doxycycline,Enteric bacteria and other eubacteria,1,693,59
Magainin-II,Pseudomonas aeruginosa,1,920,125
(2S)-2-amino-3-(tert-butylsulfanyl)propanoic acid,Listeria ivanovii,0,54,103
"1-[2-(3,5-dichlorophenyl)-5-(3,4,5-trimethoxyphenyl)-1,3,4-oxadiazol-3(2H)-yl]ethanone",Staphlococcus aureus,0,133,140
nimesulide,Cronobacter sakazakii,0,1376,51
Taurine,Staphylococcus saprophyticus,0,1246,150
"2-(4,5-dibromo-1-methyl-1H-pyrrol-2-yl)-5-styryl-1,3,4-oxadiazole",Staphylococcus aureus,1,199,141
Djenkolic acid,Vibrio cholerae,0,689,175
Sm6(L1)2C,Streptococcus gordonii,0,1204,153
7P-AC,Streptococcus sobrinus,0,410,164
D-Methionine,Streptococcus salivarius,0,638,161
Kaempherol,Vibrio campbellii,0,857,174
Citral,Candida albicans,0,593,34
Lomefloxacin,Aggregatibacter actinomycetemcomitans,0,904,11
3-hexyl-5-bromomethylene-2(5H)-furanone,Aspergillus fumigatus,0,299,15
VS2,Serratia marcescens,0,1305,136
Cefixime,Pseudoalteromonas sp.,0,547,124
CGP-37157,Streptococcus mitis,0,510,154
Holothuroidin 1,Pseudomonas aeruginosa,1,806,125
Flavonoids 7,Mycobacterium tuberculosis,0,739,113
Isosilybin A,Listeria ivanovii,0,845,103
(2E)-1-(5-clorotiophen-2-yl)-3-(3-methoxy-4-benzyloxi-phenyl)-2-propen-1-one,Staphylococcus equorum,0,29,148
Palmitic acid,Pseudomonas aeruginosa,1,1065,125
Chitosan,Staphylococcus aureus,1,573,141
Furanone 56,Burkholderia thailandensis,0,752,32
CWR11,Human herpesvirus 5,0,514,90
Carboxymethyl chitosan,Pseudoalteromonas sp.,0,525,124
3-(2-Naphthyl)-D-alanine,Serratia marcescens,0,264,136
1-methyl-4-({[(4-methylphenyl)methyl]disulfanyl}methyl)benzene,Streptococcus sanguinis,0,138,162
Isobutanol,Human herpesvirus 4,0,837,89
Di-MB-LF11-215,Pseudomonas aeruginosa,1,667,125
"4-Fluoro-(S)-4,5-Dihydroxypentane-2,3-dione",Staphylococcus haemolyticus,0,328,149
Ellagic Acid,Proteus vulgaris,0,698,122
Hamamelitannin,Amycolatopsis orientalis,0,794,12
Indole-3-acetamide,Lactobacillus fermenti,0,829,102
Hamamelitannin,Vibrio vulnificus,0,794,178
Terconazole,Dengue Virus Type 2,0,1257,53
"2,3,4,5,6-Pentafluoro-L-phenylalanine",Staphylococcus epidermis,1,169,147
Nitazoxanide ,Marinobacter hydrocarbonoclasticus,0,1021,107
1-{6-nitro-4-phenyl-2-[(E)-2-[4-(trifluoromethoxy)phenyl]ethenyl]quinolin-3-yl}ethan-1-one,Klebsiella planticola,1,145,98
C16-33,Mycobacterium avium,0,504,110
"3-{2-[(1S,2R,4aR,8aR)-1,2,4a,5-tetramethyl-1,2,3,4,4a,7,8,8a-octahydronaphthalen-1-yl]ethyl}-5-methylidene-N-phenyl-2,5-dihydrofuran-2-amine",Staphylococcus aureus,1,306,141
Magainin-I,Bacillus amyloliquefaciens,0,919,17
IG-13,Burkholderia pseudomallei,1,815,31
Decanediol,Providencia stuartii,0,659,123
Econazole,Streptococcus mutans,1,694,155
Djenkolic acid,Streptococcus mutans,1,689,155
(2S)-2-amino-3-(4-tert-butylphenyl)propanoic acid,Acinetobacter sp.,0,53,5
n-Hexane,Streptococcus pneumoniae serotype 4,0,1374,159
Myxinidin1,Pseudomonas aeruginosa,1,956,125
Norspermidine,Eikenella corrodens,0,1031,58
para-toluidine,Pseudomonas aeruginosa,1,1385,125
Gentamicin ,Baker's yeast,0,780,27
7-chloroquinolin-4-ol,Serratia marcescens,1,402,136
Clozapine,Helicobacter pylori ,0,607,82
Isothiocyanate,Acinetobacter sp.,0,847,5
Butanol,Enterobacter cloacae,0,497,63
(2S)-2-amino-3-(tert-butylsulfanyl)propanoic acid,Gardnerella vaginalis,0,54,76
13-methyltetradecanoic acid,Streptococcus pneumoniae serotype 4,0,157,159
TZD-C8,Enterobacter cancerogenus,0,1241,62
Phloridzin,Streptococcus parasanguinis,0,1095,157
Cefixime,Bacillus subtilis,1,547,21
beta-Caryophyllene,Candida albicans,1,1345,34
"Ethane-1,2-diamine",Candida albicans,0,720,34
"1-[2-(2,4-dichlorophenyl)-5-(3,4,5-trimethoxyphenyl)-1,3,4-oxadiazol-3(2H)-yl]ethanone",Streptococcus mutans,1,131,155
BMAP-27,Pseudomonas aeruginosa,1,460,125
4-bromo-5-(bromomethylene)-3-(1-( 2-propynyloxy)butyl)-2(5H)-furanone,Human herpesvirus 5,0,341,90
Hydnocarpin D,Staphylococcus aureus,1,810,141
Cloxacillin,Escherichia coli ,1,606,70
NA12,Candida albicans,1,1000,34
"13-(2-chloro-7-methylquinolin-3-yl)-3,3-dimethyl-1H,2H,3H,4H,6H,11H,13H-indazolo[1,2-b]phthalazine-1,6,11-trione",Pseudomonas aeruginosa,1,154,125
Bifonazole,Influenza B virus,0,487,96
Clindamycin,Shigella flexneri,1,599,138
Diterpene phytol,Enterobacteria phage T4,0,688,65
Cefuroxime,Listeria monocytogenes,1,565,104
Vancomycin,Staphylococcus caprae,1,1307,143
"3,3-dimethyl-13-{7-methyl-[1,2,3,4]tetrazolo[1,5-a]quinolin-4-yl}-1H,2H,3H,4H,6H,11H,13H-indazolo[1,2-b]phthalazine-1,6,11-trione",Pseudomonas aeruginosa,1,247,125
alpha-Pinene,Halomonas pacifica,0,1339,81
Methanol,Staphylococcus aureus,1,930,141
"(2E)-5-[(1S,2R,4aR,8aR)-1,2,4a,5-tetramethyl-1,2,3,4,4a,7,8,8a-octahydronaphthalen-1-yl]-3-formylpent-2-enoic acid",Mycobacterium avium,0,36,110
7-Bicyclic brominated furanones,Streptococcus sanguis,0,399,163
Paromomycin ,Yersinia enterocolitica,0,1068,179
3-(pyridin-3-yl)-5-(3-ethoxy-4-hydroxybenzylidene)-2-thioxothiazolidin-4-one,Dengue Virus Type 2,0,276,53
Butanol,Geobacillus kaustophilus,0,497,77
Furanone 56,Salmonella enterica,1,752,133
Cobalt Ion,Proteus vulgaris,0,608,122
Peptide 1,Hepatitis C virus,0,1086,86
Metronidazole,Porphyromonas gingivalis,1,937,119
"6-(4-chlorophenyl)-1,3-dimethyl-5-[3-(4-methylphenyl)-1-phenyl-1H-pyrazol-4-yl]-1H,2H,3H,4H,5H,6H-pyrimido[4,5-d][1,3]diazine-2,4-dione",Hafnia paralvei,0,387,80
para-Benzoquinone,Burkholderia cenocepacia,1,1381,28
(2R)-2-amino-3-(thiophene-2-sulfinyl)propanoic acid,Actinomyces oris,1,44,7
M8-33,Bacteroides,0,912,22
Ticarcillin,Marinobacter hydrocarbonoclasticus,0,1271,107
7-methylindole,Clostridium bacilli,0,408,44
1-{2-[(E)-2-(4-chlorophenyl)ethenyl]-4-phenylquinolin-3-yl}ethan-1-one,Bacillus subtilis,1,139,21
3-indolylacetonitrile,Pseudomonas aeruginosa,1,301,125
C8-HSL,Staphylococcus equorum,0,508,148
"1,3-dimethyl-6-(4-methylphenyl)-5-[3-(4-methylphenyl)-1-phenyl-1H-pyrazol-4-yl]-1H,2H,3H,4H,5H,6H-pyrimido[4,5-d][1,3]diazine-2,4-dione",Cronobacter sakazakii,0,117,51
1-(4-methoxyphenyl)-3-m-tolyurea,Streptococcus sanguis,0,126,163
den-SB056-1,Pseudomonas aeruginosa,1,1362,125
Lipoic acid,Streptococcus sobrinus,0,902,164
Furanone-2,Staphylococcus caprae,0,755,143
2-methoxy-cinnamaldehyde,Vibrio anguillarum,1,242,173
n-Hexane,Staphylococcus capitis,0,1374,142
(Z)-4-bromo-5-(bromomethylene)-3-(1-bromobutyl)-2(5H)-furanone,Salmonella enterica,1,101,133
Fluconazole,Shigella flexneri,0,743,138
Chrysophsin-1,Halomonas pacifica,0,582,81
Tobramycin,Influenza A virus ,0,1279,95
7-hydroxyindole,Achromobacter xylosoxidans,0,406,1
L-tryptophan,Desulfovibrio africanus,0,878,54
2-phenylethane-1-SO-thioperoxol,Influenza B virus,0,244,96
Cefoxitin,Staphylococcus aureus,1,556,141
(2-methyl-5-nitro-1H-imidazol-1-yl)methyl (2E)-3-phenylprop-2-enoate,Streptococcus pneumoniae serotype 4,0,14,159
Danthron,Yersinia enterocolitica,0,655,179
cyclo(Trp-Ser),Pseudoalteromonas sp.,0,1357,124
Efavirenz,Proteus mirabilis,0,696,121
"2-(4,5-dibromo-1-methyl-1H-pyrrol-2-yl)-5-(2,4-dichlorophenyl)-1,3,4-oxadiazole",Vibrio parahaemolyticus,0,192,177
Coprinuslactone,Staphylococcus chromogenes,0,615,144
"N-(1,3-Thiazol-2-yl)butanamide",Streptococcus sanguinis,0,970,162
Elemental silver,Geobacillus kaustophilus,0,697,77
Epicatechin,Streptomyces sp. ,0,706,167
Mucobromic acid,Human immunodeficiency virus 1,0,947,92
4H-tomentosin,Serratia marcescens,0,362,136
Ciprofloxacin,Stenotrophomonas maltophilia,1,590,151
Dicinnamyl,Staphylococcus aureus,1,674,141
D-tert-Leucine,Staphylococcus epidermis,1,645,147
"13-(2-chloro-7-methoxyquinolin-3-yl)-3,3-dimethyl-1H,2H,3H,4H,6H,11H,13H-indazolo[1,2-b]phthalazine-1,6,11-trione",Pseudomonas aeruginosa,1,153,125
3-(Aminomethyl)-D-phenylalanine,Clostridium perfringens ,0,274,48
5- hydroxyethyl-3-tetradecanoyltetramic acid,Yersinia enterocolitica,0,366,179
phys-GL13K,Streptococcus parasanguinis,0,1386,157
OHC8HL,Arthrobacter sp. ,0,1039,14
"5-(4,5-dibromo-1-methyl-1H-pyrrol-2-yl)-1,3,4-oxadiazole-2-thiol",Streptococcus epidermidis,1,367,152
Piperacillin-Tazobactam,Candida spp.,1,1103,40
AFP1,Lactobacillus fermenti,0,415,102
Vitamin E,Helicobacter pylori ,0,1317,82
Clotrimazole,Mycobacterium tuberculosis,0,604,113
3-Chloro-5-[(2-chloroethoxy)]-4-[(4-methylphenylsulfanyl)]-2(5H)-furanone,Burkholderia thailandensis,0,280,32
Doripenem,Pseudomonas aeruginosa,1,692,125
Avibactam,Marinobacter hydrocarbonoclasticus,0,454,107
Chromate,Streptococcus pneumoniae,0,579,158
Vitexin,Pseudomonas aeruginosa,1,1318,125
Carvacrol,Staphylococcus cohnii,0,529,145
Carabrol,Geobacillus kaustophilus,0,522,77
Hydnocarpin D,Aggregatibacter actinomycetemcomitans,0,810,11
Ch_GG_Nt-Dhvar5,Bacteroides,0,571,22
Miconazole,Hepatitis C virus,0,940,86
lin-SB056,Candida parapsilosis,0,1370,39
CWR11,Listeria monocytogenes serotype 4a,0,514,105
(2R)-2-amino-3-[(4-methylphenyl)methanesulfinyl]propanoic acid,Aggregatibacter actinomycetemcomitans,0,46,11
"2-(2,4-difluorophenyl)-1,3-bis(1H-1,2,4-triazol-1-yl)propan-2-yl (2E)-3-phenylprop-2-enoate",Candida albicans,1,180,34
Rhein,Clostridium pasteurianum,0,1149,46
3-hydroxychalcone,Candida albicans,0,300,34
3-Iodotyrosine,Clostridium perfringens,0,285,47
"1,3-dimethyl-6-(4-methylphenyl)-5-[3-(4-methylphenyl)-1-phenyl-1H-pyrazol-4-yl]-1H,2H,3H,4H,5H,6H-pyrimido[4,5-d][1,3]diazine-2,4-dione",Gardnerella vaginalis,0,117,76
Heptadecanoic acid,Acinetobacter nosocomialis,0,796,3
"(5E)-5-undecylidene-1,3-thiazolidine-2,4-dione",Aspergillus fumigatus,0,76,15
Sm6(L1)2C,Streptococcus mutans,1,1204,155
5-Hydroxy-4-[(4-methylphenyl)sulfonyl]-3-chloro-2(5H)-furanone,Bacillus subtilis,1,381,21
"octane-1,8-diamine",Firmicutes,0,1378,73
Penicillenol A1,Staphylococcus aureus,1,1074,141
Dichloromethane,Pseudomonas putida,0,673,130
Ciprofloxacin,Escherichia coli,1,590,69
Penicillenol B1,Vibrio cholerae,0,1076,175
L-pipecolic acid,Bacteroides fragilis,0,877,24
Copper sulfate,Campylobacter jejuni,0,614,33
Hsn5 12-mer,Thermus thermophilus,0,808,168
Amikacin,Proteus vulgaris,1,430,122
G10KHc,Bacillus anthracis,0,764,18
2-Methoxy-4-propylphenol,Escherichia coli,1,221,69
Kaurenoic acid,Streptococcus mutans,1,859,155
"(2E)-1-(2 ,4 ,5 -trimethoxyphenyl)-3-(2-chloro-quinolin-3-yl)-2-propen-1-one",Influenza B virus ,0,20,97
DiHydroxyBenzoFuran,Varicella-zoster virus,0,669,172
Shikonin,Acinetobacter nosocomialis,0,1190,3
N -(4-trifluoromethyl-benzylidene)benzohydrazide,Pseudomonas aeruginosa,1,960,125
Peptide 1,Streptococcus parasanguinis,0,1086,157
trans-2-Nonenal,Vibrio cholerae,1,1389,175
O-LF11-227,Pseudomonas aeruginosa,1,1036,125
HA14-1,Haemophilus influenzae,0,790,78
3-chloro-5-hydroxy-4-[(4-methylphenylsulfonyl)]-2(5H)-furanone,Bacteroides fragilis,0,294,24
"2-(4,5-dibromo-1-methyl-1H-pyrrol-2-yl)-5-(2,4-dichlorophenyl)-1,3,4-oxadiazole",Staphylococcus aureus,1,192,141
D-tert-Leucine,Influenza B virus ,0,645,97
beta-Defensin-3,Porphyromonas gingivalis,0,1347,119
Amoxicillin,Listeria monocytogenes,1,435,104
4-nitro-cinnamaldehyde,Vibrio vulnificus,1,358,178
Clozapine,Influenza B virus,0,607,96
(2E)-1-(4 -methoxyphenyl)-3-(2-naphthyl)-2-propen-1-one,Staphylococcus aureus,1,28,141
cyclo(Trp-Ser),Escherichia coli ,0,1357,70
Genistein,Eubacterium ramulus,1,778,72
den-SB056-1,Streptococcus mitis,0,1362,154
"Trimethyl[2-({10,15,20,24,26,29,31,33,34-nonakis[3-(trimethylphosphaniumyl)propoxy]hexacyclo[21.2.2.2,.2,.2,.2]pentatriaconta-1(25),3(35),4,6(34),8,10,13,15,18,20,23,26,28,30,32-pentadecaen-4-yl}oxy)ethyl]phosphanium decabromide",Candida glabrata,0,1292,36
3-Methoxychalcone,Desulfovibrio africanus,0,287,54
"2,5-bis(4,5-dibromo-1-methyl-1H-pyrrol-2-yl)-1,3,4-oxadiazole",Human herpesvirus 1 ,0,177,87
6-Gingerol,Enterococcus faecalis,0,393,66
Enoxacin,Klebsiella variicola,0,704,100
6-MO-LF11-215,Bacteroides fragilis,0,394,24
Stilbene,Thermus thermophilus ,0,1215,169
"2,2 -Dipyridyl",Staphylococcus aureus,1,168,141
BisEDT-RIP,Staphylococcus epidermidis,1,490,146
P15-CSP,Eubacterium ramulus,0,1058,72
"(2S,3R,4S,5S,6R)-6-(Acetoxymethyl)-3-(2-(4-chlorophenyl)acetamido)tetrahydro-2H-pyran-2,4,5-triyl triacetate",Human herpesvirus 3,0,59,88
Furanone F202,Staphylococcus aureus,0,754,141
Betulinic acid,Influenza A virus ,0,485,95
Bacampicillin,Providencia stuartii,0,465,123
Meropenem,Cryptococcus neoformans,0,927,52
"(2E)-1-(2 ,5 -dimethoxyphenyl)-3-(2-naphthyl)-2-propen-1-one",Pseudomonas aeruginosa,1,22,125
(2Z)-N-hexyl-2-hydroxy-3-[4-(trifluoromethyl)phenyl]prop-2-enamide,Staphylococcus aureus,1,68,141
Lopinavir,Human immunodeficiency virus,1,905,91
Polyethyleneimine,Staphylococcus epidermis,1,1108,147
Acetohydroxamic Acid,Pseudomonas putida,0,418,130
Penicillenol C2,Pseudomonas aeruginosa,1,1079,125
D-Tryptophan,Staphylococcus aureus,1,641,141
Olive oil,Actinobacillus actinomycetemcomitans,0,1047,6
Evodiamine,Campylobacter jejuni,1,727,33
(2R)-2-amino-3-[(4-methylphenyl)methanesulfinyl]propanoic acid,Kocuria rhizophila,0,46,101
4-Nitro-D-phenylalanine,Influenza A virus ,0,339,95
2-(2-(2-Chloroacetamido)-5-nitrophenyl)-2-oxo-N-( prop-2-yn-1-yl)acetamide,Escherichia coli,1,188,69
(2R)-2-amino-5-(1-nitrocarbamimidamido)pentanoic acid,Staphylococcus epidermis,1,49,147
Tellurite,Yersinia enterocolitica,0,1255,179
Indole,Vibrio campbellii,1,827,174
7-chloroindole,Actinoplanes missouriensis,0,401,8
den-SB056-1,Thermus thermophilus,0,1362,168
4-bromo-5-(bromomethylene)-3-butyl-2(5H)- furanone,Burkholderia pseudomallei,0,345,31
Besifloxacin,Schistosoma,0,483,134
Ethylene glycol tetraacetic acid,Kocuria rhizophila,0,723,101
"(10R,11R)-Hydnocarpin D",Human parainfluenza virus type 2,0,2,93
2-amino-3-(3-nitrophenyl)propanoic acid,Escherichia coli,0,227,69
"(5Z)-2-tert-butyl-5-{[3-(trifluoromethyl)phenyl]methylidene}-1,3-oxazolidin-4-one",Eubacterium ramulus,0,86,72
Aloe-emodin,Enterobacter cloacae,0,428,63
Indole-3-carboxyaldehyde,Human parainfluenza virus type 2,0,831,93
Nelfinavir,Baker's yeast,0,1011,27
Ticarcillin,Bacillus cereus,0,1271,19
Betulin,Bacillus amyloliquefaciens,1,484,17
Zidovudine,Fusarium solani,0,1327,75
R-FV-I16,Escherichia coli,1,1135,69
Pentagalloylglucose,Serratia liquefaciens,0,1082,135
Ethylene glycol tetraacetic acid,Candida dubliniensis,0,723,35
Diphenyl disulphide,Staphylococcus equorum,0,684,148
"(10R,11R)-Hydnocarpin",Mycobacterium leprae,0,1,111
"(5E)-5-undecylidene-1,3-thiazolidine-2,4-dione",Candida albicans,1,76,34
"13-{8-methoxy-[1,2,3,4]tetrazolo[1,5-a]quinolin-4-yl}-3,3-dimethyl-1H,2H,3H,4H,6H,11H,13H-indazolo[1,2-b]phthalazine-1,6,11-trione",Escherichia coli,0,159,69
LL-37,Mycobacterium smegmatis,0,888,112
Heptamethoxyflavone,Escherichia coli,1,797,69
M8G2,Actinoplanes missouriensis,0,913,8
Methyl benzethonium chloride,Candida albicans,1,931,34
Gallocatechin gallate,Cryptococcus neoformans,0,773,52
N-(4-Bromobenzylidene)benzohydrazide,Varicella-zoster virus,0,976,172
1-(pyrazin-2-yl)ethan-1-one,Streptococcus gordonii,0,129,153
Fosamprenavir,Vibrio harveyi,0,746,176
"N-(1,3-benzothiazol-2-yl)butanamide",Salmonella Typhi,0,971,132
Cefditoren,Chromobacterium violaceum,0,544,42
2-Cyano-D-phenylalanine,Clostridium perfringens,0,217,47
Myricetin,Gardnerella vaginalis,0,950,76
Glycomonoterpenes (G-citral),Vibrio cholerae,1,785,175
Cadmium Ion,Pseudomonas aeruginosa,1,515,125
NA-CATH-ATRA1-ATRA1,Acinetobacter nosocomialis,0,998,3
Diazepam,Mycobacterium avium,0,670,110
3-geranyl-1-(2-methylpropanoyl)phloroglucinol,Bacteroides uniformis,0,297,25
Clary sage,Escherichia coli,1,596,69
SMAP-29,Candida guiliermondi,0,1176,37
Flavonoids 3,Arthrobacter sp. ,0,738,14
BMAP-28,Stenotrophomonas maltophilia,1,461,151
cat-AGE-RK1,Staphylococcus haemolyticus,0,1350,149
Piperacillin-Tazobactam,Pseudomonas libaniensis,0,1103,129
AFP1,Firmicutes,0,415,73
2(5H)-furanone,Enteric bacteria and other eubacteria ,0,167,60
Chrysin,Staphylococcus epidermis,0,580,147
sorivudine,Burkholderia cepacia,0,1388,29
Silver sulfadiazine,Vibrio campbellii,0,1197,174
Chrysin,Hafnia paralvei,0,580,80
Abacavir,Lactobacillus fermenti,0,416,102
1-{2-[(E)-2-(4-methoxyphenyl)ethenyl]-4-phenylquinolin-3-yl}ethan-1-one,Staphylococcus aureus,1,141,141
"O-(2,6-Dichlorobenzyl)-D-tyrosine",Enterococcus faecium,0,1034,67
Itraconazole,Hafnia paralvei,0,848,80
"(2E)-1-(3 ,5 -dimethoxyphenyl)-3-(2-naphthyl)-2-propen-1-one",Streptococcus mutans,1,26,155
3-Hydroxyphenylalanine,Staphylococcus epidermidis,0,283,146
Tellurite,Enteric bacteria and other eubacteria ,0,1255,60
Myxinidin,Eubacterium ramulus,0,955,72
2-(2-(2-Chloroacetamido)-5-methylphenyl)-2-oxo-N-( prop-2-yn- 1-yl)acetamide,Stenotrophomonas maltophilia,0,187,151
S-phenyl-L-cysteine,Pichia anomala,0,1172,117
Benzbromarone,Staphylococcus equorum,0,474,148
Bac8C,Hafnia alvei,0,463,79
"Trimethyl[3-({33-[2-(trimethylazaniumyl)ethoxy]-10,15,20,25,27,29,31,34-octakis[3-(trimethylazaniumyl)propoxy]hexacyclo[21.2.2.2,.2,.2,.2]pentatriaconta-1(25),3,5,8,10,13,15,18,20,23,26,28,30,32,34-pentadecaen-4-yl}oxy)propyl]azanium decabromide",Cryptococcus neoformans,0,1293,52
"F2,5,12W",Pseudomonas putida,0,728,130
"Dihydroxybenzoic Acid (2,3-DHBA)",Vibrio anguillarum,0,679,173
(2Z)-N-hexyl-2-hydroxy-3-[4-(trifluoromethyl)phenyl]prop-2-enamide,Pichia anomala,0,68,117
cis-Stillbene,Staphylococcus aureus,1,1354,141
Tetrazol-1-yl,Pseudomonas aeruginosa,1,1265,125
Zinc sulfate,Burkholderia cepacia,1,1332,29
"(2E)-1-(3 ,4 ,5 -trimethoxyphenyl)-3-(2-naphthyl)-2-propen-1-one",Streptococcus mutans,1,24,155
Niclosamide,Pseudomonas aeruginosa,1,1019,125
4-chloro-7-(trifluoromethyl)quinoline,Pseudomonas aeruginosa,1,350,125
Cefaclor,Streptococcus pneumoniae,1,537,158
4-Bromo-D-phenylalanine,Dengue Virus Type 2,0,322,53
Delavirdine,Lysinibacillus sphaericus,0,661,106
Zeaxanthin,Streptococcus pyogenes,0,1326,160
Minocycline,Staphylococcus aureus,1,942,141
Linalool,Acinetobacter baumannii,1,900,2
2-methoxy-cinnamaldehyde,Vibrio vulnificus,1,242,178
Netilmicin,Bacillus anthracis,0,1016,18
Streptorubin B,Human immunodeficiency virus 1,0,1217,92
"O-(2,6-Dichlorobenzyl)-D-tyrosine",Clostridium pasteurianum,0,1034,46
Asperdiol,Pseudomonas putida,0,446,130
Quercetin,Pseudomonas aeruginosa,1,1127,125
Nitrofurantoin ,Hepatitis C virus,0,1024,86
Wheat bran,Staphylococcus aureus,1,1321,141
alpha-costic acid,Amycolatopsis orientalis,0,1340,12
"(2S)-2-amino-3-(1,3-thiazol-4-yl)propanoic acid",Staphylococcus aureus,1,52,141
Enoxacin,Aspergillus niger,0,704,16
S6L3-33,Streptococcus sanguinis,1,1175,162
HE10,Staphylococcus aureus,1,791,141
Sulbactam,Staphylococcus aureus,1,1220,141
Dicyclohexylamine,Bacillus anthracis,0,677,18
Protocatechuic acid,Hepatitis C virus,0,1119,86
Tet-20,Gardnerella vaginalis,0,1260,76
2-(5-Chloro-2-(2-chloroacetamido)phenyl )-2-oxo-N-( prop-2-yn-1-yl)acetamide,Listeria monocytogenes serotype 4a,0,210,105
Quinupristin/dalfopristin,Burkholderia cepacia,0,1134,29
N-decanoyl-L- homoserine benzyl ester,Streptococcus pneumoniae serotype 4,0,990,159
S-propyl-L-cysteine,Candida tropicalis,0,1174,41
16P,Thermus thermophilus ,0,164,169
Metronidazole,Actinomyces oris,0,937,7
N -(5-bromo-2-hydroxy-benzylidene)benzohydrazide,Pseudomonas aeruginosa,1,961,125
2-(Trifluoromethyl)-D-phenylalanine,Hepatitis C virus,0,212,86
meta-toluidine,Bacteroides fragilis,0,1372,24
Ginger oil,Staphylococcus aureus,1,781,141
Sulfadoxine,Lysinibacillus sphaericus,0,1226,106
Cadmium Ion,Klebsiella planticola,0,515,98
5-Bromoindole,Clostridium bacilli,0,376,44
IG-13,Burkholderia multivorans,0,815,30
2-(2-(2-Chloroacetamido)-5-methylphenyl)-2-oxo-N-( prop-2-yn- 1-yl)acetamide,Listeria monocytogenes serotype 4a,0,187,105
Kojic acid,Mycobacterium avium,0,861,110
4-Hydroxy benzoate,Enterobacteria phage T4,0,331,65
4-Acetamido-D-phenylalanine,Staphylococcus epidermis,1,317,147
3-chloro-5-hydroxy-4-[(4-methylphenylsulfanyl)]-2(5H)-furanone,Clostridium perfringens ,0,293,48
1-(4-methoxyphenyl)-3-p-tolyurea,Enterobacter aerogenes,0,127,61
N-Ethylacetanilide,Pseudomonas aeruginosa,1,986,125
Monensin sodium salt,Candida albicans,1,944,34
VS2,Streptococcus sobrinus,0,1305,164
"(2E)-1-(2 ,4 ,5 -trimethoxyphenyl)-3-(2-chloro-6-methoxy-quinolin-3-yl)-2-propen-1-one",Enterococcus faecalis,1,19,66
"(2E)-1-(2 ,5 -dimethoxyphenyl)-3-[2,5-dimethyl-1-(3-trifluoromethyl-phenyl)-1H-pirrol-3-yl]-2-propen-1-one",Staphylococcus aureus,1,23,141
Lys-a1,Enterobacter cloacae,0,910,63
Butanol,Acinetobacter nosocomialis,0,497,3
Epigallocatechin,Eikenella corrodens,1,709,58
Pentamethoxyflavone,Streptococcus parasanguinis,0,1083,157
Myxinidin2,Enterococcus faecium,0,957,67
Cecropin (1-7)-melittin A (2-9) amide,Enterobacter aerogenes,0,534,61
Dezocine,Kocuria rhizophila,0,666,101
Triclosan,Streptococcus mutans,1,1284,155
Cefditoren,Serratia marcescens,0,544,136
Furanone C-30,Streptococcus mutans,1,753,155
2-geranyloxy-1-(2-methylpropanoyl)phloroglucinol,Candida spp.,0,240,40
NA-CATH,Enterococcus faecalis,0,997,66
Anthraflavic acid,Bacillus cereus,0,441,19
Lactoferricin B,Human herpesvirus 4,0,891,89
"N-((2R,3R,4S,5S,6R)-2,4,5-Trihydroxy-6-(hydroxymethyl)tetrahydro-2H-pyran-3-yl)dodecanamide",Streptococcus mitis,0,967,154
dF21-10K,Aspergillus niger,0,1360,16
"1-(3,5-dinitrophenyl)ethan-1-one",Acinetobacter baumannii,0,122,2
Pelargonidin,Actinomyces oris,0,1072,7
Allicin,Chromobacterium violaceum,0,426,42
Ferulic Acid,Aspergillus niger,0,736,16
2-amino-imidazole/ triazole conjugate,Staphlococcus aureus,0,235,140
"2-(4-Methoxyphenyl)-N-((2R,3R,4S,5S,6R)-2,4,5-trihydroxy-6-(hydroxymethyl)tetrahydro-2H-pyran-3-yl)acetamide",Human herpesvirus 5,0,206,90
"N1-[7-(trifluoromethyl)quinolin-4-yl]octane-1,8-diamine",Enterococcus gallinarum,0,996,68
"N-((2R,3R,4S,5S,6R)-2,4,5-Trihydroxy-6-(hydroxymethyl)tetrahydro-2H-pyran-3-yl)hexanamide",Raoultella ornithinolytica,0,968,131
Ginger oil,Candida krusei,0,781,38
Cefprozil,Streptococcus pneumoniae serotype 4,1,559,159
"2-(4,5-dibromo-1-methyl-1H-pyrrol-2-yl)-5-(phenylthio)-1,3,4-oxadiazole",Mycobacterium smegmatis,0,196,112
Cefotaxime,Raoultella ornithinolytica,0,553,131
Isosinensetin,Clostridium pasteurianum,0,846,46
Heptadecanoic acid,Pseudoalteromonas sp.,0,796,124
Isohydnocarpin,Staphylococcus aureus,1,840,141
Clofazimine,Trichophyton mentagrophytes,0,602,170
CSP,Staphylococcus chromogenes,0,512,144
Indol AHL,Varicella-zoster virus,0,826,172
LF11-215,Bacteroides uniformis,0,879,25
4-methoxy-cinnamaldehyde,Human herpesvirus 3,0,357,88
cov-GL13K,Clostridium perfringens ,0,1356,48
KSL-W,Streptococcus sanguinis,0,855,162
Sinefungin,Streptococcus pneumoniae,1,1202,158
Myricetin,Human herpesvirus 5,0,950,90
Ethylene glycol tetraacetic acid,Clostridium leptum,0,723,45
Tangerine oil,Mycobacterium leprae,0,1244,111
Sodium sulfate,Pseudomonas fluorescens,1,1209,127
S-ethyl-L-cysteine,Streptococcus mutans,1,1170,155
CSP,Streptococcus gordonii,1,512,153
Silver nanowires,Aeromonas hydrophila,0,1195,9
Myrrh oil,Aggregatibacter actinomycetemcomitans,0,954,11
Ribavirin,Mycobacterium leprae,0,1151,111
Carolacton,Streptococcus mutans,1,528,155
Baicalein,Pseudomonas aeruginosa,1,468,125
(E)-Chalcone,Vibrio harveyi,0,90,176
6-MO-LF11-215,Pseudomonas aeruginosa,1,394,125
Menthol,Arthrobacter sp. ,0,925,14
Ethylene glycol tetraacetic acid,Enterobacteria phage T4,0,723,65
2-Nitro-cinnamaldehyde,Vibrio vulnificus,1,224,178
11(R)-hydroxy-12(20)-en-knightol acetate,Staphylococcus aureus,1,148,141
"N1-[7-(trifluoromethyl)quinolin-4-yl]dodecane-1,12-diamine",Pseudomonas fluorescens,0,994,127
Hexachlorophene,Bacteroides vulgatus,0,801,26
Benzathine benzylpenicillin,Staphylococcus saprophyticus,0,473,150
Indole,Burkholderia cenocepacia,1,827,28
Myxinidin,Marinobacter hydrocarbonoclasticus,0,955,107
"5,7,8,4-Tetramethoxyflavone",Vibrio harveyi,1,364,176
Tomentosin,Candida albicans,1,1281,34
Isoconazole,Pseudomonas japonica,0,838,128
L-2-Bromophenylalanine,Staphylococcus epidermis,1,863,147
Norgestimate,Candida parapsilosis,0,1029,39
(2E)-1-[4 -(1H-imidazol-1-yl)phenyl]-3-(3-methoxy-4-benzyloxi-phenyl)-2-propen-1-one,Streptococcus mutans,1,31,155
Sulfamethazine,Bacteroides uniformis,0,1229,25
1-(4-chlorophenyl)-3-m-tolyurea,Klebsiella pneumoniae,0,124,99
kappa-Pyrosulfite,Propionibacterium acnes,0,1368,120
Oxantel,Providencia stuartii,0,1053,123
2-amino-3-(3-chlorophenyl)propanoic acid,Streptococcus mutans,0,226,155
Cinnamic acid,Hafnia paralvei,0,587,80
Myxinidin,Staphylococcus aureus,1,955,141
"(2S,3R,4S,5S,6R)-6-(Acetoxymethyl)-3-(2-(4-chlorophenyl)acetamido)tetrahydro-2H-pyran-2,4,5-triyl triacetate",Streptococcus sanguinis,0,59,162
"4-Hydroxy-2,5-dimethyl-3(2H)-furanone",Chromobacterium violaceum,0,332,42
beta-Defensin-1,Candida tropicalis,0,1346,41
4-Methylphenylalanine,Staphylococcus aureus,1,338,141
"(2E)-1-(2 ,5 -dimethoxyphenyl)-3-[2,5-dimethyl-1-(3-trifluoromethyl-phenyl)-1H-pirrol-3-yl]-2-propen-1-one",Staphylococcus epidermidis,1,23,146
GW-9662,Schistosoma,0,768,134
5-bromomethylene-2 (5H)-furanone,Serratia liquefaciens,1,382,135
Voriconazole,Desulfovibrio africanus,0,1319,54
epsilon-viniferin,Actinoplanes missouriensis,0,1365,8
Bismuth oxide nanoparticle,Staphylococcus haemolyticus,0,492,149
MUC7 12-mer-L4,Kocuria rhizophila,0,916,101
Phosphorylserine,Staphylococcus aureus,1,1097,141
"3-(2-Furylmethyl)-2-{[(5-hydroxy-1H-pyrazol-3-yl)methyl]sulfanyl}-3,5,6,7-tetrahydro-4H-cyclopenta[4,5]thieno[2,3-d]pyrimidin-4-one",Staphylococcus aureus,1,263,141
S-phenyl-L-cysteine sulfoxide,Halomonas pacifica,0,1173,81
Nisin,Human immunodeficiency virus,0,1020,91
4-Ethylcatechol,Acinetobacter nosocomialis,0,326,3
Teichoplanin,Campylobacter jejuni,0,1250,33
"(1R,2S,7R,3E,8E,11E)-2,18-diacetoxycembra-3,8,11,15(17)-tetraen-7-ol",Pseudomonas aeruginosa,1,6,125
(5Z)-4-Bromo-5-(bromomethylene)-3-butyl-2(5H)-furanone,Escherichia coli,1,87,69
para-ethylaniline,Streptococcus salivarius,0,1384,161
Esculentin,Schistosoma,0,714,134
trans-Stillbene,Streptococcus gordonii,0,1393,153
Gallic Acid,Hafnia alvei,0,769,79
N -(pyridin-3-yl-methylene)benzohydrazide,Streptomyces gordonii,0,962,165
1-{6-nitro-4-phenyl-2-[(E)-2-[4-(trifluoromethoxy)phenyl]ethenyl]quinolin-3-yl}ethan-1-one,Bacillus subtilis,1,145,21
(2R)-2-amino-3-(2-phenylethanesulfinyl)propanoic acid,Burkholderia cepacia,0,42,29
Salicylic acid,Vibrio cholerae,0,1181,175
p-nitrophenyl glycerol,Pseudoalteromonas sp.,0,1380,124
Ciprofloxacin,Staphylococcus saprophyticus,0,590,150
Orange extract,Staphylococcus aureus,0,1049,141
Betulin,Obesumbacterium proteus,1,484,115
N-(2-Pyridinyl)butanamide,Enterococcus gallinarum,0,972,68
Meticillin,Micrococcus luteus,0,936,108
NaCl,Providencia stuartii,0,1007,123
N-(4-Pyridinyl)butanamide,Staphylococcus caprae,0,979,143
N-Nonanoyl-cyclopentylamide,Serratia marcescens,1,987,136
Hexameric peptide,Kocuria rhizophila,0,802,101
Myristoyl-DL-carnitine,Proteus mirabilis,0,953,121
"N-(4,5-Dihydro-1,3-thiazol-2-yl)butanamide",Aspergillus fumigatus,0,975,15
D-Asparagine,Salmonella enterica,0,630,133
3-(2-Thienyl)alanine,Staphylococcus epidermis,1,268,147
Thonzonium bromide,Plasmodium falciparum,0,1269,118
OHC10HL,Burkholderia pseudomallei,1,1038,31
Tea tree oil,Staphylococcus aureus,1,1249,141
Indole-3-carboxyaldehyde,Candida albicans,0,831,34
"2-(4,5-dibromo-1-methyl-1H-pyrrol-2yl)-5-(4-nitrophenyl)-1,3,4-oxadiazole",Streptococcus epidermidis,1,200,152
2-(2-(2-Chloroacetamido)-5-nitrophenyl)-2-oxo-N-( prop-2-yn-1-yl)acetamide,Streptococcus pneumoniae serotype 4,0,188,159
hLF1-11,Streptomyces gordonii,0,1367,165
Competence Stimulating Peptide,Aeromonas hydrophila,0,613,9
"13-(2-chloro-8a-methyl-4a,8a-dihydroquinolin-3-yl)-3,3-dimethyl-1H,2H,3H,4H,6H,11H,13H-indazolo[1,2-b]phthalazine-1,6,11-trione",Pseudomonas aeruginosa,1,155,125
faropenem medoxomil,Pseudomonas japonica,0,1366,128
Asperdiol,Pseudomonas aeruginosa,1,446,125
"(2E)-5-[(1S,2R,4aR,8aR)-1,2,4a,5-tetramethyl-1,2,3,4,4a,7,8,8a-octahydronaphthalen-1-yl]-3-formylpent-2-enoic acid",Streptococcus sobrinus,0,36,164
"1-[2-(2,4-dichlorophenyl)-5-(3,4,5-trimethoxyphenyl)-1,3,4-oxadiazol-3(2H)-yl]ethanone",Staphylococcus aureus,1,131,141
N-(4-hydroxy-2-methylphenyl)-3-oxododecanamide,Porphyromonas gingivalis,1,980,119
Phenyl-arginine-b-naphthylamide,Pseudomonas aeruginosa,1,1092,125
4-(Trifluoromethyl)-D-phenylalanine,Mycobacterium leprae,0,316,111
Ursolic Acid,Mycobacterium leprae,0,1302,111
"Triethyl[2-({10,15,20,24,26,29,31,33,34-nonakis[3-(triethylphosphaniumyl)propoxy]hexacyclo[21.2.2.2,.2,.2,.2]pentatriaconta-1(25),3(35),4,6(34),8,10,13,15,18,20,23,26,28,30,32-pentadecaen-4-yl}oxy)ethyl]phosphanium decabromide",Bacteroides,0,1286,22
"(10R,11R)-Hydnocarpin",Kocuria rhizophila,0,1,101
"(2E)-1-(2 ,4 ,5 -trimethoxyphenyl)-3-(2-chloro-6-methoxy-quinolin-3-yl)-2-propen-1-one",Streptococcus salivarius,0,19,161
Desipramine,Aquifex aeolicus,1,665,13
(3R)-4-(4-acetylphenyl)-3-aminobutan-2-one,Enterococcus faecalis,0,69,66
Gossypetin hexamethyl ether,Pseudomonas putida,0,787,130
Dirithromycin,Candida krusei,0,686,38
Sulfathiazole,Sphingomonas sp. Ibu-2,0,1235,139
Cadmium Ion,Pseudomonas libaniensis,0,515,129
OHC10HL,Streptococcus gordonii,0,1038,153
"(1R,2S,7R,8R)-2,18-diacetoxyasperdiol",Streptococcus sanguis,0,7,163
"2,3,4,5,6-Pentafluoro-L-phenylalanine",Geobacillus kaustophilus,0,169,77
BS-34,Proteus mirabilis,0,462,121
(1E)-1-{[(1E)-prop-1-ene-1-sulfinyl]sulfanyl}prop-1-ene,Streptococcus mutans,1,4,155
"13-(2-chloro-6-methoxyquinolin-3-yl)-3,3-dimethyl-1H,2H,3H,4H,4aH,6H,11H,13H,13aH-indazolo[1,2-b]phthalazine-1,6,11-trione",Actinomyces oris,0,151,7
L-Canavanine,Shigella flexneri,0,867,138
Ginger oil,Kocuria rhizophila,0,781,101
D-Phenylalanine,Staphylococcus aureus,0,639,141
"4-Phenyl-N-((2R,3R,4S,5S,6R)-2,4,5-trihydroxy-6-(hydroxymethyl)tetrahydro-2H-pyran-3-yl)butanamide",Streptococcus oralis,0,340,156
Tigecycline,Vibrio cholerae,0,1272,175
Benzylpenicillin,Candida guiliermondi,0,481,37
Hamamelitannin,Burkholderia cenocepacia,1,794,28
7-hydroxyindole,Pseudomonas aeruginosa,1,406,125
N-(4-hydroxy-2-methylphenyl)-3-oxododecanamide,Acinetobacter nosocomialis,0,980,3
3-chloro-5-hydroxy-4-[(4-methylphenylsulfonyl)]-2(5H)-furanone,Bacillus subtilis,1,294,21
Myristic acid,Streptococcus epidermidis,0,952,152
"6-(4-chlorophenyl)-1,3-dimethyl-5-[3-(4-methylphenyl)-1-phenyl-1H-pyrazol-4-yl]-1H,2H,3H,4H,5H,6H-pyrimido[4,5-d][1,3]diazine-2,4-dione",Obesumbacterium proteus,0,387,115
Ciprofloxacin ,Mycobacterium avium,0,592,110
"1-(2-Chloroacetyl)indoline-2,3-dione",Human respiratory syncytial virus B,0,121,94
Peppermint oil,Aeromonas hydrophila,1,1085,9
Melittin,Listeria monocytogenes serotype 4a,0,923,105
D-Tyrosine,Human immunodeficiency virus,0,642,91
Isatin,Pseudomonas aeruginosa,1,836,125
Clindamycin,Pseudomonas fluorescens,0,599,127
14-alpha-lipoyl andrographolide,Serratia liquefaciens,0,162,135
Peptide 1037,Staphylococcus saprophyticus,0,1087,150
Dezocine,Proteus mirabilis,0,666,121
"(5S)-1,7-bis(4-hydroxyphenyl)-5-O-_-D- apiofuranosyl(1 _ 6)-_-D-glucopyranosyloxyheptan-3-one",Pseudomonas aeruginosa,1,77,125
Furanone-3,Aspergillus fumigatus,0,756,15
Lymecycline,Burkholderia cenocepacia,0,909,28
4-tertiary butyl benzyl decyl beta-maltoside,Pseudomonas japonica,0,360,128
5-Fluorouracil,Porphyromonas gingivalis,0,380,119
3-Nitro-D-tyrosine,Clostridium pasteurianum,0,289,46
"N-((2R,3R,4S,5S,6R)-2,4,5-Trihydroxy-6-(hydroxymethyl)tetrahydro-2H-pyran-3-yl)octanamide",Enterococcus faecium,0,969,67
"3,4-Dichlorophenylalanine",Enterobacter cloacae,0,254,63
14-alpha-lipoyl andrographolide,Enteric bacteria and other eubacteria,0,162,59
cyclophosphamide,Bacteroides uniformis,0,1358,25
Silver Ion,Bacillus amyloliquefaciens,0,1192,17
Nystatin,Pseudomonas japonica,0,1033,128
1-{2-[(E)-2-(4-methoxyphenyl)ethenyl]-4-phenylquinolin-3-yl}ethan-1-one,Pseudomonas aeruginosa,1,141,125
Stilbene,Amycolatopsis orientalis,0,1215,12
3-[(prop-2-ene-1-sulfinyl)sulfanyl]prop-1-ene,Vibrio vulnificus,0,291,178
2-Chloro-DL-Phenylalanine,Citrobacter freundii,0,216,43
5-(dibromomethylene)-3-(1-bromoethyl)-2(5H)-furanone,Klebsiella variicola,0,370,100
3-geranyl-1-(2-methylbutanoyl)phloroglucinol,Vibrio parahaemolyticus,0,296,177
5-fluorooxiindole,Pantoea agglomerans,0,385,116
L-pipecolic acid,Human herpesvirus 4,0,877,89
"(2E)-1-(1,3-benzodioxol-5-yl)-3-[5-(2-nitro-phenyl)-furan-2-yl]-2-propen-1-one",Proteus mirabilis,0,18,121
Terconazole,Enterobacter ludwigi,0,1257,64
KSL-W,Actinobacillus actinomycetemcomitans,0,855,6
DJK6,Pseudomonas aeruginosa,1,650,125
Lemon,Clostridium perfringens ,0,895,48
3-(pyridin-3-yl)-5-(3-ethoxy-4-hydroxybenzylidene)-2-thioxothiazolidin-4-one,Enterococcus faecium,1,276,67
Emtricitabine,Listeria ivanovii,0,701,103
Pefloxacin,Obesumbacterium proteus,0,1070,115
Ferric chloride,Aggregatibacter actinomycetemcomitans,0,734,11
Anthranilate,Pseudomonas aeruginosa,1,442,125
2-(2-(2-Azidoacetamido)-5-fluorophenyl)-2-oxo-N-( prop-2-yn-1-yl)acetamide,Human herpesvirus 1 ,0,182,87
"3,4-Dichlorophenylalanine",Bacteroides eggerthii,0,254,23
Voriconazole,Acinetobacter baumannii,0,1319,2
Ursolic acid,Escherichia coli,1,1303,69
Glipizide,Bacillus subtilis,1,782,21
Micafungin,Bacillus anthracis,0,939,18
Cefotiam,Acinetobacter oleiovorans,0,555,4
"1-[2-(3,5-dichlorophenyl)-5-(3,4,5-trimethoxyphenyl)-1,3,4-oxadiazol-3(2H)-yl]ethanone",Candida glabrata,0,133,36
Timolol,Fusarium solani,0,1274,75
Ionic silver,Neisseria gonorrhoeae,0,834,114
Quinupristin,Shigella flexneri,1,1133,138
Quercetin-3-O-glucuronide,Human herpesvirus 3,0,1129,88
4-Nitro-D-phenylalanine,Achromobacter sp.,0,339,0
Lorazepam,Trueperella pyogenes,0,906,171
Protamine sulphate,Staphylococcus aureus,1,1118,141
GW 5074,Enterobacter cancerogenus,0,767,62
GW 5074,Influenza A virus ,0,767,95
Timolol,Candida parapsilosis,0,1274,39
Shikonin,Pseudomonas aeruginosa,1,1190,125
Heptamethoxyflavone,Staphylococcus epidermis,0,797,147
Penicillenol B1,Marinobacter hydrocarbonoclasticus,0,1076,107
2-(2-(2-Azidoacetamido)-5-nitrophenyl)-2-oxo-N-(prop-2-yn-1-yl)acetamide,Hepatitis C virus,0,184,86
LL-25,Candida guiliermondi,0,886,37
Resorcinol,Chromobacterium violaceum,0,1147,42
Terconazole,Proteus vulgaris,0,1257,122
Cefprozil,Pseudomonas aeruginosa,0,559,125
Oleic Acid,Enteric bacteria and other eubacteria,0,1046,59
4-Nitro-D-phenylalanine,Staphylococcus aureus,1,339,141
CAMA,Klebsiella variicola,0,509,100
Sulfathiazole,Human herpesvirus 4,0,1235,89
Levofloxacin,Streptococcus mutans,0,897,155
Epicatechin gallate,Eikenella corrodens,1,707,58
Curcumin,Enterobacter ludwigi,1,619,64
2-oxindole,Amycolatopsis orientalis,0,243,12
"2-(4,5-dibromo-1-methyl-1H-pyrrol-2-yl)-5-phenyl-1,3,4-oxadiazole",Staphylococcus epidermis,0,198,147
Hexachlorophene,Staphlococcus aureus,0,801,140
(2E)-1-(5-clorotiophen-2-yl)-3-(3-methoxy-4-benzyloxi-phenyl)-2-propen-1-one,Citrobacter freundii,0,29,43
Benzylpenicillin,Aeromonas hydrophila,0,481,9
Grepafloxacin,Plasmodium falciparum,0,788,118
2-Fluoro-L-phenylalanine,Streptococcus pneumoniae serotype 4,0,218,159
Tomentosin,Trichophyton mentagrophytes,0,1281,170
Gallic Acid,Eikenella corrodens,1,769,58
Furanone-3,Candida krusei,0,756,38
Coumarin,Escherichia coli,1,616,69
Lorazepam,Candida albicans,1,906,34
Vanillic acid,Clostridium pasteurianum,0,1308,46
Clofazimine,Bacillus anthracis,0,602,18
Cefmetazole,Staphylococcus aureus,1,549,141
Vanillin,Aeromonas hydrophila,1,1309,9
Pleurocidin,Escherichia coli,1,1107,69
"Triethyl[2-({10,15,20,24,26,29,31,33,34-nonakis[3-(triethylphosphaniumyl)propoxy]hexacyclo[21.2.2.2,.2,.2,.2]pentatriaconta-1(25),3(35),4,6(34),8,10,13,15,18,20,23,26,28,30,32-pentadecaen-4-yl}oxy)ethyl]phosphanium decabromide",Enteric bacteria and other eubacteria,0,1286,59
2-(2-(2-Azidoacetamido)-5-fluorophenyl)-2-oxo-N-( prop-2-yn-1-yl)acetamide,Actinoplanes missouriensis,0,182,8
Penicillenol B1,Pseudomonas aeruginosa,1,1076,125
C12HSL,Streptococcus oralis,0,503,156
Cyclacillin,Staphylococcus aureus,1,621,141
"1-[2-(2-nitrophenyl)-5-phenyl-1,3,4-oxadiazol-3(2H)-yl]ethanone",Streptococcus salivarius,0,132,161
1-(4-amino-2-hydroxyphenyl)ethan-1-one,Listeria ivanovii,0,123,103
Aminocyclopropane,Pseudomonas aeruginosa,1,432,125
Cephalexin,Enterococcus faecium,0,566,67
Trimethyl(3-{4-[3-(trimethylazaniumyl)propoxy]phenoxy}propyl)azanium dibromide,Vibrio parahaemolyticus,0,1290,177
Bacitracin,Candida albicans,1,466,34
Josamycin,Haemophilus influenzae,1,850,78
(2S)-2-amino-3-(tert-butylsulfanyl)propanoic acid,Staphylococcus epidermis,1,54,147
4-Methoxychalcone,Thermus thermophilus ,0,336,169
Butanol,Enterococcus faecalis,0,497,66
Daclatasvir,Micrococcus luteus,0,651,108
N-[(3-chloro-isoquinolin-4-yl)methylene]benzohydrazide,Staphylococcus epidermidis,1,988,146
Furanone,Pseudomonas aeruginosa,1,751,125
Imperatorin,Enterobacter cloacae,0,823,63
Bergamottin,Enteric bacteria and other eubacteria,0,482,59
L-Canavanine,Achromobacter sp.,0,867,0
"1-(2,4-dichlorophenyl)-2-(1H-imidazol-1-yl)ethyl (2E)-3-phenylprop-2-enoate",Mycobacterium tuberculosis,0,119,113
Myricitrin,Bacillus licheniformis,0,951,20
"(2S,3R,4S,5S,6R)-6-(Acetoxymethyl)-3-(2-(4-fluorophenyl)acetamido)tetrahydro-2H-pyran-2,4,5-triyl triacetate",Pseudomonas aeruginosa,1,60,125
Clarithromycin,Pseudomonas japonica,0,595,128
5-bromomethylene-2 (5H)-furanone,Aeromonas sobria,1,382,10
Isoeugenol,Escherichia coli,1,839,69
Cefotaxime,Acinetobacter baumannii,1,553,2
Indole-3-acetaldehyde,Kocuria rhizophila,0,828,101
Ganciclovir,Desulfovibrio africanus,0,774,54
(2R)-2-amino-3-(thiophene-2-sulfinyl)propanoic acid,Human herpesvirus 4,0,44,89
4-bromo-5-(bromomethylene)-3-(1-bromobutyl)-2(5H)-furanone,Staphylococcus epidermidis,1,344,146
Desipramine,Streptococcus gordonii,0,665,153
(RW)3-NH2,Bacteroides eggerthii,0,96,23
Cloxacillin,Helicobacter pylori ,0,606,82
"3-{2-[(1S,2R,4aR,8aR)-1,2,4a,5-tetramethyl-1,2,3,4,4a,7,8,8a-octahydronaphthalen-1-yl]ethyl}-N-(3-fluorophenyl)-5-methylidene-2,5-dihydrofuran-2-amine",Enteric bacteria and other eubacteria ,0,308,60
Diphenyl disulphide,Pseudomonas aeruginosa,1,684,125
Pefloxacin ,Amycolatopsis orientalis,0,1071,12
S-(2-thiazoyl)-L-cysteine,Clostridium pasteurianum,0,1165,46
Penicillic acid,Achromobacter sp.,1,1080,0
Tet-26,Streptococcus pyogenes,0,1262,160
Sm6(L3)2C,Geobacillus kaustophilus,0,1206,77
Asperdiol acetate,Francisella novicida,0,447,74
"1-[2-(2-nitrophenyl)-5-phenyl-1,3,4-oxadiazol-3(2H)-yl]ethanone",Staphylococcus aureus,1,132,141
3-(4-fluorophenyl)-5-(3-ethoxy- 4-hydroxybenzylidene)-2-thioxothiazolidin-4-one,Enterococcus faecium,1,273,67
D-Tyrosine,Acinetobacter baumannii,0,642,2
Colistin sodium methanesulfonate,Burkholderia thailandensis,0,611,32
"N 3-(2-thienylcarbonyl)-4-bromo-1,5-dimethyl-1H-pyrazole-3-carbohydrazide",Burkholderia cenocepacia,1,964,28
RI-19,Mycobacterium smegmatis,0,1137,112
Pseudomonas Quinolone Signal,Influenza B virus ,0,1120,97
"(5Z)-2-(1,1-dichloro-3,3-dimethylbutyl)-5-(phenylmethylidene)-1,3-oxazolidin-4-one",Staphylococcus equorum,0,79,148
"2-(2,4-difluorophenyl)-1,3-bis(1H-1,2,4-triazol-1-yl)propan-2-yl (2E)-3-phenylprop-2-enoate",Geobacillus kaustophilus,0,180,77
"N1-[7-(trifluoromethyl)quinolin-4-yl]dodecane-1,12-diamine",Clostridium leptum,0,994,45
"(5Z)-2-(1,1-dichlorobut-3-yn-1-yl)-5-{[4-(trifluoromethyl)phenyl]methylidene}-1,3-oxazolidin-4-one",Mycobacterium leprae,0,83,111
1-(pyridin-4-yl)ethan-1-one,Streptococcus sanguinis,0,130,162
Pyrazinamide,Clostridium perfringens ,0,1122,48
Norspermidine,Staphylococcus epidermis,0,1031,147
"14,15,29,30-Tetrahydro-5H,20H-dibenzo[h,s]bis([1,2,3]triazolo)[5,1-c:5_,1_-n][1,4,7,12,15,18]hexaazacyclodocosine-6,12,13,21,27,28(7H,22H)-hexaone",Pseudomonas aeruginosa,1,160,125
Pantaprazole,Human herpesvirus 3,0,1067,88
D-Proline,Staphylococcus epidermis,1,640,147
Ginger oil,Enteric bacteria and other eubacteria ,0,781,60
(R)-2-Amino-3-biphenyl-3-yl-propionic acid,Human herpesvirus 1 ,0,92,87
Cephaloglycin,Geobacillus kaustophilus,0,567,77
Paromomycin ,Streptomyces gordonii,0,1068,165
G H12,Streptococcus sanguinis,1,763,162
2(5H)-furanone,Aeromonas hydrophila,1,167,9
"2,2 -Dipyridyl",Pseudomonas japonica,0,168,128
3-Nitro-D-tyrosine,Staphylococcus epidermis,1,289,147
p-Coumaric acid,Firmicutes,0,1379,73
Butyl gallate,Staphylococcus epidermidis,1,502,146
Zalcitabine,Providencia stuartii,0,1324,123
2-methoxy-cinnamaldehyde,Proteus vulgaris,0,242,122
Fluconazole,Acinetobacter oleiovorans,0,743,4
Enoxacin,Enterobacteria phage T4,0,704,65
"(2-(4-chlorophenyl)- 4-{[(6-methyl-2-pyridinyl)amino]methylene}-1,3-oxazol- 5(4H)-one)",Mycobacterium avium,0,13,110
"Dihydroxybenzoic Acid (2,4-DHBA)",Eikenella corrodens,1,680,58
2-amino-3-(prop-2-ene-1-sulfinyl)propanoic acid,Chromobacterium violaceum,0,229,42
1-mesityl-3(4-nitrophenyl)urea,Bacteroides vulgatus,0,136,26
3-Methoxy-D-Phenylalanine,Staphylococcus aureus,1,286,141
Na-Benzoate,Halomonas pacifica,0,1004,81
Thonzonium bromide,Vibrio parahaemolyticus,0,1269,177
(R)-2-Amino-3-biphenyl-3-yl-propionic acid,Streptococcus mutans,0,92,155
Butenafine hydrochloride,Chromobacterium violaceum,0,499,42
Amphotericin B,Serratia marcescens,0,436,136
Vitamin C,Staphylococcus capitis,0,1316,142
(Z)-3-(bromomethylene) isobenzofuran-1(3H)-one,Bacillus anthracis,0,99,18
CGP-37157,Streptomyces sp. ,0,510,167
Heptadecanoic acid,Klebsiella planticola,0,796,98
2-Chloro-DL-Phenylalanine,Staphylococcus epidermis,1,216,147
LL13-37,Pseudomonas putida,0,889,130
Butoconazole,Cryptococcus neoformans,0,500,52
Cloxacillin,Vibrio vulnificus,0,606,178
Imperatorin,Escherichia coli,1,823,69
Kaurenoic acid,Mycobacterium smegmatis,0,859,112
Doripenem,Staphylococcus aureus,1,692,141
Chromate,Haemophilus influenzae,0,579,78
KT2,Listeria ivanovii,0,856,103
Octadecyl gallate,Escherichia coli ,0,1041,70
7-Bicyclic brominated furanones,Pseudomonas aeruginosa,1,399,125
Zinc Dichloride,Staphylococcus haemolyticus,0,1329,149
4-(Aminomethyl)-D-phenylalanine,Staphylococcus epidermis,1,315,147
"(1R,2S,7R,3E,11E)-2,18-diacetoxycembra-3,8(19),11,15(17)-tetraen-7-ol",Pseudomonas aeruginosa,1,5,125
Floxacillin ,Human immunodeficiency virus 1,0,741,92
Penicillenol C2,Pseudomonas fluorescens,0,1079,127
Methylthiopropylamine,Hafnia paralvei,0,935,80
3-(2-Thienyl)alanine,Streptococcus sanguinis,0,268,162
Chlorhexidine,Listeria monocytogenes,0,575,104
Levofloxacin,Enterobacteria phage T4,0,897,65
Epigallocatechin Gallate,Enterobacter cancerogenus,1,710,62
N -(3-nitro-4-hydroxy-benzylidene)benzohydrazide,Enterococcus faecalis,1,959,66
Lfcin,Streptococcus gordonii,0,898,153
"4 alpha, 5 alpha-epoxy-10 alpha, 14H-1-epi-inuviscolide",Candida albicans,1,310,34
Zanamivir,Baker's yeast,0,1325,27
Stilbene,Escherichia coli,1,1215,69
"(2S,3R,4S,5S,6R)-6-(Acetoxymethyl)-3-(2-(4-(trifluoromethyl)phenyl)acetamido)tetrahydro-2H-pyran-2,4,5-triyltriacetate",Pseudomonas aeruginosa,1,57,125
(2E)-1-[4 -(1H-imidazol-1-yl)phenyl]-3-(3-methoxy-4-benzyloxi-phenyl)-2-propen-1-one,Varicella-zoster virus,0,31,172
"Phenol,2,4-bis(1,1-dimethylethyl)",Influenza B virus,0,1090,96
(R)-2-amino-3-cyclohexylpropanoic acid,Staphylococcus aureus,1,93,141
3-indolylacetonitrile,Influenza B virus ,0,301,97
"(2R)-2-amino-3-(2,3-dihydro-1H-inden-2-yl)propanoic acid",Influenza B virus,0,41,96
"3,3-dimethyl-13-{7-methyl-[1,2,3,4]tetrazolo[1,5-a]quinolin-4-yl}-1H,2H,3H,4H,6H,11H,13H-indazolo[1,2-b]phthalazine-1,6,11-trione",Human respiratory syncytial virus B,0,247,94
2-(Aminomethyl)-L-phenylalanine,Staphylococcus aureus,1,211,141
Tigecycline,Burkholderia cepacia,0,1272,29
Rutin,Acinetobacter baumannii,0,1163,2
(2R)-2-amino-3-(2-phenylethanesulfinyl)propanoic acid,Actinomyces oris,1,42,7
Caffeic Acid,Human herpesvirus 3,0,516,88
R-FV-I16,Clostridium pasteurianum,0,1135,46
Cycloserine,Porphyromonas gingivalis,0,623,119
Hydnocarpin D,Bacteroides fragilis,0,810,24
Trimethoxyflavone,Vibrio harveyi,1,1289,176
"(2S,3R,4S,5S,6R)-6-(Acetoxymethyl)-3-(3-oxohexanamido)tetrahydro-2H-pyran-2,4,5-triyl triacetate",Pseudomonas aeruginosa,1,62,125
Glycinamide hydrochloride,Mycobacterium tuberculosis,0,784,113
Meticillin,Staphylococcus aureus,1,936,141
Penicillenol C1,Candida albicans,1,1078,34
Peptide 1,Hafnia paralvei,0,1086,80
Oleanolic Acid,Mycobacterium leprae,0,1045,111
Flavonoids 3,Francisella novicida,0,738,74
D-Aspartate,Candida parapsilosis,0,631,39
D-Aspartate,Halomonas pacifica,0,631,81
"3,5-dimethylaniline",Bacillus licheniformis,0,260,20
Polyethyleneimine,Candida albicans,1,1108,34
Gentamicin,Enterococcus faecium,0,779,67
4-methanesulfonylaniline,Pseudomonas aeruginosa,1,356,125
Sulfamoxole,Staphylococcus caprae,0,1232,143
Salicylic Acid,Klebsiella pneumoniae,1,1180,99
N-Acetylcysteine,Candida guiliermondi,0,984,37
Fusidic acid,Pantoea agglomerans,0,762,116
3-chloro-5-hydroxy-4-[(4-methylphenylsulfonyl)]-2(5H)-furanone,Candida guiliermondi,0,294,37
Tellurite,Candida tropicalis,0,1255,41
Octadecyl gallate,Enterococcus faecalis,1,1041,66
Taurine,Actinomyces oris,1,1246,7
Pentamethoxyflavone,Burkholderia cepacia,0,1083,29
3-Methoxy-D-Phenylalanine,Proteus mirabilis,0,286,121
Macromomycin B,Influenza B virus,0,918,96
Phenyl-arginine-b-naphthylamide,Gardnerella vaginalis,0,1092,76
Bacampicillin,Clostridium perfringens ,1,465,48
"Trimethyl[2-({10,15,20,24,26,29,31,33,34-nonakis[3-(trimethylphosphaniumyl)propoxy]hexacyclo[21.2.2.2,.2,.2,.2]pentatriaconta-1(25),3(35),4,6(34),8,10,13,15,18,20,23,26,28,30,32-pentadecaen-4-yl}oxy)ethyl]phosphanium decabromide",Enterococcus faecalis,1,1292,66
"3-(2-Furylmethyl)-2-{[(5-hydroxy-1H-pyrazol-3-yl)methyl]sulfanyl}-3,5,6,7-tetrahydro-4H-cyclopenta[4,5]thieno[2,3-d]pyrimidin-4-one",Enterococcus gallinarum,0,263,68
[(ethanesulfinyl)sulfanyl]ethane,Streptococcus mutans,1,1335,155
"(2E)-1-(3 ,4 -dimethoxyphenyl)-3-(2-naphthyl)-2-propen-1-one",Aspergillus fumigatus,0,25,15
faropenem medoxomil,Bacillus amyloliquefaciens,0,1366,17
Daptomycin,Human herpesvirus 5,0,657,90
3-(4-fluorophenyl)-5-(3-ethoxy- 4-hydroxybenzylidene)-2-thioxothiazolidin-4-one,Acinetobacter oleiovorans,0,273,4
"2-(4,5-dibromo-1-methyl-1H-pyrrol-2-yl)-5-styryl-1,3,4-oxadiazole",Enterobacter ludwigi,0,199,64
4-Fluoro-D-phenylalanine,Candida spp.,0,330,40
"1-[2-(3,5-dichlorophenyl)-5-(3,4,5-trimethoxyphenyl)-1,3,4-oxadiazol-3(2H)-yl]ethanone",Eubacterium ramulus,0,133,72
Hyperoside,Pseudomonas libaniensis,0,813,129
Naringin,Escherichia coli,1,1010,69
Phenyl-arginine-b-naphthylamide,Escherichia coli,1,1092,69
"N-(6-tert-butyl-2,3-dihydro- 2-methylpyridazin-4-yl)-5-chlorothiophene-2-carbohydrazide",Pseudomonas japonica,0,982,128
(Z)-4-bromo-5-(bromomethylene)-3-butyl-2(5H)-furanone,Gardnerella vaginalis,0,104,76
4-Benzoylphenylalanine,Marinobacter hydrocarbonoclasticus,0,319,107
Cerulenin ,Influenza A virus ,0,569,95
Crocin,Pseudomonas aeruginosa,1,618,125
Na-Pyrosulfite,Vibrio harveyi,0,1006,176
Carvacrol,Streptococcus mutans,1,529,155
BisEDT-RIP,Human herpesvirus 1 ,0,490,87
Cefapirin,Acinetobacter oleiovorans,0,542,4
cat-AGE-RK2,Candida albicans,1,1351,34
C12HSL,Haemophilus influenzae,0,503,78
"(2E)-1-(1,3-benzodioxol-5-yl)-3-[5-(2-nitro-phenyl)-furan-2-yl]-2-propen-1-one",Pseudomonas aeruginosa,1,18,125
"2-(4,5-dibromo-1-methyl-1H-pyrrol-2-yl)-5-(ethylthio)-1,3,4-oxadiazole",Streptococcus epidermidis,1,194,152
S-(4-tolyl)-L-cysteine,Streptococcus mutans,1,1167,155
Myxinidin1,Sphingomonas sp. Ibu-2,0,956,139
6-fluoroindole,Aeromonas sobria,0,397,10
Fusidic Acid,Staphylococcus epidermidis,0,761,146
"(2S,3R,4S,5S,6R)-6-(Acetoxymethyl)-3-(2-(4-(trifluoromethyl)phenyl)acetamido)tetrahydro-2H-pyran-2,4,5-triyltriacetate",Pseudomonas chlororaphis,0,57,126
"3-(2-Furylmethyl)-2-{[(5-hydroxy-1H-pyrazol-3-yl)methyl]sulfanyl}-3,5,6,7-tetrahydro-4H-cyclopenta[4,5]thieno[2,3-d]pyrimidin-4-one",Pseudomonas aeruginosa,1,263,125
"3,3-dimethyl-13-{8-methyl-[1,2,3,4]tetrazolo[1,5-a]quinolin-4-yl}-1H,2H,3H,4H,6H,11H,13H-indazolo[1,2-b]phthalazine-1,6,11-trione",Lysinibacillus sphaericus,0,248,106
Sennidin A,Enterococcus gallinarum,0,1188,68
"14-dehydroxy-11,12-didehydroandrographolide- 3,19-bis(succinic acid) potasium sodium salt",Staphylococcus cohnii,0,163,145
Raspberry KAS 434,Obesumbacterium proteus,1,1145,115
3-Chlorotyrosine,Salmonella Typhi,0,281,132
2-amino-3-(4-methylbenzenesulfinyl)propanoic acid,Streptococcus sanguis,1,228,163
DJK5,Actinoplanes missouriensis,0,649,8
Isobutanol,Burkholderia cenocepacia,0,837,28
"2,4-Dinitro-D-phenylalanine",Staphylococcus epidermis,1,176,147
N -[(3-chloro-isoquinolin-4-yl)methylene] benzohydrazide,Raoultella ornithinolytica,0,963,131
Rilpivirine,Streptococcus sanguis,0,1156,163
Econazole nitrate,Enteric bacteria and other eubacteria,0,695,59
PG-1,Streptococcus sanguinis,0,1060,162
methanesulfonylbenzene,Enterobacteria phage T4,0,1373,65
Chrysophanol,Pseudomonas aeruginosa,1,581,125
nimesulide,Cryptococcus neoformans,1,1376,52
Vidarabine,Streptococcus epidermidis,0,1312,152
(Z)-4-bromo-5-(bromomethylene)-3-(1-bromoethyl)-2(5H)-furanone,Yersinia enterocolitica,0,102,179
"(2E)-1-(2 ,5 -dimethoxyphenyl)-3-(2-naphthyl)-2-propen-1-one",Vibrio harveyi,0,22,176
2-Carbamoylphenylalanine,Eubacterium ramulus,0,215,72
N -[(3-chloro-isoquinolin-4-yl)methylene] benzohydrazide,Burkholderia thailandensis,0,963,32
3-chloro-5-hydroxy-4-[(4-methylphenylsulfanyl)]-2(5H)-furanone,Bacillus subtilis,1,293,21
4-Ethylcatechol,Klebsiella variicola,0,326,100
LL13-37,Acinetobacter nosocomialis,0,889,3
Benzoylperoxide,Staphylococcus cohnii,0,479,145
Levofloxacin,Shewanella oneidensis,0,897,137
Hesperidin,Human immunodeficiency virus,0,799,91
Bac8C,Streptococcus mutans,1,463,155
D-Methionine,Achromobacter xylosoxidans,0,638,1
Lipoic acid,Klebsiella planticola,0,902,98
3-Methoxy-D-Phenylalanine,Staphylococcus chromogenes,0,286,144
Oxytetracycline,Staphylococcus aureus,0,1056,141
Salicylic acid,Pseudomonas aeruginosa,1,1181,125
2-Nitro-cinnamaldehyde,Staphylococcus cohnii,0,224,145
S-methyl- L-cysteine,Bacillus amyloliquefaciens,0,1171,17
Polymyxin B,Streptococcus salivarius,0,1109,161
2-Cyano-D-phenylalanine,Pseudomonas aeruginosa,0,217,125
11(R)-hydroxy-12(20)-en-knightol acetate,Vibrio harveyi,1,148,176
Ivalin,Candida albicans,1,849,34
Lymecycline,Geobacillus kaustophilus,0,909,77
L-2-Bromophenylalanine,Hepatitis C virus,0,863,86
Penicillic acid,Bacillus subtilis,1,1080,21
"2-(4,5-dibromo-1-methyl-1H-pyrrol-2-yl)-5-(ethylthio)-1,3,4-oxadiazole",Enterococcus faecium,0,194,67
PG-1,Pseudomonas libaniensis,0,1060,129
Ionic silver,Candida guiliermondi,0,834,37
Catechin gallate,Cronobacter sakazakii,0,532,51
"3,5-Difluoro-dl-phenylalanine",Trueperella pyogenes,0,256,171
1010cys,Pseudomonas aeruginosa,1,146,125
2-Methoxy-4-propylphenol,Streptococcus sobrinus,0,221,164
4-bromo-5-(dibromomethylene)-3-ethyl-2(5H)-furanone,Bacillus cereus,0,348,19
Ciprofloxacin lactate,Escherichia coli,1,591,69
NaCl,Klebsiella planticola,0,1007,98
Cefaclor,Clostridium perfringens,0,537,47
"4-Fluoro-(S)-4,5-Dihydroxypentane-2,3-dione",Providencia stuartii,0,328,123
RI-19,Staphylococcus chromogenes,0,1137,144
Thiazolidinedione-8,Candida glabrata,0,1266,36
Butyl gallate,Enterococcus faecalis,1,502,66
beta-Defensin-3,Human herpesvirus 4,0,1347,89
Hepcidin 20,Aeromonas sobria,0,795,10
"N-(1,3-Thiazol-2-yl)butanamide",Enteric bacteria and other eubacteria,0,970,59
4-(Trifluoromethyl)-D-phenylalanine,Staphylococcus epidermis,1,316,147
Curcumin,Streptococcus oralis,0,619,156
Tomentosin,Pseudomonas libaniensis,0,1281,129
Grepafloxacin,Bacillus anthracis,0,788,18
"2,3,4,5,6-Pentafluoro-L-phenylalanine",Staphylococcus aureus,1,169,141
N-(2-Pyrimidinyl)butanamide,Clostridium leptum,0,973,45
S-methyl- L-cysteine,Neisseria gonorrhoeae,0,1171,114
"3,5-dimethylaniline",Candida dubliniensis,0,260,35
"(2E)-1-(2 ,5 -dimethoxyphenyl)-3-[2,5-dimethyl-1-(3-trifluoromethyl-phenyl)-1H-pirrol-3-yl]-2-propen-1-one",Streptococcus mutans,1,23,155
Esomeprazole,Edwardsiella tarda,0,718,56
5-(dibromomethylene)-3-hexyl-2(5H)-furanone,Achromobacter xylosoxidans,0,373,1
Desipramine,Firmicutes,0,665,73
Virginiamycin M1,Vibrio parahaemolyticus,0,1314,177
Ciprofloxacin,Morganella morganii,1,590,109
Tipranavir ,Staphylococcus equorum,0,1277,148
VS2,Pseudomonas fluorescens,0,1305,127
4-(Aminomethyl)-D-phenylalanine,Geobacillus kaustophilus,0,315,77
Hydnocarpin D,Listeria ivanovii,0,810,103
Dalbavancin,Staphylococcus aureus,1,653,141
Linezolid,Citrobacter freundii,0,901,43
Bifonazole,Listeria monocytogenes serotype 4a,0,487,105
Usnic acid,Pseudomonas chlororaphis,0,1304,126
Idoxuridine,Human herpesvirus 1 ,1,820,87
Butyl gallate,Streptococcus mutans,1,502,155
Apramycin,Bacteroides,0,444,22
Meropenem,Clostridium pasteurianum,0,927,46
"4,5-dihydroxy-2,3-pentanedione",Pseudoalteromonas sp.,0,311,124
Sulfamethazine,Bacillus subtilis,0,1229,21
NA-CATH,Burkholderia multivorans,0,997,30
Cloxacillin,Escherichia coli,1,606,69
(furan-2-yl)methyl (2E)-3-phenylprop-2-enoate,Enterococcus faecium,0,112,67
7-formylindole,Pseudomonas aeruginosa,1,405,125
D-Cystine,Enterobacter ludwigi,0,634,64
Zinc sulfate,Marinobacter hydrocarbonoclasticus,0,1332,107
11(R)-hydroxy-12(20)-en-knightal,Streptococcus mitis,0,147,154
2-bromohexanoic acid,Cronobacter sakazakii,0,238,51
Polyethyleneimine,Acinetobacter baumannii,1,1108,2
2-oxindole,Pseudomonas aeruginosa,1,243,125
Cobalt Ion,Hepatitis B virus D,0,608,83
1-{6-nitro-4-phenyl-2-[(E)-2-[4-(trifluoromethoxy)phenyl]ethenyl]quinolin-3-yl}ethan-1-one,Staphylococcus aureus,1,145,141
Norfloxacin,Human immunodeficiency virus 1,0,1028,92
Vanillic acid,Achromobacter xylosoxidans,0,1308,1
"N 3-(2-thienylcarbonyl)-4-bromo-1,5-dimethyl-1H-pyrazole-3-carbohydrazide",Edwardsiella tarda,0,964,56
"(2R)-2-amino-3-(2,3-dihydro-1H-inden-2-yl)propanoic acid",Pseudomonas chlororaphis,0,41,126
Sulfamoxole,Bacillus cereus,0,1232,19
"2,2 -Dipyridyl",Amycolatopsis orientalis,0,168,12
"2-(2-chloro-5-fluorophenyl)-5-(4,5-dibromo-1-methyl-1H-pyrrol-2-yl)-1,3,4-oxadiazole",Clostridium bacilli,0,191,44
Curcumin,Pseudomonas chlororaphis,0,619,126
Bergamottin,Streptomyces sp. ,0,482,167
Adamantane dodecyl beta-maltoside,Staphylococcus haemolyticus,0,421,149
BMAP-27,Mycobacterium leprae,0,460,111
LL-25,Burkholderia pseudomallei,1,886,31
"3-{2-[(1S,2R,4aR,8aR)-1,2,4a,5-tetramethyl-1,2,3,4,4a,7,8,8a-octahydronaphthalen-1-yl]ethyl}-N-(2-fluorophenyl)-5-methylidene-2,5-dihydrofuran-2-amine",Influenza A virus ,0,307,95
6-Gingerol,Coagulase- negative staphylococci,0,393,49
Bis[(4-methylphenyl)methyl] disulfide,Hepatitis B virus F,0,491,84
Nitrofurantoin,Amycolatopsis orientalis,0,1023,12
Besifloxacin,Staphylococcus saprophyticus,0,483,150
Dicyclohexylamine,Burkholderia multivorans,0,677,30
3-(pyridin-3-yl)-5-(3-ethoxy-4-hydroxybenzylidene)-2-thioxothiazolidin-4-one,Staphylococcus epidermis,0,276,147
"F2,5,12W",Staphylococcus epidermidis,1,728,146
4-bromo-5-(bromomethylene)-3-(1-(2-(2-(2-azidoethoxy)ethoxy)ethoxy)butyl)-2(5H)-furanone,Actinomyces oris,0,342,7
IDR-1018,Kocuria rhizophila,0,814,101
Sinensetin,Geobacillus kaustophilus,0,1203,77
trans-Resveratrol,Dihydropteroate synthase type-1,0,1392,55
"1,2,3,4-Tetrahydroisoquinoline-3-carboxylic acid",Hepatitis C Virus ,0,114,85
"(2-(4-chlorophenyl)- 4-{[(6-methyl-2-pyridinyl)amino]methylene}-1,3-oxazol- 5(4H)-one)",Streptococcus mutans,1,13,155
Lysozyme,Salmonella enterica,0,911,133
Meropenem,Staphylococcus equorum,0,927,148
A-3,Candida albicans,1,413,34
Pelargonidin,Pseudomonas aeruginosa,1,1072,125
Vanillin,Raoultella ornithinolytica,0,1309,131
Silver nanoparticles,Candida guiliermondi,0,1194,37
Olmesartran,Bacillus subtilis,1,1048,21
Esculin,Pseudomonas aeruginosa,1,716,125
1-{2-[(E)-2-(4-hydroxy-3-methoxyphenyl)ethenyl]-4-phenylquinolin-3-yl}ethan-1-one,Klebsiella planticola,1,140,98
Melittin,Pseudomonas aeruginosa,1,923,125
Clindamycin,Vibrio campbellii,0,599,174
Penicillic acid,Hafnia alvei,0,1080,79
"N-(5-Methyl-1,2-oxazol-3-yl)butanamide",Human parainfluenza virus type 2,0,981,93
Pseudomonas Quinolone Signal,Lactobacillus fermenti,0,1120,102
Idoxuridine,Serratia marcescens,0,820,136
NaCl,Kocuria rhizophila,0,1007,101
Cinoxacin,Pseudoalteromonas sp.,0,589,124
Tenofovir,Cronobacter sakazakii,0,1256,51
Coprinuslactone,Coagulase- negative staphylococci,0,615,49
Pa-MAP,Escherichia coli,1,1063,69
Neohesperidin,Corynebacterium ammoniagenes,0,1013,50
Quinupristin/dalfopristin,Candida krusei,0,1134,38
3-tetra- decanoyltetronic,Corynebacterium ammoniagenes,0,304,50
3-bromo-5-methoxy-4-[(4-methylphenylsulfanyl)]-2(5H)-furanone,Bacillus subtilis,1,292,21
Malabaricone C,Amycolatopsis orientalis,0,921,12
Piperacillin,Enterobacter aerogenes,0,1102,61
Rhein,Fusarium solani,0,1149,75
Phylloseptin-1,Bacillus licheniformis,0,1098,20
Tangerine oil,Staphylococcus aureus,1,1244,141
Tobramycin,Burkholderia multivorans,1,1279,30
beta-6-20-G3K6,Candida tropicalis,0,1344,41
"2-(4-Bromophenyl)-N-((2R,3R,4S,5S,6R)-2,4,5-trihydroxy-6-(hydroxymethyl)tetrahydro-2H-pyran-3-yl)acetamide",Pseudomonas aeruginosa,1,202,125
SQ109,Enterococcus gallinarum,0,1178,68
"(2E)-1-(3 ,4 ,5 -trimethoxyphenyl)-3-(2-naphthyl)-2-propen-1-one",Mycobacterium avium,0,24,110
Furanone-6,Human herpesvirus 4,0,758,89
Malabaricone C,Staphylococcus equorum,0,921,148
Prolificin A,Enterobacter cloacae,0,1115,63
"3-{2-[(1S,2R,4aR,8aR)-1,2,4a,5-tetramethyl-1,2,3,4,4a,7,8,8a-octahydronaphthalen-1-yl]ethyl}-N-(2-fluorophenyl)-5-methylidene-2,5-dihydrofuran-2-amine",Human parainfluenza virus type 2,0,307,93
epsilon-viniferin,Burkholderia multivorans,0,1365,30
L-4-Carbamoylphenylalanine,Staphylococcus aureus,1,864,141
Yohimbine hydrochloride,Staphylococcus capitis,0,1323,142
Aniline,Desulfovibrio africanus,0,440,54
3-Hydroxytyrosine,Staphylococcus aureus,1,284,141
Ferric chloride,Pseudomonas aeruginosa,0,734,125
beta-Defensin-3,Clostridium pasteurianum,0,1347,46
den-SB056,Pseudomonas putida,0,1361,130
Glycomonoterpenes (G-citral),Hafnia alvei,0,785,79
Monensin sodium salt,Fusarium solani,0,944,75
S-phenyl-L-cysteine sulfoxide,Aspergillus fumigatus,0,1173,15
(2R)-2-amino-3-[(4-chlorophenyl)methanesulfinyl]propanoic acid,Plasmodium falciparum,0,45,118
3-(2-Naphthyl)alanine,Trueperella pyogenes,0,265,171
2-amino-3-(4-methylbenzenesulfinyl)propanoic acid,Streptococcus mutans,1,228,155
"N1-[7-(trifluoromethyl)quinolin-4-yl]octane-1,8-diamine",Serratia marcescens,1,996,136
Chrysophsin-1,Bacillus cereus,0,582,19
16P-AC,Proteus vulgaris,0,165,122
Besifloxacin,Firmicutes,0,483,73
(E)-Chalcone,Human herpesvirus 3,0,90,88
Oregano oil,Trueperella pyogenes,0,1050,171
NA-CATH,Bacteroides,0,997,22
Butyl gallate,Gardnerella vaginalis,0,502,76
Cinoxacin,Mycobacterium tuberculosis,0,589,113
D-Methionine,Staphylococcus epidermis,1,638,147
Aceroside VIII,Pseudomonas japonica,0,417,128
Zinc sulfate,Staphylococcus aureus,1,1332,141
Cyanidin,Firmicutes,0,620,73
"3-{2-[(1S,2R,4aR,8aR)-1,2,4a,5-tetramethyl-1,2,3,4,4a,7,8,8a-octahydronaphthalen-1-yl]ethyl}-N-(3-fluorophenyl)-5-methylidene-2,5-dihydrofuran-2-amine",Streptococcus mutans,1,308,155
3-Methyl-D-phenylalanine,Vibrio cholerae,0,288,175
P60.4Ac,Citrobacter freundii,0,1059,43
4-Methyl benzyl dodecyl beta-maltoside,Lysinibacillus sphaericus,0,337,106
SMAP-29,Pseudomonas aeruginosa,1,1176,125
Vitamin E,Enterococcus gallinarum,0,1317,68
Floxacillin ,Bacteroides fragilis,0,741,24
Propanol,Clostridium perfringens ,0,1116,48
Telekin,Pseudomonas fluorescens,0,1253,127
(R)-2-amino-3-cyclohexylpropanoic acid,Burkholderia cenocepacia,0,93,28
Gatifloxacin,Shigella flexneri,0,776,138
3-(2-Thienyl)-D-alanine,Human herpesvirus 5,0,267,90
2C-4,Serratia liquefaciens,0,245,135
Cidofovir,Staphlococcus aureus,0,584,140
6-MO-LF11-227,Staphylococcus capitis,0,395,142
Magainin-I,Human parainfluenza virus type 2,0,919,93
4-Methoxychalcone,Candida parapsilosis,0,336,39
sorivudine,Mycobacterium tuberculosis,0,1388,113
7-chloroindole,Burkholderia multivorans,0,401,30
Clotrimazole,Streptococcus mutans,1,604,155
(2Z)-N-hexyl-2-hydroxy-3-[4-(trifluoromethyl)phenyl]prop-2-enamide,Mycobacterium smegmatis,0,68,112
3-Iodotyrosine,Enterococcus gallinarum,0,285,68
Penciclovir,Corynebacterium ammoniagenes,0,1073,50
O-LF11-215,Listeria ivanovii,0,1035,103
L-cysteic acid,Streptomyces rubiginosus,0,874,166
4-hydroxy coumarin,Corynebacterium ammoniagenes,0,355,50
Gallium cation,Pseudomonas fluorescens,0,771,127
Sulfacetamide,Candida spp.,0,1222,40
Isobutanol,Enterococcus faecium,0,837,67
Dodecyl beta-maltoside,Haemophilus influenzae,0,690,78
"L-744,832",Vibrio parahaemolyticus,0,865,177
Nitazoxanide ,Streptomyces gordonii,0,1021,165
Clary sage,Acinetobacter sp.,0,596,5
Clomocycline,Candida tropicalis,0,603,41
Penicillenol C2,Streptococcus pneumoniae serotype 4,0,1079,159
(2R)-2-amino-3-phenylmethanesulfinylpropanoic acid,Aggregatibacter actinomycetemcomitans,0,47,11
"Dihydroxybenzoic Acid (3,4-DHBA)",Pseudomonas aeruginosa,0,681,125
W-7 Hydrochloride,Candida albicans,1,1320,34
N-Acetylcysteine,Hepatitis C virus,0,984,86
Isoriccardin C,Candida albicans,1,844,34
Timolol,Pseudomonas japonica,0,1274,128
"2-(4,5-dibromo-1-methyl-1H-pyrrol-2-yl)-5-(ethylthio)-1,3,4-oxadiazole",Vibrio vulnificus,0,194,178
Thiazolidinedione-8,Kocuria rhizophila,0,1266,101
NA12,Streptococcus salivarius,0,1000,161
Sinefungin,Acinetobacter nosocomialis,0,1202,3
phys-GL13K,Arthrobacter sp. ,0,1386,14
(5Z)-4-Bromo-5-(bromomethylene)-3-butyl-2(5H)-furanone,Enterobacter ludwigi,0,87,64
TMC-151s C,Micrococcus luteus,0,1240,108
NA10,Staphylococcus caprae,0,999,143
N-[5-(6-amino-9H-purin-9-yl)-4-hydroxy-2-(hydroxymethyl)oxolan-3-yl]-3-(4-methoxyphenyl)propanamide,Vibrio anguillarum,1,989,173
OHC8HL,Neisseria gonorrhoeae,0,1039,114
Silybin,Staphylococcus aureus,1,1199,141
Tyrosol,Enterococcus faecalis,0,1295,66
Clary sage oil,Clostridium perfringens,0,597,47
M8-33,Klebsiella pneumoniae,0,912,99
(RW)3-NH2,Streptococcus oralis,0,96,156
Kaempherol,Baker's yeast,0,857,27
3-(2-Naphthyl)-D-alanine,Staphylococcus aureus,1,264,141
"N1-[7-(trifluoromethyl)quinolin-4-yl]ethane-1,2-diamine",Streptomyces sp. ,0,995,167
Linalool,Actinomyces oris,0,900,7
faropenem medoxomil,Escherichia coli ,1,1366,70
SP1,Raoultella ornithinolytica,0,1177,131
N-decanoyl-L- homoserine benzyl ester,Citrobacter freundii,0,990,43
"3-(2-Furylmethyl)-2-{[(5-hydroxy-1H-pyrazol-3-yl)methyl]sulfanyl}-3,5,6,7-tetrahydro-4H-cyclopenta[4,5]thieno[2,3-d]pyrimidin-4-one",Acinetobacter nosocomialis,0,263,3
meta-toluidine,Staphylococcus equorum,0,1372,148
Epicatechin,Bacteroides uniformis,0,706,25
Butenafine hydrochloride,Streptococcus oralis,0,499,156
Sorbitol,Human herpesvirus 3,0,1210,88
Caffeic Acid,Staphylococcus saprophyticus,0,516,150
Meropenem,Escherichia coli,1,927,69
Cefepime ,Aspergillus fumigatus,0,546,15
"(2S,3R,4S,5S,6R)-6-(Acetoxymethyl)-3-decanamidotetrahydro-2H-pyran-2,4,5-triyl triacetate",Acinetobacter nosocomialis,0,65,3
Lanthanum chloride,Pseudomonas fluorescens,1,893,127
Epigallocatechin Gallate,Burkholderia multivorans,1,710,30
D-glutamine,Streptococcus mutans,0,644,155
Epigallocatechin Gallate,Eikenella corrodens,1,710,58
Didanosine,Dengue Virus Type 2,0,678,53
cat-AGE-RK1,Escherichia coli,1,1350,69
LL-37,Raoultella ornithinolytica,0,888,131
Pentagalloylglucose,Pseudomonas aeruginosa,1,1082,125
R-FV-I16,Bacteroides fragilis,0,1135,24
Bromohexylmaleic anhydride,Streptococcus oralis,0,494,156
BMAP-18,Streptococcus parasanguinis,0,459,157
Furanone-3,Enterobacter cancerogenus,0,756,62
Menthol,Hepatitis B virus F,0,925,84
Carabrol,Porphyromonas gingivalis,0,522,119
Novobiocin,Staphylococcus aureus,1,1032,141
Cyclacillin,Human immunodeficiency virus,0,621,91
Camphene,Burkholderia cenocepacia,0,520,28
(2E)-1-(4 -methoxyphenyl)-3-(2-naphthyl)-2-propen-1-one,Streptococcus mutans,1,28,155
Clotrimazole,Schistosoma,0,604,134
OHC8HL,Burkholderia pseudomallei,1,1039,31
Sertaconazole nitrate,Actinobacillus actinomycetemcomitans,0,1189,6
Lys-a1,Streptococcus sobrinus,1,910,164
Norgestimate,Human herpesvirus 4,0,1029,89
Meropenem,Coagulase- negative staphylococci,0,927,49
Copper sulfate,Kocuria rhizophila,1,614,101
Indole,Pantoea agglomerans,1,827,116
Diphenyl disulphide,Acinetobacter nosocomialis,0,684,3
C16G2,Streptococcus gordonii,1,505,153
Lipoic acid,Listeria monocytogenes,0,902,104
Resorcinol,Staphylococcus aureus,1,1147,141
Cerulenin,Halomonas pacifica,0,568,81
Indole-3-acetic acid,Vibrio campbellii,1,830,174
"3-{2-[(1S,2R,4aR,8aR)-1,2,4a,5-tetramethyl-1,2,3,4,4a,7,8,8a-octahydronaphthalen-1-yl]ethyl}-N-(2-fluorophenyl)-5-methylidene-2,5-dihydrofuran-2-amine",Chromobacterium violaceum,0,307,42
Phenoxymethylpenicillin,Staphylococcus aureus,1,1091,141
4-Benzoylphenylalanine,Vibrio harveyi,0,319,176
Sulfadoxine,Shewanella oneidensis,0,1226,137
Cefixime,Staphylococcus aureus,1,547,141
Curcumin,Edwardsiella tarda,0,619,56
N-decanoyl-L- homoserine benzyl ester,Streptococcus salivarius,0,990,161
Pyrimidinedione,Staphylococcus epidermidis,1,1124,146
Esomeprazole,Streptococcus sanguinis,0,718,162
Peptide 1037,Clostridium pasteurianum,0,1087,46
1-{2-[(E)-2-(4-hydroxy-3-methoxyphenyl)ethenyl]-4-phenylquinolin-3-yl}ethan-1-one,Bacillus subtilis,1,140,21
alpha-tocopherol,Streptococcus sanguinis,0,1343,162
Cyanidin,Desulfovibrio africanus,0,620,54
"2-(2,4-difluorophenyl)-1,3-bis(1H-1,2,4-triazol-1-yl)propan-2-yl (2E)-3-phenylprop-2-enoate",Enteric bacteria and other eubacteria,0,180,59
Zanamivir,Amycolatopsis orientalis,0,1325,12
Ellagic Acid,Escherichia coli,1,698,69
4-Benzoylphenylalanine,Staphylococcus equorum,0,319,148
Octyl gallate,Staphylococcus epidermis,0,1043,147
3-Nitro-D-tyrosine,Human herpesvirus 3,0,289,88
RT2,Porphyromonas gingivalis,0,1142,119
Moxifloxacin ,Trichophyton mentagrophytes,0,946,170
"(5E)-5-decylidene-1,3-thiazolidine-2,4-dione",Klebsiella planticola,0,72,98
G H12,Streptococcus mitis,1,763,154
Ibuprofen,Streptomyces gordonii,0,819,165
RTA3,Streptococcus pyogenes,0,1143,160
Furvina,Acinetobacter sp.,0,760,5
Sulfisoxazole ,Mycobacterium leprae,0,1237,111
Pleurocidin,Staphylococcus aureus,1,1107,141
para-toluidine,Staphylococcus aureus,0,1385,141
Bac8C,Lactobacillus fermenti,1,463,102
Silver sulphate,Listeria monocytogenes serotype 4a,0,1198,105
Ssp (A4K-A11K),Obesumbacterium proteus,0,1212,115
Penicillin G,Influenza B virus ,0,1081,97
3-(1-Naphthyl)-D-Alanine,Vibrio cholerae,0,261,175
"(1R,3S,7R,8S,11S,12R)-3-hydroxy-1,4,8-trimethyl-12-(propan-2-yl)tricyclo[9.3.0.0]tetradec-4-en-6-one",Candida krusei,0,8,38
N -(pyridin-3-yl-methylene)benzohydrazide,Staphylococcus aureus,1,962,141
Sulconazole nitrate,Escherichia coli ,0,1221,70
Trimethyl(3-{4-[3-(trimethylphosphaniumyl)propoxy]phenoxy}propyl)phosphanium dibromide,Enterococcus faecalis,1,1291,66
Thiazolidinedione-8,Shigella flexneri,0,1266,138
Oxyresveratrol,Streptococcus mutans,0,1055,155
S-(2-thiazoyl)-L-cysteine,Lysinibacillus sphaericus,0,1165,106
N-(4-hydroxy-2-methylphenyl)-3-oxododecanamide,Proteus vulgaris,0,980,122
Furanone-5,Porphyromonas gingivalis,0,757,119
LF11-215,Pseudomonas aeruginosa,1,879,125
Kaempherol,Vibrio harveyi,1,857,176
N -(5-bromo-2-hydroxy-benzylidene)benzohydrazide,Streptococcus parasanguinis,0,961,157
Ajoene,Pseudomonas aeruginosa,1,423,125
Ferrous,Propionibacterium acnes,0,735,120
DJK5,Klebsiella pneumoniae,1,649,99
3-(2-Naphthyl)alanine,Staphylococcus epidermis,1,265,147
faropenem medoxomil,Dihydropteroate synthase type-1,0,1366,55
prop-2-ene-1-SO-thioperoxol,Listeria ivanovii,0,1387,103
D-Tryptophan,Staphylococcus epidermis,1,641,147
KD-13,Fusarium solani,0,853,75
Copper sulfate,Human herpesvirus 4,0,614,89
dF17-6K,Pseudomonas japonica,0,1359,128
VSL2,Acinetobacter nosocomialis,0,1306,3
3-Chlorotyrosine,Staphylococcus epidermis,1,281,147
Tipranavir ,Klebsiella pneumoniae,0,1277,99
Virginiamycin M1,Hepatitis B virus F,0,1314,84
Na-Propionate,Burkholderia pseudomallei,0,1005,31
"(2E)-1-(3 ,4 -dimethoxyphenyl)-3-(2-naphthyl)-2-propen-1-one",Enterococcus faecalis,1,25,66
"13-{8-methoxy-[1,2,3,4]tetrazolo[1,5-a]quinolin-4-yl}-3,3-dimethyl-1H,2H,3H,4H,6H,11H,13H-indazolo[1,2-b]phthalazine-1,6,11-trione",Candida guiliermondi,0,159,37
Benzophenonyl decyl beta-maltoside,Staphylococcus cohnii,0,478,145
Cefixime,Proteus mirabilis,1,547,121
Benzalacetone,Pseudomonas chlororaphis,0,471,126
2-Methoxy-4-propylphenol,Arthrobacter sp. ,0,221,14
"N 3-(2-thienylcarbonyl)-4-bromo-1,5-dimethyl-1H-pyrazole-3-carbohydrazide",Fusarium solani,0,964,75
"(E)-1-[6-[(3-acetyl-2,4,6-trihydroxy-5-methylphenyl)methyl]-5,7-dihydroxy-2,2-dimethyl-2H-1-benzopyran-8-yl]-3-phenyl-2-propen-1-one",Bacillus subtilis,0,88,21
3-(2-Naphthyl)alanine,Halomonas pacifica,0,265,81
"4-(5-(4,5-dibromo-1-methyl-1H-pyrrol-2-yl)-1,3,4-oxadiazole-2-yl)aniline",Pseudomonas aeruginosa,1,314,125
Oxiconazole nitrate,Burkholderia thailandensis,0,1054,32
N-(4-Morpholinyl)butanamide,Bacteroides vulgatus,0,978,26
D-Leucine,Bacillus subtilis,0,637,21
D-galactose cluster,Aggregatibacter actinomycetemcomitans,0,643,11
G H12,Gardnerella vaginalis,0,763,76
Macromomycin B,Helicobacter pylori ,0,918,82
Praziquantel,Schistosoma,1,1113,134
"2-bromo-4-methyl-6-(3,4,5-tribromo-1H-pyrrole-2-carbonyl)phenol",Bacillus amyloliquefaciens,0,236,17
Indole-3-carboxyaldehyde,Corynebacterium ammoniagenes,0,831,50
Avibactam,Pseudomonas aeruginosa,1,454,125
Wheat bran,Proteus vulgaris,0,1321,122
Doripenem,Escherichia coli,1,692,69
Fluperlapine,Candida glabrata,0,744,36
4-Chlorochalcone,Staphylococcus caprae,0,324,143
"1,3-dimethyl-6-(4-methylphenyl)-5-[3-(4-nitrophenyl)-1-phenyl-1H-pyrazol-4-yl]-1H,2H,3H,4H,5H,6H-pyrimido[4,5-d][1,3]diazine-2,4-dione",Micrococcus luteus,1,118,108
N-[(3-chloro-isoquinolin-4-yl)methylene]benzohydrazide,Staphylococcus aureus,1,988,141
Peptide 1037,Burkholderia cenocepacia,1,1087,28
Cefixime,Raoultella ornithinolytica,0,547,131
Curcumin,Raoultella ornithinolytica,1,619,131
Hetacillin,Enterococcus gallinarum,0,800,68
Tellurite,Vibrio vulnificus,0,1255,178
Glucose,Campylobacter jejuni,1,783,33
Triclosan ,Escherichia coli,1,1285,69
4-Methoxycarbonylphenylboronic acid,Vibrio anguillarum,1,335,173
2-(2-(2-Chloroacetamido)-5-methylphenyl)-2-oxo-N-( prop-2-yn- 1-yl)acetamide,Escherichia coli,1,187,69
4-Ethylguaiacol,Human herpesvirus 4,0,327,89
Ferric chloride,Mycobacterium avium,0,734,110
Ritonavir,Human immunodeficiency virus,1,1158,91
Eucarobustol E,Streptococcus pneumoniae,0,725,158
L-4-Carbamoylphenylalanine,Staphylococcus epidermis,1,864,147
Linalool,Enterobacter cloacae,0,900,63
Lomefloxacin,Achromobacter sp.,0,904,0
Levofloxacin,Stenotrophomonas maltophilia,1,897,151
"13-(2-chloroquinolin-3-yl)-3,3-dimethyl-1H,2H,3H,4H,6H,11H,13H-indazolo[1,2-b]phthalazine-1,6,11-trione",Candida albicans,1,156,34
"(5Z)-2-(1,1-dichlorobut-3-yn-1-yl)-5-{[4-(trifluoromethyl)phenyl]methylidene}-1,3-oxazolidin-4-one",Coagulase- negative staphylococci,0,83,49
Autoinducer-2,Streptomyces sp. ,0,452,167
HA14-1,Yersinia enterocolitica,0,790,179
Asperdiol,Candida spp.,0,446,40
Phosphorylserine,Candida dubliniensis,0,1097,35
Holothuroidin 1,Staphylococcus epidermidis,1,806,146
5-(dibromomethylene)-3-(1-acetoxyethyl)-2(5H)-furanone,Clostridium perfringens ,0,368,48
3-(2-Thienyl)-D-alanine,Thermus thermophilus,0,267,168
Sulfamethoxazole,Raoultella ornithinolytica,0,1231,131
3-(1-Naphthyl)-D-Alanine,Acinetobacter oleiovorans,0,261,4
Kaempherol,Staphylococcus aureus,1,857,141
Cynarin,Streptomyces rubiginosus,0,625,166
Sodium sulfate,Eubacterium ramulus,0,1209,72
"2,4-Dimethylphenylalanine",Staphylococcus aureus,1,175,141
3-geranyl-1-(2-methylpropanoyl)phloroglucinol,Actinobacillus actinomycetemcomitans,0,297,6
Glycomonoterpenes (G-citral),Serratia marcescens,0,785,136
Itraconazole,Candida albicans,1,848,34
(2E)-1-(5-clorotiophen-2-yl)-3-(3-methoxy-4-benzyloxi-phenyl)-2-propen-1-one,Staphylococcus epidermidis,1,29,146
Penicillenol A1,Trueperella pyogenes,0,1074,171
"3-(2-Furylmethyl)-2-{[(5-hydroxy-1H-pyrazol-3-yl)methyl]sulfanyl}-3,5,6,7-tetrahydro-4H-cyclopenta[4,5]thieno[2,3-d]pyrimidin-4-one",Salmonella enterica,1,263,133
Thimerosal,Listeria ivanovii,0,1267,103
"(2S,3R,4S,5S,6R)-3-(2-(1H-Indol-3-yl)acetamido)-6-(acetoxymethyl)tetrahydro-2H-pyran-2,4,5-triyl triacetate",Escherichia coli O6:H1 (strain CFT073 / ATCC 700928 / UPEC),0,56,71
4-Fluoro-2-methyl-D-phenylalanine,Staphylococcus aureus,1,329,141
2-amino-3-(4-methylbenzenesulfinyl)propanoic acid,Enterococcus faecalis,0,228,66
Thymol,Candida tropicalis,0,1270,41
Tert-butanol,Desulfovibrio africanus,0,1259,54
Tyrphostin AG1478,Candida albicans,1,1297,34
Epigallocatechin Gallate,Pseudomonas japonica,1,710,128
5-(dibromomethylene)-3-(1-bromoethyl)-2(5H)-furanone,Hepatitis B virus D,0,370,83
alpha-mangostin,Staphylococcus epidermidis,1,1341,146
D-2-aminoadipic acid,Burkholderia pseudomallei,0,628,31
(Z)-4-bromo-5-(bromomethylene)-3-hexyl-2(5H)-furanone,Staphylococcus haemolyticus,0,106,149
Meta-bromo-thiolactone,Citrobacter freundii,0,928,43
Tet-20,Influenza A virus ,0,1260,95
1-{4-phenyl-2-[(E)-2-[4-(trifluoromethoxy)phenyl]ethenyl]quinolin-3-yl}ethan-1-one,Escherichia coli,1,143,69
17-Deacetyl norgestimate,Edwardsiella tarda,0,166,56
Chlorpromazine,Proteus vulgaris,0,578,122
L-Phenylalanine-L-Lysine,Staphylococcus aureus,1,871,141
Ferulic Acid,Escherichia coli,1,736,69
Penicillenol C2,Staphylococcus aureus,1,1079,141
Quercetin Dihydrate,Staphylococcus aureus,1,1128,141
SP1,Klebsiella variicola,0,1177,100
Ketoconazole,Influenza A virus ,0,860,95
Avermectin B1a,Candida albicans,1,453,34
D-glutamine,Bacteroides fragilis,0,644,24
"1-{2-[(E)-2-[3,5-bis(trifluoromethyl)phenyl]ethenyl]-4-phenylquinolin-3-yl}ethan-1-one",Listeria monocytogenes,0,142,104
Oleic Acid,Clostridium perfringens,0,1046,47
SQ109,Human immunodeficiency virus 1,0,1178,92
2-Nitro-cinnamaldehyde,Vibrio cholerae,1,224,175
MUC7 12-mer-D,Aquifex aeolicus,0,914,13
Ceftazidime hydrate,Burkholderia thailandensis,0,561,32
3-(4-Pyridinyl)alanine,Influenza B virus ,0,271,97
(2E)-1-[4-(4-nitrophenyl)piperazin-1-yl]-3-phenylprop-2-en-1-one,Candida albicans,1,33,34
Sage oil,Desulfovibrio africanus,0,1179,54
Di-MB-LF11-322,Streptococcus epidermidis,0,668,152
Furanone C-30,Acinetobacter nosocomialis,0,753,3
(2-{[(2-phenylethyl)sulfanyl]sulfinyl}ethyl)benzene,Pichia anomala,0,15,117
(2E)-1-[4-(3-nitropyridin-2-yl)piperazin-1-yl]-3-phenylprop-2-en-1-one,Candida albicans,1,32,34
p-nitrophenyl glycerol,Proteus mirabilis,1,1380,121
Esculin hydrate,Campylobacter jejuni,0,717,33
Chlorpromazine,Staphylococcus aureus,1,578,141
Epigallocatechin Gallate,Vibrio parahaemolyticus,0,710,177
NA8,Candida albicans,1,1001,34
M8-33,Streptococcus mutans,1,912,155
3-(2-Thienyl)-D-alanine,Staphylococcus epidermis,1,267,147
"5,8,11,14-Eicosatetraynoic acid",Amycolatopsis orientalis,0,365,12
N-decanoyl-L- homoserine benzyl ester,Aspergillus fumigatus,0,990,15
Ampicillin,Staphylococcus aureus,1,437,141
"5-Chloro-1-(2-chloroacetyl)indoline-2,3-dione",Vibrio anguillarum,0,377,173
W-7 Hydrochloride,Pseudomonas libaniensis,0,1320,129
alpha-Longipinene,Candida albicans,1,1338,34
Uracil,Mycobacterium smegmatis,0,1301,112
13-methyltetradecanoic acid,Burkholderia multivorans,0,157,30
Tomentosin,Cryptococcus neoformans,0,1281,52
Clioquinol,Streptococcus salivarius,0,601,161
4-Nitro-D-phenylalanine,Bacillus subtilis,0,339,21
(2-methyl-5-nitro-1H-imidazol-1-yl)methyl (2E)-3-phenylprop-2-enoate,Pseudomonas japonica,0,14,128
Thymol,Proteus mirabilis,0,1270,121
Moxifloxacin,Candida albicans,1,945,34
4-nitropyridine N -oxide,Influenza B virus,0,359,96
"(5Z)-2-(1,1-dichlorobut-3-yn-1-yl)-5-{[4-(trifluoromethyl)phenyl]methylidene}-1,3-oxazolidin-4-one",Bacillus cereus,0,83,19
Sulfamethoxazole,Streptococcus epidermidis,0,1231,152
TMB-8,Human immunodeficiency virus,0,1239,91
"(2E)-1-(3 ,4 ,5 -trimethoxyphenyl)-3-(2-naphthyl)-2-propen-1-one",Pseudomonas aeruginosa,1,24,125
"(5Z)-2-(1,1-dichloro-2-phenylethyl)-5-{[4-(trifluoromethyl)phenyl]methylidene}-1,3-oxazolidin-4-one",Acinetobacter oleiovorans,0,78,4
"2-(4-Chlorophenyl)-N-((2R,3R,4S,5S,6R)-2,4,5-trihydroxy-6-(hydroxymethyl)tetrahydro-2H-pyran-3-yl)acetamide",Vibrio harveyi,0,204,176
KSL-W,Human immunodeficiency virus,0,855,91
Thiophenone TF101,Escherichia coli,1,1268,69
Reserpine,Streptococcus mutans,1,1146,155
Emodin,Stenotrophomonas maltophilia,1,700,151
"2-(4-Chlorophenyl)-5-(4,5-dibromo-1-methyl-1H-pyrrol-2-yl)-1,3,4-oxadiazole",Kocuria rhizophila,0,203,101
Cefepime,Pseudomonas aeruginosa,1,545,125
Gallic Acid,Streptococcus salivarius,0,769,161
Enoxacin,Streptomyces gordonii,0,704,165
Isothiocyanate,Mycobacterium smegmatis,0,847,112
4-tertiary butyl benzyl dodecyl beta-maltoside,Vibrio harveyi,0,361,176
7-methoxyindole,Aeromonas hydrophila,0,407,9
Sage oil,Thermus thermophilus ,0,1179,169
Sulfamethizole,Candida parapsilosis,0,1230,39
(2E)-1-[4 -(1H-imidazol-1-yl)phenyl]-3-(3-methoxy-4-benzyloxi-phenyl)-2-propen-1-one,Staphylococcus epidermidis,1,31,146
digoxin,Eggerthella lenta,1,1363,57
Fraxin,Fusarium solani,0,750,75
4-Benzyl-sulfonyl-5-hydroxy-3-chloro-2(5H)-furanone,Actinomyces oris,0,320,7
Caffeic Acid,Streptococcus sobrinus,0,516,164
4-Amino-D-phenylalanine,Burkholderia multivorans,0,318,30
3-Chlorotyrosine,Staphylococcus aureus,1,281,141
Coprinuslactone,Candida dubliniensis,0,615,35
Allicin,Proteus mirabilis,1,426,121
5-(dibromomethylene)-3-butyl-2(5H)-furanone,Hepatitis B virus F,0,371,84
(Z)-3-(bromomethylene) isobenzofuran-1(3H)-one,Burkholderia multivorans,0,99,30
Tigecycline,Pseudomonas putida,0,1272,130
alpha-Humulene,Helicobacter pylori ,0,1337,82
4-(Aminomethyl)-D-phenylalanine,Enterococcus gallinarum,0,315,68
Holothuroidin 2,Pseudomonas aeruginosa,1,807,125
Bedaquiline,Acinetobacter oleiovorans,0,470,4
Pyrazinamide,Aquifex aeolicus,0,1122,13
Sulfamethizole,Plasmodium falciparum,0,1230,118
KT2,Dengue Virus Type 2,0,856,53
D-Aspartate,Actinobacillus actinomycetemcomitans,0,631,6
para-toluidine,Pseudomonas fluorescens,0,1385,127
2-amino-3-(propane-1-sulfinyl)propanoic acid,Streptococcus mutans,1,230,155
1-{2-[(E)-2-(4-chlorophenyl)ethenyl]-4-phenylquinolin-3-yl}ethan-1-one,Pseudomonas aeruginosa,1,139,125
Tyrosol,Candida glabrata,1,1295,36
LL7-37,Varicella-zoster virus,0,890,172
4-Acetamido-D-phenylalanine,Stenotrophomonas maltophilia,0,317,151
Fusidic acid,Klebsiella variicola,0,762,100
Rifalazil,Obesumbacterium proteus,0,1153,115
11(R)-hydroxy-12(20)-en-knightol acetate,Propionibacterium acnes,0,148,120
Vidarabine,Streptomyces sp. ,0,1312,167
Glipizide,Burkholderia cepacia,0,782,29
D-tert-Leucine,Candida parapsilosis,0,645,39
Protocatechuic acid,Enterococcus faecalis,0,1119,66
"(2S,3R,4S,5S,6R)-6-(Acetoxymethyl)-3-(2-(4-fluorophenyl)acetamido)tetrahydro-2H-pyran-2,4,5-triyl triacetate",Chromobacterium violaceum,0,60,42
Diphenyl diselenide,Candida albicans,1,683,34
Sulfadiazine ,Varicella-zoster virus,0,1225,172
S-ethyl-L-cysteine,Porphyromonas gingivalis,0,1170,119
M8-33,Serratia marcescens,0,912,136
"3-{2-[(1S,2R,4aR,8aR)-1,2,4a,5-tetramethyl-1,2,3,4,4a,7,8,8a-octahydronaphthalen-1-yl]ethyl}-5-methylidene-N-phenyl-2,5-dihydrofuran-2-amine",Streptococcus mutans,1,306,155
S-(2-thienyl)-L-cysteine,Human immunodeficiency virus 1,0,1166,92
Chrysophanol,Streptococcus mutans,1,581,155
Hetacillin,Enteric bacteria and other eubacteria,0,800,59
"5-decyl-1,3-thiazolidine-2,4-dione",Staphylococcus chromogenes,0,383,144
Daclatasvir,Varicella-zoster virus,0,651,172
(Z)-4-bromo-5-(bromomethylene)-3-methylfuran-2(5H)-one,Pseudomonas aeruginosa,1,107,125
N-Acetylcysteine,Candida krusei,0,984,38
Silver nanowires,Streptomyces gordonii,0,1195,165
N-[(3-chloro-isoquinolin-4-yl)methylene]benzohydrazide,Listeria monocytogenes serotype 4a,0,988,105
C16G2,Streptococcus sanguinis,1,505,162
3-oxo-C8-HSL,Propionibacterium acnes,0,303,120
Piperacillin-Tazobactam,Mycobacterium tuberculosis,0,1103,113
Clindamycin,Porphyromonas gingivalis,0,599,119
Ritonavir,Aeromonas sobria,0,1158,10
4-dimethyl-amino-cinnamaldehyde,Vibrio vulnificus,1,353,178
Sodium sulfate,Human parainfluenza virus type 2,0,1209,93
D-Proline,Bacteroides,0,640,22
Ursolic Acid,Pseudomonas aeruginosa,1,1302,125
Carbonyl cyanide m-chlorophenylhydrazone,Shewanella oneidensis,0,524,137
"(5E)-5-decylidene-1,3-thiazolidine-2,4-dione",Baker's yeast,0,72,27
Silver nanoparticles,Aquifex aeolicus,0,1194,13
Cycloserine,Human herpesvirus 3,0,623,88
Butenafine hydrochloride,Influenza A virus ,0,499,95
Raltegravir,Schistosoma,0,1144,134
3-(3-Pyridinyl)alanine,Staphylococcus epidermis,1,269,147
Ciprofloxacin ,Influenza B virus ,0,592,97
Dibenzyl disulphide,Bacillus subtilis,0,671,21
Zeaxanthin,Streptomyces rubiginosus,0,1326,166
Ceftriaxone,Pseudomonas libaniensis,0,564,129
Carolacton,Vibrio anguillarum,0,528,173
cyclo(Trp-Ser),Serratia marcescens,0,1357,136
Acetohydroxamic Acid,Proteus mirabilis,1,418,121
Pyrvinium pamoate,Streptomyces gordonii,0,1126,165
Carabrone,Hepatitis B virus D,0,523,83
"4-Hydroxy-2,5-dimethyl-3(2H)-furanone",Arthrobacter sp. ,0,332,14
Clotrimazole,Lysinibacillus sphaericus,0,604,106
Aztreonam,Serratia marcescens,0,458,136
Dalbavancin,Staphylococcus epidermidis,1,653,146
Titanium dioxide,Aquifex aeolicus,0,1278,13
Ampicillin,Listeria monocytogenes,1,437,104
4-(Aminomethyl)-D-phenylalanine,Hepatitis C Virus ,0,315,85
Ursolic acid,Pseudomonas aeruginosa,1,1303,125
S-phenyl-L-cysteine sulfoxide,Plasmodium falciparum,0,1173,118
S-(2-thiazoyl)-L-cysteine,Streptococcus mutans,1,1165,155
Benzyl decyl beta-maltoside,Stenotrophomonas maltophilia,0,480,151
Sodium ascorbate,Clostridium pasteurianum,0,1208,46
hLF1-11,Influenza B virus,0,1367,96
Bac8C,Micrococcus luteus,0,463,108
Emodin,Streptococcus salivarius,0,700,161
Yohimbine hydrochloride,Morganella morganii,0,1323,109
Fenclonine,Staphylococcus capitis,0,733,142
Erythromycin,Vibrio cholerae,0,713,175
Propyl gallate,Staphylococcus epidermidis,1,1117,146
Midazolam,Candida albicans,1,941,34
Mucobromic acid,Obesumbacterium proteus,0,947,115
Norgestimate,Pantoea agglomerans,0,1029,116
Tetrameric peptide,Escherichia coli,1,1264,69
"N1-(7-chloroquinolin-4-yl)dodecane-1,12-diamine",Serratia marcescens,1,991,136
4-tertiary butyl benzyl dodecyl beta-maltoside,Pseudomonas fluorescens,0,361,127
Clozapine,Bacillus amyloliquefaciens,0,607,17
beta-Defensin-1,Cryptococcus neoformans,1,1346,52
Pentanol,Klebsiella variicola,0,1084,100
7-nitroindole,Pseudomonas aeruginosa,1,409,125
2-geranyloxy-1-(2-methylpropanoyl)phloroglucinol,Staphylococcus aureus,1,240,141
Tetracycline,Propionibacterium acnes,0,1263,120
"2-(4,5-dibromo-1-methyl-1H-pyrrol-2-yl)-5-(methylthio)-1,3,4-oxadiazole",Listeria monocytogenes,0,195,104
Fraxin,Pseudomonas aeruginosa,1,750,125
CSP,Streptococcus sanguinis,1,512,162
KSL,Streptococcus mutans,1,854,155
Olive oil,Staphylococcus aureus,1,1047,141
LF11-324,Pichia anomala,0,882,117
5-Chloroindole,Pseudomonas aeruginosa,1,378,125
Trovafloxacin,Streptococcus epidermidis,0,1294,152
Irinotecan,Proteus vulgaris,0,835,122
Hexameric peptide,Salmonella Typhi,0,802,132
cat-AGE-RK2,Staphylococcus aureus,1,1351,141
Emodin,Acinetobacter baumannii,0,700,2
"13-(2-chloroquinolin-3-yl)-3,3-dimethyl-1H,2H,3H,4H,6H,11H,13H-indazolo[1,2-b]phthalazine-1,6,11-trione",Coagulase- negative staphylococci,0,156,49
IMB-2,Streptococcus mutans,1,818,155
Myxinidin,Listeria monocytogenes,1,955,104
Capreomycin,Clostridium bacilli,0,521,44
Ephedrine,Pseudomonas aeruginosa,1,705,125
Coladonin,Streptomyces rubiginosus,0,609,166
Farnesol,Candida dubliniensis,1,732,35
Furanone 56,Pseudomonas aeruginosa,1,752,125
"1-{2-[(E)-2-[3,5-bis(trifluoromethyl)phenyl]ethenyl]-4-phenylquinolin-3-yl}ethan-1-one",Escherichia coli,1,142,69
Holothuroidin 1,Bacteroides vulgatus,0,806,26
D-2-aminoadipic acid,Pseudomonas japonica,0,628,128
(2E)-1-(3 -methoxyphenyl)-3-(2-naphthyl)-2-propen-1-one,Pseudomonas aeruginosa,1,27,125
Isosilybin A,Candida glabrata,0,845,36
Diazepam,Streptomyces gordonii,0,670,165
5-(dibromomethylene)-3-(1-bromobutyl)-2(5H)-furanone,Pantoea agglomerans,0,369,116
Epigallocatechin,Candida albicans,1,709,34
Cathelicidin,Staphylococcus equorum,0,533,148
2-amino-3-(3-nitrophenyl)propanoic acid,Staphylococcus aureus,1,227,141
hLF1-11,Corynebacterium ammoniagenes,0,1367,50
Caffeic Acid,Pseudomonas aeruginosa,1,516,125
Scrambled LL-37,Candida krusei,0,1185,38
Penicillenol C2,Enterococcus faecalis,0,1079,66
Rhein,Staphylococcus capitis,0,1149,142
2-(2-(2-Azidoacetamido)-5-bromophenyl)-2-oxo-N-(prop-2-yn-1-yl)acetamide,Pseudomonas aeruginosa,1,181,125
L-ornithine hydrochloride,Staphylococcus epidermis,1,876,147
N -(3-nitro-4-hydroxy-benzylidene)benzohydrazide,Enterobacter cancerogenus,0,959,62
Epigallocatechin Gallate,Streptococcus mutans,1,710,155
3-Nitro-D-tyrosine,Staphylococcus aureus,1,289,141
Oregano oil,Candida krusei,0,1050,38
Sinapic acid,Human immunodeficiency virus,0,1201,91
Acetycholine,Candida albicans,1,419,34
Ceftazidime,Providencia stuartii,1,560,123
Raspberry KAS 434,Pseudomonas aeruginosa,1,1145,125
Pivampicillin,Hafnia alvei,0,1104,79
Undecanoic acid,Escherichia coli,1,1299,69
Telekin,Halomonas pacifica,0,1253,81
"4-(2-(5-(4,5-dibromo-1-methyl-1H-pyrrol-2-yl)-1,3,4-oxadiazol-2-yl)vinyl)-2-methoxyphenol",Pichia anomala,0,312,117
Glycomonoterpenes (G-citral),Streptococcus sobrinus,0,785,164
Thimerosal,Enterobacter cancerogenus,0,1267,62
Bromophenyl AHL,Eubacterium ramulus,0,495,72
13-methyltetradecanoic acid,Pseudomonas libaniensis,0,157,129
Chlorpromazine,Eggerthella lenta,0,578,57
Irinotecan,Escherichia coli,1,835,69
(Z)-5-(chloromethylene) furan-2(5H)-one,Staphylococcus epidermidis,1,109,146
Benzoylperoxide,Coagulase- negative staphylococci,0,479,49
"(2E)-N -(2 -hydroxy-5 -bromo-benzilidene)-3,4,5-trimethoxybenzohydrazide",Bacillus anthracis,0,37,18
L-tryptophan,Pseudoalteromonas sp.,0,878,124
Benzathine benzylpenicillin,Klebsiella planticola,0,473,98
Isothiocyanate,Klebsiella pneumoniae,0,847,99
Linalool,Escherichia coli,1,900,69
Gallium cation,Lactobacillus fermenti,0,771,102
kappa-Pyrosulfite,Actinoplanes missouriensis,0,1368,8
Methylthiopropylamine,Serratia marcescens,0,935,136
Raltegravir,Shewanella oneidensis,0,1144,137
Cefditoren,Pseudomonas japonica,0,544,128
4-hydroxy coumarin,Shigella flexneri,0,355,138
Metronidazole,Serratia marcescens,0,937,136
"13-(2-chloro-6-methylquinolin-3-yl)-3,3-dimethyl-1H,2H,3H,4H,6H,11H,13H-indazolo[1,2-b]phthalazine-1,6,11-trione",Vibrio cholerae,0,152,175
"3,3-dimethyl-13-{7-methyl-[1,2,3,4]tetrazolo[1,5-a]quinolin-4-yl}-1H,2H,3H,4H,6H,11H,13H-indazolo[1,2-b]phthalazine-1,6,11-trione",Sphingomonas sp. Ibu-2,0,247,139
(2E)-3-(4-Hydroxy-3-methoxyphenyl)-1-phenyl-2-propen-1-one,Streptomyces gordonii,0,35,165
(2R)-2-amino-3-[(4-chlorophenyl)methanesulfinyl]propanoic acid,Actinomyces oris,1,45,7
p-nitrophenyl glycerol,Helicobacter pylori ,0,1380,82
1-{2-[(E)-2-(4-methoxyphenyl)ethenyl]-4-phenylquinolin-3-yl}ethan-1-one,Yersinia enterocolitica,0,141,179
M8G2,Clostridium perfringens,0,913,47
4-Ethylguaiacol,Escherichia coli,1,327,69
Simeprevir,Klebsiella pneumoniae,0,1200,99
LF11-322,Pseudomonas aeruginosa,1,881,125
Sulfamerazine,Actinobacillus actinomycetemcomitans,0,1228,6
Monensin sodium salt,Listeria monocytogenes serotype 4a,0,944,105
"2-(4,5-dibromo-1-methyl-1H-pyrrol-2-yl)-5-(2,4-dichlorophenyl)-1,3,4-oxadiazole",Coagulase- negative staphylococci,0,192,49
Triclosan,Enterococcus faecalis,0,1284,66
alpha-pinene,Escherichia coli,0,1342,69
4-bromo-5-(bromomethylene)-3-(1-bromobutyl)-2(5H)-furanone,Eubacterium ramulus,0,344,72
BisEDT-RIP,Staphylococcus aureus,1,490,141
1-{2-[(E)-2-(4-chlorophenyl)ethenyl]-4-phenylquinolin-3-yl}ethan-1-one,Escherichia coli,1,139,69
kappa-Pyrosulfite,Escherichia coli,1,1368,69
3-(Trifluoromethyl)phenylalanine,Mycobacterium avium,0,275,110
Bac8C,Streptococcus gordonii,0,463,153
Hamamelitannin,Eggerthella lenta,0,794,57
(2E)-3-(3-hydroxy-4-methoxyphenyl)-1-phenylprop-2-en-1-one,Influenza A virus ,0,34,95
Clotrimazole,Candida albicans,1,604,34
Nerolidol,Burkholderia multivorans,0,1015,30
Toremifene,Candida krusei,1,1282,38
Carvacrol,Enterobacter cloacae,0,529,63
(2E)-N-[3-(1H-indol-3-yl)propyl]-3-phenylprop-2-enamide,Hafnia paralvei,0,40,80
Tet-26,Streptomyces rubiginosus,0,1262,166
Pyrazinamide,Pseudomonas putida,0,1122,130
Hesperetin,Thermus thermophilus ,0,798,169
Ketoconazole,Bacteroides,0,860,22
NA-CATH,Staphylococcus aureus,1,997,141
Menthol,Pseudomonas aeruginosa,1,925,125
Myxinidin3,Vibrio anguillarum,0,958,173
"6-(4-chlorophenyl)-1,3-dimethyl-5-[3-(4-methylphenyl)-1-phenyl-1H-pyrazol-4-yl]-1H,2H,3H,4H,5H,6H-pyrimido[4,5-d][1,3]diazine-2,4-dione",Enterobacter aerogenes,0,387,61
Rifabutin,Eubacterium ramulus,0,1152,72
Tipranavir,Klebsiella planticola,0,1276,98
Ibuprofen,Varicella-zoster virus,0,819,172
3-Chloro-5-[(2-chloroethoxy)]-4-[(4-methylphenylsulfanyl)]-2(5H)-furanone,Streptococcus sobrinus,0,280,164
IDR-1018,Salmonella enterica,1,814,133
Sinefungin,Actinoplanes missouriensis,0,1202,8
Flavonoids 3,Vibrio harveyi,1,738,176
Gallocatechin,Eikenella corrodens,1,772,58
(RW)2-NH2,Klebsiella pneumoniae,0,95,99
N -(4-trifluoromethyl-benzylidene)benzohydrazide,Actinomyces oris,0,960,7
Furanone-8,Salmonella Typhi,0,759,132
Irinotecan,Streptococcus oralis,0,835,156
Simeprevir,Hepatitis C virus,1,1200,86
4-Methylphenylalanine,Staphylococcus epidermis,1,338,147
5-bromomethylene-2 (5H)-furanone,Human herpesvirus 5,0,382,90
Dicloxacillin,Clostridium perfringens,0,676,47
Tomentosin,Klebsiella variicola,0,1281,100
2-amino-3-(3-nitrophenyl)propanoic acid,Staphylococcus chromogenes,0,227,144
4-Methylphenylalanine,Streptococcus oralis,0,338,156
2-(2-(2-Chloroacetamido)-5-methylphenyl)-2-oxo-N-( prop-2-yn- 1-yl)acetamide,Mycobacterium leprae,0,187,111
HE4,Pseudomonas japonica,0,793,128
(Z)-4-bromo-5-(bromomethylene)-3-(1-bromobutyl)-2(5H)-furanone,Streptococcus parasanguinis,0,101,157
1-mesityl-3(4-nitrophenyl)urea,Serratia marcescens,0,136,136
Bergamottin,Escherichia coli,1,482,69
SQ109,Mycobacterium tuberculosis,1,1178,113
(2S)-2-amino-4-bromopent-4-enoic acid,Staphylococcus aureus,1,55,141
Holothuroidin 1,Coagulase- negative staphylococci,0,806,49
Diphenyl diselenide,Morganella morganii,0,683,109
Tipranavir ,Human herpesvirus 1 ,0,1277,87
"Trimethyl[3-({33-[2-(trimethylazaniumyl)ethoxy]-10,15,20,25,27,29,31,34-octakis[3-(trimethylazaniumyl)propoxy]hexacyclo[21.2.2.2,.2,.2,.2]pentatriaconta-1(25),3,5,8,10,13,15,18,20,23,26,28,30,32,34-pentadecaen-4-yl}oxy)propyl]azanium decabromide",Streptococcus oralis,0,1293,156
3-(2-Naphthyl)-D-alanine,Streptococcus pneumoniae,0,264,158
Myxinidin2,Pseudomonas aeruginosa,1,957,125
"Phenol,2,4-bis(1,1-dimethylethyl)",Baker's yeast,0,1090,27
3-(2-Naphthyl)-D-alanine,Influenza A virus ,0,264,95
N -(4-trifluoromethyl-benzylidene)benzohydrazide,Staphylococcus epidermidis,1,960,146
Betulinic acid,Escherichia coli,1,485,69
Tannic acid,Trichophyton mentagrophytes,0,1245,170
Epigallocatechin Gallate,Aeromonas hydrophila,1,710,9
sorivudine,Listeria monocytogenes serotype 4a,0,1388,105
S-OSIP108,Candida albicans,1,1168,34
(2R)-2-amino-3-[(4-methylphenyl)methanesulfinyl]propanoic acid,Obesumbacterium proteus,0,46,115
Hamamelitannin,Staphylococcus cohnii,1,794,145
(E)-Chalcone,Listeria monocytogenes serotype 4a,0,90,105
Oxyresveratrol,Lactobacillus fermenti,0,1055,102
Butein,Haemophilus influenzae,1,498,78
S-(4-tolyl)-L-cysteine,Actinomyces oris,1,1167,7
Bedaquiline,Streptococcus epidermidis,0,470,152
cis-Stillbene,Desulfovibrio africanus,0,1354,54
Bromophenyl AHL,Helicobacter pylori ,0,495,82
Darunavir,Thermus thermophilus,0,658,168
Esculentin,Pseudomonas aeruginosa,1,714,125
N -(5-bromo-2-hydroxy-benzylidene)benzohydrazide,Staphylococcus epidermidis,1,961,146
Timolol,Human respiratory syncytial virus B,0,1274,94
Naringin,Vibrio harveyi,1,1010,176
"2,4-Dinitro-D-phenylalanine",Varicella-zoster virus,0,176,172
Cefalotin,Dengue Virus Type 2,0,540,53
Eugenol,Candida tropicalis,0,726,41
Hsn5 12-mer,Citrobacter freundii,0,808,43
Micafungin,Halomonas pacifica,0,939,81
N-(2-oxothiolan-3-yl)butanamide,Eggerthella lenta,0,974,57
Meta-bromo-thiolactone,Halomonas pacifica,0,928,81
"(2E)-N -(2 -hydroxy-5 -bromo-benzilidene)-3,4,5-trimethoxybenzohydrazide",Burkholderia cenocepacia,0,37,28
Calcium chloride,Shigella flexneri,0,519,138
Quinizarin,Corynebacterium ammoniagenes,0,1131,50
Pyrogallol,Vibrio vulnificus,1,1125,178
2-amino-4-chlorobenzoic acid,Bacteroides fragilis,0,231,24
N-Decanoyl cyclopentylamide,Pseudomonas aeruginosa,1,985,125
S-carboxylmethyl-L-cysteine,Salmonella enterica,0,1169,133
"13-(2-chloro-6-methylquinolin-3-yl)-3,3-dimethyl-1H,2H,3H,4H,6H,11H,13H-indazolo[1,2-b]phthalazine-1,6,11-trione",Pseudomonas aeruginosa,1,152,125
3-chloro-5-hydroxy-4-[(4-methylphenylsulfonyl)]-2(5H)-furanone,Acinetobacter nosocomialis,0,294,3
Ferulic Acid,Human immunodeficiency virus 1,0,736,92
"(5E)-5-undecylidene-1,3-thiazolidine-2,4-dione",Eikenella corrodens,0,76,58
4-nitropyridine N -oxide,Enterobacter aerogenes,0,359,61
Peppermint oil,Bacteroides vulgatus,0,1085,26
Esculin hydrate,Burkholderia cenocepacia,1,717,28
DispersinB-KSL-W wound gel,Chromobacterium violaceum,0,687,42
Limonene,Escherichia coli,1,899,69
N-decanoyl-L- homoserine benzyl ester,Salmonella Typhi,0,990,132
Carnitine hydrochloride,Actinomyces oris,1,527,7
Lopinavir,Hepatitis C virus,0,905,86
Octyl gallate,Enterococcus faecalis,1,1043,66
"1-(2-Chloroacetyl)-5-methylindoline-2,3-dione",Escherichia coli,1,120,69
alpha-tocopherol,Enterobacter cancerogenus,0,1343,62
11(R)-hydroxy-12(20)-en-knightal,Sphingomonas sp. Ibu-2,0,147,139
"N-((2R,3R,4S,5S,6R)-2,4,5-Trihydroxy-6-(hydroxymethyl)tetrahydro-2H-pyran-3-yl)octanamide",Pseudomonas aeruginosa,1,969,125
D/L-Aspartate,Amycolatopsis orientalis,0,646,12
Teichoplanin,Staphylococcus aureus,1,1250,141
"Benzenesul-fonamide,4-amino-N-methyl-N-[3-(3,4,7,8-tetrahydro-2,4-dioxo-2H-thiopyrano[4,3-d]pyrimidin-1(5H)-yl)propyl",Bacteroides,0,475,22
Trimethoprim-sulfamethoxazole,Dihydropteroate synthase type-1,0,1288,55
Dalbavancin,Geobacillus kaustophilus,0,653,77
DJK6,Acinetobacter baumannii,1,650,2
5-fluorooxiindole,Burkholderia multivorans,0,385,30
14-Glycinyl andrographolide hydrochloride,Pseudoalteromonas sp.,0,161,124
Quinolin-8-ol,Human respiratory syncytial virus B,0,1132,94
L-Tyrosine,Varicella-zoster virus,0,872,172
Na-Propionate,Shewanella oneidensis,0,1005,137
Patulin,Achromobacter xylosoxidans,1,1069,1
Rosmarinic acid,Burkholderia multivorans,0,1159,30
Penicillic acid,Enterobacter aerogenes,0,1080,61
3-Bromophenylalanine,Burkholderia cenocepacia,0,278,28
para-ethylaniline,Geobacillus kaustophilus,0,1384,77
3-Methyl-D-phenylalanine,Candida albicans,0,288,34
"(2S,3R,4S,5S,6R)-6-(Acetoxymethyl)-3-dodecanamidotetrahydro-2H-pyran-2,4,5-triyl triacetate",Obesumbacterium proteus,0,66,115
TMB-8,Candida albicans,1,1239,34
"1,1,6,6,7,7-hexahydroxy-5,5-diisopropyl-3,3-dimethyl-2,2-binaphthalene-8,8-dicarbaldehyde",Porphyromonas gingivalis,0,113,119
DJK5,Pseudomonas aeruginosa,1,649,125
"N 3-(2-thienylcarbonyl)-4-bromo-1,5-dimethyl-1H-pyrazole-3-carbohydrazide",Bacillus licheniformis,0,964,20
Palmitoyl-DL-carnitine,Pseudomonas aeruginosa,1,1066,125
PTP-7,Lactobacillus fermenti,0,1062,102
Autoinducer-2,Actinoplanes missouriensis,0,452,8
Protocatechuic acid,Providencia stuartii,0,1119,123
2-amino-6-fluorobenzoic acid,Burkholderia multivorans,1,234,30
Latamoxef,Streptococcus pneumoniae serotype 4,0,894,159
Clary sage,Mycobacterium avium,0,596,110
N -(pyridin-3-yl-methylene)benzohydrazide,Edwardsiella tarda,0,962,56
6-Amino Penicillinic acid,Enteric bacteria and other eubacteria ,0,388,60
Zidovudine,Burkholderia cepacia,0,1327,29
"1-[2-(3-bromo-4-hydroxy-5-methoxyphenyl)-5-(3,4,5-trimethoxyphenyl)-1,3,4-oxadiazol-3(2H)-yl]ethanone",Candida spp.,0,134,40
Decanediol,Staphylococcus caprae,0,659,143
Hamamelitannin,Pseudomonas aeruginosa,1,794,125
(Z)-4-bromo-5-(bromomethylene)-3-methylfuran-2(5H)-one,Staphlococcus aureus,0,107,140
"(5Z)-2-tert-butyl-5-{[3-(trifluoromethyl)phenyl]methylidene}-1,3-oxazolidin-4-one",Bacillus amyloliquefaciens,0,86,17
4-Fluoro-D-phenylalanine,Influenza B virus,0,330,96
4-nitropyridine N -oxide,Burkholderia multivorans,1,359,30
"3,5-Diiodotyrosine",Escherichia coli ,0,257,70
Coumarin,Vibrio anguillarum,1,616,173
Telithromycin,Enterobacter ludwigi,0,1254,64
(2S)-2-amino-4-bromopent-4-enoic acid,Vibrio vulnificus,0,55,178
Diphenyl methane,Clostridium perfringens,0,685,47
Tannic acid,Enterobacteria phage T4,0,1245,65
"(5Z)-2-(1,1-dichloropropyl)-5-{[4-(trifluoromethyl)phenyl]methylidene}-1,3-oxazolidin-4-one",Aeromonas hydrophila,0,84,9
L-cysteic acid,Streptococcus mutans,1,874,155
3-(4-fluorophenyl)-5-(3-ethoxy- 4-hydroxybenzylidene)-2-thioxothiazolidin-4-one,Pseudomonas aeruginosa,1,273,125
Peppermint oil,Pseudomonas aeruginosa,1,1085,125
Quercetin,Enterobacter aerogenes,0,1127,61
Norspermidine,Staphylococcus caprae,0,1031,143
1-{2-[(E)-2-(4-chlorophenyl)ethenyl]-4-phenylquinolin-3-yl}ethan-1-one,Micrococcus luteus,1,139,108
Furanone-5,Enterococcus faecium,0,757,67
Methylthiopropylamine,Pantoea agglomerans,0,935,116
Saquinavir,Varicella-zoster virus,0,1183,172
2-(5-Chloro-2-(2-chloroacetamido)phenyl )-2-oxo-N-( prop-2-yn-1-yl)acetamide,Klebsiella pneumoniae,0,210,99
Isopropanol,Candida albicans,1,843,34
Capreomycin,Helicobacter pylori ,0,521,82
"(2E)-1-(3 ,4 -dimethoxyphenyl)-3-(2-naphthyl)-2-propen-1-one",Staphylococcus aureus,1,25,141
Bedaquiline,Candida dubliniensis,0,470,35
L-Aspartate,Staphylococcus chromogenes,1,866,144
Heptadecanoic acid,Bacteroides uniformis,0,796,25
N-[(3-chloro-isoquinolin-4-yl)methylene]benzohydrazide,Streptococcus sanguinis,0,988,162
"3,3-dimethyl-13-{9-methyl-[1,2,3,4]tetrazolo[1,5-a]quinolin-4-yl}-1H,2H,3H,4H,6H,11H,13H-indazolo[1,2-b]phthalazine-1,6,11-trione",Vibrio anguillarum,0,249,173
D-galactose cluster,Vibrio anguillarum,0,643,173
Cefepime,Influenza B virus ,0,545,97
Efavirenz,Hepatitis C Virus ,0,696,85
3-(3-fluorophenyl)-5-(3-ethoxy-4-hydroxybenzylidene)-2-thioxothiazolidin-4-one,Pseudomonas aeruginosa,1,270,125
Palivizumab,Vibrio cholerae,0,1064,175
C4-HSL,Streptococcus sobrinus,0,506,164
Patulin,Marinobacter hydrocarbonoclasticus,1,1069,107
Lys-a1,Pichia anomala,0,910,117
3-fluoroaniline,Cronobacter sakazakii,0,295,51
Miconazole,Staphylococcus aureus,0,940,141
cov-GL13K,Candida dubliniensis,0,1356,35
alpha-Defensin-3,Cryptococcus neoformans,1,1336,52
OSIP108,Staphylococcus aureus,0,1040,141
"2-bromo-4-methyl-6-(3,4,5-tribromo-1H-pyrrole-2-carbonyl)phenol",Staphylococcus aureus,1,236,141
Diterpene phytol,Enterobacter cancerogenus,0,688,62
Aloe Vera Gel,Actinobacillus actinomycetemcomitans,1,427,6
"(5Z)-2-(1,1-dichloro-3,3-dimethylbutyl)-5-[(3-methoxyphenyl)methylidene]-1,3-oxazolidin-4-one",Staphylococcus aureus,1,80,141
Carboxymethyl chitosan,Pseudomonas aeruginosa,1,525,125
cyclo(Trp-Ser),Providencia stuartii,0,1357,123
(R)-2-Amino-3-biphenyl-3-yl-propionic acid,Baker's yeast,0,92,27
dF17-6K,Schistosoma,0,1359,134
Fenclonine,Candida parapsilosis,0,733,39
4-Cyanophenylalanine,Staphylococcus aureus,1,325,141
Benzophenonyl decyl beta-maltoside,Pseudomonas aeruginosa,1,478,125
Linezolid,Streptococcus mitis,0,901,154
Rilpivirine,Micrococcus luteus,0,1156,108
Meropenem,Bacteroides eggerthii,0,927,23
3-(Trifluoromethyl)phenylalanine,Streptococcus oralis,0,275,156
GW-9662,Candida albicans,1,768,34
Cefprozil,Bacteroides fragilis,0,559,24
BMAP-28,Bacillus anthracis,0,461,18
Cynarin,Hepatitis B virus F,0,625,84
S-propyl-L-cysteine,Micrococcus luteus,0,1174,108
Norbgugaine 12,Cronobacter sakazakii,0,1027,51
Carboxymethyl chitosan,Burkholderia cepacia,1,525,29
Chlorhexidine acetate,Staphylococcus caprae,0,576,143
Phloretin,Pseudomonas libaniensis,0,1094,129
"N1-[7-(trifluoromethyl)quinolin-4-yl]dodecane-1,12-diamine",Streptococcus mutans,0,994,155
"5-Bromo-1-(2-chloroacetyl)indoline-2,3-dione",Hepatitis C virus,0,375,86
Hamamelitannin,Escherichia coli ,0,794,70
Phylloseptin-1,Klebsiella variicola,0,1098,100
(R)-2-Amino-3-biphenyl-3-yl-propionic acid,Pseudomonas libaniensis,0,92,129
"2-geranyloxy-4,6-dihydroxybenzophenone",Aeromonas hydrophila,0,241,9
R-FV-I16,Pseudomonas aeruginosa,1,1135,125
Indole-3-acetamide,Pseudomonas libaniensis,0,829,129
4-Methyl benzyl dodecyl beta-maltoside,Staphylococcus epidermidis,0,337,146
Furanone-2,Salmonella enterica,1,755,133
Tet-26,Cryptococcus neoformans,0,1262,52
4-Hydroxychalcone,Gardnerella vaginalis,0,333,76
DispersinB-KSL-W wound gel,Coagulase- negative staphylococci,1,687,49
Mucochloric acid,Bacillus subtilis,1,948,21
"3-Amino-4-(2,4-difluorophenyl)-2-butanone",Pantoea agglomerans,0,277,116
S-(2-thienyl)-L-cysteine,Streptomyces rubiginosus,0,1166,166
2-(5-Bromo-2-(2-chloroacetamido)phenyl )-2-oxo-N-( prop-2-yn-1-yl)acetamide,Mycobacterium leprae,0,209,111
Lys-a1,Pseudomonas japonica,0,910,128
Luteolin,Escherichia coli,1,908,69
faropenem medoxomil,Aeromonas sobria,0,1366,10
2-(Trifluoromethyl)-D-phenylalanine,Staphylococcus epidermis,1,212,147
Octameric peptide,Dihydropteroate synthase type-1,0,1042,55
LL13-37,Klebsiella planticola,0,889,98
Myristoyl-DL-carnitine,Candida parapsilosis,0,953,39
cat-AGE-RK2,Enterococcus gallinarum,0,1351,68
Hinokitiol,Candida guiliermondi,1,804,37
Rutaecarpine,Campylobacter jejuni,1,1162,33
Protamine sulphate,Serratia liquefaciens,0,1118,135
Elliptophenone A,Human immunodeficiency virus 1,0,699,92
Benzethonium chloride,Candida albicans,1,476,34
"3,3-dimethyl-13-{[1,2,3,4]tetrazolo[1,5-a]quinolin-4-yl}-2H,4H,13H-indazolo[1,2-b]phthalazine-1,6,11-trione",Aeromonas hydrophila,0,250,9
Phenanthrene,Eubacterium ramulus,0,1088,72
Bromohexylmaleic anhydride,Bacillus licheniformis,0,494,20
Methacycline,Actinomyces oris,0,929,7
4-Fluoro-2-methyl-D-phenylalanine,Staphylococcus epidermis,1,329,147
Ceftobiprole,Streptococcus pneumoniae serotype 4,1,563,159
Thymol,Marinobacter hydrocarbonoclasticus,0,1270,107
"1-{2-[(E)-2-[3,5-bis(trifluoromethyl)phenyl]ethenyl]-4-phenylquinolin-3-yl}ethan-1-one",Klebsiella planticola,1,142,98
"4 alpha, 5 alpha-epoxy-10 alpha, 14H-1-epi-inuviscolide",Staphylococcus caprae,0,310,143
Trovafloxacin,Firmicutes,0,1294,73
Ceftazidime,Candida albicans,0,560,34
5-(dibromomethylene)-3-(1-bromobutyl)-2(5H)-furanone,Salmonella enterica,1,369,133
11(R)-hydroxy-12(20)-en-knightal,Hepatitis B virus F,0,147,84
2-phenylethane-1-SO-thioperoxol,Listeria monocytogenes,0,244,104
Oxacillin,Human herpesvirus 3,0,1052,88
Sulbactam,Pseudoalteromonas sp.,0,1220,124
"3-{2-[(1S,2R,4aR,8aR)-1,2,4a,5-tetramethyl-1,2,3,4,4a,7,8,8a-octahydronaphthalen-1-yl]ethyl}-N-(3-fluorophenyl)-5-methylidene-2,5-dihydrofuran-2-amine",Hepatitis B virus F,0,308,84
3beta-Hydroxyolean-12-en-28-al 3-p-coumarate,Candida guiliermondi,0,309,37
"4-(5-(4,5-dibromo-1-methyl-1H-pyrrol-2-yl)-1,3,4-oxadiazole-2-yl)aniline",Enterococcus faecalis,0,314,66
DiHydroxyBenzoFuran,Staphylococcus epidermidis,1,669,146
"2-(4-(Trifluoromethyl)phenyl)-N-((2R,3R,4S,5S,6R)-2,4,5-trihydroxy-6-(hydroxymethyl)tetrahydro-2H-pyran-3-yl)acetamide",Human herpesvirus 5,0,201,90
Hexyl gallate,Staphylococcus aureus,1,803,141
Tyrosol,Acinetobacter oleiovorans,0,1295,4
MUC7 20-mer,Streptococcus mutans,1,917,155
Limonene,Streptococcus mutans,1,899,155
"(2E)-1-(3 ,5 -dimethoxyphenyl)-3-(2-naphthyl)-2-propen-1-one",Candida parapsilosis,0,26,39
GW 5074,Pseudomonas putida,0,767,130
Furanone-2,Bacillus subtilis,0,755,21
Phylloseptin-1,Staphylococcus aureus,1,1098,141
"N-((2R,3R,4S,5S,6R)-2,4,5-Trihydroxy-6-(hydroxymethyl)tetrahydro-2H-pyran-3-yl)octanamide",Thermus thermophilus,0,969,168
Silver nitrate,Sphingomonas sp. Ibu-2,0,1196,139
KSL,Burkholderia multivorans,0,854,30
1-(4-methoxyphenyl)-3-p-tolyurea,Vibrio campbellii,0,127,174
Phenanthrene,Proteus vulgaris,1,1088,122
cyclophosphamide,Human herpesvirus 4,0,1358,89
D-Aspartate,Helicobacter pylori ,0,631,82
Framycetin,Streptococcus sobrinus,0,749,164
trans-Resveratrol,Staphylococcus aureus,1,1392,141
Undecyl beta-maltoside,Bacteroides eggerthii,0,1300,23
IG-25,Pseudomonas chlororaphis,0,817,126
Cefoperazone,Hepatitis C Virus ,0,551,85
4-bromo-5-(dibromomethylene)-3-ethyl-2(5H)-furanone,Clostridium bacilli,0,348,44
MUC7 12-mer-D,Streptococcus mutans,1,914,155
N-(2-Pyridinyl)butanamide,Pseudomonas aeruginosa,1,972,125
LL13-37,Pseudomonas aeruginosa,1,889,125
3-Methoxy-D-Phenylalanine,Aquifex aeolicus,0,286,13
"Triethyl[2-({10,15,20,24,26,29,31,33,34-nonakis[3-(triethylphosphaniumyl)propoxy]hexacyclo[21.2.2.2,.2,.2,.2]pentatriaconta-1(25),3(35),4,6(34),8,10,13,15,18,20,23,26,28,30,32-pentadecaen-4-yl}oxy)ethyl]phosphanium decabromide",Enterococcus faecalis,1,1286,66
"1,2,3,4-Tetrahydroisoquinoline-3-carboxylic acid",Staphylococcus epidermis,1,114,147
"3-{2-[(1S,2R,4aR,8aR)-1,2,4a,5-tetramethyl-1,2,3,4,4a,7,8,8a-octahydronaphthalen-1-yl]ethyl}-N-(2-fluorophenyl)-5-methylidene-2,5-dihydrofuran-2-amine",Firmicutes,0,307,73
Mustard oil,Serratia liquefaciens,0,949,135
Vancomycin,Human immunodeficiency virus 1,0,1307,92
Scopoletin,Coagulase- negative staphylococci,0,1184,49
16P-AC,Staphylococcus aureus,1,165,141
beta-Defensin-3,Cryptococcus neoformans,1,1347,52
2-amino-4-chlorobenzoic acid,Burkholderia cenocepacia,1,231,28
faropenem medoxomil,Coagulase- negative staphylococci,0,1366,49
Lorazepam,Bacillus subtilis,0,906,21
3-(4-Pyridinyl)alanine,Staphylococcus epidermis,1,271,147
Hesperidin,Vibrio harveyi,1,799,176
Vancomycin,Staphylococcus capitis,1,1307,142
"2-(4,5-dibromo-1-methyl-1H-pyrrol-2-yl)-5-(pyridin-4-yl)-1,3,4-oxadiazole",Streptococcus epidermidis,1,197,152
"14-dehydroxy-11,12-didehydroandrographolide- 3,19-bis(succinic acid) potasium sodium salt",Pseudomonas aeruginosa,1,163,125
Cefalonium,Pseudomonas japonica,0,539,128
3-oxo-C8-HSL,Morganella morganii,0,303,109
Norfloxacin,Stenotrophomonas maltophilia,1,1028,151
sorivudine,Bacteroides eggerthii,1,1388,23
Diazepam,Bacillus subtilis,0,670,21
Sulfadoxine,Propionibacterium acnes,0,1226,120
Cefotaxime,Streptococcus parasanguinis,0,553,157
"(1R,3S,7R,8S,11S,12R)-3-hydroxy-1,4,8-trimethyl-12-(propan-2-yl)tricyclo[9.3.0.0]tetradec-4-en-6-one",Human parainfluenza virus type 2,0,8,93
Tet-20,Vibrio harveyi,0,1260,176
1-{2-[(E)-2-(4-hydroxy-3-methoxyphenyl)ethenyl]-4-phenylquinolin-3-yl}ethan-1-one,Pseudomonas aeruginosa,1,140,125
"(10R,11R)-Hydnocarpin D",Acinetobacter baumannii,0,2,2
Aniline,Acinetobacter sp.,0,440,5
Calcium chloride,Pseudomonas fluorescens,1,519,127
LL-13,Burkholderia pseudomallei,1,884,31
3-oxo-C8-HSL,Streptococcus pneumoniae,0,303,158
"(5E)-5-hexylidene-1,3-thiazolidine-2,4-dione",Streptococcus mitis,0,74,154
Copper sulfate,Burkholderia cepacia,1,614,29
Kaurenoic acid,Burkholderia cepacia,0,859,29
6-Chlorooxindole,Pseudomonas aeruginosa,1,392,125
Hesperetin,Burkholderia multivorans,0,798,30
D-galactose cluster,Pseudomonas aeruginosa,1,643,125
Tet-26,Pseudomonas aeruginosa,1,1262,125
4-methoxy-cinnamaldehyde,Sphingomonas sp. Ibu-2,0,357,139
Curcumin,Burkholderia multivorans,1,619,30
6-fluoroindole,Pseudomonas aeruginosa,1,397,125
Cynarin,Pseudomonas aeruginosa,1,625,125
D-Cystine,Staphylococcus epidermis,1,634,147
"N-((1E)-{4-ethoxy-3-[(8-oxo-1,5,6,8-tetrahydro-2H-1,5-methanopyrido[1,2-a][1,5]diazocin-3(4H)-yl)methyl]phenyl}methylene)-3,4,5-trihydroxybenzohydrazide",Pseudomonas aeruginosa,1,965,125
Rosmarinic acid,Burkholderia cenocepacia,0,1159,28
"1-[2-(2-nitrophenyl)-5-phenyl-1,3,4-oxadiazol-3(2H)-yl]ethanone",Enterococcus faecalis,1,132,66
"2-(4,5-dibromo-1-methyl-1H-pyrrol-2-yl)-5-(4-methoxyphenyl)-1,3,4-oxadiazole",Hepatitis C Virus ,0,193,85
Pentagalloylglucose,Pseudomonas japonica,0,1082,128
Tazobactam,Human immunodeficiency virus 1,0,1247,92
Zinc oxide,Pseudomonas aeruginosa,1,1331,125
Quercetin Dihydrate,Aeromonas sobria,0,1128,10
"6-(4-chlorophenyl)-1,3-dimethyl-5-[3-(4-methylphenyl)-1-phenyl-1H-pyrazol-4-yl]-1H,2H,3H,4H,5H,6H-pyrimido[4,5-d][1,3]diazine-2,4-dione",Aggregatibacter actinomycetemcomitans,0,387,11
Telaprevir ,Staphlococcus aureus,0,1252,140
1-(4-chlorophenyl)-3-p-tolyurea,Streptococcus mutans,1,125,155
"N-((2R,3R,4S,5S,6R)-2,4,5-Trihydroxy-6-(hydroxymethyl)tetrahydro-2H-pyran-3-yl)dodecanamide",Influenza B virus,0,967,96
"(5S)-1,7-bis(4-hydroxyphenyl)-5-O-_-D- apiofuranosyl(1 _ 6)-_-D-glucopyranosyloxyheptan-3-one",Human respiratory syncytial virus B,0,77,94
Sulfamoxole,Candida glabrata,0,1232,36
Ethylenediametetraacetic acid,Salmonella enterica,0,724,133
Furanone C-30,Porphyromonas gingivalis,0,753,119
Sulfalene,Plasmodium falciparum,1,1227,118
Streptomycin,Coagulase- negative staphylococci,0,1216,49
Rifampicin,Staphylococcus epidermidis,1,1154,146
5-(dibromomethylene)-3-(1-bromoethyl)-2(5H)-furanone,Burkholderia pseudomallei,0,370,31
Thimerosal,Morganella morganii,0,1267,109
3-Methyl-D-phenylalanine,Burkholderia thailandensis,0,288,32
Hesperetin,Clostridium bacilli,0,798,44
Cyanidin,Klebsiella pneumoniae,1,620,99
Ciclopirox ethanolamine,Candida albicans,1,583,34
Lomefloxacin,Burkholderia pseudomallei,0,904,31
5-(dibromomethylene)-3-ethyl-2(5H)-furanone,Trichophyton mentagrophytes,0,372,170
5-(dibromomethylene)-3-(1-bromobutyl)-2(5H)-furanone,Staphylococcus chromogenes,0,369,144
Carboxymethyl chitosan,Staphylococcus epidermidis,1,525,146
2-(Aminomethyl)-L-phenylalanine,Staphylococcus epidermis,1,211,147
2-(2-(2-Chloroacetamido)-5-nitrophenyl)-2-oxo-N-( prop-2-yn-1-yl)acetamide,Staphylococcus chromogenes,0,188,144
Cefepime,Coagulase- negative staphylococci,0,545,49
D-Histidine,Bacteroides fragilis,0,635,24
"1-[2-(3,5-dichlorophenyl)-5-(3,4,5-trimethoxyphenyl)-1,3,4-oxadiazol-3(2H)-yl]ethanone",Pseudomonas aeruginosa,1,133,125
Sodium ascorbate,Pseudomonas aeruginosa,1,1208,125
O-Methyl-D-tyrosine,Aggregatibacter actinomycetemcomitans,0,1037,11
"2,4-Difluorophenylalanine",Acinetobacter oleiovorans,0,174,4
Hesperidin,Yersinia enterocolitica,1,799,179
Vanillylacetone,Pseudomonas fluorescens,0,1310,127
D-Tyrosine,Staphylococcus aureus,1,642,141
(Z)-4-bromo-5-(bromomethylene)-3-methylfuran-2(5H)-one,Micrococcus luteus,0,107,108
6-Chloroindole,Staphlococcus aureus,0,391,140
4-hydroxy coumarin,Propionibacterium acnes,0,355,120
Rufloxacin,Burkholderia cepacia,0,1161,29
IMB-2,Human immunodeficiency virus 1,0,818,92
Rhodomyrtone,Staphylococcus aureus,0,1150,141
Vanillylacetone,Pseudomonas aeruginosa,1,1310,125
"(5E)-5-hexylidene-1,3-thiazolidine-2,4-dione",Aspergillus fumigatus,0,74,15
(1Z)-(2-phenylethylidene)-lambda4-sulfanyliumolate,Streptococcus sanguinis,0,10,162
Ceftazidime,Burkholderia pseudomallei,1,560,31
beta-Caryophyllene,Salmonella enterica,0,1345,133
(2R)-2-amino-6-acetamidohexanoic acid,Enterobacter cancerogenus,0,50,62
Tomentosin,Stenotrophomonas maltophilia,0,1281,151
"(2S,3R,4S,5S,6R)-6-(Acetoxymethyl)-3-(2-(4-bromophenyl)acetamido)tetrahydro-2H-pyran-2,4,5-triyl triacetate",Pseudomonas aeruginosa,1,58,125
Limonene,Pichia anomala,1,899,117
n-Hexane,Corynebacterium ammoniagenes,0,1374,50
"3-{2-[(1S,2R,4aR,8aR)-1,2,4a,5-tetramethyl-1,2,3,4,4a,7,8,8a-octahydronaphthalen-1-yl]ethyl}-N-(3-fluorophenyl)-5-methylidene-2,5-dihydrofuran-2-amine",Haemophilus influenzae,0,308,78
Garlic extract,Burkholderia thailandensis,0,775,32
VS2,Streptococcus mutans,0,1305,155
2-(2-(2-Azidoacetamido)-5-nitrophenyl)-2-oxo-N-(prop-2-yn-1-yl)acetamide,Acinetobacter sp.,0,184,5
"2,4-Difluorophenylalanine",Staphylococcus epidermis,1,174,147
Di-MB-LF11-215,Proteus vulgaris,0,667,122
nitrazepam,Candida parapsilosis,0,1377,39
Sucrose,Campylobacter jejuni,1,1219,33
GW 5074,Eikenella corrodens,0,767,58
Lys-a1,Mycobacterium smegmatis,0,910,112
4-Fluoro-D-phenylalanine,Staphylococcus epidermis,1,330,147
W-7 Hydrochloride,Salmonella Typhi,0,1320,132
Enalapril,Bacillus anthracis,0,702,18
Furanone-2,Lysinibacillus sphaericus,0,755,106
Furanone-6,Salmonella enterica,1,758,133
D-Alanine,Staphylococcus epidermis,1,629,147
(2S)-2-amino-3-(tert-butylsulfanyl)propanoic acid,Shewanella oneidensis,0,54,137
4-Methoxycarbonylphenylboronic acid,Staphylococcus epidermis,0,335,147
Baicalin,Bacillus amyloliquefaciens,0,469,17
Silver Ion,Pseudomonas aeruginosa,1,1192,125
Octadecyl gallate,Proteus mirabilis,0,1041,121
Heptadecanoic acid,Pichia anomala,0,796,117
Chitosan,Escherichia coli,1,573,69
Indole,Staphylococcus capitis,0,827,142
Macromomycin B,Dihydropteroate synthase type-1,0,918,55
D-Citrulline,Streptococcus parasanguinis,0,633,157
2-Carbamoylphenylalanine,Porphyromonas gingivalis,0,215,119
Indole-3-acetaldehyde,Achromobacter xylosoxidans,0,828,1
sorivudine,Bacteroides,1,1388,22
Oleanolic Acid,Bacillus cereus,0,1045,19
6-Amino Penicillinic acid,Klebsiella pneumoniae,1,388,99
beta-6-20-G3K6,Bacteroides vulgatus,0,1344,26
Sm6(L1)2C,Pseudomonas putida,0,1204,130
1-(pyrazin-2-yl)ethan-1-one,Aspergillus fumigatus,0,129,15
"14-dehydroxy-11,12-didehydroandrographolide- 3,19-bis(succinic acid) potasium sodium salt",Amycolatopsis orientalis,0,163,12
L-carnosine,Streptococcus sanguis,1,873,163
Thonzonium bromide,Vibrio vulnificus,0,1269,178
LL-37,Staphylococcus aureus,1,888,141
5-Bromoindole,Pseudomonas chlororaphis,0,376,126
FS8,Hepatitis B virus F,0,730,84
"N-((1E)-{4-ethoxy-3-[(8-oxo-1,5,6,8-tetrahydro-2H-1,5-methanopyrido[1,2-a][1,5]diazocin-3(4H)-yl)methyl]phenyl}methylene)-3,4,5-trihydroxybenzohydrazide",Acinetobacter baumannii,1,965,2
Genistein,Cronobacter sakazakii,0,778,51
Polysorbate 80,Staphylococcus haemolyticus,0,1110,149
Colistin,Mycobacterium tuberculosis,1,610,113
phys-GL13K,Porphyromonas gingivalis,1,1386,119
2-Fluoro-L-phenylalanine,Staphylococcus epidermis,1,218,147
"3,3-dimethyl-13-{[1,2,3,4]tetrazolo[1,5-a]quinolin-4-yl}-2H,4H,13H-indazolo[1,2-b]phthalazine-1,6,11-trione",Pseudomonas aeruginosa,1,250,125
Oxiconazole nitrate,Kocuria rhizophila,0,1054,101
Undecanoic acid,Burkholderia cenocepacia,0,1299,28
Penicillic acid,Lysinibacillus sphaericus,0,1080,106
S6L3-33,Streptococcus mutans,1,1175,155
Chloramphenicol,Campylobacter jejuni,1,574,33
Thiazolidinedione-8,Acinetobacter nosocomialis,0,1266,3
Ethyl gallate,Enterococcus faecalis,1,722,66
Fluconazole,Lysinibacillus sphaericus,0,743,106
2-amino-6-chlorobenzoic acid,Burkholderia multivorans,1,233,30
"F2,5,12W",Streptococcus sanguinis,0,728,162
1-(pyridin-4-yl)ethan-1-one,Pseudomonas aeruginosa,1,130,125
"(5E)-5-octylidene-1,3-thiazolidine-2,4-dione",Vibrio parahaemolyticus,0,75,177
beta-sitosterol glucoside,Escherichia coli,1,1349,69
3beta-Hydroxyolean-12-en-28-al 3-p-coumarate,Pseudomonas aeruginosa,1,309,125
6-Chloroindole,Streptococcus sanguinis,0,391,162
Esomeprazole,Escherichia coli,0,718,69
"2-(4,5-dibromo-1-methyl-1H-pyrrol-2-yl)-5-(phenylthio)-1,3,4-oxadiazole",Streptococcus epidermidis,1,196,152
N -(pyridin-3-yl-methylene)benzohydrazide,Pseudomonas chlororaphis,0,962,126
5-(dibromomethylene)-3-(1-bromobutyl)-2(5H)-furanone,Amycolatopsis orientalis,0,369,12
5-Chloroindole,Hepatitis C Virus ,0,378,85
Cefadroxil,Enterococcus gallinarum,0,538,68
"4-(2-(5-(4,5-dibromo-1-methyl-1H-pyrrol-2-yl)-1,3,4-oxadiazol-2-yl)vinyl)-2-methoxyphenol",Mycobacterium leprae,0,312,111
1-(4-methoxyphenyl)-3-p-tolyurea,Desulfovibrio africanus,0,127,54
Brecanavir,Clostridium perfringens ,0,493,48
Dalbavancin,Burkholderia cenocepacia,0,653,28
Crocin,Yersinia enterocolitica,0,618,179
Bis[(4-methylphenyl)methyl] disulfide,Escherichia coli,0,491,69
(2Z)-N-hexyl-2-hydroxy-3-[4-(trifluoromethyl)phenyl]prop-2-enamide,Thermus thermophilus ,0,68,169
"(5Z)-2-(1,1-dichloro-3,3-dimethylbutyl)-5-(phenylmethylidene)-1,3-oxazolidin-4-one",Streptococcus mitis,0,79,154
N-[5-(6-amino-9H-purin-9-yl)-4-hydroxy-2-(hydroxymethyl)oxolan-3-yl]-3-(4-methoxyphenyl)propanamide,Vibrio vulnificus,1,989,178
Rutin,Candida albicans,0,1163,34
Glycinamide hydrochloride,Streptococcus mutans,1,784,155
BMAP-28,Candida glabrata,1,461,36
Quercetin,Geobacillus kaustophilus,0,1127,77
Methyl indole-7-carboxylate,Mycobacterium smegmatis,0,934,112
Amprenavir,Streptococcus pneumoniae,0,438,158
Butanol,Halomonas pacifica,0,497,81
Carbonyl cyanide m-chlorophenylhydrazone,Staphylococcus aureus,1,524,141
Imazalil,Amycolatopsis orientalis,0,821,12
"(10R,11R)-Hydnocarpin D",Bacillus anthracis,0,2,18
1-{2-[(E)-2-(4-hydroxy-3-methoxyphenyl)ethenyl]-4-phenylquinolin-3-yl}ethan-1-one,Micrococcus luteus,1,140,108
D-Phenylalanine,Achromobacter sp.,0,639,0
"(1R,2S,7R,8R)-2,18-diacetoxyasperdiol",Mycobacterium leprae,0,7,111
Gentamicin,Streptomyces sp. ,0,779,167
Penciclovir,Achromobacter xylosoxidans,0,1073,1
Lactoferricin B,Bacteroides fragilis,0,891,24
beta-6-20-G3K6,Neisseria gonorrhoeae,0,1344,114
Ch_GG_Nt-Dhvar5,Staphylococcus aureus,1,571,141
Palmitic acid,Listeria monocytogenes,0,1065,104
5-(dibromomethylene)-3-(1-bromoethyl)-2(5H)-furanone,Salmonella enterica,1,370,133
Rosmarinic acid,Escherichia coli,0,1159,69
Hepcidin 20,Sphingomonas sp. Ibu-2,0,795,139
Toremifene,Candida dubliniensis,1,1282,35
2C-4,Candida albicans,0,245,34
N-(4-Morpholinyl)butanamide,Thermus thermophilus,0,978,168
"Phenol,2,4-bis(1,1-dimethylethyl)",Serratia marcescens,1,1090,136
Methylthiopropylamine,Aggregatibacter actinomycetemcomitans,0,935,11
"2-geranyloxy-4,6-dihydroxybenzophenone",Staphylococcus epidermidis,1,241,146
Myristic acid,Pseudomonas aeruginosa,1,952,125
Isoliquiritigenin,Proteus vulgaris,0,841,122
Clary sage,Bacillus cereus,1,596,19
Penicillenol B1,Candida albicans,1,1076,34
4-bromo-5-(bromomethylene)-3-(1-( 2-propynyloxy)butyl)-2(5H)-furanone,Influenza B virus ,0,341,97
"(5Z)-2-(2,2-dimethylpropyl)-5-{[3-(trifluoromethyl)phenyl]methylidene}-1,3-oxazolidin-4-one",Staphylococcus aureus,1,85,141
Bactenecin,Burkholderia pseudomallei,1,467,31
Bromophenyl AHL,Pseudomonas aeruginosa,1,495,125
5 alpha-Epoxyalantolactone,Staphylococcus cohnii,0,363,145
Eugenol,Pseudomonas aeruginosa,1,726,125
Pa-MAP,Candida albicans,0,1063,34
AFP1,Propionibacterium acnes,0,415,120
2(5H)-furanone,Hafnia alvei,1,167,79
3-(1-Naphthyl)-D-Alanine,Staphylococcus epidermis,1,261,147
Apigenin,Vibrio harveyi,1,443,176
4-Ethylcatechol,Escherichia coli,1,326,69
cat-AGE-RK2,Bacteroides eggerthii,0,1351,23
"2-(4,5-dibromo-1-methyl-1H-pyrrol-2yl)-5-(4-nitrophenyl)-1,3,4-oxadiazole",Enterobacter aerogenes,0,200,61
Cefmetazole,Escherichia coli,1,549,69
2-bromohexanoic acid,Influenza B virus,0,238,96
(2E)-N-[3-(1H-imidazol-1-yl)propyl]-3-phenylprop-2-enamide,Lactobacillus fermenti,0,39,102
Norspermidine,Vibrio anguillarum,0,1031,173
"(2R,3E)-2-Amino-4-phenyl-3-butenoic acid",Schistosoma,0,51,134
Tyrosol,Obesumbacterium proteus,0,1295,115
Enalapril,Bacillus subtilis,1,702,21
3-chloro-5-hydroxy-4-[(4-methylphenylsulfonyl)]-2(5H)-furanone,Acinetobacter sp.,0,294,5
N -(3-nitro-4-hydroxy-benzylidene)benzohydrazide,Staphylococcus epidermidis,1,959,146
Nobiletin,Vibrio harveyi,1,1025,176
Phenyl-arginine-b-naphthylamide,Lactobacillus fermenti,0,1092,102
Chloramphenicol,Streptococcus epidermidis,0,574,152
Glycomonoterpenes (G-citron),Streptococcus salivarius,0,786,161
Cobalt Ion,Pseudomonas aeruginosa,1,608,125
1-(4-chlorophenyl)-3-p-tolyurea,Enterobacter aerogenes,0,125,61
LL-31,Marinobacter hydrocarbonoclasticus,0,887,107
N-(2-Pyrimidinyl)butanamide,Human respiratory syncytial virus B,0,973,94
Salicylic Acid,Candida albicans,1,1180,34
Danthron,Salmonella Typhi,0,655,132
(Z)-4-bromo-5-(bromomethylene)-3-butyl-2(5H)-furanone,Lactobacillus fermenti,0,104,102
Hsn5 12-mer,Campylobacter jejuni,0,808,33
4-Bromo-D-phenylalanine,Candida parapsilosis,0,322,39
Silver nitrate,Staphylococcus epidermidis,1,1196,146
M8G2,Bacteroides uniformis,0,913,25
Benzbromarone,Mycobacterium leprae,0,474,111
Lopinavir,Staphylococcus epidermis,0,905,147
Methyl indole-7-carboxylate,Pseudomonas aeruginosa,1,934,125
4-Methyl benzyl dodecyl beta-maltoside,Shigella flexneri,0,337,138
"3-{2-[(1S,2R,4aR,8aR)-1,2,4a,5-tetramethyl-1,2,3,4,4a,7,8,8a-octahydronaphthalen-1-yl]ethyl}-N-(3-fluorophenyl)-5-methylidene-2,5-dihydrofuran-2-amine",Firmicutes,0,308,73
Clindamycin,Enterobacter cloacae,0,599,63
Silver Ion,Bacteroides,0,1192,22
Sennidin A,Pseudomonas libaniensis,0,1188,129
Benzalacetone,Streptococcus sanguinis,0,471,162
"Dihydroxybenzoic Acid (2,4-DHBA)",Clostridium bacilli,0,680,44
"1-[2-(3,5-dichlorophenyl)-5-(3,4,5-trimethoxyphenyl)-1,3,4-oxadiazol-3(2H)-yl]ethanone",Streptococcus mutans,1,133,155
Fenclonine,Campylobacter jejuni,0,733,33
Imperatorin,Streptococcus pyogenes,0,823,160
13-methyltetradecanoic acid,Clostridium pasteurianum,0,157,46
Amphotericin B,Salmonella enterica,0,436,133
Itraconazole,Bacteroides eggerthii,0,848,23
4-nitro-cinnamaldehyde,Human herpesvirus 3,0,358,88
"2-(4,5-dibromo-1-methyl-1H-pyrrol-2-yl)-5-phenyl-1,3,4-oxadiazole",Aquifex aeolicus,0,198,13
Phenanthrene,Serratia marcescens,1,1088,136
Silver nanowires,Pseudomonas aeruginosa,1,1195,125
16P-AC,Vibrio campbellii,0,165,174
D-Cystine,Pseudomonas chlororaphis,0,634,126
Dirithromycin,Human respiratory syncytial virus B,0,686,94
5-(dibromomethylene)-3-ethyl-2(5H)-furanone,Cryptococcus neoformans,0,372,52
(Z)-3-(bromomethylene) isobenzofuran-1(3H)-one,Staphylococcus epidermidis,1,99,146
2-(2-(2-Azidoacetamido)-5-bromophenyl)-2-oxo-N-(prop-2-yn-1-yl)acetamide,Streptococcus parasanguinis,0,181,157
Diphenyl disulphide,Listeria monocytogenes,0,684,104
L-pipecolic acid,Acinetobacter nosocomialis,0,877,3
"5-Bromo-1-(2-chloroacetyl)indoline-2,3-dione",Staphylococcus chromogenes,0,375,144
"(1-(4-chlorophenoxy)-3-[(4, 6-dimethyl-2-pyrimidinyl) thio]-2- propanol)",Stenotrophomonas maltophilia,0,0,151
Esculetin,Pseudomonas aeruginosa,1,715,125
"(5E)-5-dodecylidene-1,3-thiazolidine-2,4-dione",Acinetobacter nosocomialis,0,73,3
Sulfalene,Candida glabrata,0,1227,36
Protamine sulphate,Cronobacter sakazakii,0,1118,51
Esculin hydrate,Thermus thermophilus,0,717,168
4-bromo-5-(bromomethylene)-3-(1-( 2-propynyloxy)butyl)-2(5H)-furanone,Listeria monocytogenes serotype 4a,0,341,105
P10,Streptococcus salivarius,0,1057,161
3-(4-fluorophenyl)-5-(3-ethoxy- 4-hydroxybenzylidene)-2-thioxothiazolidin-4-one,Arthrobacter sp. ,0,273,14
Isatin,Staphylococcus chromogenes,0,836,144
Coumarin,Listeria ivanovii,0,616,103
Oxytetracycline,Bacillus cereus,0,1056,19
cat-AGE-RK1,Staphylococcus aureus,1,1350,141
Oseltamivir,Vibrio parahaemolyticus,0,1051,177
"Trimethyl[2-({10,15,20,24,26,29,31,33,34-nonakis[3-(trimethylphosphaniumyl)propoxy]hexacyclo[21.2.2.2,.2,.2,.2]pentatriaconta-1(25),3(35),4,6(34),8,10,13,15,18,20,23,26,28,30,32-pentadecaen-4-yl}oxy)ethyl]phosphanium decabromide",Staphylococcus aureus,1,1292,141
(Z)-5-(bromomethylene)-3-(hydroxymethyl]thiophen-2(5H)- one,Staphylococcus epidermidis,1,108,146
Clarithromycin,Staphylococcus capitis,0,595,142
Dimethyl Sulfoxide,Halomonas pacifica,0,682,81
Fosaphenytoin,Candida albicans,1,747,34
Benzalacetone,Vibrio harveyi,1,471,176
Methanol,Streptococcus sanguis,0,930,163
Esculin hydrate,Staphylococcus equorum,0,717,148
D-Aspartic acid,Staphylococcus epidermis,1,632,147
Penicillenol B2,Candida albicans,1,1077,34
LL-37,Burkholderia thailandensis,1,888,32
Zinc Dichloride,Pseudomonas aeruginosa,1,1329,125
3-(4-fluorophenyl)-5-(3-ethoxy- 4-hydroxybenzylidene)-2-thioxothiazolidin-4-one,Escherichia coli,1,273,69
Myxinidin2,Listeria monocytogenes,1,957,104
2-(2-(2-Azidoacetamido)-5-nitrophenyl)-2-oxo-N-(prop-2-yn-1-yl)acetamide,Staphylococcus equorum,0,184,148
Cefoperazone,Propionibacterium acnes,0,551,120
D-2-Methylphenylalanine,Eggerthella lenta,0,627,57
"1,3-dimethyl-6-(4-methylphenyl)-5-[3-(4-nitrophenyl)-1-phenyl-1H-pyrazol-4-yl]-1H,2H,3H,4H,5H,6H-pyrimido[4,5-d][1,3]diazine-2,4-dione",Streptococcus salivarius,0,118,161
DJK5,Acinetobacter baumannii,1,649,2
5-Chloroindole,Micrococcus luteus,0,378,108
(furan-2-yl)methyl (2E)-3-phenylprop-2-enoate,Citrobacter freundii,0,112,43
5-(dibromomethylene)-3-(1-acetoxyethyl)-2(5H)-furanone,Salmonella enterica,1,368,133
11(R)-hydroxy-12(20)-en-knightal,Aspergillus niger,0,147,16
2-(2-(2-Chloroacetamido)phenyl )-2-oxo-N-( prop-2-yn-1-yl )acetamide,Escherichia coli,1,189,69
Pyrogallol,Mycobacterium tuberculosis,0,1125,113
2-(2-(2-Chloroacetamido)-5-fluorophenyl)-2-oxo-N-( prop-2-yn-1-yl)acetamide,Salmonella Typhi,0,186,132
3-hexyl-5-bromomethylene-2(5H)-furanone,Varicella-zoster virus,0,299,172
Myristic acid,Klebsiella pneumoniae,1,952,99
"(5Z)-2-(1,1-dichloro-3,3-dimethylbutyl)-5-{[4-(trifluoromethyl)phenyl]methylidene}-1,3-oxazolidin-4-one",Aquifex aeolicus,0,81,13
2-(2-(2-Azidoacetamido)-5-methylphenyl)-2-oxo-N-(prop-2-yn-1-yl)acetamide,Klebsiella pneumoniae,0,183,99
FS8,Staphylococcus aureus,1,730,141
Copper sulfate,Staphylococcus epidermidis,1,614,146
Rifapentine ,Streptococcus oralis,0,1155,156
Spermine,Vibrio cholerae,1,1211,175
S-(2-thienyl)-L-cysteine,Pseudomonas chlororaphis,0,1166,126
lin-SB056-1,Staphylococcus epidermidis,1,1371,146
DJK5,Escherichia coli,1,649,69
"2-(4-Chlorophenyl)-5-(4,5-dibromo-1-methyl-1H-pyrrol-2-yl)-1,3,4-oxadiazole",Aeromonas hydrophila,0,203,9
"(1R,2S,7R,3E,8E,11E)-2,18-diacetoxycembra-3,8,11,15(17)-tetraen-7-ol",Enteric bacteria and other eubacteria,0,6,59
Carnitine hydrochloride,Pseudomonas libaniensis,0,527,129
IG-19,Aeromonas hydrophila,0,816,9
2-Cyano-D-phenylalanine,Eikenella corrodens,0,217,58
Catechin,Pseudomonas aeruginosa,1,531,125
4-Fluoro-2-methyl-D-phenylalanine,Human herpesvirus 3,0,329,88
"Bis-O-acetyl-4,5-dihydroxy-2,3-pentanedione",Staphylococcus chromogenes,0,489,144
"N1-(7-chloroquinolin-4-yl)octane-1,8-diamine",Achromobacter sp.,0,993,0
Octadecyl gallate,Staphylococcus aureus,1,1041,141
Penicillenol C2,Staphylococcus saprophyticus,0,1079,150
Silver nanowires,Influenza B virus ,0,1195,97
Piperacillin-Tazobactam,Staphylococcus chromogenes,0,1103,144
Octyl gallate,Pseudomonas chlororaphis,0,1043,126
Trovafloxacin,Burkholderia pseudomallei,0,1294,31
Sulfalene,Providencia stuartii,0,1227,123
Cinnamaldehyde,Vibrio cholerae,1,585,175
Nelfinavir,Streptococcus pneumoniae serotype 4,0,1011,159
Ciprofloxacin,Helicobacter pylori ,0,590,82
"1-{2-[(E)-2-[3,5-bis(trifluoromethyl)phenyl]ethenyl]-4-phenylquinolin-3-yl}ethan-1-one",Staphylococcus aureus,1,142,141
dF21-10K,Hepatitis B virus F,0,1360,84
KABT-AMP,Candida krusei,0,852,38
Norfloxacin,Achromobacter sp.,0,1028,0
Linalool,Trichophyton mentagrophytes,0,900,170
Gallium Nitrate,Streptococcus pyogenes,0,770,160
Propanol,Eggerthella lenta,0,1116,57
beta-sitosterol glucoside,Stenotrophomonas maltophilia,0,1349,151
"Bis-O-acetyl-4,5-dihydroxy-2,3-pentanedione",Pantoea agglomerans,0,489,116
Resveratrol,Clostridium pasteurianum,0,1148,46
"2-(4,5-dibromo-1-methyl-1H-pyrrol-2-yl)-5-(methylthio)-1,3,4-oxadiazole",Pseudomonas aeruginosa,1,195,125
"(2E)-1-(3 ,4 ,5 -trimethoxyphenyl)-3-(2-naphthyl)-2-propen-1-one",Human herpesvirus 1 ,0,24,87
Octadecyl gallate,Streptococcus sanguinis,0,1041,162
S-phenyl-L-cysteine,Streptococcus mutans,1,1172,155
Brecanavir,Burkholderia cenocepacia,0,493,28
"(2E)-1-(1,3-benzodioxol-5-yl)-3-(2-chloro-quinolin-3-yl)-2-propen-1-one",Enterococcus faecalis,1,17,66
"1-[2-(2,4-dichlorophenyl)-5-(3,4,5-trimethoxyphenyl)-1,3,4-oxadiazol-3(2H)-yl]ethanone",Enterococcus faecalis,1,131,66
DispersinB-KSL-W wound gel,Klebsiella pneumoniae,1,687,99
Eugenol,Trichophyton mentagrophytes,0,726,170
Penicillenol B2,Streptococcus mitis,0,1077,154
Lomefloxacin,Bacillus cereus,0,904,19
Myxinidin2,Actinoplanes missouriensis,0,957,8
(2R)-2-amino-3-(2-phenylethanesulfinyl)propanoic acid,Proteus vulgaris,0,42,122
"2,4-Difluorophenylalanine",Staphylococcus aureus,1,174,141
cat-AGE-RK1,Baker's yeast,0,1350,27
2-Chloro-DL-Phenylalanine,Bacteroides fragilis,0,216,24
Wheat bran,Aquifex aeolicus,0,1321,13
(2R)-2-amino-3-(thiophene-2-sulfinyl)propanoic acid,Staphylococcus epidermis,0,44,147
G H12,Achromobacter sp.,0,763,0
Pyrazinamide,Enterobacteria phage T4,0,1122,65
GL13K,Pseudomonas aeruginosa,1,766,125
"(2E)-1-(3 ,4 ,5 -trimethoxyphenyl)-3-(2-naphthyl)-2-propen-1-one",Staphylococcus aureus,1,24,141
2-amino-3-(3-chlorophenyl)propanoic acid,Staphylococcus epidermis,1,226,147
(2S)-2-amino-3-(4-tert-butylphenyl)propanoic acid,Achromobacter sp.,0,53,0
4-Benzyl-sulfonyl-5-hydroxy-3-chloro-2(5H)-furanone,Bacillus subtilis,1,320,21
"2-(4,5-dibromo-1-methyl-1H-pyrrol-2yl)-5-(4-nitrophenyl)-1,3,4-oxadiazole",Pseudomonas aeruginosa,1,200,125
Asperdiol,Vibrio harveyi,1,446,176
Bacalin hydrate,Enterobacter cloacae,0,464,63
Melittin B,Streptococcus mutans,1,924,155
Mitomycin C,Enterococcus faecium,0,943,67
Avibactam,Enterobacter cloacae,1,454,63
"3,4-Dimethoxychalcone",Haemophilus influenzae,1,255,78
sorivudine,Bacteroides vulgatus,1,1388,26
n-Hexane,Achromobacter xylosoxidans,0,1374,1
Oregano oil,Staphylococcus aureus,1,1050,141
Butoconazole,Candida albicans,1,500,34
Siamycin I,Enterobacter aerogenes,0,1191,61
5-fluorooxiindole,Pseudomonas fluorescens,0,385,127
2-(2-(2-Azidoacetamido)-5-methylphenyl)-2-oxo-N-(prop-2-yn-1-yl)acetamide,Bacteroides vulgatus,0,183,26
Clindamycin ,Lactobacillus fermenti,0,600,102
Sinensetin,Escherichia coli,1,1203,69
4-Benzyl-sulfonyl-5-hydroxy-3-chloro-2(5H)-furanone,Vibrio cholerae,0,320,175
"3,3-dimethyl-13-{9-methyl-[1,2,3,4]tetrazolo[1,5-a]quinolin-4-yl}-1H,2H,3H,4H,6H,11H,13H-indazolo[1,2-b]phthalazine-1,6,11-trione",Streptococcus salivarius,0,249,161
cat-AGE-RK1,Serratia liquefaciens,0,1350,135
D-galactose cluster,Hepatitis B virus D,0,643,83
Stavudine,Arthrobacter sp. ,0,1213,14
para-ethylaniline,Streptococcus mitis,0,1384,154
5 alpha-Epoxyalantolactone,Streptomyces gordonii,0,363,165
Lactoferricin B,Candida albicans,1,891,34
Moxifloxacin ,Proteus vulgaris,0,946,122
Ssp (A4K-A11K),Clostridium perfringens ,0,1212,48
Ferulic Acid,Pseudomonas aeruginosa,1,736,125
Ionic silver,Streptococcus parasanguinis,0,834,157
Cyclacillin,Proteus mirabilis,0,621,121
Cyclacillin,Bacteroides eggerthii,0,621,23
Praziquantel,Escherichia coli ,0,1113,70
G10KHc,Actinoplanes missouriensis,0,764,8
Cycloserine ,Corynebacterium ammoniagenes,0,624,50
Seg6L,Aspergillus niger,0,1187,16
3-oxo-C6-HSL,Serratia liquefaciens,1,302,135
"4-(2-(5-(4,5-dibromo-1-methyl-1H-pyrrol-2-yl)-1,3,4-oxadiazol-2-yl)vinyl)-2-methoxyphenol",Staphylococcus aureus,1,312,141
2-(2-(2-Azidoacetamido)phenyl)-2-oxo-N-(prop-2-yn-1-yl)acetamide,Fusarium solani,0,185,75
Cefotetan,Staphylococcus equorum,0,554,148
Epicatechin,Chromobacterium violaceum,0,706,42
RT2,Escherichia coli,1,1142,69
Ephedrine,Mycobacterium avium,0,705,110
Benzoylperoxide,Human herpesvirus 1 ,0,479,87
Cefonicid,Streptococcus mutans,0,550,155
Carabrone,Human herpesvirus 5,0,523,90
Rifampicin,Hafnia alvei,0,1154,79
Biphenyl,Francisella novicida,0,488,74
3-hexyl-5-bromomethylene-2(5H)-furanone,Serratia liquefaciens,0,299,135
Lipoic acid,Enterococcus gallinarum,0,902,68
Carboxymethyl chitosan,Escherichia coli,1,525,69
Sulfadiazine ,Sphingomonas sp. Ibu-2,0,1225,139
"(2S,3R,4S,5S,6R)-3-(2-(1H-Indol-3-yl)acetamido)-6-(acetoxymethyl)tetrahydro-2H-pyran-2,4,5-triyl triacetate",Pseudomonas aeruginosa,1,56,125
Anidulafungin,Streptococcus sanguis,0,439,163
Palivizumab,Clostridium pasteurianum,0,1064,46
2-Cyano-D-phenylalanine,Staphylococcus epidermis,1,217,147
"2-(4-(Trifluoromethyl)phenyl)-N-((2R,3R,4S,5S,6R)-2,4,5-trihydroxy-6-(hydroxymethyl)tetrahydro-2H-pyran-3-yl)acetamide",Salmonella Typhi,0,201,132
"2,4-Dichlorophenylalanine",Candida spp.,0,173,40
Mustard oil,Staphylococcus cohnii,0,949,145
Kaempherol,Trueperella pyogenes,0,857,171
"3,4-Dichloro-5-[(1,3-dichloropropan-2-yloxy)]-2(5H)-furanone",Pseudomonas putida,0,251,130
"(2S,3R,4S,5S,6R)-6-(Acetoxymethyl)-3-(3-oxooctanamido)tetrahydro-2H-pyran-2,4,5-triyl triacetate",Pseudomonas aeruginosa,1,63,125
Chloramphenicol,Bacillus subtilis,1,574,21
Diphenyl disulphide,Enterococcus gallinarum,0,684,68
Tenofovir,Pseudomonas libaniensis,0,1256,129
alpha-pinene,Baker's yeast,0,1342,27
4-(Aminomethyl)-D-phenylalanine,Staphylococcus aureus,1,315,141
Ganciclovir,Klebsiella planticola,0,774,98
Triclosan,Streptococcus sanguinis,0,1284,162
Farnesol,Streptococcus gordonii,0,732,153
Ellagic Acid,Staphylococcus aureus,1,698,141
Dodecyl beta-maltoside,Micrococcus luteus,0,690,108
"L-744,832",Candida albicans,1,865,34
alpha-mangostin,Streptomyces rubiginosus,0,1341,166
"2-bromo-4-methyl-6-(3,4,5-tribromo-1H-pyrrole-2-carbonyl)phenol",Candida glabrata,0,236,36
Silver nitrate,Burkholderia cepacia,1,1196,29
"N-(4,5-Dihydro-1,3-thiazol-2-yl)butanamide",Bacillus amyloliquefaciens,0,975,17
Umbelliferone,Human immunodeficiency virus,0,1298,91
S-ethyl-L-cysteine,Streptococcus sanguis,1,1170,163
4-Methoxycarbonylphenylboronic acid,Vibrio cholerae,1,335,175
8-fluoroquinoline,Pseudomonas aeruginosa,1,411,125
1-methanesulfonyl-4-methylbenzene,Enterobacter aerogenes,0,137,61
DiHydroxyBenzoFuran,Staphylococcus aureus,1,669,141
"(1R,2S,7R,3E,11E)-2,18-diacetoxycembra-3,8(19),11,15(17)-tetraen-7-ol",Neisseria gonorrhoeae,0,5,114
Na-Benzoate,Aeromonas sobria,0,1004,10
Fleroxacin,Coagulase- negative staphylococci,0,740,49
Rutaecarpine,Burkholderia pseudomallei,0,1162,31
Calanolide A,Human herpesvirus 1 ,0,518,87
"3,5-dibromotyrosined",Bacteroides,0,259,22
Chrysophanol,Stenotrophomonas maltophilia,1,581,151
Sucrose,Dengue Virus Type 2,0,1219,53
Zinc Nitrate,Pseudomonas aeruginosa,1,1330,125
Pefloxacin,Providencia stuartii,0,1070,123
Diterpene phytol,Trueperella pyogenes,0,688,171
L- K6L9,Streptococcus mutans,0,862,155
Furanone C-30,Streptococcus pneumoniae,0,753,158
N -(5-bromo-2-hydroxy-benzylidene)benzohydrazide,Staphylococcus aureus,1,961,141
Silver nitrate,Kocuria rhizophila,1,1196,101
Trimethyl(3-{4-[3-(trimethylazaniumyl)propoxy]phenoxy}propyl)azanium dibromide,Francisella novicida,0,1290,74
Trimethyl(3-{4-[3-(trimethylazaniumyl)propoxy]phenoxy}propyl)azanium dibromide,Bacillus anthracis,0,1290,18
N-(2-Pyrimidinyl)butanamide,Pseudomonas aeruginosa,1,973,125
Lorazepam,Clostridium perfringens,0,906,47
Sodium sulfate,Human herpesvirus 4,0,1209,89
Zotepine,Candida albicans,1,1334,34
Lys-a1,Streptococcus sanguinis,1,910,162
Gallocatechin gallate,Eikenella corrodens,1,773,58
2-(2-(2-Chloroacetamido)-5-methylphenyl)-2-oxo-N-( prop-2-yn- 1-yl)acetamide,Achromobacter xylosoxidans,0,187,1
1-{4-phenyl-2-[(E)-2-[4-(trifluoromethoxy)phenyl]ethenyl]quinolin-3-yl}ethan-1-one,Klebsiella planticola,1,143,98
(Z)-4-bromo-5-(bromomethylene)-3-ethyl-2(5H)-furanone,Dihydropteroate synthase type-1,0,105,55
N-(4-Bromobenzylidene)benzohydrazide,Pseudomonas aeruginosa,1,976,125
"13-{7-methoxy-[1,2,3,4]tetrazolo[1,5-a]quinolin-4-yl}-3,3-dimethyl-1H,2H,3H,4H,6H,11H,13H-indazolo[1,2-b]phthalazine-1,6,11-trione",Pseudomonas aeruginosa,1,158,125
Bevirimat,Streptococcus mutans,0,486,155
Allicin,Bacteroides vulgatus,0,426,26
Silver nitrate,Pseudomonas aeruginosa,1,1196,125
"1-{6-nitro-4-phenyl-2-[(E)-2-(3,4,5-trimethoxyphenyl)ethenyl]quinolin-3-yl}ethan-1-one",Vibrio vulnificus,0,144,178
"5-decyl-1,3-thiazolidine-2,4-dione",Listeria monocytogenes serotype 4a,0,383,105
Thymol,Pseudomonas libaniensis,0,1270,129
Hexyl gallate,Enterococcus faecalis,1,803,66
Amantadine,Staphylococcus saprophyticus,0,429,150
Bismuth oxide nanoparticle,Porphyromonas gingivalis,0,492,119
Eucarobustol E,Francisella novicida,0,725,74
"(2E)-1-(1 ,3 -benzodioxol-5-yl)-3-(2-naphthyl)-2-propen-1-one",Staphylococcus epidermidis,1,16,146
"4,5-dihydroxy-2,3-pentanedione",Candida albicans,1,311,34
"(R)-2,3-Diaminopropanoic acid",Staphylococcus epidermis,1,91,147
Ethambutol,Influenza B virus,0,719,96
Chrysin,Salmonella Typhi,0,580,132
Sulconazole nitrate,Staphylococcus capitis,0,1221,142
Titanium dioxide,Escherichia coli O6:H1 (strain CFT073 / ATCC 700928 / UPEC),0,1278,71
Phenytoin,Candida albicans,1,1093,34
Zinc Dichloride,Streptococcus oralis,0,1329,156
Sulfadiazine,Achromobacter xylosoxidans,0,1224,1
"N-((1E)-{4-ethoxy-3-[(8-oxo-1,5,6,8-tetrahydro-2H-1,5-methanopyrido[1,2-a][1,5]diazocin-3(4H)-yl)methyl]phenyl}methylene)-3,4,5-trihydroxybenzohydrazide",Listeria monocytogenes,0,965,104
Ibuprofen,Desulfovibrio africanus,0,819,54
Myxinidin3,Streptococcus oralis,0,958,156
Epicatechin-3-gallate,Haemophilus influenzae,0,708,78
N-[5-(6-amino-9H-purin-9-yl)-4-hydroxy-2-(hydroxymethyl)oxolan-3-yl]-3-(4-methoxyphenyl)propanamide,Vibrio campbellii,1,989,174
N-Acetylcysteine,Escherichia coli O6:H1 (strain CFT073 / ATCC 700928 / UPEC),0,984,71
P15-CSP,Human herpesvirus 3,0,1058,88
Cinnamaldehyde,Burkholderia multivorans,1,585,30
Competence Stimulating Peptide,Candida albicans,1,613,34
"1-[2-(3,5-dichlorophenyl)-5-(3,4,5-trimethoxyphenyl)-1,3,4-oxadiazol-3(2H)-yl]ethanone",Aeromonas sobria,0,133,10
LL7-37,Candida krusei,0,890,38
Ssp (A4K-A11K),Eikenella corrodens,0,1212,58
Tetrameric peptide,Citrobacter freundii,0,1264,43
Losartran,Dengue Virus Type 2,0,907,53
Penicillenol B2,Pseudomonas aeruginosa,1,1077,125
Penicillic acid,Kocuria rhizophila,0,1080,101
"13-(2-chloro-8a-methyl-4a,8a-dihydroquinolin-3-yl)-3,3-dimethyl-1H,2H,3H,4H,6H,11H,13H-indazolo[1,2-b]phthalazine-1,6,11-trione",Staphylococcus capitis,0,155,142
3-(1-Naphthyl)-D-Alanine,Staphylococcus aureus,1,261,141
Dolutegravir,Enterococcus faecalis,0,691,66
"3,4-Dichloro-cinnamaldehyde",Bacteroides eggerthii,0,253,23
Copper sulfate,Candida krusei,0,614,38
"N-((2R,3R,4S,5S,6R)-2,4,5-Trihydroxy-6-(hydroxymethyl)tetrahydro-2H-pyran-3-yl)hexanamide",Streptococcus sanguinis,0,968,162
Tyrosol,Citrobacter freundii,0,1295,43
6-Aminoflavone,Pseudomonas fluorescens,0,389,127
AAP2,Mycobacterium leprae,0,414,111
(2R)-2-amino-3-(benzenesulfinyl)propanoic acid,Streptococcus sanguis,1,43,163
Aminocyclopropane,Staphylococcus epidermis,0,432,147
"Triethyl[3-({33-[2-(triethylazaniumyl)ethoxy]-10,15,20,25,27,29,31,34-octakis[3-(triethylazaniumyl)propoxy]hexacyclo[21.2.2.2.2.2.2]pentatriaconta-1(25),3,5,8,10,13,15,18,20,23,26,28,30,32,34-pentadecaen-4-yl}oxy)propyl]azanium decabromide",Thermus thermophilus,0,1287,168
Emodin,Streptococcus mutans,1,700,155
N -(4-trifluoromethyl-benzylidene)benzohydrazide,Streptococcus mutans,1,960,155
4-bromo-5-(bromomethylene)-3-butyl-2(5H)- furanone,Bacillus subtilis,1,345,21
1-{4-phenyl-2-[(E)-2-[4-(trifluoromethoxy)phenyl]ethenyl]quinolin-3-yl}ethan-1-one,Pseudomonas aeruginosa,1,143,125
"1-{2-[(E)-2-[3,5-bis(trifluoromethyl)phenyl]ethenyl]-4-phenylquinolin-3-yl}ethan-1-one",Pseudomonas aeruginosa,1,142,125
Orange extract,Yersinia enterocolitica,1,1049,179
12-hydroxy decyl beta-maltose,Human herpesvirus 3,0,149,88
3-(Trifluoromethyl)phenylalanine,Campylobacter jejuni,0,275,33
N-Nonanoyl-cyclopentylamide,Pseudoalteromonas sp.,0,987,124
Penciclovir,Streptococcus sanguinis,0,1073,162
3-Methyl-D-phenylalanine,Staphylococcus aureus,1,288,141
L-fucose cluster,Pseudomonas aeruginosa,1,875,125
"3,5-dibromotyrosined",Escherichia coli,0,259,69
"(2-(4-chlorophenyl)- 4-{[(6-methyl-2-pyridinyl)amino]methylene}-1,3-oxazol- 5(4H)-one)",Plasmodium falciparum,0,13,118
Darunavir,Human immunodeficiency virus 1,0,658,92
LF11-322,Lactobacillus fermenti,0,881,102
N -(3-nitro-4-hydroxy-benzylidene)benzohydrazide,Burkholderia thailandensis,0,959,32
Cinnamaldehyde,Vibrio harveyi,1,585,176
Ferric chloride,Burkholderia thailandensis,0,734,32
Flucloxacillin,Halomonas pacifica,0,742,81
Terconazole,Hepatitis C Virus ,0,1257,85
Cycloserine ,Serratia liquefaciens,0,624,135
"2-(hexylsulfonyl)-4-(1H-1,2,3-triazol-1-yl)pyrimidine",Influenza B virus ,0,213,97
"(2E)-1-(2 ,5 -dimethoxyphenyl)-3-(2-naphthyl)-2-propen-1-one",Streptococcus mutans,1,22,155
Asperdiol,Clostridium leptum,0,446,45
7-methylindole,Raoultella ornithinolytica,0,408,131
Voriconazole,Amycolatopsis orientalis,0,1319,12
Nobiletin,Escherichia coli,1,1025,69
digoxin,Streptococcus parasanguinis,0,1363,157
M8G2,Human parainfluenza virus type 2,0,913,93
Didanosine,Influenza A virus ,0,678,95
Linezolid,Dengue Virus Type 2,0,901,53
"N-((1E)-{4-ethoxy-3-[(8-oxo-1,5,6,8-tetrahydro-2H-1,5-methanopyrido[1,2-a][1,5]diazocin-3(4H)-yl)methyl]phenyl}methylene)-3,4,5-trihydroxybenzohydrazide",Staphylococcus equorum,0,965,148
Diphenyl diselenide,Bacteroides vulgatus,0,683,26
Pro-Gly,Stenotrophomonas maltophilia,0,1114,151
"4,5-dihydroxy-2,3-pentanedione",Bacillus cereus,1,311,19
C8-HSL,Streptococcus gordonii,0,508,153
Isosilybin A,Streptococcus sobrinus,0,845,164
Amikacin,Candida guiliermondi,0,430,37
Glycomonoterpenes (G-citron),Enteric bacteria and other eubacteria ,0,786,60
M8G2,Streptococcus sanguinis,1,913,162
Nelfinavir,Streptococcus oralis,0,1011,156
Fluspiriline,Vibrio anguillarum,0,745,173
Limonene,Shewanella oneidensis,0,899,137
Phenanthrene,Klebsiella pneumoniae,1,1088,99
BMAP-27,Human parainfluenza virus type 2,0,460,93
Bacitracin,Marinobacter hydrocarbonoclasticus,0,466,107
BMAP-27,Stenotrophomonas maltophilia,1,460,151
"(2E)-1-(3 ,4 -dimethoxyphenyl)-3-(2-naphthyl)-2-propen-1-one",Streptococcus mutans,1,25,155
3-(3-Pyridinyl)alanine,Proteus vulgaris,0,269,122
(2E)-N-[3-(1H-imidazol-1-yl)propyl]-3-phenylprop-2-enamide,Human parainfluenza virus type 2,0,39,93
Octyl gallate,Staphylococcus aureus,1,1043,141
Ceftizoxime,Streptococcus pyogenes,0,562,160
(Z)-5-(chloromethylene) furan-2(5H)-one,Fusarium solani,0,109,75
lin-SB056-1,Enterobacter cloacae,0,1371,63
4-methoxy-cinnamaldehyde,Vibrio anguillarum,1,357,173
P60.4Ac,Streptomyces gordonii,0,1059,165
C16G2,Aspergillus fumigatus,0,505,15
Peptide 1,Stenotrophomonas maltophilia,0,1086,151
Tetrazol-1-yl,Mycobacterium leprae,0,1265,111
trans-2-Nonenal,Hafnia paralvei,0,1389,80
Fraxin,Bacteroides fragilis,0,750,24
"2-(4-Fluorophenyl)-N-((2R,3R,4S,5S,6R)-2,4,5-trihydroxy-6-(hydroxymethyl)tetrahydro-2H-pyran-3-yl)acetamide",Pseudomonas aeruginosa,1,205,125
Cefpodoxime,Bacillus subtilis,0,558,21
Pa-MAP,Acinetobacter sp.,0,1063,5
Lemon,Escherichia coli,1,895,69
Ribavirin,Burkholderia multivorans,0,1151,30
Penicillic acid,Achromobacter xylosoxidans,1,1080,1
Butein,Staphylococcus capitis,0,498,142
Benzylpenicillin,Staphylococcus aureus,1,481,141
4-bromo-5-(dibromomethylene)-3-(1-bromoethyl)-2(5H)-furanone,Influenza B virus,0,347,96
O-Methyl-D-tyrosine,Staphylococcus epidermis,1,1037,147
Ferrous,Escherichia coli ,0,735,70
Rosoxacin,Human respiratory syncytial virus B,0,1160,94
Cefazolin,Streptococcus epidermidis,0,543,152
Garlic extract,Influenza B virus ,0,775,97
Linezolid,Clostridium pasteurianum,0,901,46
C6-HSL,Serratia liquefaciens,1,507,135
Ticarcillin,Streptomyces gordonii,0,1271,165
Tyrphostin AG1478,Escherichia coli ,0,1297,70
Oregano oil,Enterococcus faecalis,0,1050,66
Myristoyl-DL-carnitine,Human parainfluenza virus type 2,0,953,93
4-Chlorochalcone,Pseudoalteromonas sp.,0,324,124
4-bromo-5-(bromomethylene)-3-butyl-2(5H)- furanone,Shewanella oneidensis,0,345,137
Gentamicin,Staphylococcus chromogenes,0,779,144
Clofazimine,Staphylococcus equorum,0,602,148
epsilon-Polylysine,Mycobacterium smegmatis,0,1364,112
Raspberry KAS 434,Citrobacter freundii,0,1145,43
(furan-2-yl)methyl (2E)-3-phenylprop-2-enoate,Candida albicans,1,112,34
Furanone-3,Eubacterium ramulus,0,756,72
Coumarin-3-carboxylic acid,Escherichia coli,1,617,69
"2-(2-chloro-5-fluorophenyl)-5-(4,5-dibromo-1-methyl-1H-pyrrol-2-yl)-1,3,4-oxadiazole",Streptococcus epidermidis,1,191,152
Cephaloglycin,Bacillus anthracis,0,567,18
2-Carbamoylphenylalanine,Bacteroides eggerthii,0,215,23
Pyrvinium pamoate,Pseudomonas chlororaphis,0,1126,126
Norspermidine,Helicobacter pylori ,0,1031,82
"(1R,4R,8S,11S,12R)-4-hydroxy-1,4,8-trimethyl-12-(propan-2-yl)tricyclo[9.3.0.0]tetradec-3(7)-en-6-one",Pseudomonas aeruginosa,1,9,125
Taurine,Streptococcus pneumoniae,0,1246,158
N-(2-oxothiolan-3-yl)butanamide,Pseudomonas aeruginosa,1,974,125
Triclosan,Staphylococcus chromogenes,0,1284,144
2-bromohexanoic acid,Pseudomonas aeruginosa,1,238,125
Rifampicin,Mycobacterium avium,0,1154,110
2(5H)-furanone,Propionibacterium acnes,0,167,120
"4-Hydroxy-2,5-dimethyl-3(2H)-furanone",Staphylococcus epidermidis,0,332,146
"(5S)-1,7-bis(4-hydroxyphenyl)-5-O-_-D- apiofuranosyl(1 _ 6)-_-D-glucopyranosyloxyheptan-3-one",Dihydropteroate synthase type-1,0,77,55
Indole-3-acetaldehyde,Campylobacter jejuni,0,828,33
(2R)-2-amino-3-[(4-methylphenyl)methanesulfinyl]propanoic acid,Streptococcus mutans,1,46,155
Chrysophsin-1,Haemophilus influenzae,0,582,78
prop-2-ene-1-SO-thioperoxol,Bacillus anthracis,0,1387,18
trans-2-Pentenal,Enterobacter cloacae,0,1390,63
Framycetin,Hepatitis B virus D,0,749,83
(RW)4-NH2,Candida glabrata,0,97,36
2-(5-Bromo-2-(2-chloroacetamido)phenyl )-2-oxo-N-( prop-2-yn-1-yl)acetamide,Streptococcus mitis,0,209,154
N-(4-Morpholinyl)butanamide,Human herpesvirus 5,0,978,90
"1-[2-(2-nitrophenyl)-5-phenyl-1,3,4-oxadiazol-3(2H)-yl]ethanone",Aeromonas sobria,0,132,10
Streptomycin,Pseudomonas aeruginosa,1,1216,125
"5-Chloro-1-(2-chloroacetyl)indoline-2,3-dione",Pseudomonas aeruginosa,1,377,125
"Benzenesul-fonamide,4-amino-N-methyl-N-[3-(3,4,7,8-tetrahydro-2,4-dioxo-2H-thiopyrano[4,3-d]pyrimidin-1(5H)-yl)propyl",Acinetobacter baumannii,1,475,2
4-Chloro-2-fluoro-DL-phenylalanine,Burkholderia cenocepacia,0,323,28
"2-bromo-4-methyl-6-(3,4,5-tribromo-1H-pyrrole-2-carbonyl)phenol",Staphylococcus chromogenes,0,236,144
lin-SB056,Staphylococcus epidermidis,1,1370,146
Carvacrol,Escherichia coli,1,529,69
"(2E)-1-(1,3-benzodioxol-5-yl)-3-(2-chloro-quinolin-3-yl)-2-propen-1-one",Streptococcus pneumoniae serotype 4,0,17,159
Carbonyl cyanide m-chlorophenylhydrazone,Bacteroides vulgatus,0,524,26
Phenanthrene,Escherichia coli,1,1088,69
Amlodipine,Burkholderia thailandensis,0,434,32
Lorazepam,Staphlococcus aureus,0,906,140
Cyanidin,Pseudomonas aeruginosa,1,620,125
Naringenin,Staphlococcus aureus,0,1009,140
(2R)-2-amino-3-[(4-methylphenyl)methanesulfinyl]propanoic acid,Streptococcus sanguis,1,46,163
Ertapenem,Serratia marcescens,0,711,136
Norgestimate,Influenza A virus ,0,1029,95
Dephnetin,Human herpesvirus 1 ,0,664,87
"7-fluoroindoline-2,3-dione",Enterobacter cancerogenus,0,404,62
"4-(2-(5-(4,5-dibromo-1-methyl-1H-pyrrol-2-yl)-1,3,4-oxadiazol-2-yl)vinyl)-2-methoxyphenol",Stenotrophomonas maltophilia,0,312,151
Ssp (A4K-A11K),Escherichia coli,0,1212,69
4-Bromo-D-phenylalanine,Staphylococcus epidermis,1,322,147
"1-{6-nitro-4-phenyl-2-[(E)-2-(3,4,5-trimethoxyphenyl)ethenyl]quinolin-3-yl}ethan-1-one",Escherichia coli,1,144,69
Rosmarinic acid,Pseudomonas aeruginosa,1,1159,125
Coprinuslactone,Mycobacterium avium,0,615,110
M8-33,Bacillus anthracis,0,912,18
Aceroside VIII,Aggregatibacter actinomycetemcomitans,0,417,11
4-bromo-5-(bromomethylene)-3-(1-acetoxybutyl)-2(5H)-furanone,Candida krusei,0,343,38
"1,3-bis[3-chloro-5-(1,3-dichloropropane-2-yloxy)-2(5H)-furanone-4-ylsulfonyl]propane",Streptococcus sanguis,0,115,163
Limonene,Candida albicans,1,899,34
Novobiocin,Human respiratory syncytial virus B,0,1032,94
Hepcidin 20,Burkholderia thailandensis,0,795,32
Stearic acid,Micrococcus luteus,0,1214,108
Lactoferricin B,Fusarium solani,1,891,75
"Butane-1,4-diamine",Aeromonas hydrophila,0,496,9
Cefpiramide,Halomonas pacifica,0,557,81
3-Hydroxytyrosine,Pseudomonas fluorescens,0,284,127
N-(2-Pyridinyl)butanamide,Eggerthella lenta,0,972,57
Streptorubin B,Hafnia paralvei,0,1217,80
RK-19,Streptococcus pyogenes,0,1138,160
"(2E)-5-[(1S,2R,4aR,8aR)-1,2,4a,5-tetramethyl-1,2,3,4,4a,7,8,8a-octahydronaphthalen-1-yl]-3-formylpent-2-enoic acid",Staphylococcus aureus,1,36,141
2-(Aminomethyl)-L-phenylalanine,Staphylococcus capitis,0,211,142
Clioquinol,Marinobacter hydrocarbonoclasticus,0,601,107
N-(4-Bromobenzylidene)benzohydrazide,Pseudomonas japonica,0,976,128
"3,4-Dichloro-cinnamaldehyde",Candida glabrata,0,253,36
beta-Defensin-3,Clostridium perfringens,0,1347,47
Tyrphostin AG1478,Hepatitis C Virus ,0,1297,85
4-Bromo-D-phenylalanine,Pseudomonas fluorescens,0,322,127
Vitamin C,Bacteroides fragilis,0,1316,24
4H-tomentosin,Propionibacterium acnes,0,362,120
Phosphate,Pseudomonas putida,0,1096,130
4-Chlorochalcone,Kocuria rhizophila,0,324,101
alpha-pinene,Human parainfluenza virus type 2,0,1342,93
trans-Stillbene,Trichophyton mentagrophytes,0,1393,170
"3,4-Dichloro-5-[(1,3-dichloropropan-2-yloxy)]-2(5H)-furanone",Obesumbacterium proteus,0,251,115
"Dihydroxybenzoic Acid (3,4-DHBA)",Eikenella corrodens,1,681,58
"(2S,3R,4S,5S,6R)-6-(Acetoxymethyl)-3-(2-(4-chlorophenyl)acetamido)tetrahydro-2H-pyran-2,4,5-triyl triacetate",Hepatitis C virus,0,59,86
"2-(4-methoxyphenyl)-N-(3-{[2-(4-methoxyphenyl)ethyl]imino}-1,4-dihydro-2-quinox alinylidene)ethanamine",Streptococcus sanguinis,1,207,162
Cefotetan,Mycobacterium leprae,0,554,111
1-(4-methoxyphenyl)-3-p-tolyurea,Bacillus licheniformis,0,127,20
Malabaricone C,Pseudomonas aeruginosa,1,921,125
D/L-Aspartate,Achromobacter sp.,0,646,0
Quinizarin,Candida tropicalis,0,1131,41
2-bromooctanoic acid,Streptococcus sobrinus,0,239,164
Hesperetin,Staphylococcus aureus,1,798,141
ZnO nanoparticles,Geobacillus kaustophilus,0,1333,77
2-amino-5-methoxy-5-oxopentanoic acid,Staphylococcus aureus,1,232,141
Chromate,Varicella-zoster virus,0,579,172
3-(pyridin-3-yl)-5-(3-ethoxy-4-hydroxybenzylidene)-2-thioxothiazolidin-4-one,Human herpesvirus 3,0,276,88
Aloe Vera Gel,Achromobacter sp.,0,427,0
Tiliroside,Staphylococcus aureus,1,1273,141
Lys-a1,Streptococcus mutans,1,910,155
Bacampicillin,Burkholderia thailandensis,0,465,32
Myxinidin2,Pseudomonas libaniensis,0,957,129
Trovafloxacin,Acinetobacter oleiovorans,0,1294,4
5-bromomethylene-2 (5H)-furanone,Klebsiella pneumoniae,0,382,99
"(E)-1-[6-[(3-acetyl-2,4,6-trihydroxy-5-methylphenyl)methyl]-5,7-dihydroxy-2,2-dimethyl-2H-1-benzopyran-8-yl]-3-phenyl-2-propen-1-one",Burkholderia cenocepacia,0,88,28
Daclatasvir,Hepatitis C Virus ,1,651,85
Propyl gallate,Pseudomonas aeruginosa,1,1117,125
Pine needle oil,Streptomyces gordonii,0,1100,165
Merimepodib,Streptococcus epidermidis,0,926,152
L-carnosine,Enterobacter cloacae,0,873,63
Cadmium Ion,Human herpesvirus 5,0,515,90
3-(Trifluoromethyl)phenylalanine,Pseudomonas putida,0,275,130
S-(4-tolyl)-L-cysteine,Influenza B virus ,0,1167,97
2-(2-(2-Azidoacetamido)-5-nitrophenyl)-2-oxo-N-(prop-2-yn-1-yl)acetamide,Candida krusei,0,184,38
Sulfadoxine,Desulfovibrio africanus,0,1226,54
(1Z)-(2-phenylethylidene)-lambda4-sulfanyliumolate,Halomonas pacifica,0,10,81
"(1R,3S,7R,8S,11S,12R)-3-hydroxy-1,4,8-trimethyl-12-(propan-2-yl)tricyclo[9.3.0.0]tetradec-4-en-6-one",Streptococcus pyogenes,0,8,160
Thonzonium bromide,Kocuria rhizophila,0,1269,101
"2-(4,5-dibromo-1-methyl-1H-pyrrol-2-yl)-5-phenyl-1,3,4-oxadiazole",Enterobacter ludwigi,0,198,64
(2E)-N-[3-(1H-imidazol-1-yl)propyl]-3-phenylprop-2-enamide,Eubacterium ramulus,0,39,72
4-chloroaniline,Hepatitis C Virus ,0,351,85
Quercetin,Aeromonas hydrophila,0,1127,9
Anidulafungin,Bacillus cereus,0,439,19
Phenanthrene,Streptococcus pneumoniae serotype 4,0,1088,159
2-(2-(2-Azidoacetamido)-5-nitrophenyl)-2-oxo-N-(prop-2-yn-1-yl)acetamide,Escherichia coli,1,184,69
nimesulide,Escherichia coli ,0,1376,70
4-Cyanophenylalanine,Citrobacter freundii,0,325,43
BMAP-18,Burkholderia pseudomallei,1,459,31
Cathelicidin,Staphylococcus epidermidis,1,533,146
alpha-Longipinene,Staphlococcus aureus,0,1338,140
W-7 Hydrochloride,Streptococcus pyogenes,0,1320,160
Hinokitiol,Enterococcus faecium,0,804,67
"3,3-dimethyl-13-{9-methyl-[1,2,3,4]tetrazolo[1,5-a]quinolin-4-yl}-1H,2H,3H,4H,6H,11H,13H-indazolo[1,2-b]phthalazine-1,6,11-trione",Staphylococcus epidermidis,0,249,146
3-Hydroxyphenylalanine,Eggerthella lenta,0,283,57
trans-2-Pentenal,Vibrio cholerae,1,1390,175
"(5Z)-2-(1,1-dichloro-3,3-dimethylbutyl)-5-{[4-(trifluoromethyl)phenyl]methylidene}-1,3-oxazolidin-4-one",Schistosoma,0,81,134
LL-37,Morganella morganii,0,888,109
LL-19,Enterobacteria phage T4,0,885,65
4-Methoxychalcone,Bacteroides uniformis,0,336,25
Cefaclor,Pseudomonas fluorescens,0,537,127
(2R)-2-amino-5-(1-nitrocarbamimidamido)pentanoic acid,Clostridium leptum,0,49,45
12-methyltetradecanoic acid,Streptococcus mutans,0,150,155
Gallic Acid,Candida krusei,0,769,38
Clindamycin,Enteric bacteria and other eubacteria,1,599,59
Penicillenol A2,Staphylococcus aureus,1,1075,141
Myristic acid,Proteus mirabilis,1,952,121
BisEDT-RIP,Francisella novicida,0,490,74
(Z)-4-bromo-5-(bromomethylene)-3-methylfuran-2(5H)-one,Pseudomonas putida,0,107,130
Neoeriocitrin,Escherichia coli,1,1012,69
Darunavir,Pseudoalteromonas sp.,0,658,124
(1Z)-ethylidene-lambda4-sulfanyliumolate,Enterococcus faecium,0,12,67
3-bromo-5-methoxy-4-[(4-methylphenylsulfanyl)]-2(5H)-furanone,Lactobacillus fermenti,0,292,102
digoxin,Shigella flexneri,0,1363,138
Sorbitol,Bacteroides vulgatus,0,1210,26
1-(pyridin-4-yl)ethan-1-one,Hepatitis C virus,0,130,86
Thonzonium bromide,Bacillus licheniformis,0,1269,20
R-Thanatin,Lactobacillus fermenti,0,1136,102
"3,5-Difluoro-dl-phenylalanine",Aggregatibacter actinomycetemcomitans,0,256,11
Cefpodoxime,Enterobacter cloacae,0,558,63
5-Fluorocytosine,Candida albicans,1,379,34
Mustard oil,Streptococcus mitis,0,949,154
"(2E)-5-[(1S,2R,4aR,8aR)-1,2,4a,5-tetramethyl-1,2,3,4,4a,7,8,8a-octahydronaphthalen-1-yl]-3-formylpent-2-enoic acid",Staphylococcus cohnii,0,36,145
"5,8,11,14-Eicosatetraynoic acid",Staphylococcus capitis,0,365,142
D-tert-Leucine,Helicobacter pylori ,0,645,82
3-geranyl-1-(2-methylbutanoyl)phloroglucinol,Staphylococcus epidermidis,1,296,146
Flavone,Clostridium perfringens ,0,737,48
Cefamandole,Lactobacillus fermenti,0,541,102
(2E)-1-[4 -(1H-imidazol-1-yl)phenyl]-3-(2-naphthyl)-2-propen-1-one,Staphylococcus epidermidis,1,30,146
3-(2-Pyridinyl)alanine,Campylobacter jejuni,0,266,33
Diterpene phytol,Pseudoalteromonas sp.,0,688,124
L-Tyrosine,Staphylococcus epidermis,1,872,147
3-chloro-5-hydroxy-4-[(4-methylphenylsulfonyl)]-2(5H)-furanone,Proteus mirabilis,0,294,121
"Triethyl[2-({10,15,20,24,26,29,31,33,34-nonakis[3-(triethylphosphaniumyl)propoxy]hexacyclo[21.2.2.2,.2,.2,.2]pentatriaconta-1(25),3(35),4,6(34),8,10,13,15,18,20,23,26,28,30,32-pentadecaen-4-yl}oxy)ethyl]phosphanium decabromide",Staphylococcus aureus,1,1286,141
Nobiletin,Bacillus amyloliquefaciens,0,1025,17
Caspofungin,Candida albicans,1,530,34
Polyethyleneimine,Gardnerella vaginalis,0,1108,76
Pentanol,Streptococcus salivarius,0,1084,161
Ionic silver,Staphylococcus aureus,1,834,141
Dichloromethane,Vibrio vulnificus,0,673,178
Silver nanoparticles,Escherichia coli,1,1194,69
MUC7 12-mer-D,Bacteroides fragilis,0,914,24
CRAMP,Bacillus subtilis,0,511,21
Carbonyl cyanide m-chlorophenylhydrazone,Burkholderia cenocepacia,0,524,28
Peppermint oil,Staphylococcus aureus,1,1085,141
2-(5-Bromo-2-(2-chloroacetamido)phenyl )-2-oxo-N-( prop-2-yn-1-yl)acetamide,Eggerthella lenta,0,209,57
"2-(4,5-dibromo-1-methyl-1H-pyrrol-2-yl)-5-(phenylthio)-1,3,4-oxadiazole",Staphylococcus aureus,1,196,141
Baicalin,Propionibacterium acnes,0,469,120
Nystatin,Mycobacterium tuberculosis,0,1033,113
L- K6L9,Candida albicans,0,862,34
Indolicidin,Vibrio cholerae,0,833,175
Rutin,Vibrio harveyi,1,1163,176
LL13-37,Serratia liquefaciens,0,889,135
Cefotetan,Desulfovibrio africanus,0,554,54
6-MO-LF11-215,Obesumbacterium proteus,0,394,115
Erythritol,Haemophilus influenzae,0,712,78
2-amino-5-methoxy-5-oxopentanoic acid,Staphylococcus epidermis,1,232,147
Esomeprazole,Burkholderia cepacia,0,718,29
2- geranyloxy-1-(2-methylbutanoyl)phloroglucinol,Lactobacillus fermenti,0,178,102
Nitrofurantoin ,Bacillus cereus,0,1024,19
13-methyltetradecanoic acid,Pseudomonas aeruginosa,1,157,125
3-(4-fluorophenyl)-5-(3-(allyloxy)-4-hydroxybenzylidene)-2-thioxothiazolidin-4-one,Bacillus cereus,0,272,19
D-2-aminoadipic acid,Staphylococcus epidermis,1,628,147
"(2-(4-chlorophenyl)- 4-{[(6-methyl-2-pyridinyl)amino]methylene}-1,3-oxazol- 5(4H)-one)",Staphylococcus saprophyticus,0,13,150
S-carboxylmethyl-L-cysteine,Actinomyces oris,1,1169,7
Methanol,Achromobacter sp.,0,930,0
3-(pyridin-3-yl)-5-(3-ethoxy-4-hydroxybenzylidene)-2-thioxothiazolidin-4-one,Enterococcus gallinarum,1,276,68
Dibenzyl sulphide,Streptococcus sanguis,1,672,163
"1,3-dimethyl-6-(4-methylphenyl)-5-[3-(4-nitrophenyl)-1-phenyl-1H-pyrazol-4-yl]-1H,2H,3H,4H,5H,6H-pyrimido[4,5-d][1,3]diazine-2,4-dione",Bacillus subtilis,1,118,21
LF11-215,Cronobacter sakazakii,0,879,51
Pivmecillinam,Arthrobacter sp. ,0,1105,14
Naringin,Yersinia enterocolitica,1,1010,179
"(1R,2S,7R,3E,11E)-2,18-diacetoxycembra-3,8(19),11,15(17)-tetraen-7-ol",Human immunodeficiency virus 1,0,5,92
Glucose,Staphylococcus epidermis,0,783,147
Clofazimine,Staphylococcus aureus,0,602,141
KT2,Staphlococcus aureus,0,856,140
CWR11,Pseudomonas aeruginosa,1,514,125
6-Amino Penicillinic acid,Streptococcus mutans,1,388,155
"13-(2-chloro-7-methylquinolin-3-yl)-3,3-dimethyl-1H,2H,3H,4H,6H,11H,13H-indazolo[1,2-b]phthalazine-1,6,11-trione",Pseudomonas putida,0,154,130
"(10R,11R)-Hydnocarpin",Staphylococcus aureus,1,1,141
"3-{2-[(1S,2R,4aR,8aR)-1,2,4a,5-tetramethyl-1,2,3,4,4a,7,8,8a-octahydronaphthalen-1-yl]ethyl}-N-(3-fluorophenyl)-5-methylidene-2,5-dihydrofuran-2-amine",Proteus mirabilis,1,308,121
Indol AHL,Pseudomonas aeruginosa,1,826,125
Erythritol,Streptococcus mutans,1,712,155
Dapsone,Plasmodium falciparum,0,656,118
D-galactose cluster,Thermus thermophilus,0,643,168
3-Nitro-D-tyrosine,Mycobacterium smegmatis,0,289,112
Amprenavir,Enterobacter cloacae,0,438,63
Sennidin A,Bacteroides uniformis,0,1188,25
Clavulanate ,Listeria monocytogenes serotype 4a,0,598,105
Titanium dioxide,Staphylococcus haemolyticus,0,1278,149
Coladonin,Enterococcus faecium,0,609,67
Zinc sulfate,Enterobacter aerogenes,0,1332,61
4H-tomentosin,Candida albicans,1,362,34
Trimethyl(3-{4-[3-(trimethylazaniumyl)propoxy]phenoxy}propyl)azanium dibromide,Enterococcus faecalis,1,1290,66
4-fluoroindole,Clostridium leptum,0,354,45
4-bromoaniline,Enterobacteria phage T4,0,349,65
alpha-pinene,Pichia anomala,1,1342,117
"2,4-Dimethylphenylalanine",Corynebacterium ammoniagenes,0,175,50
"2-(4-Chlorophenyl)-5-(4,5-dibromo-1-methyl-1H-pyrrol-2-yl)-1,3,4-oxadiazole",Pseudomonas aeruginosa,1,203,125
Aztreonam,Clostridium perfringens ,0,458,48
K4-S4,Influenza B virus ,0,851,97
Cefpodoxime,Escherichia coli,1,558,69
RTA3,Human herpesvirus 4,0,1143,89
4-Benzyl-sulfonyl-5-hydroxy-3-chloro-2(5H)-furanone,Listeria ivanovii,0,320,103
"(2E)-N -(2 -hydroxy-5 -bromo-benzilidene)-3,4,5-trimethoxybenzohydrazide",Staphylococcus aureus,1,37,141
Amikacin,Trueperella pyogenes,0,430,171
3-(4-fluorophenyl)-5-(3-(allyloxy)-4-hydroxybenzylidene)-2-thioxothiazolidin-4-one,Bacteroides uniformis,0,272,25
RTA3,Human respiratory syncytial virus B,0,1143,94
"1,3-dimethyl-6-(4-methylphenyl)-5-[3-(4-methylphenyl)-1-phenyl-1H-pyrazol-4-yl]-1H,2H,3H,4H,5H,6H-pyrimido[4,5-d][1,3]diazine-2,4-dione",Candida parapsilosis,0,117,39
Pyrimidinedione,Escherichia coli O6:H1 (strain CFT073 / ATCC 700928 / UPEC),0,1124,71
N -(3-nitro-4-hydroxy-benzylidene)benzohydrazide,Staphylococcus aureus,1,959,141
Ethyl gallate,Staphylococcus epidermidis,1,722,146
Avibactam,Candida albicans,0,454,34
2-(2-(2-Azidoacetamido)-5-methylphenyl)-2-oxo-N-(prop-2-yn-1-yl)acetamide,Raoultella ornithinolytica,0,183,131
Subtilosin,Human immunodeficiency virus 1,0,1218,92
(RW)3-NH2,Pseudomonas libaniensis,0,96,129
(R)-2-amino-3-cyclohexylpropanoic acid,Staphylococcus epidermis,1,93,147
(1Z)-(prop-2-en-1-ylidene)-lambda4-sulfanyliumolate,Burkholderia multivorans,0,11,30
(Z)-3-(bromomethylene) isobenzofuran-1(3H)-one,Francisella novicida,0,99,74
Quinolin-8-ol,Serratia marcescens,1,1132,136
NA8H,Candida albicans,1,1002,34
Ellagic Acid,Burkholderia cepacia,0,698,29
LF11-324,Staphylococcus epidermis,0,882,147
"(5Z)-2-(1,1-dichloro-3,3-dimethylbutyl)-5-[(3-methoxyphenyl)methylidene]-1,3-oxazolidin-4-one",Bacteroides uniformis,0,80,25
Epigallocatechin Gallate,Streptomyces gordonii,0,710,165
6-hydroxyflavone,Vibrio harveyi,0,398,176
5-(dibromomethylene)-3-(1-acetoxyethyl)-2(5H)-furanone,Burkholderia multivorans,0,368,30
Scrambled LL-37,Listeria monocytogenes serotype 4a,0,1185,105
LF11-227,Providencia stuartii,0,880,123
"(5Z)-2-(1,1-dichloro-3,3-dimethylbutyl)-5-[(3-methoxyphenyl)methylidene]-1,3-oxazolidin-4-one",Escherichia coli O6:H1 (strain CFT073 / ATCC 700928 / UPEC),0,80,71
Methyl gallate,Staphylococcus epidermidis,1,933,146
4-Ethylcatechol,Human immunodeficiency virus 1,0,326,92
Hexachlorophene,Bacteroides uniformis,0,801,25
5-Fluorouracil,Desulfovibrio africanus,0,380,54
Cefixime,Klebsiella pneumoniae,1,547,99
R-Thanatin,Staphylococcus epidermidis,1,1136,146
Verapamil,Actinomyces oris,0,1311,7
Cyclobutanamine,Staphylococcus caprae,0,622,143
Fleroxacin,Thermus thermophilus ,0,740,169
Cefotiam,Staphylococcus caprae,0,555,143
Fraxin,Escherichia coli O6:H1 (strain CFT073 / ATCC 700928 / UPEC),0,750,71
Erythromycin,Sphingomonas sp. Ibu-2,0,713,139
Dibenzyl sulphide,Burkholderia thailandensis,0,672,32
14-Glycinyl andrographolide hydrochloride,Vibrio vulnificus,0,161,178
Tazobactam,Citrobacter freundii,0,1247,43
Sulfisoxazole ,Baker's yeast,0,1237,27
Penicillin G,Neisseria gonorrhoeae,0,1081,114
Sulfisoxazole ,Human herpesvirus 4,0,1237,89
LF11-215,Listeria ivanovii,0,879,103
(1Z)-(2-phenylethylidene)-lambda4-sulfanyliumolate,Vibrio anguillarum,0,10,173
Danthron,Thermus thermophilus,0,655,168
Pyrvinium pamoate,Candida albicans,1,1126,34
Bacalin hydrate,Candida albicans,0,464,34
Sulfamethazine,Staphylococcus equorum,0,1229,148
Cloxacillin,Varicella-zoster virus,0,606,172
"2-bromo-4-methyl-6-(3,4,5-tribromo-1H-pyrrole-2-carbonyl)phenol",Escherichia coli O6:H1 (strain CFT073 / ATCC 700928 / UPEC),0,236,71
Clozapine,Candida albicans,1,607,34
Linalool,Candida albicans,1,900,34
"2-(4,5-dibromo-1-methyl-1H-pyrrol-2-yl)-5-styryl-1,3,4-oxadiazole",Pseudomonas aeruginosa,1,199,125
Tomentosin,Clostridium leptum,0,1281,45
L- K6L9,Pseudomonas aeruginosa,1,862,125
Aloe Vera Gel,Streptococcus parasanguinis,0,427,157
Sulfamethoxazole,Dihydropteroate synthase type-1,0,1231,55
L-ornithine hydrochloride,Listeria ivanovii,0,876,103
IDR-1018,Aspergillus fumigatus,0,814,15
Na-Pyrosulfite,Streptococcus mutans,1,1006,155
"(Z)-5-decylidenethiazolidine-2,4-dione",Plasmodium falciparum,0,110,118
Ferric chloride,Klebsiella pneumoniae,1,734,99
(2R)-2-amino-3-[(4-chlorophenyl)methanesulfinyl]propanoic acid,Clostridium bacilli,0,45,44
Netilmicin,Listeria monocytogenes,0,1016,104
"(2S,3R,4S,5S,6R)-6-(Acetoxymethyl)-3-(2-(4-(trifluoromethyl)phenyl)acetamido)tetrahydro-2H-pyran-2,4,5-triyltriacetate",Influenza B virus ,0,57,97
N -(5-bromo-2-hydroxy-benzylidene)benzohydrazide,Streptomyces rubiginosus,0,961,166
Furanone 56,Achromobacter xylosoxidans,0,752,1
S6L3-33,Clostridium leptum,0,1175,45
2-phenylethane-1-SO-thioperoxol,Actinomyces oris,1,244,7
Nerolidol,Streptococcus sanguis,0,1015,163
HE10,Desulfovibrio africanus,0,791,54
(RW)2-NH2,Escherichia coli,1,95,69
Ephedrine,Yersinia enterocolitica,0,705,179
"(2E)-1-(3 ,5 -dimethoxyphenyl)-3-(2-naphthyl)-2-propen-1-one",Pseudomonas aeruginosa,1,26,125
Rifabutin,Bacteroides uniformis,0,1152,25
13-methyltetradecanoic acid,Enterobacter cloacae,0,157,63
Dirithromycin,Streptococcus gordonii,0,686,153
"N-(5-Methyl-1,2-oxazol-3-yl)butanamide",Sphingomonas sp. Ibu-2,0,981,139
7-chloroquinolin-4-ol,Candida parapsilosis,0,402,39
"1,3-dim-tolyurea",Actinoplanes missouriensis,0,116,8
Tert-butanol,Candida albicans,1,1259,34
5-(dibromomethylene)-3-ethyl-2(5H)-furanone,Salmonella enterica,1,372,133
Sulfathiazole,Dihydropteroate synthase type-1,0,1235,55
p-nitrophenyl glycerol,Aeromonas hydrophila,0,1380,9
DJK5,Salmonella enterica,1,649,133
Ampicillin,Salmonella Typhi,0,437,132
LL-31,Pseudomonas putida,0,887,130
Ticarcillin,Coagulase- negative staphylococci,0,1271,49
3-tetradecanoylthiotetronic,Influenza B virus ,0,305,97
D-Aspartate,Staphylococcus aureus,1,631,141
"(2E)-1-(3 ,4 -dimethoxyphenyl)-3-(2-naphthyl)-2-propen-1-one",Pseudomonas aeruginosa,1,25,125
cat-AGE-RK1,Achromobacter sp.,0,1350,0
Penicillenol B2,Staphylococcus aureus,1,1077,141
